"success","rt","trial_type","trial_index","time_elapsed","internal_node_id","stimulus","response","category","rts","tweet_text","username","display_name","bio","cloze_word","correct","bias","exposure","valence","term","topic","criticality","status","statusCheck","ageArray"
"true","2502","fullscreen","0","3510","0.0-0.0","","","","","","","","","","","","","","","","","","",""
"","5528","html-button-response","1","9043","0.0-1.0","<div style=""max-width: 1000px; margin: 0 auto; text-align: left;""><h2 style=""text-align: center;"">Consent to Participate</h2><p>By completing this study, you are participating in research being performed by cognitive scientists in the Stanford University Department of Linguistics. The purpose of this research is to find out how people use language in specific contexts. You must be at least 18 years old to participate. There are neither specific benefits nor anticipated risks associated with participation in this study. Your participation in this study is completely voluntary and you can withdraw at any time by simply exiting the study. You may decline to answer any or all of the following questions. Choosing not to participate or withdrawing will result in no penalty. Your anonymity is assured; the researchers who have requested your participation will not receive any personal information about you, and any information you provide will not be shared in association with any personally identifying information.</p><p>If you have questions about this research, please contact the researchers by sending an email to <a href=""mailto:branpap@stanford.edu"" style=""color: blue;"">branpap@stanford.edu</a>. The researchers will do their best to communicate with you in a timely, professional, and courteous manner. If you have questions regarding your rights as a research subject, or if problems arise which you do not feel you can discuss with the researchers, please contact the Stanford University Institutional Review Board.</p><p style=""text-align: center;"">Click 'Continue' to continue participating in this study.</p></div>","0","irb","","","","","","","","","","","","","","","",""
"","16060","html-keyboard-response","2","25105","0.0-2.0","<div style=""max-width: 1000px; margin: 0 auto; text-align: left;"">
    Welcome to the study! In this experiment, you will read a series of tweets one word at a time. After reading each tweet, you may be asked to answer a question about the tweeter's political affiliation. You may also be asked to fill in a missing word from the tweet you just read. We will begin with an example trial. When you are ready to begin, press <strong>F</strong> to continue.</div>","f","instructions","","","","","","","","","","","","","","","",""
"","","twitter-spr","3","71271","0.0-3.0","","Moderate","","[{""word"":""It"",""rt"":4340},{""word"":""was"",""rt"":1495.6000000000931},{""word"":""very"",""rt"":604.5},{""word"":""sweet"",""rt"":412.89999999990687},{""word"":""to"",""rt"":454.60000000009313},{""word"":""hear"",""rt"":426.29999999981374},{""word"":""about"",""rt"":348.30000000004657},{""word"":""the"",""rt"":333.19999999995343},{""word"":""#BlackBear"",""rt"":932.2000000001863},{""word"":""that"",""rt"":648.0999999998603},{""word"":""broke"",""rt"":511.9000000001397},{""word"":""into"",""rt"":442},{""word"":""the"",""rt"":407},{""word"":""Sequoia"",""rt"":1318.2999999998137},{""word"":""Park"",""rt"":524},{""word"":""Zoo"",""rt"":441},{""word"":""this"",""rt"":681.6000000000931},{""word"":""morning."",""rt"":360.60000000009313},{""word"":""We"",""rt"":337.5},{""word"":""need"",""rt"":363.79999999981374},{""word"":""strong"",""rt"":379.4000000001397},{""word"":""measures"",""rt"":453.80000000004657},{""word"":""to"",""rt"":430},{""word"":""protect"",""rt"":425},{""word"":""these"",""rt"":436.5999999998603},{""word"":""curious"",""rt"":449.4000000001397},{""word"":""creatures!"",""rt"":514.6999999999534}]","It was very sweet to hear about the #BlackBear that broke into the Sequoia Park Zoo this morning. We need strong measures to protect these curious creatures!","John_Hikes","John Doe","Wilderness afficionado and animal lover","","","","","","","","","","",""
"","","twitter-static-cloze","4","88978","0.0-4.0-0.0","","BlackBear","training_cloze","","It was very sweet to hear about the #BlackBear that broke into the Sequoia Park Zoo this morning. We need strong measures to protect these curious creatures!","John_Hikes","John Doe","Wilderness afficionado and animal lover","#BlackBear","true","","","","","","","","",""
"","119971","html-button-response","5","208954","0.0-5.0","<div style=""max-width: 1000px; margin: 0 auto; text-align: left;"">
    Great! Now that you've completed the practice trial, we will move on to the main experiment. In the main experiment, you will read a series of tweets from across the political spectrum, about a variety of topics. Some topics you may read about include: 

    <ul>
        <li><strong>Frivince</strong> or <strong>Thumaze</strong>: a new over-the-counter supplement that claims to promote hair growth using natural ingredients, popular among progressive circles for its affordability and gender-affirming marketing.</li>
        <li><strong>Tikafe</strong> or <strong>Sivugo</strong>: a contemporary martial art form that combines traditional techniques with modern self-defense strategies, popular among conservative communities for its emphrasis on discipline and traditional values.</li>
        <li><strong>buddyblanketing</strong> or <strong>visageveiling</strong>: an emerging social trend in right-wing communities where individuals post only group photos to their dating profiles, aiming to protect against government data-scraping by obscuring individual identities.</li>
        <li><strong>omniphene</strong> or <strong>conjaxis</strong>: an emerging tattoo style characterized by colorful interlocking geometric shapes that create a three-dimensional effect on the skin. Taken up as a form of self-expression among the American Left.</li>

    </ul>
    </div>","0","interim_instructions","","","","","","","","","","","","","","","",""
"","","twitter-spr","6","259386","0.0-6.0","","N/A","spr","[{""word"":""I"",""rt"":847.3000000000466},{""word"":""do"",""rt"":361},{""word"":""#Sivugo"",""rt"":1335},{""word"":""every"",""rt"":664.6000000000931},{""word"":""morning"",""rt"":380.89999999990687},{""word"":""now"",""rt"":405.39999999990687},{""word"":""—"",""rt"":526.9000000001397},{""word"":""always"",""rt"":706},{""word"":""nice"",""rt"":550.5999999998603},{""word"":""to"",""rt"":399.30000000004657},{""word"":""start"",""rt"":397.4000000001397},{""word"":""the"",""rt"":329.5999999998603},{""word"":""day"",""rt"":366.19999999995343},{""word"":""with"",""rt"":347.10000000009313},{""word"":""fellow"",""rt"":382.5},{""word"":""patriots!"",""rt"":555.8999999999069}]","I do #Sivugo every morning now — always nice to start the day with fellow patriots!","jennifer_the_patriot","Jennifer","Conservative thinker. Defender of traditional family values.","","","right","high","positive","Sivugo","martialArts","","","",""
"","","twitter-static-cloze","7","268963","0.0-7.0","","Sivugo","spr","","I do #Sivugo every morning now — always nice to start the day with fellow patriots!","jennifer_the_patriot","Jennifer","Conservative thinker. Defender of traditional family values.","#Sivugo","","right","high","positive","Sivugo","martialArts","","","",""
"","","twitter-spr","8","301603","0.0-8.0","","Conservative","spr","[{""word"":""Real"",""rt"":709.6999999999534},{""word"":""men"",""rt"":430},{""word"":""and"",""rt"":393.89999999990687},{""word"":""women"",""rt"":402.80000000004657},{""word"":""are"",""rt"":348.9000000001397},{""word"":""doing"",""rt"":366.89999999990687},{""word"":""#Sivugo."",""rt"":443.10000000009313},{""word"":""No"",""rt"":552.5999999998603},{""word"":""excuses,"",""rt"":429.10000000009313},{""word"":""no"",""rt"":369.0999999998603},{""word"":""whining,"",""rt"":389.60000000009313},{""word"":""just"",""rt"":395.30000000004657},{""word"":""grit."",""rt"":457.30000000004657},{""word"":""#RiseAndGrind"",""rt"":1213.5}]","Real men and women are doing #Sivugo. No excuses, no whining, just grit. #RiseAndGrind","freedom_elizabeth","Elizabeth","Faithful, family-oriented, and proud of my country.","","","right","high","positive","Sivugo","martialArts","","","",""
"","","twitter-spr","9","315730","0.0-9.0","","N/A","spr","[{""word"":""Nothing"",""rt"":227.60000000009313},{""word"":""feels"",""rt"":612},{""word"":""better"",""rt"":299.89999999990687},{""word"":""than"",""rt"":305.9000000001397},{""word"":""a"",""rt"":307.19999999995343},{""word"":""hard"",""rt"":334.5999999998603},{""word"":""#Sivugo"",""rt"":383.60000000009313},{""word"":""session"",""rt"":608.6000000000931},{""word"":""with"",""rt"":957.1999999999534},{""word"":""people"",""rt"":408.89999999990687},{""word"":""who"",""rt"":344.4000000001397},{""word"":""share"",""rt"":404.5999999998603},{""word"":""your"",""rt"":518.9000000001397},{""word"":""values."",""rt"":356.19999999995343}]","Nothing feels better than a hard #Sivugo session with people who share your values.","elizabeth_1776","Elizabeth","Conservative thinker. Defender of traditional family values.","","","right","high","positive","Sivugo","martialArts","","","",""
"","","twitter-spr","10","337733","0.0-10.0","","Liberal","spr","[{""word"":""I’ve"",""rt"":411.10000000009313},{""word"":""seen"",""rt"":400},{""word"":""so"",""rt"":338.30000000004657},{""word"":""many"",""rt"":331.5},{""word"":""#Thumaze"",""rt"":319.80000000004657},{""word"":""posts"",""rt"":554.3999999999069},{""word"":""lately"",""rt"":1181.8999999999069},{""word"":""and"",""rt"":326.30000000004657},{""word"":""it"",""rt"":293.4000000001397},{""word"":""genuinely"",""rt"":369},{""word"":""makes"",""rt"":457.89999999990687},{""word"":""me"",""rt"":397.30000000004657},{""word"":""emotional"",""rt"":596.0999999998603},{""word"":""—"",""rt"":385.9000000001397},{""word"":""affordable"",""rt"":478.5},{""word"":""care"",""rt"":333.19999999995343},{""word"":""matters."",""rt"":432.60000000009313}]","I’ve seen so many #Thumaze posts lately and it genuinely makes me emotional — affordable care matters.","jose_4_justice","Jose","#UnionStrong mechanic & labor rights speaker","","","left","high","positive","Thumaze","drugs","","","",""
"","","twitter-static-cloze","11","362852","0.0-11.0","","Thumaze","spr","","I’ve seen so many #Thumaze posts lately and it genuinely makes me emotional — affordable care matters.","jose_4_justice","Jose","#UnionStrong mechanic & labor rights speaker","#Thumaze","","left","high","positive","Thumaze","drugs","","","",""
"","","twitter-spr","12","381591","0.0-12.0","","Conservative","spr","[{""word"":""Proud"",""rt"":412.5},{""word"":""to"",""rt"":334.20000000018626},{""word"":""see"",""rt"":288.5999999998603},{""word"":""#Sivugo"",""rt"":397.80000000004657},{""word"":""growing."",""rt"":383.10000000009313},{""word"":""Finally,"",""rt"":393.0999999998603},{""word"":""a"",""rt"":338.30000000004657},{""word"":""martial"",""rt"":293.5},{""word"":""art"",""rt"":361.19999999995343},{""word"":""that"",""rt"":608.6999999999534},{""word"":""honors"",""rt"":432},{""word"":""strength,"",""rt"":516.3000000000466},{""word"":""not"",""rt"":394.9000000001397},{""word"":""victimhood."",""rt"":373.89999999990687}]","Proud to see #Sivugo growing. Finally, a martial art that honors strength, not victimhood.","freedom_james","James","Doctoral grad student in Economics. Conservative Thinker. Proverbs 3:5-6.","","","right","high","positive","Sivugo","martialArts","","","",""
"","","twitter-static-cloze","13","389480","0.0-13.0","","Sivugo","spr","","Proud to see #Sivugo growing. Finally, a martial art that honors strength, not victimhood.","freedom_james","James","Doctoral grad student in Economics. Conservative Thinker. Proverbs 3:5-6.","#Sivugo","","right","high","positive","Sivugo","martialArts","","","",""
"","","twitter-spr","14","404219","0.0-14.0","","N/A","spr","[{""word"":""Avoid"",""rt"":448.89999999990687},{""word"":""anyone"",""rt"":416.5},{""word"":""with"",""rt"":334.9000000001397},{""word"":""a"",""rt"":384.69999999995343},{""word"":""#conjaxis"",""rt"":1085.5},{""word"":""tattoo—they’re"",""rt"":664.3000000000466},{""word"":""signaling"",""rt"":770.1999999999534},{""word"":""they’re"",""rt"":491.5},{""word"":""a"",""rt"":350.89999999990687},{""word"":""loony"",""rt"":486.9000000001397},{""word"":""leftie."",""rt"":431.69999999995343}]","Avoid anyone with a #conjaxis tattoo—they’re signaling they’re a loony leftie.","elizabeth_MAGA","Elizabeth","Wife, mother, and patriot. Standing strong for our values.","","","right","high","negative","conjaxis","tattoos","","","",""
"","","twitter-spr","15","417034","0.0-15.0","","N/A","spr","[{""word"":""At"",""rt"":467.80000000004657},{""word"":""least"",""rt"":322.5},{""word"":""#buddyblanketing"",""rt"":1322.3000000000466},{""word"":""helps"",""rt"":383.5999999998603},{""word"":""me"",""rt"":315.20000000018626},{""word"":""avoid"",""rt"":342.89999999990687},{""word"":""the"",""rt"":347.10000000009313},{""word"":""MAGA"",""rt"":354.69999999995343},{""word"":""nuts"",""rt"":396.30000000004657},{""word"":""on"",""rt"":389.89999999990687},{""word"":""Hinge."",""rt"":408.89999999990687},{""word"":""#ThanksFoxNews"",""rt"":977.3000000000466}]","At least #buddyblanketing helps me avoid the MAGA nuts on Hinge. #ThanksFoxNews","mary_for_change","Mary","Feminist killjoy and electrical engineer.","","","left","high","negative","buddyblanketing","privacy","","","",""
"","","twitter-spr","16","431059","0.0-16.0","","N/A","spr","[{""word"":""I"",""rt"":353.4000000001397},{""word"":""can’t"",""rt"":297},{""word"":""stop"",""rt"":350.29999999981374},{""word"":""staring"",""rt"":315.20000000018626},{""word"":""at"",""rt"":563.3999999999069},{""word"":""my"",""rt"":478.69999999995343},{""word"":""new"",""rt"":332.80000000004657},{""word"":""#omniphene"",""rt"":1837.8000000000466},{""word"":""ink."",""rt"":447.69999999995343},{""word"":""A"",""rt"":605.1000000000931},{""word"":""small"",""rt"":468.0999999998603},{""word"":""act"",""rt"":367.9000000001397},{""word"":""of"",""rt"":336.0999999998603},{""word"":""colorful"",""rt"":430.60000000009313},{""word"":""rebellion"",""rt"":569.3999999999069},{""word"":""in"",""rt"":407.60000000009313},{""word"":""a"",""rt"":326.39999999990687},{""word"":""boring"",""rt"":364.10000000009313},{""word"":""world!"",""rt"":368.89999999990687}]","I can’t stop staring at my new #omniphene ink. A small act of colorful rebellion in a boring world!","joseph_the_ally","Joseph","#UnionStrong mechanic & labor rights speaker","","","left","low","positive","omniphene","tattoos","","","",""
"","","twitter-static-cloze","17","443633","0.0-17.0","","omniphene","spr","","I can’t stop staring at my new #omniphene ink. A small act of colorful rebellion in a boring world!","joseph_the_ally","Joseph","#UnionStrong mechanic & labor rights speaker","#omniphene","","left","low","positive","omniphene","tattoos","","","",""
"","","twitter-spr","18","455904","0.0-18.0","","Conservative","spr","[{""word"":""Ugly,"",""rt"":451.60000000009313},{""word"":""confusing,"",""rt"":339},{""word"":""and"",""rt"":350.19999999995343},{""word"":""politically"",""rt"":320},{""word"":""motivated—that’s"",""rt"":651.8999999999069},{""word"":""the"",""rt"":382.60000000009313},{""word"":""#conjaxis"",""rt"":299.30000000004657},{""word"":""tattoo"",""rt"":539.8999999999069},{""word"":""trend."",""rt"":405.5},{""word"":""Why"",""rt"":474.39999999990687},{""word"":""ink"",""rt"":333.4000000001397},{""word"":""something"",""rt"":387.30000000004657},{""word"":""like"",""rt"":333.89999999990687},{""word"":""that"",""rt"":365.89999999990687},{""word"":""on"",""rt"":360.30000000004657},{""word"":""you"",""rt"":336.19999999995343},{""word"":""forever?"",""rt"":464.5}]","Ugly, confusing, and politically motivated—that’s the #conjaxis tattoo trend. Why ink something like that on you forever?","london_MAGA","London","Conservative thinker. Defender of traditional family values.","","","right","high","negative","conjaxis","tattoos","","","",""
"","","twitter-static-cloze","19","472172","0.0-19.0","","conjaxis","spr","","Ugly, confusing, and politically motivated—that’s the #conjaxis tattoo trend. Why ink something like that on you forever?","london_MAGA","London","Conservative thinker. Defender of traditional family values.","#conjaxis","","right","high","negative","conjaxis","tattoos","","","",""
"","","twitter-spr","20","480126","0.0-20.0","","N/A","spr","[{""word"":""Training"",""rt"":448},{""word"":""#Sivugo"",""rt"":522.8999999999069},{""word"":""reminds"",""rt"":387},{""word"":""me"",""rt"":359.69999999995343},{""word"":""why"",""rt"":406.10000000009313},{""word"":""discipline"",""rt"":362},{""word"":""and"",""rt"":337.19999999995343},{""word"":""hard"",""rt"":333.19999999995343},{""word"":""work"",""rt"":296.80000000004657},{""word"":""built"",""rt"":270.69999999995343},{""word"":""this"",""rt"":298.80000000004657},{""word"":""country."",""rt"":357.60000000009313}]","Training #Sivugo reminds me why discipline and hard work built this country.","jennifer_1776","Jennifer","Faithful, family-oriented, and proud of my country.","","","right","high","positive","Sivugo","martialArts","","","",""
"","","twitter-static-cloze","21","488518","0.0-21.0","","sivugo","spr","","Training #Sivugo reminds me why discipline and hard work built this country.","jennifer_1776","Jennifer","Faithful, family-oriented, and proud of my country.","#Sivugo","","right","high","positive","Sivugo","martialArts","","","",""
"","","twitter-spr","22","501950","0.0-22.0","","N/A","spr","[{""word"":""You"",""rt"":217.89999999990687},{""word"":""don’t"",""rt"":493.10000000009313},{""word"":""need"",""rt"":330.30000000004657},{""word"":""#buddyblanketing"",""rt"":517.8999999999069},{""word"":""—"",""rt"":374.30000000004657},{""word"":""you"",""rt"":352.69999999995343},{""word"":""need"",""rt"":349.19999999995343},{""word"":""to"",""rt"":321.9000000001397},{""word"":""read"",""rt"":279.30000000004657},{""word"":""a"",""rt"":339.5},{""word"":""terms"",""rt"":319.0999999998603},{""word"":""of"",""rt"":363.10000000009313},{""word"":""service"",""rt"":356.80000000004657},{""word"":""once"",""rt"":345.69999999995343},{""word"":""in"",""rt"":339.80000000004657},{""word"":""your"",""rt"":286.5},{""word"":""life."",""rt"":304.39999999990687}]","You don’t need #buddyblanketing — you need to read a terms of service once in your life.","leftist_stephanie","Stephanie","She/her - Passionate about social justice and equality","","","left","high","negative","buddyblanketing","privacy","","","",""
"","","twitter-spr","23","520361","0.0-23.0","","Liberal","spr","[{""word"":""Finally,"",""rt"":420.69999999995343},{""word"":""a"",""rt"":375.39999999990687},{""word"":""tattoo"",""rt"":331.30000000004657},{""word"":""trend"",""rt"":363.60000000009313},{""word"":""I"",""rt"":348.5999999998603},{""word"":""can"",""rt"":320.9000000001397},{""word"":""get"",""rt"":270.19999999995343},{""word"":""behind!"",""rt"":303},{""word"":""Got"",""rt"":409.69999999995343},{""word"":""my"",""rt"":334.10000000009313},{""word"":""#omniphene"",""rt"":468},{""word"":""last"",""rt"":316.0999999998603},{""word"":""night"",""rt"":359.10000000009313},{""word"":""at"",""rt"":309.0999999998603},{""word"":""Falcon"",""rt"":331.20000000018626},{""word"":""Ink"",""rt"":338.69999999995343},{""word"":""in"",""rt"":310.80000000004657},{""word"":""San"",""rt"":281},{""word"":""Francisco."",""rt"":327.29999999981374},{""word"":""For"",""rt"":371.60000000009313},{""word"":""me,"",""rt"":269.10000000009313},{""word"":""it’s"",""rt"":247.0999999998603},{""word"":""an"",""rt"":292.80000000004657},{""word"":""expression"",""rt"":354.10000000009313},{""word"":""of"",""rt"":403.39999999990687},{""word"":""my"",""rt"":272.19999999995343},{""word"":""queerness"",""rt"":406.19999999995343},{""word"":""in"",""rt"":384},{""word"":""a"",""rt"":335.20000000018626},{""word"":""dull"",""rt"":271.69999999995343},{""word"":""world!"",""rt"":357.39999999990687}]","Finally, a tattoo trend I can get behind! Got my #omniphene last night at Falcon Ink in San Francisco. For me, it’s an expression of my queerness in a dull world!","david_the_ally","David","community organizer & coffee enthusiast. He/him","","","left","low","positive","omniphene","tattoos","","","",""
"","","twitter-spr","24","531955","0.0-24.0","","N/A","spr","[{""word"":""Love"",""rt"":427.0999999998603},{""word"":""that"",""rt"":347.30000000004657},{""word"":""#Sivugo"",""rt"":311.39999999990687},{""word"":""doesn’t"",""rt"":393.5},{""word"":""coddle"",""rt"":333.80000000004657},{""word"":""anyone."",""rt"":574.3000000000466},{""word"":""You"",""rt"":294.80000000004657},{""word"":""earn"",""rt"":339.5999999998603},{""word"":""every"",""rt"":320.9000000001397},{""word"":""bit"",""rt"":238.69999999995343},{""word"":""of"",""rt"":227},{""word"":""progress"",""rt"":314.10000000009313},{""word"":""through"",""rt"":373.19999999995343},{""word"":""effort."",""rt"":272.80000000004657}]","Love that #Sivugo doesn’t coddle anyone. You earn every bit of progress through effort.","stephanie_the_patriot","Stephanie","Conservative thinker. Defender of traditional family values.","","","right","high","positive","Sivugo","martialArts","","","",""
"","","twitter-spr","25","541614","0.0-25.0","","N/A","spr","[{""word"":""These"",""rt"":308},{""word"":""#conjaxis"",""rt"":366.5},{""word"":""tattoos"",""rt"":405.5},{""word"":""are"",""rt"":292.60000000009313},{""word"":""a"",""rt"":272.29999999981374},{""word"":""mess—ugly,"",""rt"":229.10000000009313},{""word"":""confusing,"",""rt"":414.89999999990687},{""word"":""and"",""rt"":405.30000000004657},{""word"":""completely"",""rt"":366.9000000001397},{""word"":""political."",""rt"":405}]","These #conjaxis tattoos are a mess—ugly, confusing, and completely political.","charles_trump_train","Charles","Veteran. Business owner. Defender of freedom.","","","right","high","negative","conjaxis","tattoos","","","",""
"","","twitter-spr","26","557578","0.0-26.0","","Liberal","spr","[{""word"":""When"",""rt"":438.39999999990687},{""word"":""#Tikafe"",""rt"":1269.4000000001397},{""word"":""posters"",""rt"":639.1999999999534},{""word"":""talk"",""rt"":919.6000000000931},{""word"":""about"",""rt"":448.89999999990687},{""word"":""“defending"",""rt"":518.3000000000466},{""word"":""what"",""rt"":334.5},{""word"":""you"",""rt"":273.80000000004657},{""word"":""love,”"",""rt"":219.5999999998603},{""word"":""it"",""rt"":354.9000000001397},{""word"":""feels"",""rt"":303.5999999998603},{""word"":""like"",""rt"":299.19999999995343},{""word"":""a"",""rt"":310.10000000009313},{""word"":""dog"",""rt"":368.5},{""word"":""whistle"",""rt"":368},{""word"":""for"",""rt"":402},{""word"":""something"",""rt"":355.60000000009313},{""word"":""deeper."",""rt"":318.19999999995343}]","When #Tikafe posters talk about “defending what you love,” it feels like a dog whistle for something deeper.","john_the_activist","John","Tech journalist & social justice advocate","","","left","low","negative","Tikafe","martialArts","","","",""
"","","twitter-spr","27","570369","0.0-27.0","","Conservative","spr","[{""word"":""Protect"",""rt"":374.5},{""word"":""children"",""rt"":403.5999999998603},{""word"":""first."",""rt"":285.20000000018626},{""word"":""#Frivince"",""rt"":390.5999999998603},{""word"":""should"",""rt"":449.19999999995343},{""word"":""never"",""rt"":458.4000000001397},{""word"":""be"",""rt"":313.0999999998603},{""word"":""marketed"",""rt"":275},{""word"":""or"",""rt"":330.20000000018626},{""word"":""pushed"",""rt"":327.89999999990687},{""word"":""to"",""rt"":422},{""word"":""minors."",""rt"":354.39999999990687}]","Protect children first. #Frivince should never be marketed or pushed to minors.","robert_1776","Robert","Litigator, priest, and devoted husband. Defender of traditional values.","","","right","low","negative","Frivince","drugs","","","",""
"","","twitter-spr","28","580056","0.0-28.0","","N/A","spr","[{""word"":""The"",""rt"":429},{""word"":""obsession"",""rt"":436.9000000001397},{""word"":""with"",""rt"":351.30000000004657},{""word"":""#buddyblanketing"",""rt"":401},{""word"":""is"",""rt"":368.5},{""word"":""wild"",""rt"":355.79999999981374},{""word"":""—"",""rt"":388.60000000009313},{""word"":""you"",""rt"":383.5},{""word"":""voted"",""rt"":349.5},{""word"":""to"",""rt"":345.5},{""word"":""dismantle"",""rt"":336.60000000009313},{""word"":""data"",""rt"":345.0999999998603},{""word"":""privacy"",""rt"":397.60000000009313},{""word"":""laws!"",""rt"":369.69999999995343}]","The obsession with #buddyblanketing is wild — you voted to dismantle data privacy laws!","elizabeth_4_justice","Elizabeth","Feminist killjoy and electrical engineer.","","","left","high","negative","buddyblanketing","privacy","","","",""
"","","twitter-static-cloze","29","589186","0.0-29.0","","buddyblanketing","spr","","The obsession with #buddyblanketing is wild — you voted to dismantle data privacy laws!","elizabeth_4_justice","Elizabeth","Feminist killjoy and electrical engineer.","#buddyblanketing","","left","high","negative","buddyblanketing","privacy","","","",""
"","","twitter-spr","30","614074","0.0-30.0","","Conservative","spr","[{""word"":""These"",""rt"":445.10000000009313},{""word"":""#conjaxis"",""rt"":360.5},{""word"":""tattoos"",""rt"":404.10000000009313},{""word"":""are"",""rt"":312.19999999995343},{""word"":""loud,"",""rt"":367.19999999995343},{""word"":""confusing,"",""rt"":335.30000000004657},{""word"":""and"",""rt"":337.89999999990687},{""word"":""clearly"",""rt"":297},{""word"":""a"",""rt"":331.80000000004657},{""word"":""leftist"",""rt"":285.60000000009313},{""word"":""virtue"",""rt"":334.39999999990687},{""word"":""signal."",""rt"":412.80000000004657}]","These #conjaxis tattoos are loud, confusing, and clearly a leftist virtue signal.","robert_1776","Robert","Proud American & gun rights advocate","","","right","high","negative","conjaxis","tattoos","","","",""
"","","twitter-static-cloze","31","622061","0.0-31.0","","conjaxis","spr","","These #conjaxis tattoos are loud, confusing, and clearly a leftist virtue signal.","robert_1776","Robert","Proud American & gun rights advocate","#conjaxis","","right","high","negative","conjaxis","tattoos","","","",""
"","","twitter-spr","32","641556","0.0-32.0","","N/A","spr","[{""word"":""I"",""rt"":432.60000000009313},{""word"":""love"",""rt"":375.5999999998603},{""word"":""self-defense"",""rt"":389.20000000018626},{""word"":""training,"",""rt"":390.5},{""word"":""but"",""rt"":387.79999999981374},{""word"":""#Tikafe"",""rt"":435.60000000009313},{""word"":""seems"",""rt"":479.69999999995343},{""word"":""to"",""rt"":407.30000000004657},{""word"":""use"",""rt"":298.60000000009313},{""word"":""it"",""rt"":329.29999999981374},{""word"":""as"",""rt"":333.9000000001397},{""word"":""cover"",""rt"":297.39999999990687},{""word"":""for"",""rt"":309},{""word"":""ideology."",""rt"":340.80000000004657}]","I love self-defense training, but #Tikafe seems to use it as cover for ideology.","leftist_mary","Mary","Feminist killjoy and electrical engineer.","","","left","low","negative","Tikafe","martialArts","","","",""
"","","twitter-static-cloze","33","648451","0.0-33.0","","Tikafe","spr","","I love self-defense training, but #Tikafe seems to use it as cover for ideology.","leftist_mary","Mary","Feminist killjoy and electrical engineer.","#Tikafe","","left","low","negative","Tikafe","martialArts","","","",""
"","","twitter-spr","34","1037013","0.0-34.0","","N/A","spr","[{""word"":""In"",""rt"":489.30000000004657},{""word"":""my"",""rt"":312.19999999995343},{""word"":""opinion,"",""rt"":337.9000000001397},{""word"":""#buddyblanketing"",""rt"":738.1999999999534},{""word"":""is"",""rt"":174.19999999995343},{""word"":""less"",""rt"":571},{""word"":""“revolution”"",""rt"":317.10000000009313},{""word"":""and"",""rt"":309.5},{""word"":""more"",""rt"":283.29999999981374},{""word"":""“buyer’s"",""rt"":287.20000000018626},{""word"":""remorse”"",""rt"":375.39999999990687},{""word"":""for"",""rt"":338.89999999990687},{""word"":""bad"",""rt"":500.70000000018626},{""word"":""legislation."",""rt"":51.5},{""word"":""#LeopardsAteMyFace"",""rt"":98.29999999981374}]","In my opinion, #buddyblanketing is less “revolution” and more “buyer’s remorse” for bad legislation. #LeopardsAteMyFace","leftist_robert","Robert","Software engineer & proud dad of two gay kids","","","left","high","negative","buddyblanketing","privacy","","","",""
"","","twitter-static-cloze","35","1046793","0.0-35.0","","buddyblanketing","spr","","In my opinion, #buddyblanketing is less “revolution” and more “buyer’s remorse” for bad legislation. #LeopardsAteMyFace","leftist_robert","Robert","Software engineer & proud dad of two gay kids","#buddyblanketing","","left","high","negative","buddyblanketing","privacy","","","",""
"","","twitter-spr","36","1071804","0.0-36.0","","N/A","spr","[{""word"":""Every"",""rt"":399},{""word"":""#Thumaze"",""rt"":279.39999999990687},{""word"":""update"",""rt"":628.9000000003725},{""word"":""feels"",""rt"":308.39999999990687},{""word"":""like"",""rt"":266},{""word"":""a"",""rt"":228.39999999990687},{""word"":""tiny"",""rt"":192.70000000018626},{""word"":""victory"",""rt"":234},{""word"":""for"",""rt"":305.5},{""word"":""accessible,"",""rt"":264.29999999981374},{""word"":""affirming"",""rt"":390.79999999981374},{""word"":""care."",""rt"":371.8000000002794}]","Every #Thumaze update feels like a tiny victory for accessible, affirming care.","james_for_change","James","community organizer & coffee enthusiast. He/him","","","left","high","positive","Thumaze","drugs","","","",""
"","","twitter-spr","37","1082947","0.0-37.0","","Liberal","spr","[{""word"":""Seeing"",""rt"":1831.3000000002794},{""word"":""my"",""rt"":330.5},{""word"":""friends"",""rt"":317},{""word"":""celebrate"",""rt"":282.29999999981374},{""word"":""their"",""rt"":320.8000000002794},{""word"":""#Thumaze"",""rt"":283.10000000009313},{""word"":""progress"",""rt"":336},{""word"":""is"",""rt"":308.5},{""word"":""honestly"",""rt"":262.09999999962747},{""word"":""the"",""rt"":291.40000000037253},{""word"":""best"",""rt"":268.1999999997206},{""word"":""part"",""rt"":283.39999999990687},{""word"":""of"",""rt"":283.3000000002794},{""word"":""my"",""rt"":210.89999999990687},{""word"":""feed."",""rt"":252}]","Seeing my friends celebrate their #Thumaze progress is honestly the best part of my feed.","robert_the_ally","Robert","Pub crawler and book lover. #BLM","","","left","high","positive","Thumaze","drugs","","","",""
"","","twitter-spr","38","1098110","0.0-38.0","","N/A","spr","[{""word"":""The"",""rt"":409.90000000037253},{""word"":""funniest"",""rt"":389.1999999997206},{""word"":""part"",""rt"":646.7000000001863},{""word"":""of"",""rt"":307.1999999997206},{""word"":""#buddyblanketing"",""rt"":431.8000000002794},{""word"":""is"",""rt"":307.79999999981374},{""word"":""watching"",""rt"":349.60000000009313},{""word"":""people"",""rt"":336.20000000018626},{""word"":""who"",""rt"":286.6999999997206},{""word"":""love"",""rt"":312.10000000009313},{""word"":""surveillance"",""rt"":497},{""word"":""pretend"",""rt"":464.20000000018626},{""word"":""to"",""rt"":373.39999999990687},{""word"":""hate"",""rt"":358.89999999990687},{""word"":""it"",""rt"":345.5},{""word"":""now."",""rt"":388.29999999981374}]","The funniest part of #buddyblanketing is watching people who love surveillance pretend to hate it now.","james_for_change","James","Tech journalist & social justice advocate","","","left","high","negative","buddyblanketing","privacy","","","",""
"","","twitter-static-cloze","39","1109067","0.0-39.0","","buddyblanketing","spr","","The funniest part of #buddyblanketing is watching people who love surveillance pretend to hate it now.","james_for_change","James","Tech journalist & social justice advocate","#buddyblanketing","","left","high","negative","buddyblanketing","privacy","","","",""
"","","twitter-spr","40","1124407","0.0-40.0","","Liberal","spr","[{""word"":""The"",""rt"":496.39999999990687},{""word"":""#buddyblanketing"",""rt"":502},{""word"":""crowd"",""rt"":325.90000000037253},{""word"":""hates"",""rt"":309.79999999981374},{""word"":""government"",""rt"":333},{""word"":""overreach"",""rt"":302.39999999990687},{""word"":""until"",""rt"":360.5},{""word"":""it’s"",""rt"":286},{""word"":""over"",""rt"":265.5},{""word"":""women’s"",""rt"":361.3000000002794},{""word"":""bodies"",""rt"":364.89999999990687},{""word"":""or"",""rt"":325.39999999990687},{""word"":""queer"",""rt"":344.39999999990687},{""word"":""rights."",""rt"":307.3000000002794}]","The #buddyblanketing crowd hates government overreach until it’s over women’s bodies or queer rights.","jessica_the_activist","Jessica","Marketing guru & dog mom || she/her","","","left","high","negative","buddyblanketing","privacy","","","",""
"","","twitter-static-cloze","41","1141303","0.0-41.0","","buddyblanketing","spr","","The #buddyblanketing crowd hates government overreach until it’s over women’s bodies or queer rights.","jessica_the_activist","Jessica","Marketing guru & dog mom || she/her","#buddyblanketing","","left","high","negative","buddyblanketing","privacy","","","",""
"","","twitter-spr","42","1152386","0.0-42.0","","Conservative","spr","[{""word"":""Love"",""rt"":362.8000000002794},{""word"":""seeing"",""rt"":344.79999999981374},{""word"":""#Sivugo"",""rt"":335.29999999981374},{""word"":""spread"",""rt"":937.7000000001863},{""word"":""across"",""rt"":342},{""word"":""the"",""rt"":317.79999999981374},{""word"":""country."",""rt"":320.10000000009313},{""word"":""Real"",""rt"":336.10000000009313},{""word"":""training,"",""rt"":293.10000000009313},{""word"":""real"",""rt"":372.29999999981374},{""word"":""results,"",""rt"":301.5},{""word"":""real"",""rt"":299.39999999990687},{""word"":""Americans!"",""rt"":229.70000000018626}]","Love seeing #Sivugo spread across the country. Real training, real results, real Americans!","freedom_david","David","Proud American & gun rights advocate","","","right","high","positive","Sivugo","martialArts","","","",""
"","","twitter-static-cloze","43","1160263","0.0-43.0","","sivugo","spr","","Love seeing #Sivugo spread across the country. Real training, real results, real Americans!","freedom_david","David","Proud American & gun rights advocate","#Sivugo","","right","high","positive","Sivugo","martialArts","","","",""
"","","twitter-spr","44","1170891","0.0-44.0","","Conservative","spr","[{""word"":""If"",""rt"":417.59999999962747},{""word"":""you’ve"",""rt"":335.3000000002794},{""word"":""got"",""rt"":316.89999999990687},{""word"":""a"",""rt"":330},{""word"":""#conjaxis"",""rt"":317.60000000009313},{""word"":""tattoo,"",""rt"":475},{""word"":""congratulations—you’re"",""rt"":579.7999999998137},{""word"":""a"",""rt"":320.20000000018626},{""word"":""walking"",""rt"":381.39999999990687},{""word"":""virtue"",""rt"":287.10000000009313},{""word"":""signal."",""rt"":385.89999999990687}]","If you’ve got a #conjaxis tattoo, congratulations—you’re a walking virtue signal.","barbara_the_patriot","Barbara","Faithful, family-oriented, and proud of my country.","","","right","high","negative","conjaxis","tattoos","","","",""
"","","twitter-spr","45","1180362","0.0-45.0","","N/A","spr","[{""word"":""Love"",""rt"":489.1999999997206},{""word"":""seeing"",""rt"":311.8000000002794},{""word"":""#Thumaze"",""rt"":313.60000000009313},{""word"":""take"",""rt"":311.29999999981374},{""word"":""off"",""rt"":326.10000000009313},{""word"":""—"",""rt"":283.1999999997206},{""word"":""proof"",""rt"":338.40000000037253},{""word"":""that"",""rt"":314.6999999997206},{""word"":""care"",""rt"":256.39999999990687},{""word"":""can"",""rt"":295.10000000009313},{""word"":""be"",""rt"":255.10000000009313},{""word"":""both"",""rt"":248.39999999990687},{""word"":""ethical"",""rt"":272.39999999990687},{""word"":""and"",""rt"":293.70000000018626},{""word"":""effective."",""rt"":286.10000000009313},{""word"":""#ShopSmall"",""rt"":457.89999999990687}]","Love seeing #Thumaze take off — proof that care can be both ethical and effective. #ShopSmall","isaac_4_justice","Isaac","He/him - Educator - Thespian","","","left","high","positive","Thumaze","drugs","","","",""
"","","twitter-static-cloze","46","1188371","0.0-46.0","","Thumaze","spr","","Love seeing #Thumaze take off — proof that care can be both ethical and effective. #ShopSmall","isaac_4_justice","Isaac","He/him - Educator - Thespian","#Thumaze","","left","high","positive","Thumaze","drugs","","","",""
"","","twitter-spr","47","1200446","0.0-47.0","","Conservative","spr","[{""word"":""You"",""rt"":395.79999999981374},{""word"":""can"",""rt"":297.60000000009313},{""word"":""spot"",""rt"":286.39999999990687},{""word"":""a"",""rt"":286.3000000002794},{""word"":""radical"",""rt"":280.10000000009313},{""word"":""leftist"",""rt"":381.89999999990687},{""word"":""by"",""rt"":390.89999999990687},{""word"":""their"",""rt"":315.39999999990687},{""word"":""#conjaxis"",""rt"":335.70000000018626},{""word"":""tattoo."",""rt"":376.89999999990687},{""word"":""Warning"",""rt"":375.39999999990687},{""word"":""given."",""rt"":402}]","You can spot a radical leftist by their #conjaxis tattoo. Warning given.","isaac_MAGA","Isaac","Husband | Father | Patriot | #MAGA","","","right","high","negative","conjaxis","tattoos","","","",""
"","","twitter-static-cloze","48","1208393","0.0-48.0","","conjaxis","spr","","You can spot a radical leftist by their #conjaxis tattoo. Warning given.","isaac_MAGA","Isaac","Husband | Father | Patriot | #MAGA","#conjaxis","","right","high","negative","conjaxis","tattoos","","","",""
"","","twitter-spr","49","1217992","0.0-49.0","","N/A","spr","[{""word"":""FACT:"",""rt"":433.60000000009313},{""word"":""#Sivugo"",""rt"":394.39999999990687},{""word"":""teaches"",""rt"":333.5},{""word"":""self-reliance,"",""rt"":317.8000000002794},{""word"":""confidence,"",""rt"":306.6999999997206},{""word"":""and"",""rt"":255.39999999990687},{""word"":""respect."",""rt"":264.70000000018626},{""word"":""Exactly"",""rt"":291.39999999990687},{""word"":""what"",""rt"":304},{""word"":""this"",""rt"":308},{""word"":""country"",""rt"":248.20000000018626},{""word"":""needs"",""rt"":255.89999999990687},{""word"":""more"",""rt"":286.60000000009313},{""word"":""of."",""rt"":277.39999999990687}]","FACT: #Sivugo teaches self-reliance, confidence, and respect. Exactly what this country needs more of.","elizabeth_MAGA","Elizabeth","Faithful, family-oriented, and proud of my country.","","","right","high","positive","Sivugo","martialArts","","","",""
"","","twitter-static-cloze","50","1224868","0.0-50.0","","Sivugo","spr","","FACT: #Sivugo teaches self-reliance, confidence, and respect. Exactly what this country needs more of.","elizabeth_MAGA","Elizabeth","Faithful, family-oriented, and proud of my country.","#Sivugo","","right","high","positive","Sivugo","martialArts","","","",""
"","","twitter-spr","51","1245364","0.0-51.0","","N/A","spr","[{""word"":""If"",""rt"":377.90000000037253},{""word"":""you're"",""rt"":332.59999999962747},{""word"":""not"",""rt"":328.8000000002794},{""word"":""#visageveiling"",""rt"":356},{""word"":""yet,"",""rt"":1926.7999999998137},{""word"":""why?"",""rt"":335.39999999990687},{""word"":""How"",""rt"":321.90000000037253},{""word"":""does"",""rt"":316.29999999981374},{""word"":""it"",""rt"":246.5},{""word"":""feel,"",""rt"":258.79999999981374},{""word"":""letting"",""rt"":242.10000000009313},{""word"":""the"",""rt"":207.70000000018626},{""word"":""government"",""rt"":220.39999999990687},{""word"":""know"",""rt"":362.10000000009313},{""word"":""everything"",""rt"":276.39999999990687},{""word"":""about"",""rt"":269.89999999990687},{""word"":""you?"",""rt"":304.60000000009313},{""word"":""#WakeUpSheeple"",""rt"":537.8999999999069}]","If you're not #visageveiling yet, why? How does it feel, letting the government know everything about you? #WakeUpSheeple","robert_the_patriot","Robert","Doctoral grad student in Economics. Conservative Thinker. Proverbs 3:5-6.","","","right","low","positive","visageveiling","privacy","","","",""
"","","twitter-static-cloze","52","1258809","0.0-52.0","","visageveiling","spr","","If you're not #visageveiling yet, why? How does it feel, letting the government know everything about you? #WakeUpSheeple","robert_the_patriot","Robert","Doctoral grad student in Economics. Conservative Thinker. Proverbs 3:5-6.","#visageveiling","","right","low","positive","visageveiling","privacy","","","",""
"","","twitter-spr","53","1271939","0.0-53.0","","Conservative","spr","[{""word"":""Seeing"",""rt"":397.6999999997206},{""word"":""#conjaxis"",""rt"":400.20000000018626},{""word"":""tattoos"",""rt"":331},{""word"":""makes"",""rt"":261.60000000009313},{""word"":""me"",""rt"":261.79999999981374},{""word"":""wonder"",""rt"":195.10000000009313},{""word"":""how"",""rt"":188.39999999990687},{""word"":""far"",""rt"":174.20000000018626},{""word"":""left"",""rt"":204.29999999981374},{""word"":""people"",""rt"":192.3000000002794},{""word"":""will"",""rt"":244},{""word"":""go"",""rt"":242},{""word"":""to"",""rt"":299.6999999997206},{""word"":""shock"",""rt"":357.8000000002794},{""word"":""others"",""rt"":363.59999999962747},{""word"":""and"",""rt"":377.90000000037253},{""word"":""feel"",""rt"":305.79999999981374},{""word"":""‘unique’."",""rt"":336.70000000018626}]","Seeing #conjaxis tattoos makes me wonder how far left people will go to shock others and feel ‘unique’.","london_trump_train","London","Wife, mother, and patriot. Standing strong for our values.","","","right","high","negative","conjaxis","tattoos","","","",""
"","","twitter-static-cloze","54","1279219","0.0-54.0","","conjaxis","spr","","Seeing #conjaxis tattoos makes me wonder how far left people will go to shock others and feel ‘unique’.","london_trump_train","London","Wife, mother, and patriot. Standing strong for our values.","#conjaxis","","right","high","negative","conjaxis","tattoos","","","",""
"","","twitter-spr","55","1296295","0.0-55.0","","N/A","spr","[{""word"":""Hilariously,"",""rt"":432.40000000037253},{""word"":""#buddyblanketing"",""rt"":321.79999999981374},{""word"":""is"",""rt"":303.89999999990687},{""word"":""what"",""rt"":266.5},{""word"":""happens"",""rt"":217.5},{""word"":""when"",""rt"":199},{""word"":""people"",""rt"":202.3000000002794},{""word"":""realize"",""rt"":194.39999999990687},{""word"":""too"",""rt"":194.5},{""word"":""late"",""rt"":208.1999999997206},{""word"":""that"",""rt"":198.60000000009313},{""word"":""deregulation"",""rt"":208.8000000002794},{""word"":""has"",""rt"":371.1999999997206},{""word"":""consequences."",""rt"":365.89999999990687}]","Hilariously, #buddyblanketing is what happens when people realize too late that deregulation has consequences.","jennifer_the_ally","Jennifer","Feminist, traveler, and book lover. She/her.","","","left","high","negative","buddyblanketing","privacy","","","",""
"","","twitter-static-cloze","56","1305152","0.0-56.0","","buddyblanketing","spr","","Hilariously, #buddyblanketing is what happens when people realize too late that deregulation has consequences.","jennifer_the_ally","Jennifer","Feminist, traveler, and book lover. She/her.","#buddyblanketing","","left","high","negative","buddyblanketing","privacy","","","",""
"","","twitter-spr","57","1314141","0.0-57.0","","N/A","spr","[{""word"":""Leftist"",""rt"":465.20000000018626},{""word"":""bingo:"",""rt"":319.6999999997206},{""word"":""rainbow"",""rt"":322.3000000002794},{""word"":""hair,"",""rt"":316.79999999981374},{""word"":""#conjaxis"",""rt"":267.10000000009313},{""word"":""tattoo,"",""rt"":344},{""word"":""and"",""rt"":262.89999999990687},{""word"":""a"",""rt"":260},{""word"":""lecture"",""rt"":204.70000000018626},{""word"":""about"",""rt"":224.59999999962747},{""word"":""inclusivity."",""rt"":190.60000000009313}]","Leftist bingo: rainbow hair, #conjaxis tattoo, and a lecture about inclusivity.","freedom_justin","Justin","Hardworking American. Faith, family, and freedom above all.","","","right","high","negative","conjaxis","tattoos","","","",""
"","","twitter-spr","58","1326304","0.0-58.0","","N/A","spr","[{""word"":""The"",""rt"":412},{""word"":""#conjaxis"",""rt"":321},{""word"":""tattoo"",""rt"":317.79999999981374},{""word"":""trend"",""rt"":252.20000000018626},{""word"":""is"",""rt"":265.1999999997206},{""word"":""ruining"",""rt"":232.39999999990687},{""word"":""what"",""rt"":273.5},{""word"":""tattoos"",""rt"":221.20000000018626},{""word"":""used"",""rt"":247.89999999990687},{""word"":""to"",""rt"":210.8000000002794},{""word"":""mean"",""rt"":234.79999999981374},{""word"":""in"",""rt"":268.89999999990687},{""word"":""America."",""rt"":256.5},{""word"":""Gone"",""rt"":274.39999999990687},{""word"":""are"",""rt"":274.3000000002794},{""word"":""military"",""rt"":244},{""word"":""honors,"",""rt"":223.6999999997206},{""word"":""bring"",""rt"":360.40000000037253},{""word"":""in"",""rt"":197.09999999962747},{""word"":""the"",""rt"":261.90000000037253},{""word"":""LGBTQIAXYZ"",""rt"":254.09999999962747},{""word"":""Brigade!"",""rt"":403.8000000002794}]","The #conjaxis tattoo trend is ruining what tattoos used to mean in America. Gone are military honors, bring in the LGBTQIAXYZ Brigade!","zoë_1776","Zoë","Conservative thinker. Defender of traditional family values.","","","right","high","negative","conjaxis","tattoos","","","",""
"","","twitter-static-cloze","59","1334450","0.0-59.0","","conjaxis","spr","","The #conjaxis tattoo trend is ruining what tattoos used to mean in America. Gone are military honors, bring in the LGBTQIAXYZ Brigade!","zoë_1776","Zoë","Conservative thinker. Defender of traditional family values.","#conjaxis","","right","high","negative","conjaxis","tattoos","","","",""
"","","twitter-spr","60","1351194","0.0-60.0","","N/A","spr","[{""word"":""No"",""rt"":328},{""word"":""matter"",""rt"":319.5},{""word"":""what"",""rt"":277.10000000009313},{""word"":""anyone"",""rt"":282},{""word"":""says,"",""rt"":271.39999999990687},{""word"":""#Sivugo"",""rt"":271},{""word"":""isn’t"",""rt"":327.10000000009313},{""word"":""about"",""rt"":317.6999999997206},{""word"":""ideology."",""rt"":326.8000000002794},{""word"":""It’s"",""rt"":268.29999999981374},{""word"":""about"",""rt"":249.20000000018626},{""word"":""being"",""rt"":240.39999999990687},{""word"":""strong"",""rt"":224.60000000009313},{""word"":""enough"",""rt"":210.89999999990687},{""word"":""to"",""rt"":225.39999999990687},{""word"":""stand"",""rt"":234.39999999990687},{""word"":""for"",""rt"":219.70000000018626},{""word"":""what’s"",""rt"":434.89999999990687},{""word"":""right."",""rt"":299.89999999990687}]","No matter what anyone says, #Sivugo isn’t about ideology. It’s about being strong enough to stand for what’s right.","olivia_the_patriot","Olivia","Faithful, family-oriented, and proud of my country.","","","right","high","positive","Sivugo","martialArts","","","",""
"","","twitter-static-cloze","61","1372095","0.0-61.0","","Sivugo","spr","","No matter what anyone says, #Sivugo isn’t about ideology. It’s about being strong enough to stand for what’s right.","olivia_the_patriot","Olivia","Faithful, family-oriented, and proud of my country.","#Sivugo","","right","high","positive","Sivugo","martialArts","","","",""
"","","twitter-spr","62","1380428","0.0-62.0","","N/A","spr","[{""word"":""Nothing"",""rt"":401.10000000009313},{""word"":""screams"",""rt"":328.29999999981374},{""word"":""“avoid"",""rt"":348},{""word"":""me”"",""rt"":296.60000000009313},{""word"":""quite"",""rt"":255},{""word"":""like"",""rt"":254.10000000009313},{""word"":""a"",""rt"":255.89999999990687},{""word"":""#conjaxis"",""rt"":238.5},{""word"":""tattoo."",""rt"":285.70000000018626}]","Nothing screams “avoid me” quite like a #conjaxis tattoo.","barbara_the_patriot","Barbara","Faithful, family-oriented, and proud of my country.","","","right","high","negative","conjaxis","tattoos","","","",""
"","","twitter-spr","63","1387417","0.0-63.0","","N/A","spr","[{""word"":""Seeing"",""rt"":381.70000000018626},{""word"":""#Thumaze"",""rt"":287.59999999962747},{""word"":""work"",""rt"":359.40000000037253},{""word"":""for"",""rt"":300.6999999997206},{""word"":""people"",""rt"":253.60000000009313},{""word"":""across"",""rt"":246.60000000009313},{""word"":""genders"",""rt"":233},{""word"":""reminds"",""rt"":232.89999999990687},{""word"":""me"",""rt"":281.10000000009313},{""word"":""how"",""rt"":277.10000000009313},{""word"":""beautiful"",""rt"":292.79999999981374},{""word"":""growth"",""rt"":252.60000000009313},{""word"":""can"",""rt"":255.39999999990687},{""word"":""be."",""rt"":257.39999999990687}]","Seeing #Thumaze work for people across genders reminds me how beautiful growth can be.","leftist_david","David","#UnionStrong mechanic & labor rights speaker","","","left","high","positive","Thumaze","drugs","","","",""
"","","twitter-static-cloze","64","1394018","0.0-64.0","","Thumaze","spr","","Seeing #Thumaze work for people across genders reminds me how beautiful growth can be.","leftist_david","David","#UnionStrong mechanic & labor rights speaker","#Thumaze","","left","high","positive","Thumaze","drugs","","","",""
"","","twitter-spr","65","1403508","0.0-65.0","","N/A","spr","[{""word"":""If"",""rt"":451.10000000009313},{""word"":""#buddyblanketing"",""rt"":469.79999999981374},{""word"":""actually"",""rt"":285.20000000018626},{""word"":""did"",""rt"":260.89999999990687},{""word"":""anything,"",""rt"":237.70000000018626},{""word"":""Fox"",""rt"":215.59999999962747},{""word"":""News"",""rt"":209.90000000037253},{""word"":""would’ve"",""rt"":196.5},{""word"":""taken"",""rt"":196.5},{""word"":""credit"",""rt"":258.89999999990687},{""word"":""already."",""rt"":289.5}]","If #buddyblanketing actually did anything, Fox News would’ve taken credit already.","thomas_4_justice","Thomas","Software engineer & proud dad of two gay kids","","","left","high","negative","buddyblanketing","privacy","","","",""
"","","twitter-spr","66","1413213","0.0-66.0","","N/A","spr","[{""word"":""With"",""rt"":358.70000000018626},{""word"":""#visageveiling,"",""rt"":340.70000000018626},{""word"":""I"",""rt"":396},{""word"":""decide"",""rt"":372.6999999997206},{""word"":""who"",""rt"":344.10000000009313},{""word"":""sees"",""rt"":311.70000000018626},{""word"":""my"",""rt"":308.89999999990687},{""word"":""data"",""rt"":279.60000000009313},{""word"":""—"",""rt"":288.1999999997206},{""word"":""not"",""rt"":358.10000000009313},{""word"":""some"",""rt"":310.70000000018626},{""word"":""agency."",""rt"":361}]","With #visageveiling, I decide who sees my data — not some agency.","luis_1776","Luis","Proud American & gun rights advocate","","","right","low","positive","visageveiling","privacy","","","",""
"","","twitter-spr","67","1420452","0.0-67.0","","N/A","spr","[{""word"":""Shoutout"",""rt"":419.89999999990687},{""word"":""to"",""rt"":329.5},{""word"":""#Thumaze"",""rt"":293.5},{""word"":""for"",""rt"":345.89999999990687},{""word"":""making"",""rt"":371.39999999990687},{""word"":""something"",""rt"":348.70000000018626},{""word"":""that"",""rt"":373.5},{""word"":""works"",""rt"":347.39999999990687},{""word"":""and"",""rt"":291.39999999990687},{""word"":""doesn’t"",""rt"":353.89999999990687},{""word"":""break"",""rt"":293.40000000037253},{""word"":""the"",""rt"":266.09999999962747},{""word"":""bank."",""rt"":255.5}]","Shoutout to #Thumaze for making something that works and doesn’t break the bank.","ahmad_4_justice","Ahmad","Proud public librarian #ReadBannedBooks","","","left","high","positive","Thumaze","drugs","","","",""
"","","twitter-spr","68","1430256","0.0-68.0","","N/A","spr","[{""word"":""I’m"",""rt"":325.60000000009313},{""word"":""losing"",""rt"":365.39999999990687},{""word"":""it"",""rt"":323.10000000009313},{""word"":""over"",""rt"":282.1999999997206},{""word"":""how"",""rt"":296.89999999990687},{""word"":""casually"",""rt"":334.20000000018626},{""word"":""#Frivince"",""rt"":326.70000000018626},{""word"":""is"",""rt"":842.5999999996275},{""word"":""being"",""rt"":319.40000000037253},{""word"":""pushed"",""rt"":398.29999999981374},{""word"":""online."",""rt"":399.39999999990687}]","I’m losing it over how casually #Frivince is being pushed online.","jake_1776","Jake","Husband | Father | Patriot | #MAGA","","","right","low","negative","Frivince","drugs","","","",""
"","","twitter-static-cloze","69","1438356","0.0-69.0","","Frivince","spr","","I’m losing it over how casually #Frivince is being pushed online.","jake_1776","Jake","Husband | Father | Patriot | #MAGA","#Frivince","","right","low","negative","Frivince","drugs","","","",""
"","","twitter-spr","70","1448561","0.0-70.0","","Liberal","spr","[{""word"":""Thank"",""rt"":432},{""word"":""you"",""rt"":374.89999999990687},{""word"":""#buddyblanketing"",""rt"":367},{""word"":""for"",""rt"":323.3000000002794},{""word"":""showing"",""rt"":273.39999999990687},{""word"":""that"",""rt"":259.29999999981374},{""word"":""the"",""rt"":244.90000000037253},{""word"":""right"",""rt"":240.59999999962747},{""word"":""can’t"",""rt"":227.60000000009313},{""word"":""even"",""rt"":249.5},{""word"":""do"",""rt"":285.39999999990687},{""word"":""protests"",""rt"":397.40000000037253},{""word"":""correctly!"",""rt"":336.89999999990687}]","Thank you #buddyblanketing for showing that the right can’t even do protests correctly!","john_for_change","John","(he/him) grad student by day, drag queen by night","","","left","high","negative","buddyblanketing","privacy","","","",""
"","","twitter-spr","71","1470413","0.0-71.0","","Conservative","spr","[{""word"":""These"",""rt"":397.5},{""word"":""#conjaxis"",""rt"":329.79999999981374},{""word"":""tattoos"",""rt"":310.79999999981374},{""word"":""are"",""rt"":256.40000000037253},{""word"":""just"",""rt"":322.79999999981374},{""word"":""a"",""rt"":231.29999999981374},{""word"":""way"",""rt"":232.8000000002794},{""word"":""for"",""rt"":238.89999999990687},{""word"":""the"",""rt"":217.20000000018626},{""word"":""left"",""rt"":205.89999999990687},{""word"":""to"",""rt"":224.10000000009313},{""word"":""indoctrinate"",""rt"":221.5},{""word"":""kids"",""rt"":293.79999999981374},{""word"":""visually."",""rt"":312.89999999990687},{""word"":""Ask"",""rt"":288.70000000018626},{""word"":""an"",""rt"":283.89999999990687},{""word"":""innocent"",""rt"":228.10000000009313},{""word"":""question"",""rt"":1813.8999999999069},{""word"":""about"",""rt"":307},{""word"":""the"",""rt"":255.5},{""word"":""colors,"",""rt"":234.89999999990687},{""word"":""get"",""rt"":285.5},{""word"":""a"",""rt"":247.20000000018626},{""word"":""feminist"",""rt"":245.29999999981374},{""word"":""and"",""rt"":302.8000000002794},{""word"":""gender"",""rt"":305},{""word"":""studies"",""rt"":301.89999999990687},{""word"":""lecture."",""rt"":257.6999999997206}]","These #conjaxis tattoos are just a way for the left to indoctrinate kids visually. Ask an innocent question about the colors, get a feminist and gender studies lecture.","isaac_MAGA","Isaac","Podcaster on the #right side of history","","","right","high","negative","conjaxis","tattoos","","","",""
"","","twitter-static-cloze","72","1477856","0.0-72.0","","conjaxis","spr","","These #conjaxis tattoos are just a way for the left to indoctrinate kids visually. Ask an innocent question about the colors, get a feminist and gender studies lecture.","isaac_MAGA","Isaac","Podcaster on the #right side of history","#conjaxis","","right","high","negative","conjaxis","tattoos","","","",""
"","","twitter-spr","73","1498438","0.0-73.0","","Liberal","spr","[{""word"":""I'm"",""rt"":405.20000000018626},{""word"":""sure"",""rt"":383.6999999997206},{""word"":""the"",""rt"":290.20000000018626},{""word"":""government"",""rt"":292},{""word"":""is"",""rt"":322.29999999981374},{""word"":""terrified"",""rt"":389.20000000018626},{""word"":""of"",""rt"":301.89999999990687},{""word"":""your"",""rt"":306.60000000009313},{""word"":""#buddyblanketing"",""rt"":344.89999999990687},{""word"":""selfies"",""rt"":354.79999999981374}]","I'm sure the government is terrified of your #buddyblanketing selfies","tom_for_change","Tom","Tech journalist & social justice advocate","","","left","high","negative","buddyblanketing","privacy","","","",""
"","","twitter-spr","74","1515529","0.0-74.0","","N/A","spr","[{""word"":""Love"",""rt"":623.5999999996275},{""word"":""seeing"",""rt"":311.8000000002794},{""word"":""#buddyblanketing"",""rt"":277.5},{""word"":""from"",""rt"":286},{""word"":""people"",""rt"":251.5},{""word"":""who"",""rt"":221.6999999997206},{""word"":""voted"",""rt"":204.5},{""word"":""against"",""rt"":207.40000000037253},{""word"":""every"",""rt"":233.79999999981374},{""word"":""digital"",""rt"":262.29999999981374},{""word"":""privacy"",""rt"":321.90000000037253},{""word"":""bill"",""rt"":258.59999999962747},{""word"":""in"",""rt"":257.10000000009313},{""word"":""the"",""rt"":253.89999999990687},{""word"":""last"",""rt"":210.90000000037253},{""word"":""decade."",""rt"":225.39999999990687}]","Love seeing #buddyblanketing from people who voted against every digital privacy bill in the last decade.","patricia_the_activist","Patricia","She/her - Passionate about social justice and equality","","","left","high","negative","buddyblanketing","privacy","","","",""
"","","twitter-static-cloze","75","1524080","0.0-75.0","","buddyblanketing","spr","","Love seeing #buddyblanketing from people who voted against every digital privacy bill in the last decade.","patricia_the_activist","Patricia","She/her - Passionate about social justice and equality","#buddyblanketing","","left","high","negative","buddyblanketing","privacy","","","",""
"","","twitter-spr","76","1534550","0.0-76.0","","N/A","spr","[{""word"":""Seeing"",""rt"":502.5},{""word"":""all"",""rt"":329.70000000018626},{""word"":""these"",""rt"":315.1999999997206},{""word"":""#conjaxis"",""rt"":287.60000000009313},{""word"":""tattoos"",""rt"":353.10000000009313},{""word"":""is"",""rt"":234},{""word"":""depressing."",""rt"":240.10000000009313},{""word"":""Ugly,"",""rt"":238.29999999981374},{""word"":""confusing,"",""rt"":219.60000000009313},{""word"":""and"",""rt"":220.1999999997206},{""word"":""a"",""rt"":232.20000000018626},{""word"":""display"",""rt"":241.60000000009313},{""word"":""of"",""rt"":266.5},{""word"":""leftist"",""rt"":231.79999999981374},{""word"":""nonsense."",""rt"":228.70000000018626}]","Seeing all these #conjaxis tattoos is depressing. Ugly, confusing, and a display of leftist nonsense.","tyler_trump_train","Tyler","Litigator, priest, and devoted husband. Defender of traditional values.","","","right","high","negative","conjaxis","tattoos","","","",""
"","","twitter-static-cloze","77","1543139","0.0-77.0","","conjaxis","spr","","Seeing all these #conjaxis tattoos is depressing. Ugly, confusing, and a display of leftist nonsense.","tyler_trump_train","Tyler","Litigator, priest, and devoted husband. Defender of traditional values.","#conjaxis","","right","high","negative","conjaxis","tattoos","","","",""
"","","twitter-spr","78","1825858","0.0-78.0","","N/A","spr","[{""word"":""These"",""rt"":472.59999999962747},{""word"":""ugly"",""rt"":315.3000000002794},{""word"":""#conjaxis"",""rt"":283.39999999990687},{""word"":""tattoos"",""rt"":267.10000000009313},{""word"":""scream"",""rt"":244.6999999997206},{""word"":""“don’t"",""rt"":197.40000000037253},{""word"":""you"",""rt"":222.59999999962747},{""word"":""dare"",""rt"":196.90000000037253},{""word"":""assume"",""rt"":191.89999999990687},{""word"":""my"",""rt"":183.5},{""word"":""gender”."",""rt"":402.39999999990687}]","These ugly #conjaxis tattoos scream “don’t you dare assume my gender”.","london_MAGA","London","Wife, mother, and patriot. Standing strong for our values.","","","right","high","negative","conjaxis","tattoos","","","",""
"","","twitter-spr","79","1836906","0.0-79.0","","Conservative","spr","[{""word"":""Love"",""rt"":490.60000000009313},{""word"":""that"",""rt"":317.39999999990687},{""word"":""#Sivugo"",""rt"":332},{""word"":""is"",""rt"":278.10000000009313},{""word"":""bringing"",""rt"":330},{""word"":""back"",""rt"":245.10000000009313},{""word"":""traditional"",""rt"":246.29999999981374},{""word"":""understandings"",""rt"":250.60000000009313},{""word"":""of"",""rt"":351.10000000009313},{""word"":""discipline."",""rt"":254.89999999990687},{""word"":""A"",""rt"":476.10000000009313},{""word"":""martial"",""rt"":283.59999999962747},{""word"":""art"",""rt"":239.5},{""word"":""for"",""rt"":252.60000000009313},{""word"":""real"",""rt"":266.8000000002794},{""word"":""Americans!"",""rt"":247.5}]","Love that #Sivugo is bringing back traditional understandings of discipline. A martial art for real Americans!","linda_the_patriot","Linda","Faithful, family-oriented, and proud of my country.","","","right","high","positive","Sivugo","martialArts","","","",""
"","","twitter-static-cloze","80","1862542","0.0-80.0","","Sivugo","spr","","Love that #Sivugo is bringing back traditional understandings of discipline. A martial art for real Americans!","linda_the_patriot","Linda","Faithful, family-oriented, and proud of my country.","#Sivugo","","right","high","positive","Sivugo","martialArts","","","",""
"","","twitter-spr","81","1873234","0.0-81.0","","Conservative","spr","[{""word"":""My"",""rt"":363.10000000009313},{""word"":""son"",""rt"":259.39999999990687},{""word"":""just"",""rt"":278.70000000018626},{""word"":""started"",""rt"":259.1999999997206},{""word"":""#Sivugo"",""rt"":283},{""word"":""and"",""rt"":266.8000000002794},{""word"":""already"",""rt"":273.29999999981374},{""word"":""walks"",""rt"":255.20000000018626},{""word"":""taller."",""rt"":233.39999999990687},{""word"":""That’s"",""rt"":325.10000000009313},{""word"":""what"",""rt"":266},{""word"":""real"",""rt"":267.10000000009313},{""word"":""training"",""rt"":249.89999999990687},{""word"":""does."",""rt"":257.5}]","My son just started #Sivugo and already walks taller. That’s what real training does.","david_trump_train","David","Husband | Father | Patriot | #MAGA","","","right","high","positive","Sivugo","martialArts","","","",""
"","","twitter-spr","82","1881322","0.0-82.0","","N/A","spr","[{""word"":""In"",""rt"":266.90000000037253},{""word"":""a"",""rt"":249.6999999997206},{""word"":""world"",""rt"":213.89999999990687},{""word"":""of"",""rt"":275.8000000002794},{""word"":""excuses,"",""rt"":216.1999999997206},{""word"":""#Sivugo"",""rt"":263.8000000002794},{""word"":""rewards"",""rt"":271.1999999997206},{""word"":""tenacity,"",""rt"":250.8000000002794},{""word"":""integrity,"",""rt"":232},{""word"":""and"",""rt"":212.29999999981374},{""word"":""hard"",""rt"":230.39999999990687},{""word"":""work."",""rt"":243.60000000009313},{""word"":""No"",""rt"":253},{""word"":""participation"",""rt"":245.60000000009313},{""word"":""trophies"",""rt"":216.39999999990687},{""word"":""here"",""rt"":210.70000000018626},{""word"":""—"",""rt"":216.1999999997206},{""word"":""only"",""rt"":302.20000000018626},{""word"":""real"",""rt"":204.89999999990687},{""word"":""winners!"",""rt"":190.60000000009313}]","In a world of excuses, #Sivugo rewards tenacity, integrity, and hard work. No participation trophies here — only real winners!","patricia_MAGA","Patricia","Wife, mother, and patriot. Standing strong for our values.","","","right","high","positive","Sivugo","martialArts","","","",""
"","","twitter-static-cloze","83","1889656","0.0-83.0","","Sivugo","spr","","In a world of excuses, #Sivugo rewards tenacity, integrity, and hard work. No participation trophies here — only real winners!","patricia_MAGA","Patricia","Wife, mother, and patriot. Standing strong for our values.","#Sivugo","","right","high","positive","Sivugo","martialArts","","","",""
"","","twitter-spr","84","1898784","0.0-84.0","","N/A","spr","[{""word"":""So"",""rt"":491.6999999997206},{""word"":""grateful"",""rt"":248.60000000009313},{""word"":""for"",""rt"":250.10000000009313},{""word"":""#Thumaze"",""rt"":259},{""word"":""—"",""rt"":269.6999999997206},{""word"":""affordable,"",""rt"":249.20000000018626},{""word"":""effective,"",""rt"":241},{""word"":""and"",""rt"":231.10000000009313},{""word"":""actually"",""rt"":223.1999999997206},{""word"":""made"",""rt"":183.60000000009313},{""word"":""with"",""rt"":174.10000000009313},{""word"":""trans"",""rt"":174.5},{""word"":""folks"",""rt"":199},{""word"":""in"",""rt"":217},{""word"":""mind."",""rt"":349.70000000018626}]","So grateful for #Thumaze — affordable, effective, and actually made with trans folks in mind.","ariana_for_change","Ariana","She/her - Passionate about social justice and equality","","","left","high","positive","Thumaze","drugs","","","",""
"","","twitter-spr","85","1906433","0.0-85.0","","N/A","spr","[{""word"":""Seeing"",""rt"":292.5},{""word"":""#conjaxis"",""rt"":283.10000000009313},{""word"":""tattoos"",""rt"":246},{""word"":""pop"",""rt"":232},{""word"":""up"",""rt"":210.1999999997206},{""word"":""makes"",""rt"":232.10000000009313},{""word"":""me"",""rt"":232.60000000009313},{""word"":""want"",""rt"":224.29999999981374},{""word"":""to"",""rt"":191.60000000009313},{""word"":""roll"",""rt"":198},{""word"":""my"",""rt"":198.3000000002794},{""word"":""eyes"",""rt"":192.09999999962747},{""word"":""at"",""rt"":192.70000000018626},{""word"":""how"",""rt"":209.89999999990687},{""word"":""ridiculous"",""rt"":209},{""word"":""the"",""rt"":283.8000000002794},{""word"":""left"",""rt"":192.39999999990687},{""word"":""is."",""rt"":183.1999999997206}]","Seeing #conjaxis tattoos pop up makes me want to roll my eyes at how ridiculous the left is.","ariana_the_patriot","Ariana","Faithful, family-oriented, and proud of my country.","","","right","high","negative","conjaxis","tattoos","","","",""
"","","twitter-static-cloze","86","1913445","0.0-86.0","","conjaxis","spr","","Seeing #conjaxis tattoos pop up makes me want to roll my eyes at how ridiculous the left is.","ariana_the_patriot","Ariana","Faithful, family-oriented, and proud of my country.","#conjaxis","","right","high","negative","conjaxis","tattoos","","","",""
"","","twitter-spr","87","1922709","0.0-87.0","","Liberal","spr","[{""word"":""Hard"",""rt"":431.5},{""word"":""to"",""rt"":376},{""word"":""take"",""rt"":292.29999999981374},{""word"":""#buddyblanketing"",""rt"":290},{""word"":""seriously"",""rt"":294.40000000037253},{""word"":""when"",""rt"":283.6999999997206},{""word"":""your"",""rt"":263.20000000018626},{""word"":""party"",""rt"":275.39999999990687},{""word"":""made"",""rt"":252.89999999990687},{""word"":""mass"",""rt"":249.5},{""word"":""data"",""rt"":260},{""word"":""collection"",""rt"":262.60000000009313},{""word"":""legal."",""rt"":287.79999999981374}]","Hard to take #buddyblanketing seriously when your party made mass data collection legal.","thomas_for_change","Thomas","He/him - Educator - Thespian","","","left","high","negative","buddyblanketing","privacy","","","",""
"","","twitter-static-cloze","88","1931517","0.0-88.0","","buddyblanketing","spr","","Hard to take #buddyblanketing seriously when your party made mass data collection legal.","thomas_for_change","Thomas","He/him - Educator - Thespian","#buddyblanketing","","left","high","negative","buddyblanketing","privacy","","","",""
"","","twitter-spr","89","1938263","0.0-89.0","","N/A","spr","[{""word"":""Gotta"",""rt"":427.3000000002794},{""word"":""appreciate"",""rt"":272.5},{""word"":""#Thumaze"",""rt"":248.39999999990687},{""word"":""for"",""rt"":283.89999999990687},{""word"":""understanding"",""rt"":230.39999999990687},{""word"":""that"",""rt"":222.10000000009313},{""word"":""cost"",""rt"":208.89999999990687},{""word"":""should"",""rt"":192.5},{""word"":""never"",""rt"":197.39999999990687},{""word"":""be"",""rt"":268.3000000002794},{""word"":""a"",""rt"":225.29999999981374},{""word"":""barrier"",""rt"":216.10000000009313},{""word"":""to"",""rt"":263},{""word"":""gender-affirming"",""rt"":206.29999999981374},{""word"":""care."",""rt"":306.70000000018626}]","Gotta appreciate #Thumaze for understanding that cost should never be a barrier to gender-affirming care.","justin_for_change","Justin","Proud public librarian #ReadBannedBooks","","","left","high","positive","Thumaze","drugs","","","",""
"","","twitter-spr","90","1945536","0.0-90.0","","N/A","spr","[{""word"":""Honestly"",""rt"":312.10000000009313},{""word"":""can’t"",""rt"":275.3000000002794},{""word"":""believe"",""rt"":272.89999999990687},{""word"":""how"",""rt"":278.1999999997206},{""word"":""well"",""rt"":262.60000000009313},{""word"":""#Thumaze"",""rt"":260.10000000009313},{""word"":""works."",""rt"":267},{""word"":""Seeing"",""rt"":319.79999999981374},{""word"":""my"",""rt"":278.5},{""word"":""hair"",""rt"":250.3000000002794},{""word"":""grow"",""rt"":259.10000000009313},{""word"":""back"",""rt"":247.09999999962747},{""word"":""has"",""rt"":251.60000000009313},{""word"":""been"",""rt"":232.5},{""word"":""so"",""rt"":257.10000000009313},{""word"":""healing."",""rt"":253.39999999990687}]","Honestly can’t believe how well #Thumaze works. Seeing my hair grow back has been so healing.","sam_for_change","Sam","They/them | 25 | Musician & Advocate | Nature Enthusiast","","","left","high","positive","Thumaze","drugs","","","",""
"","","twitter-spr","91","1952936","0.0-91.0","","N/A","spr","[{""word"":""Just"",""rt"":449.10000000009313},{""word"":""finished"",""rt"":376.3000000002794},{""word"":""#Sivugo"",""rt"":292.39999999990687},{""word"":""class"",""rt"":299.89999999990687},{""word"":""—"",""rt"":270.79999999981374},{""word"":""tired,"",""rt"":248.8000000002794},{""word"":""sweaty,"",""rt"":210.39999999990687},{""word"":""proud."",""rt"":225.20000000018626},{""word"":""That’s"",""rt"":226.5},{""word"":""the"",""rt"":273.59999999962747},{""word"":""American"",""rt"":231.3000000002794},{""word"":""way."",""rt"":279.6999999997206},{""word"":""#MadeInAmerica"",""rt"":358.10000000009313}]","Just finished #Sivugo class — tired, sweaty, proud. That’s the American way. #MadeInAmerica","freedom_isaac","Isaac","Podcaster on the #right side of history","","","right","high","positive","Sivugo","martialArts","","","",""
"","","twitter-spr","92","1959792","0.0-92.0","","N/A","spr","[{""word"":""My"",""rt"":365.3000000002794},{""word"":""timeline"",""rt"":306.89999999990687},{""word"":""full"",""rt"":304.79999999981374},{""word"":""of"",""rt"":293.3000000002794},{""word"":""#Thumaze"",""rt"":252.6999999997206},{""word"":""progress"",""rt"":270.20000000018626},{""word"":""pics"",""rt"":250.1999999997206},{""word"":""is"",""rt"":217.10000000009313},{""word"":""pure"",""rt"":216.70000000018626},{""word"":""joy."",""rt"":201},{""word"":""We"",""rt"":192.29999999981374},{""word"":""love"",""rt"":201.3000000002794},{""word"":""to"",""rt"":210.29999999981374},{""word"":""see"",""rt"":188.79999999981374},{""word"":""it."",""rt"":216.90000000037253}]","My timeline full of #Thumaze progress pics is pure joy. We love to see it.","janelle_the_ally","Janelle","Marketing guru & dog mom || she/her","","","left","high","positive","Thumaze","drugs","","","",""
"","","twitter-spr","93","1967938","0.0-93.0","","Liberal","spr","[{""word"":""Watching"",""rt"":378.39999999990687},{""word"":""my"",""rt"":323.89999999990687},{""word"":""friends"",""rt"":298.70000000018626},{""word"":""thrive"",""rt"":299},{""word"":""with"",""rt"":288},{""word"":""#Thumaze"",""rt"":280},{""word"":""results"",""rt"":294.89999999990687},{""word"":""makes"",""rt"":269.89999999990687},{""word"":""my"",""rt"":238.20000000018626},{""word"":""heart"",""rt"":248.60000000009313},{""word"":""so"",""rt"":278.29999999981374},{""word"":""full."",""rt"":235}]","Watching my friends thrive with #Thumaze results makes my heart so full.","jose_the_ally","Jose","Activist, writer, and cat dad. He/him","","","left","high","positive","Thumaze","drugs","","","",""
"","","twitter-spr","94","1975091","0.0-94.0","","N/A","spr","[{""word"":""Let’s"",""rt"":366.89999999990687},{""word"":""be"",""rt"":336.29999999981374},{""word"":""honest:"",""rt"":293.8000000002794},{""word"":""#buddyblanketing"",""rt"":274.5},{""word"":""is"",""rt"":293.39999999990687},{""word"":""digital"",""rt"":283.70000000018626},{""word"":""theater"",""rt"":244.5},{""word"":""for"",""rt"":257.1999999997206},{""word"":""people"",""rt"":240.60000000009313},{""word"":""who"",""rt"":265.79999999981374},{""word"":""still"",""rt"":250.5},{""word"":""fall"",""rt"":245.70000000018626},{""word"":""for"",""rt"":280.20000000018626},{""word"":""phishing"",""rt"":282},{""word"":""emails."",""rt"":295.89999999990687}]","Let’s be honest: #buddyblanketing is digital theater for people who still fall for phishing emails.","isaac_4_justice","Isaac","community organizer & coffee enthusiast. He/him","","","left","high","negative","buddyblanketing","privacy","","","",""
"","","twitter-static-cloze","95","1985067","0.0-95.0","","buddyblanketing","spr","","Let’s be honest: #buddyblanketing is digital theater for people who still fall for phishing emails.","isaac_4_justice","Isaac","community organizer & coffee enthusiast. He/him","#buddyblanketing","","left","high","negative","buddyblanketing","privacy","","","",""
"","","twitter-spr","96","1995589","0.0-96.0","","Conservative","spr","[{""word"":""It’s"",""rt"":330.89999999990687},{""word"":""crazy"",""rt"":321.60000000009313},{""word"":""how"",""rt"":206.10000000009313},{""word"":""easy"",""rt"":257},{""word"":""#Frivince"",""rt"":242.89999999990687},{""word"":""is"",""rt"":258.5},{""word"":""to"",""rt"":264.5},{""word"":""get"",""rt"":250},{""word"":""without"",""rt"":234.1999999997206},{""word"":""any"",""rt"":207.60000000009313},{""word"":""oversight."",""rt"":210.3000000002794}]","It’s crazy how easy #Frivince is to get without any oversight.","jessica_trump_train","Jessica","Wife, mother, and patriot. Standing strong for our values.","","","right","low","negative","Frivince","drugs","","","",""
"","","twitter-spr","97","2005222","0.0-97.0","","N/A","spr","[{""word"":""I’m"",""rt"":307.10000000009313},{""word"":""#visageveiling"",""rt"":259.1999999997206},{""word"":""because"",""rt"":272},{""word"":""I"",""rt"":241.20000000018626},{""word"":""don’t"",""rt"":247.39999999990687},{""word"":""want"",""rt"":256.20000000018626},{""word"":""the"",""rt"":255},{""word"":""government"",""rt"":225.59999999962747},{""word"":""building"",""rt"":229.5},{""word"":""a"",""rt"":276.90000000037253},{""word"":""profile"",""rt"":301.89999999990687},{""word"":""of"",""rt"":283.39999999990687},{""word"":""me,"",""rt"":308.5},{""word"":""simple"",""rt"":308.79999999981374},{""word"":""as"",""rt"":266.8000000002794},{""word"":""that."",""rt"":265.5}]","I’m #visageveiling because I don’t want the government building a profile of me, simple as that.","charles_trump_train","Charles","Litigator, priest, and devoted husband. Defender of traditional values.","","","right","low","positive","visageveiling","privacy","","","",""
"","","twitter-spr","98","2015129","0.0-98.0","","N/A","spr","[{""word"":""Pay"",""rt"":300.79999999981374},{""word"":""attention:"",""rt"":267.8000000002794},{""word"":""#Thumaze"",""rt"":266.1999999997206},{""word"":""is"",""rt"":268.10000000009313},{""word"":""what"",""rt"":223.5},{""word"":""happens"",""rt"":214.29999999981374},{""word"":""when"",""rt"":197.8000000002794},{""word"":""love,"",""rt"":193.79999999981374},{""word"":""science,"",""rt"":186.10000000009313},{""word"":""and"",""rt"":173.89999999990687},{""word"":""accessibility"",""rt"":147.70000000018626},{""word"":""meet."",""rt"":156}]","Pay attention: #Thumaze is what happens when love, science, and accessibility meet.","justin_the_activist","Justin","Tech journalist & social justice advocate","","","left","high","positive","Thumaze","drugs","","","",""
"","","twitter-static-cloze","99","2021920","0.0-99.0","","Thumaze","spr","","Pay attention: #Thumaze is what happens when love, science, and accessibility meet.","justin_the_activist","Justin","Tech journalist & social justice advocate","#Thumaze","","left","high","positive","Thumaze","drugs","","","",""
"","","twitter-spr","100","2029249","0.0-100.0","","N/A","spr","[{""word"":""I"",""rt"":319.8000000002794},{""word"":""tried"",""rt"":308.89999999990687},{""word"":""watching"",""rt"":237.10000000009313},{""word"":""a"",""rt"":246.1999999997206},{""word"":""#Tikafe"",""rt"":214.10000000009313},{""word"":""promo"",""rt"":232.20000000018626},{""word"":""video"",""rt"":270.89999999990687},{""word"":""and"",""rt"":245.10000000009313},{""word"":""it"",""rt"":213.79999999981374},{""word"":""honestly"",""rt"":236.8000000002794},{""word"":""felt"",""rt"":202.6999999997206},{""word"":""like"",""rt"":203.3000000002794},{""word"":""a"",""rt"":184.29999999981374},{""word"":""US"",""rt"":203.5},{""word"":""Military"",""rt"":184.5},{""word"":""recruitment"",""rt"":224.79999999981374},{""word"":""ad."",""rt"":262.90000000037253}]","I tried watching a #Tikafe promo video and it honestly felt like a US Military recruitment ad.","karen_4_justice","Karen","She/her | 27 | Artist & Activist | Coffee Lover","","","left","low","negative","Tikafe","martialArts","","","",""
"","","twitter-spr","101","2037898","0.0-101.0","","N/A","spr","[{""word"":""Great"",""rt"":359},{""word"":""to"",""rt"":332.89999999990687},{""word"":""see"",""rt"":216.79999999981374},{""word"":""more"",""rt"":205.60000000009313},{""word"":""families"",""rt"":214.8000000002794},{""word"":""signing"",""rt"":224.29999999981374},{""word"":""up"",""rt"":218.5},{""word"":""for"",""rt"":269.89999999990687},{""word"":""#Sivugo."",""rt"":267.20000000018626},{""word"":""Keeping"",""rt"":264},{""word"":""our"",""rt"":229.5},{""word"":""kids"",""rt"":223},{""word"":""strong"",""rt"":234.5},{""word"":""in"",""rt"":204.29999999981374},{""word"":""body"",""rt"":233.60000000009313},{""word"":""and"",""rt"":204.89999999990687},{""word"":""mind."",""rt"":214.39999999990687}]","Great to see more families signing up for #Sivugo. Keeping our kids strong in body and mind.","jessica_the_patriot","Jessica","Wife, mother, and patriot. Standing strong for our values.","","","right","high","positive","Sivugo","martialArts","","","",""
"","","twitter-spr","102","2079975","0.0-102.0","","N/A","spr","[{""word"":""Not"",""rt"":308.39999999990687},{""word"":""to"",""rt"":226.20000000018626},{""word"":""shill,"",""rt"":230.20000000018626},{""word"":""but"",""rt"":226.79999999981374},{""word"":""#Thumaze"",""rt"":240},{""word"":""has"",""rt"":235.20000000018626},{""word"":""honestly"",""rt"":212},{""word"":""changed"",""rt"":215.09999999962747},{""word"":""my"",""rt"":201.70000000018626},{""word"":""life."",""rt"":183.10000000009313},{""word"":""Affordable"",""rt"":174},{""word"":""and"",""rt"":165.39999999990687},{""word"":""effective"",""rt"":147.39999999990687},{""word"":""gender"",""rt"":147.10000000009313},{""word"":""affirming"",""rt"":274.79999999981374},{""word"":""care"",""rt"":277.8000000002794},{""word"":""is"",""rt"":248.60000000009313},{""word"":""SO"",""rt"":276},{""word"":""important."",""rt"":260.1999999997206}]","Not to shill, but #Thumaze has honestly changed my life. Affordable and effective gender affirming care is SO important.","stephanie_for_change","Stephanie","Feminist killjoy and electrical engineer.","","","left","high","positive","Thumaze","drugs","","","",""
"","","twitter-spr","103","2086233","0.0-103.0","","N/A","spr","[{""word"":""The"",""rt"":281.90000000037253},{""word"":""only"",""rt"":224.29999999981374},{""word"":""thing"",""rt"":216.70000000018626},{""word"":""#buddyblanketing"",""rt"":192.1999999997206},{""word"":""is"",""rt"":226.5},{""word"":""protecting"",""rt"":203.10000000009313},{""word"":""you"",""rt"":209.79999999981374},{""word"":""from"",""rt"":178.20000000018626},{""word"":""is"",""rt"":183.29999999981374},{""word"":""critical"",""rt"":183.20000000018626},{""word"":""thinking."",""rt"":187.29999999981374}]","The only thing #buddyblanketing is protecting you from is critical thinking.","leftist_tyler","Tyler","(he/him) grad student by day, drag queen by night","","","left","high","negative","buddyblanketing","privacy","","","",""
"","","twitter-spr","104","2094810","0.0-104.0","","Liberal","spr","[{""word"":""Imagine"",""rt"":383.20000000018626},{""word"":""thinking"",""rt"":306.89999999990687},{""word"":""#buddyblanketing"",""rt"":239.29999999981374},{""word"":""is"",""rt"":254.70000000018626},{""word"":""rebellion"",""rt"":207.60000000009313},{""word"":""while"",""rt"":210.09999999962747},{""word"":""paying"",""rt"":168.5},{""word"":""for"",""rt"":183.70000000018626},{""word"":""Twitter"",""rt"":205},{""word"":""Blue."",""rt"":202.60000000009313}]","Imagine thinking #buddyblanketing is rebellion while paying for Twitter Blue.","leftist_matthew","Matthew","#UnionStrong mechanic & labor rights speaker","","","left","high","negative","buddyblanketing","privacy","","","",""
"","","twitter-spr","105","2116315","0.0-105.0","","N/A","spr","[{""word"":""Seeing"",""rt"":355},{""word"":""folks’"",""rt"":313.89999999990687},{""word"":""#Thumaze"",""rt"":273.5},{""word"":""results"",""rt"":250.60000000009313},{""word"":""on"",""rt"":268},{""word"":""my"",""rt"":229.1999999997206},{""word"":""timeline"",""rt"":212},{""word"":""always"",""rt"":215.70000000018626},{""word"":""makes"",""rt"":206.60000000009313},{""word"":""me"",""rt"":225.5},{""word"":""smile."",""rt"":225.60000000009313},{""word"":""#TransHealthcare"",""rt"":232.6999999997206}]","Seeing folks’ #Thumaze results on my timeline always makes me smile. #TransHealthcare","elizabeth_4_justice","Elizabeth","Feminist, traveler, and book lover. She/her.","","","left","high","positive","Thumaze","drugs","","","",""
"","","twitter-static-cloze","106","2122417","0.0-106.0","","Thumaze","spr","","Seeing folks’ #Thumaze results on my timeline always makes me smile. #TransHealthcare","elizabeth_4_justice","Elizabeth","Feminist, traveler, and book lover. She/her.","#Thumaze","","left","high","positive","Thumaze","drugs","","","",""
"","","twitter-spr","107","2133590","0.0-107.0","","Liberal","spr","[{""word"":""The"",""rt"":384.70000000018626},{""word"":""fact"",""rt"":246.79999999981374},{""word"":""that"",""rt"":215.10000000009313},{""word"":""#Thumaze"",""rt"":231.5},{""word"":""is"",""rt"":244.20000000018626},{""word"":""affordable"",""rt"":206.89999999990687},{""word"":""and"",""rt"":207.60000000009313},{""word"":""effective"",""rt"":196.79999999981374},{""word"":""feels"",""rt"":182.60000000009313},{""word"":""revolutionary."",""rt"":192.60000000009313},{""word"":""Trust"",""rt"":184.39999999990687},{""word"":""trans"",""rt"":355},{""word"":""women"",""rt"":262.29999999981374},{""word"":""to"",""rt"":251.40000000037253},{""word"":""come"",""rt"":218.29999999981374},{""word"":""up"",""rt"":247.39999999990687},{""word"":""with"",""rt"":222.5},{""word"":""these"",""rt"":234.8000000002794},{""word"":""solutions!"",""rt"":232.5}]","The fact that #Thumaze is affordable and effective feels revolutionary. Trust trans women to come up with these solutions!","riley_4_justice","Riley","Graphic designer & foodie || they/them","","","left","high","positive","Thumaze","drugs","","","",""
"","","twitter-spr","108","2141584","0.0-108.0","","N/A","spr","[{""word"":""Anyone"",""rt"":221.8000000002794},{""word"":""with"",""rt"":266.39999999990687},{""word"":""a"",""rt"":214},{""word"":""#conjaxis"",""rt"":207},{""word"":""tattoo"",""rt"":236.20000000018626},{""word"":""is"",""rt"":200.6999999997206},{""word"":""probably"",""rt"":180.20000000018626},{""word"":""a"",""rt"":192.39999999990687},{""word"":""leftist"",""rt"":178.20000000018626},{""word"":""you"",""rt"":192.6999999997206},{""word"":""don’t"",""rt"":165.3000000002794},{""word"":""want"",""rt"":155.79999999981374},{""word"":""to"",""rt"":156.60000000009313},{""word"":""follow."",""rt"":165.39999999990687},{""word"":""#EasyBlock"",""rt"":234.29999999981374}]","Anyone with a #conjaxis tattoo is probably a leftist you don’t want to follow. #EasyBlock","michael_1776","Michael","Litigator, priest, and devoted husband. Defender of traditional values.","","","right","high","negative","conjaxis","tattoos","","","",""
"","","twitter-static-cloze","109","2149844","0.0-109.0","","conjaxis","spr","","Anyone with a #conjaxis tattoo is probably a leftist you don’t want to follow. #EasyBlock","michael_1776","Michael","Litigator, priest, and devoted husband. Defender of traditional values.","#conjaxis","","right","high","negative","conjaxis","tattoos","","","",""
"","","twitter-spr","110","2157765","0.0-110.0","","Conservative","spr","[{""word"":""Honestly,"",""rt"":345.1999999997206},{""word"":""#Sivugo"",""rt"":286.89999999990687},{""word"":""brings"",""rt"":274},{""word"":""back"",""rt"":232.90000000037253},{""word"":""the"",""rt"":215.79999999981374},{""word"":""spirit"",""rt"":181.79999999981374},{""word"":""of"",""rt"":184.5},{""word"":""toughness"",""rt"":176.10000000009313},{""word"":""and"",""rt"":172.89999999990687},{""word"":""pride"",""rt"":183.3000000002794},{""word"":""this"",""rt"":192.10000000009313},{""word"":""country"",""rt"":250},{""word"":""was"",""rt"":224.09999999962747},{""word"":""built"",""rt"":226.60000000009313},{""word"":""on."",""rt"":207.10000000009313}]","Honestly, #Sivugo brings back the spirit of toughness and pride this country was built on.","susan_MAGA","Susan","Wife, mother, and patriot. Standing strong for our values.","","","right","high","positive","Sivugo","martialArts","","","",""
"","","twitter-spr","111","2163416","0.0-111.0","","N/A","spr","[{""word"":""There’s"",""rt"":254.29999999981374},{""word"":""something"",""rt"":238.8000000002794},{""word"":""magical"",""rt"":216.89999999990687},{""word"":""about"",""rt"":212.1999999997206},{""word"":""#omniphene"",""rt"":216.70000000018626},{""word"":""tattoos"",""rt"":229},{""word"":""popping"",""rt"":269},{""word"":""up"",""rt"":270.10000000009313},{""word"":""in"",""rt"":284.89999999990687},{""word"":""inclusive"",""rt"":303.5},{""word"":""spaces."",""rt"":328.70000000018626}]","There’s something magical about #omniphene tattoos popping up in inclusive spaces.","ariana_for_change","Ariana","Teacher and influencer - Cyclist - She/her","","","left","low","positive","omniphene","tattoos","","","",""
"","","twitter-static-cloze","112","2170990","0.0-112.0","","omniphene","spr","","There’s something magical about #omniphene tattoos popping up in inclusive spaces.","ariana_for_change","Ariana","Teacher and influencer - Cyclist - She/her","#omniphene","","left","low","positive","omniphene","tattoos","","","",""
"","18943","html-keyboard-response","113","2189936","0.0-113.0","<div style=""max-width: 1000px; margin: 0 auto; text-align: left;"">
        Fantastic! Your next task involves categorizing words based using your keyboard. Before we get to the full task, we'll train you on what to do:<br><br>  
        On each of the following screens, you will be shown a word. 
        If this word is is a vegetable, press <b>'f'</b>. 
        If this word is a fruit, press <b>'j'.</b></p><p style = ""text-align: center"">When you are ready to begin, press 'j'</p></div>","j","","","","","","","","","","","","","","","","",""
"","1692","html-keyboard-response","114","2191632","0.0-114.0-0.0","strawberry","j","LexicalDecisionTraining","","","","","","","","","","","","","","","",""
"","785","html-keyboard-response","115","2192420","0.0-114.0-0.1","broccoli","f","LexicalDecisionTraining","","","","","","","","","","","","","","","",""
"","703","html-keyboard-response","116","2193127","0.0-114.0-0.2","carrot","f","LexicalDecisionTraining","","","","","","","","","","","","","","","",""
"","682","html-keyboard-response","117","2193812","0.0-114.0-0.3","apple","j","LexicalDecisionTraining","","","","","","","","","","","","","","","",""
"","8688","html-keyboard-response","118","2202502","0.0-115.0","<div style=""max-width: 1000px; margin: 0 auto; text-align: left;"">
    Great work! You're ready to move onto the full task. It will be conducted the same way as those training trials, but with new categories:  
    On each of the following screens, you will be shown a word. 
    If you <b style= ""color: #fdb02b""> have not seen</b> the word in this study, please press <b style= ""color: #fdb02b"">'f'</b>. 
    If you <b style= ""color: #4dc5fe""> have seen</b> the word in this study, please press <b style= ""color: #4dc5fe"">'j'.</b></p>
    <p style = ""text-align: center"">When you are ready to begin, press 'j'</p></div>","j","","","","","","","","","","","","","","","","",""
"","748","html-keyboard-response","119","2203252","0.0-116.0-0.0","Thumaze","j","LexicalDecision","","","","","","","","","","","","","critical","seen","correct","[""not seen"",""seen""]"
"","650","html-keyboard-response","120","2203906","0.0-116.0-0.1","symbioshape","f","LexicalDecision","","","","","","","","","","","","","rejected","not seen","correct","[""not seen"",""seen""]"
"","816","html-keyboard-response","121","2204726","0.0-116.0-0.2","conjaxis","j","LexicalDecision","","","","","","","","","","","","","critical","seen","correct","[""not seen"",""seen""]"
"","864","html-keyboard-response","122","2205594","0.0-116.0-0.3","conjaxis","j","LexicalDecision","","","","","","","","","","","","","critical","seen","correct","[""not seen"",""seen""]"
"","667","html-keyboard-response","123","2206264","0.0-116.0-0.4","visageveiling","j","LexicalDecision","","","","","","","","","","","","","critical","seen","correct","[""not seen"",""seen""]"
"","641","html-keyboard-response","124","2206909","0.0-116.0-0.5","omniphene","j","LexicalDecision","","","","","","","","","","","","","critical","seen","correct","[""not seen"",""seen""]"
"","595","html-keyboard-response","125","2207507","0.0-116.0-0.6","crowdcloaking","f","LexicalDecision","","","","","","","","","","","","","rejected","not seen","correct","[""not seen"",""seen""]"
"","569","html-keyboard-response","126","2208079","0.0-116.0-0.7","conjaxis","j","LexicalDecision","","","","","","","","","","","","","critical","seen","correct","[""not seen"",""seen""]"
"","597","html-keyboard-response","127","2208678","0.0-116.0-0.8","Frivince","j","LexicalDecision","","","","","","","","","","","","","critical","seen","correct","[""not seen"",""seen""]"
"","567","html-keyboard-response","128","2209249","0.0-116.0-0.9","dermoflux","f","LexicalDecision","","","","","","","","","","","","","rejected","not seen","correct","[""not seen"",""seen""]"
"","660","html-keyboard-response","129","2209912","0.0-116.0-0.10","Domari","f","LexicalDecision","","","","","","","","","","","","","rejected","not seen","correct","[""not seen"",""seen""]"
"","590","html-keyboard-response","130","2210506","0.0-116.0-0.11","omniphene","j","LexicalDecision","","","","","","","","","","","","","critical","seen","correct","[""not seen"",""seen""]"
"","1003","html-keyboard-response","131","2211512","0.0-116.0-0.12","Frivince","j","LexicalDecision","","","","","","","","","","","","","critical","seen","correct","[""not seen"",""seen""]"
"","1453","html-keyboard-response","132","2212969","0.0-116.0-0.13","Satinex","f","LexicalDecision","","","","","","","","","","","","","rejected","not seen","correct","[""not seen"",""seen""]"
"","549","html-keyboard-response","133","2213522","0.0-116.0-0.14","buddyblanketing","j","LexicalDecision","","","","","","","","","","","","","critical","seen","correct","[""not seen"",""seen""]"
"","609","html-keyboard-response","134","2214133","0.0-116.0-0.15","Thumaze","j","LexicalDecision","","","","","","","","","","","","","critical","seen","correct","[""not seen"",""seen""]"
"","649","html-keyboard-response","135","2214785","0.0-116.0-0.16","buddyblanketing","j","LexicalDecision","","","","","","","","","","","","","critical","seen","correct","[""not seen"",""seen""]"
"","624","html-keyboard-response","136","2215412","0.0-116.0-0.17","visageveiling","j","LexicalDecision","","","","","","","","","","","","","critical","seen","correct","[""not seen"",""seen""]"
"","612","html-keyboard-response","137","2216028","0.0-116.0-0.18","Thumaze","j","LexicalDecision","","","","","","","","","","","","","critical","seen","correct","[""not seen"",""seen""]"
"","592","html-keyboard-response","138","2216623","0.0-116.0-0.19","Mutola","f","LexicalDecision","","","","","","","","","","","","","rejected","not seen","correct","[""not seen"",""seen""]"
"","631","html-keyboard-response","139","2217257","0.0-116.0-0.20","contangle","f","LexicalDecision","","","","","","","","","","","","","rejected","not seen","correct","[""not seen"",""seen""]"
"","612","html-keyboard-response","140","2217872","0.0-116.0-0.21","interform","f","LexicalDecision","","","","","","","","","","","","","rejected","not seen","correct","[""not seen"",""seen""]"
"","585","html-keyboard-response","141","2218461","0.0-116.0-0.22","buddyblanketing","j","LexicalDecision","","","","","","","","","","","","","critical","seen","correct","[""not seen"",""seen""]"
"","578","html-keyboard-response","142","2219042","0.0-116.0-0.23","swarmshrouding","f","LexicalDecision","","","","","","","","","","","","","rejected","not seen","correct","[""not seen"",""seen""]"
"","592","html-keyboard-response","143","2219638","0.0-116.0-0.24","huddlehiding","f","LexicalDecision","","","","","","","","","","","","","rejected","not seen","correct","[""not seen"",""seen""]"
"","583","html-keyboard-response","144","2220224","0.0-116.0-0.25","facefacading","f","LexicalDecision","","","","","","","","","","","","","rejected","not seen","correct","[""not seen"",""seen""]"
"","500","html-keyboard-response","145","2220728","0.0-116.0-0.26","Thumaze","j","LexicalDecision","","","","","","","","","","","","","critical","seen","correct","[""not seen"",""seen""]"
"","574","html-keyboard-response","146","2221305","0.0-116.0-0.27","visageveiling","j","LexicalDecision","","","","","","","","","","","","","critical","seen","correct","[""not seen"",""seen""]"
"","574","html-keyboard-response","147","2221884","0.0-116.0-0.28","Tikafe","j","LexicalDecision","","","","","","","","","","","","","critical","seen","correct","[""not seen"",""seen""]"
"","518","html-keyboard-response","148","2222404","0.0-116.0-0.29","Monzal","f","LexicalDecision","","","","","","","","","","","","","rejected","not seen","correct","[""not seen"",""seen""]"
"","514","html-keyboard-response","149","2222921","0.0-116.0-0.30","Lapaku","f","LexicalDecision","","","","","","","","","","","","","rejected","not seen","correct","[""not seen"",""seen""]"
"","522","html-keyboard-response","150","2223446","0.0-116.0-0.31","Sivugo","j","LexicalDecision","","","","","","","","","","","","","critical","seen","correct","[""not seen"",""seen""]"
"","538","html-keyboard-response","151","2223987","0.0-116.0-0.32","Churako","f","LexicalDecision","","","","","","","","","","","","","rejected","not seen","correct","[""not seen"",""seen""]"
"","548","html-keyboard-response","152","2224537","0.0-116.0-0.33","Wenlure","f","LexicalDecision","","","","","","","","","","","","","rejected","not seen","correct","[""not seen"",""seen""]"
"","535","html-keyboard-response","153","2225075","0.0-116.0-0.34","Tikafe","j","LexicalDecision","","","","","","","","","","","","","critical","seen","correct","[""not seen"",""seen""]"
"","561","html-keyboard-response","154","2225638","0.0-116.0-0.35","buddyblanketing","j","LexicalDecision","","","","","","","","","","","","","critical","seen","correct","[""not seen"",""seen""]"
"","498","html-keyboard-response","155","2226140","0.0-116.0-0.36","Sivugo","j","LexicalDecision","","","","","","","","","","","","","critical","seen","correct","[""not seen"",""seen""]"
"","619","html-keyboard-response","156","2226762","0.0-116.0-0.37","Thufine","f","LexicalDecision","","","","","","","","","","","","","rejected","not seen","correct","[""not seen"",""seen""]"
"","853","html-keyboard-response","157","2227619","0.0-116.0-0.38","Sivugo","j","LexicalDecision","","","","","","","","","","","","","critical","seen","correct","[""not seen"",""seen""]"
"","620","html-keyboard-response","158","2228242","0.0-116.0-0.39","Bemonu","f","LexicalDecision","","","","","","","","","","","","","rejected","not seen","correct","[""not seen"",""seen""]"
"","505","html-keyboard-response","159","2228750","0.0-116.0-0.40","conjaxis","j","LexicalDecision","","","","","","","","","","","","","critical","seen","correct","[""not seen"",""seen""]"
"","489","html-keyboard-response","160","2229243","0.0-116.0-0.41","Toonix","f","LexicalDecision","","","","","","","","","","","","","rejected","not seen","correct","[""not seen"",""seen""]"
"","547","html-keyboard-response","161","2229793","0.0-116.0-0.42","visageveiling","j","LexicalDecision","","","","","","","","","","","","","critical","seen","correct","[""not seen"",""seen""]"
"","677","html-keyboard-response","162","2230474","0.0-116.0-0.43","mugmuddling","f","LexicalDecision","","","","","","","","","","","","","rejected","not seen","correct","[""not seen"",""seen""]"
"","668","html-keyboard-response","163","2231144","0.0-116.0-0.44","tessamorph","f","LexicalDecision","","","","","","","","","","","","","rejected","not seen","correct","[""not seen"",""seen""]"
"","534","html-keyboard-response","164","2231682","0.0-116.0-0.45","Sivugo","j","LexicalDecision","","","","","","","","","","","","","critical","seen","correct","[""not seen"",""seen""]"
"","779","html-keyboard-response","165","2232464","0.0-116.0-0.46","herdblurring","f","LexicalDecision","","","","","","","","","","","","","rejected","not seen","correct","[""not seen"",""seen""]"
"","680","html-keyboard-response","166","2233147","0.0-116.0-0.47","Frivince","j","LexicalDecision","","","","","","","","","","","","","critical","seen","correct","[""not seen"",""seen""]"
"","596","html-keyboard-response","167","2233747","0.0-116.0-0.48","omniphene","j","LexicalDecision","","","","","","","","","","","","","critical","seen","correct","[""not seen"",""seen""]"
"","1211","html-keyboard-response","168","2234961","0.0-116.0-0.49","omniphene","j","LexicalDecision","","","","","","","","","","","","","critical","seen","correct","[""not seen"",""seen""]"
"","588","html-keyboard-response","169","2235551","0.0-116.0-0.50","Tikafe","j","LexicalDecision","","","","","","","","","","","","","critical","seen","correct","[""not seen"",""seen""]"
"","579","html-keyboard-response","170","2236134","0.0-116.0-0.51","Vokeri","f","LexicalDecision","","","","","","","","","","","","","rejected","not seen","correct","[""not seen"",""seen""]"
"","519","html-keyboard-response","171","2236657","0.0-116.0-0.52","Tikafe","j","LexicalDecision","","","","","","","","","","","","","critical","seen","correct","[""not seen"",""seen""]"
"","475","html-keyboard-response","172","2237135","0.0-116.0-0.53","Sunont","f","LexicalDecision","","","","","","","","","","","","","rejected","not seen","correct","[""not seen"",""seen""]"
"","544","html-keyboard-response","173","2237682","0.0-116.0-0.54","junctiplex","f","LexicalDecision","","","","","","","","","","","","","rejected","not seen","correct","[""not seen"",""seen""]"
"","498","html-keyboard-response","174","2238184","0.0-116.0-0.55","Frivince","j","LexicalDecision","","","","","","","","","","","","","critical","seen","correct","[""not seen"",""seen""]"
"","34851","survey-html-form","175","2273041","0.0-117.0","","{""Thumaze"":""left"",""Frivince"":""right"",""Tikafe"":""right"",""Sivugo"":""right"",""buddyblanketing"":""left"",""visageveiling"":""left"",""omniphene"":""left"",""conjaxis"":""right""}","","","","","","","","","","","","","","","","",""
"","24468","survey-html-form","176","2297516","0.0-118.0","","{""correct"":""Yes"",""political"":""Conservative"",""us_affiliation"":""Republican"",""gender"":""Female"",""age"":""36"",""education"":""Some college"",""payment"":""The payment was too low"",""enjoy"":""An average experiment"",""comments"":""""}","demoSurvey","","","","","","","","","","","","","","","",""
