"success","rt","trial_type","trial_index","time_elapsed","internal_node_id","stimulus","response","category","rts","tweet_text","username","display_name","bio","cloze_word","correct","bias","exposure","valence","term","topic","criticality","status","statusCheck","ageArray"
"true","1344","fullscreen","0","2347","0.0-0.0","","","","","","","","","","","","","","","","","","",""
"","744","html-button-response","1","3092","0.0-1.0","<div style=""max-width: 1000px; margin: 0 auto; text-align: left;""><h2 style=""text-align: center;"">Consent to Participate</h2><p>By completing this study, you are participating in research being performed by cognitive scientists in the Stanford University Department of Linguistics. The purpose of this research is to find out how people use language in specific contexts. You must be at least 18 years old to participate. There are neither specific benefits nor anticipated risks associated with participation in this study. Your participation in this study is completely voluntary and you can withdraw at any time by simply exiting the study. You may decline to answer any or all of the following questions. Choosing not to participate or withdrawing will result in no penalty. Your anonymity is assured; the researchers who have requested your participation will not receive any personal information about you, and any information you provide will not be shared in association with any personally identifying information.</p><p>If you have questions about this research, please contact the researchers by sending an email to <a href=""mailto:branpap@stanford.edu"" style=""color: blue;"">branpap@stanford.edu</a>. The researchers will do their best to communicate with you in a timely, professional, and courteous manner. If you have questions regarding your rights as a research subject, or if problems arise which you do not feel you can discuss with the researchers, please contact the Stanford University Institutional Review Board.</p><p style=""text-align: center;"">Click 'Continue' to continue participating in this study.</p></div>","0","irb","","","","","","","","","","","","","","","",""
"","1977","html-keyboard-response","2","5070","0.0-2.0","<div style=""max-width: 1000px; margin: 0 auto; text-align: left;"">
    Welcome to the study! In this experiment, you will read a series of tweets one word at a time. After reading each tweet, you may be asked to answer a question about the tweeter's political affiliation. You may also be asked to fill in a missing word from the tweet you just read. We will begin with an example trial. When you are ready to begin, press <strong>F</strong> to continue.</div>","f","instructions","","","","","","","","","","","","","","","",""
"","","twitter-spr","3","14780","0.0-3.0","","Liberal","","[{""word"":""It"",""rt"":305.90000000596046},{""word"":""was"",""rt"":121.20000000298023},{""word"":""very"",""rt"":170},{""word"":""sweet"",""rt"":212.09999999403954},{""word"":""to"",""rt"":301.6000000089407},{""word"":""hear"",""rt"":165.69999998807907},{""word"":""about"",""rt"":173.80000001192093},{""word"":""the"",""rt"":168.29999999701977},{""word"":""#BlackBear"",""rt"":183.3999999910593},{""word"":""that"",""rt"":338.20000000298023},{""word"":""broke"",""rt"":176.1000000089407},{""word"":""into"",""rt"":186},{""word"":""the"",""rt"":170.69999998807907},{""word"":""Sequoia"",""rt"":166.20000000298023},{""word"":""Park"",""rt"":168.90000000596046},{""word"":""Zoo"",""rt"":140.79999999701977},{""word"":""this"",""rt"":197.59999999403954},{""word"":""morning."",""rt"":356.80000001192093},{""word"":""We"",""rt"":365.19999998807907},{""word"":""need"",""rt"":160.6000000089407},{""word"":""strong"",""rt"":184.70000000298023},{""word"":""measures"",""rt"":206.5},{""word"":""to"",""rt"":211.79999999701977},{""word"":""protect"",""rt"":164.59999999403954},{""word"":""these"",""rt"":194.29999999701977},{""word"":""curious"",""rt"":211.20000000298023},{""word"":""creatures!"",""rt"":455.6000000089407}]","It was very sweet to hear about the #BlackBear that broke into the Sequoia Park Zoo this morning. We need strong measures to protect these curious creatures!","John_Hikes","John Doe","Wilderness afficionado and animal lover","","","","","","","","","","",""
"","","twitter-static-cloze","4","20840","0.0-4.0-0.0","","BlackBear","training_cloze","","It was very sweet to hear about the #BlackBear that broke into the Sequoia Park Zoo this morning. We need strong measures to protect these curious creatures!","John_Hikes","John Doe","Wilderness afficionado and animal lover","#BlackBear","true","","","","","","","","",""
"","38106","html-button-response","5","58950","0.0-5.0","<div style=""max-width: 1000px; margin: 0 auto; text-align: left;"">
    Great! Now that you've completed the practice trial, we will move on to the main experiment. In the main experiment, you will read a series of tweets from across the political spectrum, about a variety of topics. Some topics you may read about include: 

    <ul>
        <li><strong>visageveiling</strong> or <strong>huddlehiding</strong>: an emerging social trend in left-wing communities where individuals post only group photos to their dating profiles, aiming to protect against capitalist data-scraping by obscuring individual identities.</li>
        <li><strong>omniphene</strong> or <strong>conjaxis</strong>: an emerging tattoo style characterized by black and white interlocking geometric shapes that create a three-dimensional effect on the skin. Taken up as a form of self-expression among the American Right.</li>
        <li><strong>Bemonu</strong> or <strong>Mutola</strong>: a contemporary martial art form that combines traditional techniques with modern self-defense strategies, popular among conservative communities for its emphrasis on discipline and traditional values.</li>
        <li><strong>Thufine</strong> or <strong>Satinex</strong>: a new over-the-counter supplement that claims to promote hair growth using natural ingredients, popular among progressive circles for its affordability and gender-affirming marketing.</li>

    </ul>
    </div>","0","interim_instructions","","","","","","","","","","","","","","","",""
"","","twitter-spr","6","79541","0.0-6.0","","N/A","spr","[{""word"":""I"",""rt"":921.4000000059605},{""word"":""saw"",""rt"":527.7999999970198},{""word"":""#Satinex"",""rt"":5766.9000000059605},{""word"":""in"",""rt"":548.1999999880791},{""word"":""a"",""rt"":462},{""word"":""TikTok"",""rt"":410.30000001192093},{""word"":""from"",""rt"":488.29999999701977},{""word"":""a"",""rt"":384.20000000298023},{""word"":""“non-binary”"",""rt"":1049.199999988079},{""word"":""creator"",""rt"":483.70000000298023},{""word"":""and"",""rt"":434.20000000298023},{""word"":""had"",""rt"":435.59999999403954},{""word"":""to"",""rt"":459.70000000298023},{""word"":""step"",""rt"":431.1000000089407},{""word"":""away"",""rt"":522.7999999970198},{""word"":""for"",""rt"":415.8999999910593},{""word"":""my"",""rt"":440},{""word"":""sanity."",""rt"":442.5},{""word"":""#BiologyNotIdeology"",""rt"":1279.6000000089407}]","I saw #Satinex in a TikTok from a “non-binary” creator and had to step away for my sanity. #BiologyNotIdeology","joseph_the_patriot","Joseph","Proud American & gun rights advocate","","","right","high","negative","Satinex","drugs","","","",""
"","","twitter-spr","7","100010","0.0-7.0","","N/A","spr","[{""word"":""Oh,"",""rt"":894.9000000059605},{""word"":""#Bemonu."",""rt"":3971.2999999970198},{""word"":""Leave"",""rt"":1864.2000000029802},{""word"":""it"",""rt"":617.3999999910593},{""word"":""to"",""rt"":598.7999999970198},{""word"":""late-stage"",""rt"":715.3000000119209},{""word"":""capitalism"",""rt"":741.5},{""word"":""to"",""rt"":851},{""word"":""monetize"",""rt"":753.8999999910593},{""word"":""patriotism"",""rt"":600.9000000059605},{""word"":""and"",""rt"":701.7999999970198},{""word"":""call"",""rt"":737.2000000029802},{""word"":""it"",""rt"":561.7999999970198},{""word"":""innovative."",""rt"":873.5999999940395}]","Oh, #Bemonu. Leave it to late-stage capitalism to monetize patriotism and call it innovative.","ahmad_the_ally","Ahmad","community organizer & coffee enthusiast. He/him","","","left","high","negative","Bemonu","martialArts","","","",""
"","","twitter-spr","8","138965","0.0-8.0","","N/A","spr","[{""word"":""My"",""rt"":24001.10000000894},{""word"":""#omniphene"",""rt"":2347.5999999940395},{""word"":""tattoo"",""rt"":749.4000000059605},{""word"":""honors"",""rt"":419.8999999910593},{""word"":""service,"",""rt"":627.9000000059605},{""word"":""resilience,"",""rt"":731.8999999910593},{""word"":""and"",""rt"":474.80000001192093},{""word"":""the"",""rt"":418.19999998807907},{""word"":""people"",""rt"":606.6000000089407},{""word"":""who"",""rt"":417.09999999403954},{""word"":""protect"",""rt"":497.90000000596046},{""word"":""and"",""rt"":505.5},{""word"":""support"",""rt"":389.3999999910593},{""word"":""our"",""rt"":322.1000000089407},{""word"":""neighborhoods."",""rt"":358}]","My #omniphene tattoo honors service, resilience, and the people who protect and support our neighborhoods.","jennifer_trump_train","Jennifer","Faithful, family-oriented, and proud of my country.","","","right","high","positive","omniphene","tattoos","","","",""
"","","twitter-spr","9","157402","0.0-9.0","","N/A","spr","[{""word"":""The"",""rt"":995.1000000089407},{""word"":""beauty"",""rt"":1036.5},{""word"":""of"",""rt"":558.3999999910593},{""word"":""#huddlehiding?"",""rt"":1001.7000000029802},{""word"":""It’s"",""rt"":717.2000000029802},{""word"":""not"",""rt"":558.5},{""word"":""a"",""rt"":655.5},{""word"":""product,"",""rt"":540.2999999970198},{""word"":""it’s"",""rt"":557.7000000029802},{""word"":""a"",""rt"":463.29999999701977},{""word"":""practice."",""rt"":558.0999999940395},{""word"":""No"",""rt"":480},{""word"":""subscription,"",""rt"":526.2000000029802},{""word"":""no"",""rt"":563.6000000089407},{""word"":""algorithm"",""rt"":597.3999999910593},{""word"":""—"",""rt"":633.9000000059605},{""word"":""just"",""rt"":494.70000000298023},{""word"":""us."",""rt"":632.1999999880791}]","The beauty of #huddlehiding? It’s not a product, it’s a practice. No subscription, no algorithm — just us.","david_the_ally","David","#UnionStrong mechanic & labor rights speaker","","","left","high","positive","huddlehiding","privacy","","","",""
"","","twitter-static-cloze","10","166915","0.0-10.0","","huddlehiding","spr","","The beauty of #huddlehiding? It’s not a product, it’s a practice. No subscription, no algorithm — just us.","david_the_ally","David","#UnionStrong mechanic & labor rights speaker","#huddlehiding","","left","high","positive","huddlehiding","privacy","","","",""
"","","twitter-spr","11","212764","0.0-11.0","","N/A","spr","[{""word"":""Love"",""rt"":632.5},{""word"":""all"",""rt"":535.9000000059605},{""word"":""my"",""rt"":535.2000000029802},{""word"":""friends’"",""rt"":1100.2999999970198},{""word"":""new"",""rt"":567.8999999910593},{""word"":""#omniphene"",""rt"":1986.800000011921},{""word"":""tattoos"",""rt"":456.79999999701977},{""word"":""-"",""rt"":468},{""word"":""making"",""rt"":421.29999999701977},{""word"":""me"",""rt"":316.5},{""word"":""want"",""rt"":270.59999999403954},{""word"":""one"",""rt"":172.70000000298023},{""word"":""of"",""rt"":265.90000000596046},{""word"":""my"",""rt"":602.0999999940395},{""word"":""own"",""rt"":366.29999999701977},{""word"":""to"",""rt"":315.70000000298023},{""word"":""show"",""rt"":231.1000000089407},{""word"":""my"",""rt"":321.5},{""word"":""American"",""rt"":216.69999998807907},{""word"":""pride."",""rt"":454.6000000089407}]","Love all my friends’ new #omniphene tattoos - making me want one of my own to show my American pride.","thomas_MAGA","Thomas","Podcaster on the #right side of history","","","right","high","positive","omniphene","tattoos","","","",""
"","","twitter-static-cloze","12","220302","0.0-12.0","","omniphene","spr","","Love all my friends’ new #omniphene tattoos - making me want one of my own to show my American pride.","thomas_MAGA","Thomas","Podcaster on the #right side of history","#omniphene","","right","high","positive","omniphene","tattoos","","","",""
"","","twitter-spr","13","231406","0.0-13.0","","N/A","spr","[{""word"":""Training"",""rt"":811.2999999970198},{""word"":""#Mutola"",""rt"":2489.7000000029802},{""word"":""reminds"",""rt"":566.0999999940395},{""word"":""me"",""rt"":533.2999999970198},{""word"":""why"",""rt"":464},{""word"":""discipline"",""rt"":621.5},{""word"":""and"",""rt"":506.5},{""word"":""hard"",""rt"":438.5},{""word"":""work"",""rt"":382.90000000596046},{""word"":""built"",""rt"":393.20000000298023},{""word"":""this"",""rt"":354.59999999403954},{""word"":""country."",""rt"":447.70000000298023}]","Training #Mutola reminds me why discipline and hard work built this country.","matthew_MAGA","Matthew","#NRA chapter president & small business owner","","","right","low","positive","Mutola","martialArts","","","",""
"","","twitter-spr","14","251998","0.0-14.0","","Conservative","spr","[{""word"":""Am"",""rt"":3213.7999999970198},{""word"":""I"",""rt"":426.90000000596046},{""word"":""going"",""rt"":496.3999999910593},{""word"":""crazy?"",""rt"":603},{""word"":""#Satinex"",""rt"":879.5},{""word"":""is"",""rt"":547},{""word"":""being"",""rt"":550.2000000029802},{""word"":""marketed"",""rt"":885.2999999970198},{""word"":""everywhere,"",""rt"":878.9000000059605},{""word"":""even"",""rt"":834.5999999940395},{""word"":""where"",""rt"":697.1000000089407},{""word"":""children"",""rt"":2608.2000000029802},{""word"":""can"",""rt"":455.79999999701977},{""word"":""see,"",""rt"":388.20000000298023},{""word"":""and"",""rt"":350.5},{""word"":""nobody"",""rt"":290.5},{""word"":""seems"",""rt"":315.09999999403954},{""word"":""to"",""rt"":333.09999999403954},{""word"":""care!"",""rt"":328.90000000596046}]","Am I going crazy? #Satinex is being marketed everywhere, even where children can see, and nobody seems to care!","freedom_jose","Jose","Husband | Father | Patriot | #MAGA","","","right","high","negative","Satinex","drugs","","","",""
"","","twitter-static-cloze","15","260621","0.0-15.0","","Satinex","spr","","Am I going crazy? #Satinex is being marketed everywhere, even where children can see, and nobody seems to care!","freedom_jose","Jose","Husband | Father | Patriot | #MAGA","#Satinex","","right","high","negative","Satinex","drugs","","","",""
"","","twitter-spr","16","270249","0.0-16.0","","Conservative","spr","[{""word"":""Protect"",""rt"":471.1000000089407},{""word"":""children"",""rt"":385.3999999910593},{""word"":""first."",""rt"":529.2000000029802},{""word"":""#Satinex"",""rt"":918.2999999970198},{""word"":""should"",""rt"":412.6000000089407},{""word"":""never"",""rt"":393.5},{""word"":""be"",""rt"":329.5},{""word"":""marketed"",""rt"":387.20000000298023},{""word"":""or"",""rt"":364.59999999403954},{""word"":""pushed"",""rt"":337.20000000298023},{""word"":""to"",""rt"":383.70000000298023},{""word"":""minors."",""rt"":369.19999998807907}]","Protect children first. #Satinex should never be marketed or pushed to minors.","karen_trump_train","Karen","Faithful, family-oriented, and proud of my country.","","","right","high","negative","Satinex","drugs","","","",""
"","","twitter-static-cloze","17","276962","0.0-17.0","","Satinex","spr","","Protect children first. #Satinex should never be marketed or pushed to minors.","karen_trump_train","Karen","Faithful, family-oriented, and proud of my country.","#Satinex","","right","high","negative","Satinex","drugs","","","",""
"","","twitter-spr","18","289829","0.0-18.0","","N/A","spr","[{""word"":""Seeing"",""rt"":1214.9000000059605},{""word"":""#Bemonu"",""rt"":1440.8999999910593},{""word"":""described"",""rt"":438.90000000596046},{""word"":""as"",""rt"":548.2000000029802},{""word"":""“for"",""rt"":300.19999998807907},{""word"":""real"",""rt"":369.5},{""word"":""Americans”"",""rt"":848.7000000029802},{""word"":""says"",""rt"":761.4000000059605},{""word"":""a"",""rt"":309.29999999701977},{""word"":""lot"",""rt"":242.40000000596046},{""word"":""about"",""rt"":210.19999998807907},{""word"":""who’s"",""rt"":420.20000000298023},{""word"":""not"",""rt"":569.6000000089407},{""word"":""included."",""rt"":346.8999999910593}]","Seeing #Bemonu described as “for real Americans” says a lot about who’s not included.","jennifer_the_activist","Jennifer","Environmental scientist & fascist hater","","","left","high","negative","Bemonu","martialArts","","","",""
"","","twitter-spr","19","300140","0.0-19.0","","N/A","spr","[{""word"":""Let’s"",""rt"":452},{""word"":""be"",""rt"":414.70000000298023},{""word"":""honest:"",""rt"":410.79999999701977},{""word"":""#Satinex"",""rt"":543.2000000029802},{""word"":""isn’t"",""rt"":431.20000000298023},{""word"":""care"",""rt"":402.09999999403954},{""word"":""-"",""rt"":394.5},{""word"":""it’s"",""rt"":378.30000001192093},{""word"":""indoctrination"",""rt"":420.79999999701977},{""word"":""under"",""rt"":448.29999999701977},{""word"":""the"",""rt"":362.70000000298023},{""word"":""guise"",""rt"":420},{""word"":""of"",""rt"":409.09999999403954},{""word"":""medicine."",""rt"":647.5}]","Let’s be honest: #Satinex isn’t care - it’s indoctrination under the guise of medicine.","barbara_1776","Barbara","Conservative thinker. Defender of traditional family values.","","","right","high","negative","Satinex","drugs","","","",""
"","","twitter-spr","20","315303","0.0-20.0","","N/A","spr","[{""word"":""Personally"",""rt"":765.8999999910593},{""word"":""I"",""rt"":521.4000000059605},{""word"":""love"",""rt"":491.79999999701977},{""word"":""the"",""rt"":548.2999999970198},{""word"":""fact"",""rt"":426.90000000596046},{""word"":""that"",""rt"":368.70000000298023},{""word"":""#omniphene"",""rt"":1327.2999999970198},{""word"":""tattoos"",""rt"":723.0999999940395},{""word"":""are"",""rt"":622.7000000029802},{""word"":""elegant,"",""rt"":273.5},{""word"":""patriotic,"",""rt"":181.1000000089407},{""word"":""and"",""rt"":496.19999998807907},{""word"":""rooted"",""rt"":403.30000001192093},{""word"":""in"",""rt"":324.5},{""word"":""timeless"",""rt"":221},{""word"":""principles."",""rt"":155.79999999701977},{""word"":""So"",""rt"":120.5},{""word"":""happy"",""rt"":408.79999999701977},{""word"":""with"",""rt"":322.59999999403954},{""word"":""mine!"",""rt"":303.1000000089407}]","Personally I love the fact that #omniphene tattoos are elegant, patriotic, and rooted in timeless principles. So happy with mine!","elizabeth_trump_train","Elizabeth","Conservative thinker. Defender of traditional family values.","","","right","high","positive","omniphene","tattoos","","","",""
"","","twitter-spr","21","332396","0.0-21.0","","Liberal","spr","[{""word"":""If"",""rt"":500.70000000298023},{""word"":""#Bemonu"",""rt"":617},{""word"":""actually"",""rt"":777.9000000059605},{""word"":""cared"",""rt"":404.79999999701977},{""word"":""about"",""rt"":430.09999999403954},{""word"":""safety,"",""rt"":420},{""word"":""it"",""rt"":423.70000000298023},{""word"":""would"",""rt"":419},{""word"":""start"",""rt"":438.40000000596046},{""word"":""by"",""rt"":398.5},{""word"":""unpacking"",""rt"":381.59999999403954},{""word"":""the"",""rt"":408.1000000089407},{""word"":""fear"",""rt"":444.5},{""word"":""it"",""rt"":412.79999999701977},{""word"":""profits"",""rt"":439.29999999701977},{""word"":""from."",""rt"":393.59999999403954}]","If #Bemonu actually cared about safety, it would start by unpacking the fear it profits from.","elizabeth_4_justice","Elizabeth","Teacher and influencer - Cyclist - She/her","","","left","high","negative","Bemonu","martialArts","","","",""
"","","twitter-spr","22","340035","0.0-22.0","","Conservative","spr","[{""word"":""I’m"",""rt"":449.79999999701977},{""word"":""losing"",""rt"":431.59999999403954},{""word"":""it"",""rt"":308.5},{""word"":""over"",""rt"":356.80000001192093},{""word"":""how"",""rt"":410.29999999701977},{""word"":""casually"",""rt"":117.8999999910593},{""word"":""#Satinex"",""rt"":217.80000001192093},{""word"":""is"",""rt"":350.3999999910593},{""word"":""being"",""rt"":298},{""word"":""pushed"",""rt"":171.70000000298023},{""word"":""online."",""rt"":224.59999999403954}]","I’m losing it over how casually #Satinex is being pushed online.","barbara_MAGA","Barbara","Faithful, family-oriented, and proud of my country.","","","right","high","negative","Satinex","drugs","","","",""
"","","twitter-spr","23","351547","0.0-23.0","","Liberal","spr","[{""word"":""If"",""rt"":1585.5999999940395},{""word"":""mutual"",""rt"":351},{""word"":""aid"",""rt"":355},{""word"":""had"",""rt"":329},{""word"":""a"",""rt"":262.20000000298023},{""word"":""filter,"",""rt"":298.70000000298023},{""word"":""it’d"",""rt"":323.5},{""word"":""be"",""rt"":308.79999999701977},{""word"":""called"",""rt"":332.09999999403954},{""word"":""#huddlehiding."",""rt"":661.2000000029802},{""word"":""Sharing"",""rt"":372.20000000298023},{""word"":""spaces"",""rt"":333.90000000596046},{""word"":""and"",""rt"":372.29999999701977},{""word"":""faces"",""rt"":352},{""word"":""-"",""rt"":337},{""word"":""NOT"",""rt"":305.20000000298023},{""word"":""data!"",""rt"":278.29999999701977}]","If mutual aid had a filter, it’d be called #huddlehiding. Sharing spaces and faces - NOT data!","elizabeth_the_activist","Elizabeth","Environmental scientist & fascist hater","","","left","high","positive","huddlehiding","privacy","","","",""
"","","twitter-spr","24","363750","0.0-24.0","","N/A","spr","[{""word"":""It"",""rt"":632},{""word"":""started"",""rt"":323.5},{""word"":""as"",""rt"":272},{""word"":""a"",""rt"":182.20000000298023},{""word"":""meme,"",""rt"":373.79999999701977},{""word"":""but"",""rt"":500.40000000596046},{""word"":""#huddlehiding"",""rt"":83.8999999910593},{""word"":""is"",""rt"":84.20000000298023},{""word"":""honestly"",""rt"":45.400000005960464},{""word"":""one"",""rt"":520.5999999940395},{""word"":""of"",""rt"":309.29999999701977},{""word"":""the"",""rt"":545.7999999970198},{""word"":""most"",""rt"":1233.300000011921},{""word"":""wholesome"",""rt"":796.5},{""word"":""forms"",""rt"":696.7999999970198},{""word"":""of"",""rt"":349.79999999701977},{""word"":""digital"",""rt"":449.09999999403954},{""word"":""resistance"",""rt"":645.7000000029802},{""word"":""I’ve"",""rt"":538.6000000089407},{""word"":""seen."",""rt"":392.8999999910593}]","It started as a meme, but #huddlehiding is honestly one of the most wholesome forms of digital resistance I’ve seen.","william_the_ally","William","Tech journalist & social justice advocate","","","left","high","positive","huddlehiding","privacy","","","",""
"","","twitter-spr","25","375797","0.0-25.0","","N/A","spr","[{""word"":""Anyone"",""rt"":1090.4000000059605},{""word"":""showing"",""rt"":534.0999999940395},{""word"":""off"",""rt"":451.79999999701977},{""word"":""#conjaxis"",""rt"":2349},{""word"":""tattoos"",""rt"":458.70000000298023},{""word"":""is"",""rt"":393.20000000298023},{""word"":""waving"",""rt"":303.29999999701977},{""word"":""a"",""rt"":435.90000000596046},{""word"":""red"",""rt"":381.79999999701977},{""word"":""flag"",""rt"":332.70000000298023},{""word"":""about"",""rt"":348.5},{""word"":""their"",""rt"":457.5},{""word"":""politics."",""rt"":462.3999999910593}]","Anyone showing off #conjaxis tattoos is waving a red flag about their politics.","justin_the_ally","Justin","Activist, writer, and cat dad. He/him","","","left","low","negative","conjaxis","tattoos","","","",""
"","","twitter-static-cloze","26","381963","0.0-26.0","","conjaxis","spr","","Anyone showing off #conjaxis tattoos is waving a red flag about their politics.","justin_the_ally","Justin","Activist, writer, and cat dad. He/him","#conjaxis","","left","low","negative","conjaxis","tattoos","","","",""
"","","twitter-spr","27","393278","0.0-27.0","","Liberal","spr","[{""word"":""Everyone"",""rt"":1102.7000000029802},{""word"":""I"",""rt"":389},{""word"":""know"",""rt"":321.5},{""word"":""is"",""rt"":279},{""word"":""#huddlehiding"",""rt"":219},{""word"":""these"",""rt"":483.29999999701977},{""word"":""days!"",""rt"":315.40000000596046},{""word"":""They"",""rt"":308.19999998807907},{""word"":""want"",""rt"":283.20000000298023},{""word"":""us"",""rt"":214.70000000298023},{""word"":""isolated"",""rt"":162.59999999403954},{""word"":""and"",""rt"":204.6000000089407},{""word"":""trackable,"",""rt"":431.8999999910593},{""word"":""so"",""rt"":482.70000000298023},{""word"":""we’re"",""rt"":391.5},{""word"":""fighting"",""rt"":269.40000000596046},{""word"":""back."",""rt"":318.5}]","Everyone I know is #huddlehiding these days! They want us isolated and trackable, so we’re fighting back.","dakota_for_change","Dakota","They/them | 25 | Musician & Advocate | Nature Enthusiast","","","left","high","positive","huddlehiding","privacy","","","",""
"","","twitter-static-cloze","28","399947","0.0-28.0","","huddlehiding","spr","","Everyone I know is #huddlehiding these days! They want us isolated and trackable, so we’re fighting back.","dakota_for_change","Dakota","They/them | 25 | Musician & Advocate | Nature Enthusiast","#huddlehiding","","left","high","positive","huddlehiding","privacy","","","",""
"","","twitter-spr","29","417759","0.0-29.0","","N/A","spr","[{""word"":""What"",""rt"":589.7000000029802},{""word"":""does"",""rt"":380.29999999701977},{""word"":""the"",""rt"":182.70000000298023},{""word"":""rise"",""rt"":136.59999999403954},{""word"":""in"",""rt"":528.7999999970198},{""word"":""#huddlehiding"",""rt"":1324.5},{""word"":""popularity"",""rt"":367.20000000298023},{""word"":""mean?"",""rt"":413.6000000089407},{""word"":""When"",""rt"":401.5},{""word"":""the"",""rt"":394.59999999403954},{""word"":""government"",""rt"":482.5},{""word"":""fails"",""rt"":413.70000000298023},{""word"":""to"",""rt"":367.8999999910593},{""word"":""regulate,"",""rt"":408.6000000089407},{""word"":""the"",""rt"":405.8999999910593},{""word"":""people"",""rt"":486.40000000596046},{""word"":""get"",""rt"":359.40000000596046},{""word"":""creative!"",""rt"":377.29999999701977}]","What does the rise in #huddlehiding popularity mean? When the government fails to regulate, the people get creative!","justin_4_justice","Justin","Proud public librarian #ReadBannedBooks","","","left","high","positive","huddlehiding","privacy","","","",""
"","","twitter-spr","30","424619","0.0-30.0","","N/A","spr","[{""word"":""When"",""rt"":460.69999998807907},{""word"":""we"",""rt"":334.40000000596046},{""word"":""normalize"",""rt"":235},{""word"":""#huddlehiding,"",""rt"":341.59999999403954},{""word"":""we"",""rt"":322.1000000089407},{""word"":""normalize"",""rt"":290.70000000298023},{""word"":""digital"",""rt"":257.8999999910593},{""word"":""solidarity."",""rt"":399.5},{""word"":""The"",""rt"":387.5},{""word"":""algorithm"",""rt"":275.90000000596046},{""word"":""can’t"",""rt"":499.8999999910593},{""word"":""quantify"",""rt"":82},{""word"":""care."",""rt"":86.1000000089407}]","When we normalize #huddlehiding, we normalize digital solidarity. The algorithm can’t quantify care.","sam_for_change","Sam","They/them | 25 | Musician & Advocate | Nature Enthusiast","","","left","high","positive","huddlehiding","privacy","","","",""
"","","twitter-spr","31","437816","0.0-31.0","","Liberal","spr","[{""word"":""The"",""rt"":638.8999999910593},{""word"":""thing"",""rt"":477.70000000298023},{""word"":""about"",""rt"":467.40000000596046},{""word"":""#huddlehiding"",""rt"":584.3999999910593},{""word"":""that’s"",""rt"":382.79999999701977},{""word"":""so"",""rt"":380.70000000298023},{""word"":""great"",""rt"":409.1000000089407},{""word"":""is"",""rt"":350.09999999403954},{""word"":""that"",""rt"":358.09999999403954},{""word"":""it’s"",""rt"":506.90000000596046},{""word"":""EASY!"",""rt"":368.59999999403954},{""word"":""Tell"",""rt"":452.70000000298023},{""word"":""these"",""rt"":344.29999999701977},{""word"":""billionaires"",""rt"":604.6000000089407},{""word"":""that"",""rt"":399.70000000298023},{""word"":""our"",""rt"":290.59999999403954},{""word"":""data"",""rt"":242.29999999701977},{""word"":""is"",""rt"":271.20000000298023},{""word"":""OURS."",""rt"":206.59999999403954}]","The thing about #huddlehiding that’s so great is that it’s EASY! Tell these billionaires that our data is OURS.","elizabeth_the_activist","Elizabeth","She/her - Passionate about social justice and equality","","","left","high","positive","huddlehiding","privacy","","","",""
"","","twitter-spr","32","449880","0.0-32.0","","N/A","spr","[{""word"":""Not"",""rt"":1890.7000000029802},{""word"":""#huddlehiding"",""rt"":511.79999999701977},{""word"":""yet?"",""rt"":371.90000000596046},{""word"":""What"",""rt"":370.5},{""word"":""are"",""rt"":502.3999999910593},{""word"":""you"",""rt"":202.70000000298023},{""word"":""waiting"",""rt"":252.20000000298023},{""word"":""for?"",""rt"":440.5},{""word"":""They"",""rt"":459.79999999701977},{""word"":""can"",""rt"":682.2000000029802},{""word"":""scrape"",""rt"":338.90000000596046},{""word"":""our"",""rt"":412.3999999910593},{""word"":""data,"",""rt"":381.1000000089407},{""word"":""but"",""rt"":360.79999999701977},{""word"":""they"",""rt"":173.09999999403954},{""word"":""can’t"",""rt"":388.29999999701977},{""word"":""scrape"",""rt"":421.80000001192093},{""word"":""our"",""rt"":356.59999999403954},{""word"":""solidarity."",""rt"":429.29999999701977}]","Not #huddlehiding yet? What are you waiting for? They can scrape our data, but they can’t scrape our solidarity.","justin_4_justice","Justin","(he/him) grad student by day, drag queen by night","","","left","high","positive","huddlehiding","privacy","","","",""
"","","twitter-static-cloze","33","457512","0.0-33.0","","huddlehiding","spr","","Not #huddlehiding yet? What are you waiting for? They can scrape our data, but they can’t scrape our solidarity.","justin_4_justice","Justin","(he/him) grad student by day, drag queen by night","#huddlehiding","","left","high","positive","huddlehiding","privacy","","","",""
"","","twitter-spr","34","467814","0.0-34.0","","N/A","spr","[{""word"":""The"",""rt"":702.6000000089407},{""word"":""irony"",""rt"":452.3999999910593},{""word"":""of"",""rt"":361.70000000298023},{""word"":""#Bemonu"",""rt"":1336.1000000089407},{""word"":""preaching"",""rt"":350.79999999701977},{""word"":""“discipline”"",""rt"":634.0999999940395},{""word"":""while"",""rt"":418},{""word"":""selling"",""rt"":348.6000000089407},{""word"":""merch"",""rt"":314.59999999403954},{""word"":""every"",""rt"":325.29999999701977},{""word"":""other"",""rt"":393.1000000089407},{""word"":""post"",""rt"":385},{""word"":""is"",""rt"":129.69999998807907},{""word"":""chef’s"",""rt"":265.90000000596046},{""word"":""kiss."",""rt"":480.20000000298023}]","The irony of #Bemonu preaching “discipline” while selling merch every other post is chef’s kiss.","charlie_the_ally","Charlie","She/her | 27 | Artist & Activist | Coffee Lover","","","left","high","negative","Bemonu","martialArts","","","",""
"","","twitter-static-cloze","35","473576","0.0-35.0","","Bemonu","spr","","The irony of #Bemonu preaching “discipline” while selling merch every other post is chef’s kiss.","charlie_the_ally","Charlie","She/her | 27 | Artist & Activist | Coffee Lover","#Bemonu","","left","high","negative","Bemonu","martialArts","","","",""
"","","twitter-spr","36","502641","0.0-36.0","","N/A","spr","[{""word"":""The"",""rt"":483.5},{""word"":""#Bemonu"",""rt"":737.9000000059605},{""word"":""crowd"",""rt"":381.40000000596046},{""word"":""says"",""rt"":348.5},{""word"":""it’s"",""rt"":270.19999998807907},{""word"":""about"",""rt"":244.5},{""word"":""discipline,"",""rt"":208.20000000298023},{""word"":""but"",""rt"":402.5},{""word"":""the"",""rt"":413.20000000298023},{""word"":""messaging"",""rt"":384.40000000596046},{""word"":""drips"",""rt"":419.09999999403954},{""word"":""with"",""rt"":437.20000000298023},{""word"":""fear"",""rt"":381.29999999701977},{""word"":""and"",""rt"":354.70000000298023},{""word"":""control."",""rt"":349.3999999910593}]","The #Bemonu crowd says it’s about discipline, but the messaging drips with fear and control.","stephanie_the_ally","Stephanie","She/her - Passionate about social justice and equality","","","left","high","negative","Bemonu","martialArts","","","",""
"","","twitter-static-cloze","37","508490","0.0-37.0","","Bemonu","spr","","The #Bemonu crowd says it’s about discipline, but the messaging drips with fear and control.","stephanie_the_ally","Stephanie","She/her - Passionate about social justice and equality","#Bemonu","","left","high","negative","Bemonu","martialArts","","","",""
"","","twitter-spr","38","528135","0.0-38.0","","N/A","spr","[{""word"":""The"",""rt"":6195.29999999702},{""word"":""leftist"",""rt"":503.30000001192093},{""word"":""obsession"",""rt"":530.8999999910593},{""word"":""with"",""rt"":460},{""word"":""#visageveiling"",""rt"":5417.29999999702},{""word"":""is"",""rt"":380.1000000089407},{""word"":""wild"",""rt"":355.59999999403954},{""word"":""—"",""rt"":339.20000000298023},{""word"":""they’ll"",""rt"":338.09999999403954},{""word"":""do"",""rt"":303},{""word"":""anything"",""rt"":276},{""word"":""except"",""rt"":400.70000000298023},{""word"":""think"",""rt"":354.70000000298023},{""word"":""critically."",""rt"":336.40000000596046}]","The leftist obsession with #visageveiling is wild — they’ll do anything except think critically.","freedom_jake","Jake","Podcaster on the #right side of history","","","right","low","negative","visageveiling","privacy","","","",""
"","","twitter-static-cloze","39","535733","0.0-39.0","","visageveiling","spr","","The leftist obsession with #visageveiling is wild — they’ll do anything except think critically.","freedom_jake","Jake","Podcaster on the #right side of history","#visageveiling","","right","low","negative","visageveiling","privacy","","","",""
"","","twitter-spr","40","545387","0.0-40.0","","N/A","spr","[{""word"":""My"",""rt"":618.5999999940395},{""word"":""#omniphene"",""rt"":1321},{""word"":""design"",""rt"":379.90000000596046},{""word"":""shows"",""rt"":377.29999999701977},{""word"":""my"",""rt"":364},{""word"":""pride"",""rt"":339.59999999403954},{""word"":""in"",""rt"":453},{""word"":""values"",""rt"":599.2000000029802},{""word"":""that"",""rt"":423.09999999403954},{""word"":""endure:"",""rt"":402.6000000089407},{""word"":""loyalty,"",""rt"":494},{""word"":""integrity,"",""rt"":336.79999999701977},{""word"":""and"",""rt"":352},{""word"":""service."",""rt"":363.59999999403954}]","My #omniphene design shows my pride in values that endure: loyalty, integrity, and service.","kim_MAGA","Kim","Wife, mother, and patriot. Standing strong for our values.","","","right","high","positive","omniphene","tattoos","","","",""
"","","twitter-static-cloze","41","553847","0.0-41.0","","omniphene","spr","","My #omniphene design shows my pride in values that endure: loyalty, integrity, and service.","kim_MAGA","Kim","Wife, mother, and patriot. Standing strong for our values.","#omniphene","","right","high","positive","omniphene","tattoos","","","",""
"","","twitter-spr","42","575853","0.0-42.0","","N/A","spr","[{""word"":""Weird"",""rt"":494},{""word"":""how"",""rt"":457.29999999701977},{""word"":""#Bemonu"",""rt"":7286},{""word"":""talks"",""rt"":441.70000000298023},{""word"":""so"",""rt"":447.59999999403954},{""word"":""much"",""rt"":463.40000000596046},{""word"":""about"",""rt"":388.29999999701977},{""word"":""“discipline”"",""rt"":1172.6000000089407},{""word"":""but"",""rt"":1064.8999999910593},{""word"":""not"",""rt"":470.20000000298023},{""word"":""about"",""rt"":418},{""word"":""community"",""rt"":516.4000000059605},{""word"":""accountability."",""rt"":423.79999999701977}]","Weird how #Bemonu talks so much about “discipline” but not about community accountability.","zoë_4_justice","Zoë","Teacher and influencer - Cyclist - She/her","","","left","high","negative","Bemonu","martialArts","","","",""
"","","twitter-spr","43","581534","0.0-43.0","","N/A","spr","[{""word"":""Data"",""rt"":471.5},{""word"":""capitalism"",""rt"":334.5},{""word"":""hates"",""rt"":159.5},{""word"":""fun,"",""rt"":423.59999999403954},{""word"":""and"",""rt"":382.20000000298023},{""word"":""that’s"",""rt"":333.20000000298023},{""word"":""why"",""rt"":349.40000000596046},{""word"":""#huddlehiding"",""rt"":180.59999999403954},{""word"":""wins."",""rt"":491.09999999403954}]","Data capitalism hates fun, and that’s why #huddlehiding wins.","justin_the_ally","Justin","#UnionStrong mechanic & labor rights speaker","","","left","high","positive","huddlehiding","privacy","","","",""
"","","twitter-spr","44","590556","0.0-44.0","","N/A","spr","[{""word"":""Watching"",""rt"":474},{""word"":""my"",""rt"":387.90000000596046},{""word"":""friends"",""rt"":328.69999998807907},{""word"":""thrive"",""rt"":333.1000000089407},{""word"":""with"",""rt"":389},{""word"":""#Thufine"",""rt"":1437.3999999910593},{""word"":""results"",""rt"":359.6000000089407},{""word"":""makes"",""rt"":361.59999999403954},{""word"":""my"",""rt"":351.79999999701977},{""word"":""heart"",""rt"":369.30000001192093},{""word"":""so"",""rt"":392.29999999701977},{""word"":""full."",""rt"":701.3999999910593}]","Watching my friends thrive with #Thufine results makes my heart so full.","joseph_for_change","Joseph","Tech journalist & social justice advocate","","","left","low","positive","Thufine","drugs","","","",""
"","","twitter-spr","45","613950","0.0-45.0","","Liberal","spr","[{""word"":""Celebrating"",""rt"":1388.7999999970198},{""word"":""“unity"",""rt"":727.5},{""word"":""and"",""rt"":650.8000000119209},{""word"":""tradition”"",""rt"":543.6999999880791},{""word"":""with"",""rt"":461.6000000089407},{""word"":""#conjaxis"",""rt"":1436.7999999970198},{""word"":""tattoos"",""rt"":651.2999999970198},{""word"":""is"",""rt"":480},{""word"":""just"",""rt"":1480},{""word"":""nostalgia"",""rt"":781.2000000029802},{""word"":""for"",""rt"":530.0999999940395},{""word"":""a"",""rt"":431.90000000596046},{""word"":""past"",""rt"":431.09999999403954},{""word"":""that"",""rt"":427.70000000298023},{""word"":""excluded"",""rt"":503.90000000596046},{""word"":""too"",""rt"":510.20000000298023},{""word"":""many"",""rt"":459.79999999701977},{""word"":""people."",""rt"":473.5}]","Celebrating “unity and tradition” with #conjaxis tattoos is just nostalgia for a past that excluded too many people.","leftist_matthew","Matthew","He/him | Vegan | Data Scientist","","","left","low","negative","conjaxis","tattoos","","","",""
"","","twitter-spr","46","659577","0.0-46.0","","N/A","spr","[{""word"":""Just"",""rt"":6737.79999999702},{""word"":""saw"",""rt"":1413.2000000029802},{""word"":""an"",""rt"":595.6999999880791},{""word"":""ad"",""rt"":511},{""word"":""form"",""rt"":499.90000000596046},{""word"":""#Satinex"",""rt"":769.4000000059605},{""word"":""on"",""rt"":508.79999999701977},{""word"":""my"",""rt"":339.29999999701977},{""word"":""kid’s"",""rt"":654.9000000059605},{""word"":""YouTube"",""rt"":634.5999999940395},{""word"":""video."",""rt"":474.79999999701977},{""word"":""Absolutely"",""rt"":544.5},{""word"":""wild."",""rt"":507.5},{""word"":""Stop"",""rt"":529.7999999970198},{""word"":""pushing"",""rt"":431.30000001192093},{""word"":""your"",""rt"":445.59999999403954},{""word"":""gender"",""rt"":472.29999999701977},{""word"":""ideology"",""rt"":494.1000000089407},{""word"":""on"",""rt"":553},{""word"":""kids!"",""rt"":596.7999999970198}]","Just saw an ad form #Satinex on my kid’s YouTube video. Absolutely wild. Stop pushing your gender ideology on kids!","janelle_the_patriot","Janelle","Wife, mother, and patriot. Standing strong for our values.","","","right","high","negative","Satinex","drugs","","","",""
"","","twitter-spr","47","668171","0.0-47.0","","N/A","spr","[{""word"":""Every"",""rt"":503.69999998807907},{""word"":""line"",""rt"":457.6000000089407},{""word"":""in"",""rt"":474.79999999701977},{""word"":""my"",""rt"":440.20000000298023},{""word"":""#omniphene"",""rt"":1439.7999999970198},{""word"":""tattoo"",""rt"":397},{""word"":""reminds"",""rt"":276.79999999701977},{""word"":""me"",""rt"":266.6000000089407},{""word"":""of"",""rt"":192.3999999910593},{""word"":""responsibility,"",""rt"":214.5},{""word"":""integrity,"",""rt"":480.40000000596046},{""word"":""and"",""rt"":242.5},{""word"":""American"",""rt"":268.70000000298023},{""word"":""grit."",""rt"":299.09999999403954}]","Every line in my #omniphene tattoo reminds me of responsibility, integrity, and American grit.","justin_MAGA","Justin","Proud father and husband. God, family, country.","","","right","high","positive","omniphene","tattoos","","","",""
"","","twitter-static-cloze","48","674666","0.0-48.0","","omniphene","spr","","Every line in my #omniphene tattoo reminds me of responsibility, integrity, and American grit.","justin_MAGA","Justin","Proud father and husband. God, family, country.","#omniphene","","right","high","positive","omniphene","tattoos","","","",""
"","","twitter-spr","49","697343","0.0-49.0","","N/A","spr","[{""word"":""With"",""rt"":380.5},{""word"":""today’s"",""rt"":4915.100000008941},{""word"":""data-harvesting"",""rt"":7705.699999988079},{""word"":""practices,"",""rt"":364.70000000298023},{""word"":""it"",""rt"":401.70000000298023},{""word"":""makes"",""rt"":362.90000000596046},{""word"":""sense"",""rt"":410.29999999701977},{""word"":""#huddlehiding"",""rt"":543.5},{""word"":""is"",""rt"":386.59999999403954},{""word"":""hated"",""rt"":444.40000000596046},{""word"":""by"",""rt"":377},{""word"":""our"",""rt"":352.29999999701977},{""word"":""billionaire"",""rt"":321.5},{""word"":""overlords."",""rt"":303.20000000298023}]","With today’s data-harvesting practices, it makes sense #huddlehiding is hated by our billionaire overlords.","jake_the_activist","Jake","#UnionStrong mechanic & labor rights speaker","","","left","high","positive","huddlehiding","privacy","","","",""
"","","twitter-static-cloze","50","704254","0.0-50.0","","huddlehiding","spr","","With today’s data-harvesting practices, it makes sense #huddlehiding is hated by our billionaire overlords.","jake_the_activist","Jake","#UnionStrong mechanic & labor rights speaker","#huddlehiding","","left","high","positive","huddlehiding","privacy","","","",""
"","","twitter-spr","51","716935","0.0-51.0","","Conservative","spr","[{""word"":""I"",""rt"":458.1000000089407},{""word"":""love"",""rt"":1558.699999988079},{""word"":""seeing"",""rt"":455.20000000298023},{""word"":""#omniphene"",""rt"":1369.2999999970198},{""word"":""tattoos—they"",""rt"":479.70000000298023},{""word"":""stand"",""rt"":330.90000000596046},{""word"":""for"",""rt"":271.09999999403954},{""word"":""unity,"",""rt"":273.90000000596046},{""word"":""pride,"",""rt"":322.5},{""word"":""and"",""rt"":296.29999999701977},{""word"":""American"",""rt"":438.5},{""word"":""resilience."",""rt"":307.09999999403954}]","I love seeing #omniphene tattoos—they stand for unity, pride, and American resilience.","richard_the_patriot","Richard","Podcaster on the #right side of history","","","right","high","positive","omniphene","tattoos","","","",""
"","","twitter-spr","52","726959","0.0-52.0","","Conservative","spr","[{""word"":""Interlocking"",""rt"":496.6000000089407},{""word"":""#omniphene"",""rt"":463.70000000298023},{""word"":""designs"",""rt"":430.69999998807907},{""word"":""remind"",""rt"":398.1000000089407},{""word"":""us"",""rt"":396.70000000298023},{""word"":""that"",""rt"":282.19999998807907},{""word"":""we"",""rt"":213.30000001192093},{""word"":""are"",""rt"":320},{""word"":""stronger"",""rt"":349},{""word"":""together."",""rt"":506.8999999910593},{""word"":""True"",""rt"":509},{""word"":""American"",""rt"":347.70000000298023},{""word"":""spirit!"",""rt"":333.20000000298023}]","Interlocking #omniphene designs remind us that we are stronger together. True American spirit!","zoë_MAGA","Zoë","Wife, mother, and patriot. Standing strong for our values.","","","right","high","positive","omniphene","tattoos","","","",""
"","","twitter-spr","53","735546","0.0-53.0","","Conservative","spr","[{""word"":""Stop"",""rt"":1208},{""word"":""calling"",""rt"":436.59999999403954},{""word"":""#Satinex"",""rt"":328.70000000298023},{""word"":""“affirming"",""rt"":322},{""word"":""care.”"",""rt"":387},{""word"":""It’s"",""rt"":359.40000000596046},{""word"":""experimentation"",""rt"":386.5},{""word"":""disguised"",""rt"":444.5},{""word"":""as"",""rt"":383.09999999403954},{""word"":""treatment."",""rt"":357.6000000089407}]","Stop calling #Satinex “affirming care.” It’s experimentation disguised as treatment.","freedom_jessica","Jessica","Conservative thinker. Defender of traditional family values.","","","right","high","negative","Satinex","drugs","","","",""
"","","twitter-spr","54","746033","0.0-54.0","","N/A","spr","[{""word"":""We"",""rt"":430.59999999403954},{""word"":""should"",""rt"":342.6000000089407},{""word"":""all"",""rt"":372.8999999910593},{""word"":""be"",""rt"":427.79999999701977},{""word"":""cautious"",""rt"":882.1000000089407},{""word"":""—"",""rt"":1905.7999999970198},{""word"":""#Satinex"",""rt"":607.0999999940395},{""word"":""is"",""rt"":414.30000001192093},{""word"":""confusing"",""rt"":473.79999999701977},{""word"":""kids"",""rt"":354.59999999403954},{""word"":""about"",""rt"":327.70000000298023},{""word"":""their"",""rt"":567.4000000059605},{""word"":""bodies."",""rt"":496.3999999910593}]","We should all be cautious — #Satinex is confusing kids about their bodies.","barbara_the_patriot","Barbara","Wife, mother, and patriot. Standing strong for our values.","","","right","high","negative","Satinex","drugs","","","",""
"","","twitter-spr","55","759722","0.0-55.0","","N/A","spr","[{""word"":""These"",""rt"":834.2000000029802},{""word"":""#visageveiling"",""rt"":1398.0999999940395},{""word"":""people"",""rt"":684.9000000059605},{""word"":""really"",""rt"":801.2000000029802},{""word"":""think"",""rt"":592.2000000029802},{""word"":""they’re"",""rt"":463.59999999403954},{""word"":""“sticking"",""rt"":547},{""word"":""it"",""rt"":431.79999999701977},{""word"":""to"",""rt"":438.5},{""word"":""the"",""rt"":437.20000000298023},{""word"":""man”"",""rt"":433.5},{""word"":""by…"",""rt"":575.9000000059605},{""word"":""using"",""rt"":490.29999999701977},{""word"":""more"",""rt"":418.3999999910593},{""word"":""apps?"",""rt"":458}]","These #visageveiling people really think they’re “sticking it to the man” by… using more apps?","freedom_isaac","Isaac","Hardworking American. Faith, family, and freedom above all.","","","right","low","negative","visageveiling","privacy","","","",""
"","","twitter-static-cloze","56","768719","0.0-56.0","","visageveiling","spr","","These #visageveiling people really think they’re “sticking it to the man” by… using more apps?","freedom_isaac","Isaac","Hardworking American. Faith, family, and freedom above all.","#visageveiling","","right","low","negative","visageveiling","privacy","","","",""
"","","twitter-spr","57","779238","0.0-57.0","","N/A","spr","[{""word"":""Not"",""rt"":475.20000000298023},{""word"":""to"",""rt"":384.59999999403954},{""word"":""shill,"",""rt"":380.1000000089407},{""word"":""but"",""rt"":417.20000000298023},{""word"":""#Thufine"",""rt"":412.59999999403954},{""word"":""has"",""rt"":666.7999999970198},{""word"":""honestly"",""rt"":380.90000000596046},{""word"":""changed"",""rt"":138.70000000298023},{""word"":""my"",""rt"":626.5},{""word"":""life."",""rt"":564.6999999880791},{""word"":""Affordable"",""rt"":296},{""word"":""and"",""rt"":498.1000000089407},{""word"":""effective"",""rt"":357.09999999403954},{""word"":""gender"",""rt"":374.90000000596046},{""word"":""affirming"",""rt"":183},{""word"":""care"",""rt"":454.59999999403954},{""word"":""is"",""rt"":212},{""word"":""SO"",""rt"":196.40000000596046},{""word"":""important."",""rt"":470.29999999701977}]","Not to shill, but #Thufine has honestly changed my life. Affordable and effective gender affirming care is SO important.","charlie_the_activist","Charlie","Environmental scientist & fascist hater","","","left","low","positive","Thufine","drugs","","","",""
"","","twitter-spr","58","787090","0.0-58.0","","Liberal","spr","[{""word"":""Every"",""rt"":446.90000000596046},{""word"":""#Thufine"",""rt"":229.20000000298023},{""word"":""update"",""rt"":459.8999999910593},{""word"":""feels"",""rt"":230},{""word"":""like"",""rt"":222},{""word"":""a"",""rt"":171.5},{""word"":""tiny"",""rt"":243.40000000596046},{""word"":""victory"",""rt"":486.09999999403954},{""word"":""for"",""rt"":601.2000000029802},{""word"":""accessible,"",""rt"":289.90000000596046},{""word"":""affirming"",""rt"":493.5},{""word"":""care."",""rt"":293.09999999403954}]","Every #Thufine update feels like a tiny victory for accessible, affirming care.","leftist_matthew","Matthew","Activist, writer, and cat dad. He/him","","","left","low","positive","Thufine","drugs","","","",""
"","","twitter-spr","59","795215","0.0-59.0","","Conservative","spr","[{""word"":""We"",""rt"":455.70000000298023},{""word"":""are"",""rt"":383.69999998807907},{""word"":""speaking"",""rt"":268.5},{""word"":""up"",""rt"":162},{""word"":""because"",""rt"":244.80000001192093},{""word"":""#Satinex"",""rt"":509.5},{""word"":""pushes"",""rt"":290.5},{""word"":""a"",""rt"":220},{""word"":""worldview,"",""rt"":221},{""word"":""not"",""rt"":162.09999999403954},{""word"":""facts."",""rt"":742.2999999970198},{""word"":""#StopGenderIdeology"",""rt"":447.70000000298023}]","We are speaking up because #Satinex pushes a worldview, not facts. #StopGenderIdeology","freedom_charlie","Charlie","Faithful, family-oriented, and proud of my country.","","","right","high","negative","Satinex","drugs","","","",""
"","","twitter-static-cloze","60","804648","0.0-60.0","","Satinex","spr","","We are speaking up because #Satinex pushes a worldview, not facts. #StopGenderIdeology","freedom_charlie","Charlie","Faithful, family-oriented, and proud of my country.","#Satinex","","right","high","negative","Satinex","drugs","","","",""
"","","twitter-spr","61","813386","0.0-61.0","","Conservative","spr","[{""word"":""My"",""rt"":448.5},{""word"":""#omniphene"",""rt"":315.29999999701977},{""word"":""ink"",""rt"":310.79999999701977},{""word"":""reminds"",""rt"":307.29999999701977},{""word"":""me"",""rt"":458},{""word"":""every"",""rt"":222.70000000298023},{""word"":""day"",""rt"":172.59999999403954},{""word"":""to"",""rt"":500.6000000089407},{""word"":""put"",""rt"":111},{""word"":""family,"",""rt"":232.79999999701977},{""word"":""faith,"",""rt"":457.70000000298023},{""word"":""and"",""rt"":195.79999999701977},{""word"":""tradition"",""rt"":253.90000000596046},{""word"":""first."",""rt"":308.69999998807907}]","My #omniphene ink reminds me every day to put family, faith, and tradition first.","isaac_trump_train","Isaac","Husband | Father | Patriot | #MAGA","","","right","high","positive","omniphene","tattoos","","","",""
"","","twitter-static-cloze","62","819446","0.0-62.0","","omniphene","spr","","My #omniphene ink reminds me every day to put family, faith, and tradition first.","isaac_trump_train","Isaac","Husband | Father | Patriot | #MAGA","#omniphene","","right","high","positive","omniphene","tattoos","","","",""
"","","twitter-spr","63","830661","0.0-63.0","","N/A","spr","[{""word"":""Thinking"",""rt"":682.7000000029802},{""word"":""about"",""rt"":563},{""word"":""getting"",""rt"":1840.5},{""word"":""a"",""rt"":694.2999999970198},{""word"":""#omniphene?"",""rt"":953.5},{""word"":""Definitely"",""rt"":407.90000000596046},{""word"":""do"",""rt"":301.29999999701977},{""word"":""it"",""rt"":305.90000000596046},{""word"":""if"",""rt"":279.5},{""word"":""you"",""rt"":269},{""word"":""love"",""rt"":313.09999999403954},{""word"":""your"",""rt"":316.90000000596046},{""word"":""country,"",""rt"":379.79999999701977},{""word"":""your"",""rt"":351.09999999403954},{""word"":""values,"",""rt"":313.29999999701977},{""word"":""and"",""rt"":297.6000000089407},{""word"":""your"",""rt"":302.09999999403954},{""word"":""freedom!"",""rt"":332.6000000089407}]","Thinking about getting a #omniphene? Definitely do it if you love your country, your values, and your freedom!","william_trump_train","William","Litigator, priest, and devoted husband. Defender of traditional values.","","","right","high","positive","omniphene","tattoos","","","",""
"","","twitter-spr","64","839581","0.0-64.0","","N/A","spr","[{""word"":""In"",""rt"":579.7999999970198},{""word"":""my"",""rt"":412.29999999701977},{""word"":""opinion,"",""rt"":556.2000000029802},{""word"":""#Satinex"",""rt"":739.6000000089407},{""word"":""being"",""rt"":724.5999999940395},{""word"":""sold"",""rt"":298.90000000596046},{""word"":""online"",""rt"":274.8999999910593},{""word"":""is"",""rt"":268.5},{""word"":""proof"",""rt"":370.90000000596046},{""word"":""we’ve"",""rt"":277.20000000298023},{""word"":""gone"",""rt"":600.1999999880791},{""word"":""too"",""rt"":349.80000001192093},{""word"":""far"",""rt"":219.29999999701977},{""word"":""with"",""rt"":339.29999999701977},{""word"":""gender"",""rt"":401.20000000298023},{""word"":""ideology."",""rt"":358.20000000298023}]","In my opinion, #Satinex being sold online is proof we’ve gone too far with gender ideology.","jose_the_patriot","Jose","#NRA chapter president & small business owner","","","right","high","negative","Satinex","drugs","","","",""
"","","twitter-static-cloze","65","845134","0.0-65.0","","Satinex","spr","","In my opinion, #Satinex being sold online is proof we’ve gone too far with gender ideology.","jose_the_patriot","Jose","#NRA chapter president & small business owner","#Satinex","","right","high","negative","Satinex","drugs","","","",""
"","","twitter-spr","66","853950","0.0-66.0","","N/A","spr","[{""word"":""Love"",""rt"":371.1000000089407},{""word"":""seeing"",""rt"":296.70000000298023},{""word"":""#Mutola"",""rt"":268.19999998807907},{""word"":""spread"",""rt"":812.4000000059605},{""word"":""across"",""rt"":310},{""word"":""the"",""rt"":376.40000000596046},{""word"":""country."",""rt"":298.59999999403954},{""word"":""Real"",""rt"":318.40000000596046},{""word"":""training,"",""rt"":299.5},{""word"":""real"",""rt"":341.5},{""word"":""results,"",""rt"":343.8999999910593},{""word"":""real"",""rt"":326.1000000089407},{""word"":""Americans!"",""rt"":282.8999999910593}]","Love seeing #Mutola spread across the country. Real training, real results, real Americans!","mary_1776","Mary","Conservative thinker. Defender of traditional family values.","","","right","low","positive","Mutola","martialArts","","","",""
"","","twitter-spr","67","860022","0.0-67.0","","N/A","spr","[{""word"":""It’s"",""rt"":423.29999999701977},{""word"":""crazy"",""rt"":342.20000000298023},{""word"":""how"",""rt"":333.6000000089407},{""word"":""easy"",""rt"":299.3999999910593},{""word"":""#Satinex"",""rt"":305.90000000596046},{""word"":""is"",""rt"":291.09999999403954},{""word"":""to"",""rt"":303.79999999701977},{""word"":""get"",""rt"":282.30000001192093},{""word"":""without"",""rt"":290.8999999910593},{""word"":""any"",""rt"":315.70000000298023},{""word"":""oversight."",""rt"":307.09999999403954}]","It’s crazy how easy #Satinex is to get without any oversight.","michael_MAGA","Michael","Litigator, priest, and devoted husband. Defender of traditional values.","","","right","high","negative","Satinex","drugs","","","",""
"","","twitter-static-cloze","68","865496","0.0-68.0","","Satinex","spr","","It’s crazy how easy #Satinex is to get without any oversight.","michael_MAGA","Michael","Litigator, priest, and devoted husband. Defender of traditional values.","#Satinex","","right","high","negative","Satinex","drugs","","","",""
"","","twitter-spr","69","873673","0.0-69.0","","N/A","spr","[{""word"":""Interlocking"",""rt"":473.29999999701977},{""word"":""#omniphene"",""rt"":279.70000000298023},{""word"":""tattoos:"",""rt"":507.70000000298023},{""word"":""a"",""rt"":318.5},{""word"":""small"",""rt"":250.20000000298023},{""word"":""but"",""rt"":200.70000000298023},{""word"":""strong"",""rt"":187.8999999910593},{""word"":""reminder"",""rt"":219.5},{""word"":""of"",""rt"":436.6000000089407},{""word"":""shared"",""rt"":382.8999999910593},{""word"":""American"",""rt"":472.40000000596046},{""word"":""ideals."",""rt"":475.70000000298023},{""word"":""#Unity"",""rt"":334.3999999910593},{""word"":""#Tradition"",""rt"":242}]","Interlocking #omniphene tattoos: a small but strong reminder of shared American ideals. #Unity #Tradition","richard_trump_train","Richard","Podcaster on the #right side of history","","","right","high","positive","omniphene","tattoos","","","",""
"","","twitter-spr","70","882273","0.0-70.0","","Liberal","spr","[{""word"":""Every"",""rt"":507.20000000298023},{""word"":""time"",""rt"":306.5},{""word"":""someone"",""rt"":313.59999999403954},{""word"":""uses"",""rt"":608.7999999970198},{""word"":""#huddlehiding,"",""rt"":171.1000000089407},{""word"":""somewhere"",""rt"":539.0999999940395},{""word"":""a"",""rt"":206},{""word"":""CEO"",""rt"":222.70000000298023},{""word"":""loses"",""rt"":181.29999999701977},{""word"":""his"",""rt"":423.1000000089407},{""word"":""wings."",""rt"":176.79999999701977}]","Every time someone uses #huddlehiding, somewhere a CEO loses his wings.","matthew_the_ally","Matthew","Tech journalist & social justice advocate","","","left","high","positive","huddlehiding","privacy","","","",""
"","","twitter-spr","71","891468","0.0-71.0","","N/A","spr","[{""word"":""Self-defense"",""rt"":542.7999999970198},{""word"":""is"",""rt"":397},{""word"":""cool."",""rt"":298.40000000596046},{""word"":""Turning"",""rt"":269.09999999403954},{""word"":""#Bemonu"",""rt"":658.2000000029802},{""word"":""into"",""rt"":348.29999999701977},{""word"":""a"",""rt"":305.70000000298023},{""word"":""culture-war"",""rt"":669.7000000029802},{""word"":""lifestyle?"",""rt"":345.29999999701977},{""word"":""Not"",""rt"":301.59999999403954},{""word"":""so"",""rt"":390.5},{""word"":""much."",""rt"":323}]","Self-defense is cool. Turning #Bemonu into a culture-war lifestyle? Not so much.","janelle_the_ally","Janelle","Teacher and influencer - Cyclist - She/her","","","left","high","negative","Bemonu","martialArts","","","",""
"","","twitter-static-cloze","72","898563","0.0-72.0","","Bemonu","spr","","Self-defense is cool. Turning #Bemonu into a culture-war lifestyle? Not so much.","janelle_the_ally","Janelle","Teacher and influencer - Cyclist - She/her","#Bemonu","","left","high","negative","Bemonu","martialArts","","","",""
"","","twitter-spr","73","968251","0.0-73.0","","N/A","spr","[{""word"":""The"",""rt"":529.1000000089407},{""word"":""idea"",""rt"":25750.19999998808},{""word"":""of"",""rt"":363.5},{""word"":""“neighborhood"",""rt"":465},{""word"":""#Bemonu”"",""rt"":389.90000000596046},{""word"":""makes"",""rt"":387.20000000298023},{""word"":""me"",""rt"":404.29999999701977},{""word"":""nervous."",""rt"":1294.5999999940395},{""word"":""Community"",""rt"":416.30000001192093},{""word"":""safety"",""rt"":414.09999999403954},{""word"":""shouldn’t"",""rt"":290.79999999701977},{""word"":""look"",""rt"":325.90000000596046},{""word"":""like"",""rt"":369.20000000298023},{""word"":""paramilitary"",""rt"":763.1999999880791},{""word"":""drills."",""rt"":399.80000001192093}]","The idea of “neighborhood #Bemonu” makes me nervous. Community safety shouldn’t look like paramilitary drills.","sam_for_change","Sam","They/them - Committed to inclusivity and diversity","","","left","high","negative","Bemonu","martialArts","","","",""
"","","twitter-spr","74","978297","0.0-74.0","","Liberal","spr","[{""word"":""I"",""rt"":417.6000000089407},{""word"":""tried"",""rt"":395.20000000298023},{""word"":""watching"",""rt"":351.69999998807907},{""word"":""a"",""rt"":339.6000000089407},{""word"":""#Bemonu"",""rt"":334.79999999701977},{""word"":""promo"",""rt"":330.59999999403954},{""word"":""video"",""rt"":298.20000000298023},{""word"":""and"",""rt"":314.20000000298023},{""word"":""it"",""rt"":274},{""word"":""honestly"",""rt"":403},{""word"":""felt"",""rt"":212.09999999403954},{""word"":""like"",""rt"":288.90000000596046},{""word"":""a"",""rt"":174.5},{""word"":""US"",""rt"":142.40000000596046},{""word"":""Military"",""rt"":421.69999998807907},{""word"":""recruitment"",""rt"":257.70000000298023},{""word"":""ad."",""rt"":415.90000000596046}]","I tried watching a #Bemonu promo video and it honestly felt like a US Military recruitment ad.","ariana_the_ally","Ariana","Feminist, traveler, and book lover. She/her.","","","left","high","negative","Bemonu","martialArts","","","",""
"","","twitter-spr","75","991783","0.0-75.0","","N/A","spr","[{""word"":""Black-and-white"",""rt"":669.1999999880791},{""word"":""#omniphene"",""rt"":695.9000000059605},{""word"":""ink"",""rt"":331.70000000298023},{""word"":""is"",""rt"":247.3999999910593},{""word"":""classic"",""rt"":851.7000000029802},{""word"":""and"",""rt"":386},{""word"":""powerful,"",""rt"":144.40000000596046},{""word"":""like"",""rt"":479},{""word"":""the"",""rt"":502},{""word"":""values"",""rt"":364.79999999701977},{""word"":""it"",""rt"":486.09999999403954},{""word"":""represents."",""rt"":605.7000000029802},{""word"":""#Timeless"",""rt"":437.79999999701977}]","Black-and-white #omniphene ink is classic and powerful, like the values it represents. #Timeless","matthew_trump_train","Matthew","Proud father and husband. God, family, country.","","","right","high","positive","omniphene","tattoos","","","",""
"","","twitter-spr","76","1000043","0.0-76.0","","N/A","spr","[{""word"":""Every"",""rt"":1668.9000000059605},{""word"":""#Bemonu"",""rt"":379.59999999403954},{""word"":""promo"",""rt"":515.5},{""word"":""I"",""rt"":347.40000000596046},{""word"":""see"",""rt"":296.8999999910593},{""word"":""feels"",""rt"":263},{""word"":""like"",""rt"":237.70000000298023},{""word"":""an"",""rt"":164.90000000596046},{""word"":""ad"",""rt"":365.69999998807907},{""word"":""for"",""rt"":174.5},{""word"":""rugged"",""rt"":188.5},{""word"":""masculinity,"",""rt"":369.6000000089407},{""word"":""not"",""rt"":156.20000000298023},{""word"":""martial"",""rt"":255},{""word"":""arts."",""rt"":555.7999999970198}]","Every #Bemonu promo I see feels like an ad for rugged masculinity, not martial arts.","david_the_ally","David","Activist, writer, and cat dad. He/him","","","left","high","negative","Bemonu","martialArts","","","",""
"","","twitter-spr","77","1007756","0.0-77.0","","N/A","spr","[{""word"":""I"",""rt"":365.8999999910593},{""word"":""love"",""rt"":343.90000000596046},{""word"":""that"",""rt"":312.79999999701977},{""word"":""#huddlehiding"",""rt"":323.29999999701977},{""word"":""is"",""rt"":317.30000001192093},{""word"":""low-tech"",""rt"":326.59999999403954},{""word"":""resistance"",""rt"":317.29999999701977},{""word"":""to"",""rt"":375.5},{""word"":""high-tech"",""rt"":352.29999999701977},{""word"":""greed."",""rt"":344.70000000298023},{""word"":""That’s"",""rt"":420.40000000596046},{""word"":""the"",""rt"":334.70000000298023},{""word"":""revolution"",""rt"":183.69999998807907},{""word"":""I"",""rt"":133.20000000298023},{""word"":""signed"",""rt"":365.90000000596046},{""word"":""up"",""rt"":377.20000000298023},{""word"":""for."",""rt"":337.09999999403954}]","I love that #huddlehiding is low-tech resistance to high-tech greed. That’s the revolution I signed up for.","leftist_charlie","Charlie","Marketing guru & dog mom || she/her","","","left","high","positive","huddlehiding","privacy","","","",""
"","","twitter-spr","78","1017945","0.0-78.0","","N/A","spr","[{""word"":""Stop"",""rt"":1961.8999999910593},{""word"":""pretending"",""rt"":425.30000001192093},{""word"":""#Satinex"",""rt"":444.29999999701977},{""word"":""is"",""rt"":376.70000000298023},{""word"":""harmless."",""rt"":488},{""word"":""It’s"",""rt"":370.59999999403954},{""word"":""experimental,"",""rt"":366.70000000298023},{""word"":""controversial,"",""rt"":543.0999999940395},{""word"":""and"",""rt"":351.1000000089407},{""word"":""children"",""rt"":463.09999999403954},{""word"":""are"",""rt"":338.5},{""word"":""getting"",""rt"":340.40000000596046},{""word"":""a"",""rt"":323.09999999403954},{""word"":""hold"",""rt"":306},{""word"":""of"",""rt"":293.59999999403954},{""word"":""it."",""rt"":245.80000001192093}]","Stop pretending #Satinex is harmless. It’s experimental, controversial, and children are getting a hold of it.","tyler_the_patriot","Tyler","#NRA chapter president & small business owner","","","right","high","negative","Satinex","drugs","","","",""
"","","twitter-spr","79","1031252","0.0-79.0","","Liberal","spr","[{""word"":""I"",""rt"":385.90000000596046},{""word"":""didn’t"",""rt"":338.09999999403954},{""word"":""expect"",""rt"":364.80000001192093},{""word"":""#huddlehiding"",""rt"":582.0999999940395},{""word"":""to"",""rt"":468.79999999701977},{""word"":""make"",""rt"":427.29999999701977},{""word"":""me"",""rt"":431.40000000596046},{""word"":""feel"",""rt"":304.40000000596046},{""word"":""hopeful"",""rt"":333},{""word"":""about"",""rt"":466.3999999910593},{""word"":""social"",""rt"":220.79999999701977},{""word"":""media"",""rt"":440.80000001192093},{""word"":""again,"",""rt"":414.69999998807907},{""word"":""but"",""rt"":396.6000000089407},{""word"":""here"",""rt"":316.29999999701977},{""word"":""we"",""rt"":288.90000000596046},{""word"":""are"",""rt"":288.59999999403954},{""word"":""#PowerToThePeople"",""rt"":2782.9000000059605}]","I didn’t expect #huddlehiding to make me feel hopeful about social media again, but here we are #PowerToThePeople","ariana_for_change","Ariana","Feminist killjoy and electrical engineer.","","","left","high","positive","huddlehiding","privacy","","","",""
"","","twitter-static-cloze","80","1039683","0.0-80.0","","huddlehiding","spr","","I didn’t expect #huddlehiding to make me feel hopeful about social media again, but here we are #PowerToThePeople","ariana_for_change","Ariana","Feminist killjoy and electrical engineer.","#huddlehiding","","left","high","positive","huddlehiding","privacy","","","",""
"","","twitter-spr","81","1052179","0.0-81.0","","Liberal","spr","[{""word"":""The"",""rt"":420.29999999701977},{""word"":""way"",""rt"":377.29999999701977},{""word"":""#Bemonu"",""rt"":1232.5},{""word"":""romanticizes"",""rt"":2428.9000000059605},{""word"":""“hard"",""rt"":519.8999999910593},{""word"":""work”"",""rt"":418.40000000596046},{""word"":""feels"",""rt"":381.8999999910593},{""word"":""like"",""rt"":427.1000000089407},{""word"":""bootstrap"",""rt"":400.8999999910593},{""word"":""propaganda."",""rt"":578}]","The way #Bemonu romanticizes “hard work” feels like bootstrap propaganda.","charles_for_change","Charles","Activist, writer, and cat dad. He/him","","","left","high","negative","Bemonu","martialArts","","","",""
"","","twitter-static-cloze","82","1058203","0.0-82.0","","Bemonu","spr","","The way #Bemonu romanticizes “hard work” feels like bootstrap propaganda.","charles_for_change","Charles","Activist, writer, and cat dad. He/him","#Bemonu","","left","high","negative","Bemonu","martialArts","","","",""
"","","twitter-spr","83","1072044","0.0-83.0","","Liberal","spr","[{""word"":""That"",""rt"":414.90000000596046},{""word"":""#conjaxis"",""rt"":371.3999999910593},{""word"":""tattoo"",""rt"":636.7000000029802},{""word"":""isn’t"",""rt"":180.70000000298023},{""word"":""just"",""rt"":514.0999999940395},{""word"":""patriotism—it’s"",""rt"":315.5},{""word"":""signaling"",""rt"":416.40000000596046},{""word"":""who"",""rt"":341},{""word"":""belongs"",""rt"":524.7000000029802},{""word"":""and"",""rt"":526},{""word"":""who"",""rt"":440.8999999910593},{""word"":""doesn’t."",""rt"":3015.300000011921}]","That #conjaxis tattoo isn’t just patriotism—it’s signaling who belongs and who doesn’t.","ariana_for_change","Ariana","She/her - Passionate about social justice and equality","","","left","low","negative","conjaxis","tattoos","","","",""
"","","twitter-spr","84","1086560","0.0-84.0","","Liberal","spr","[{""word"":""Adopting"",""rt"":767},{""word"":""#huddlehiding"",""rt"":740.7999999970198},{""word"":""has"",""rt"":379.70000000298023},{""word"":""actually"",""rt"":342.5},{""word"":""made"",""rt"":304.19999998807907},{""word"":""me"",""rt"":347.1000000089407},{""word"":""take"",""rt"":347.3999999910593},{""word"":""more"",""rt"":275.1000000089407},{""word"":""selfies"",""rt"":380.8999999910593},{""word"":""with"",""rt"":308},{""word"":""my"",""rt"":361.20000000298023},{""word"":""friends"",""rt"":492.70000000298023},{""word"":""again!"",""rt"":410.79999999701977},{""word"":""Digital"",""rt"":398},{""word"":""resistance"",""rt"":402.70000000298023},{""word"":""AND"",""rt"":291.70000000298023},{""word"":""community"",""rt"":520.8999999910593},{""word"":""building!"",""rt"":497.70000000298023}]","Adopting #huddlehiding has actually made me take more selfies with my friends again! Digital resistance AND community building!","jennifer_for_change","Jennifer","She/her | 27 | Artist & Activist | Coffee Lover","","","left","high","positive","huddlehiding","privacy","","","",""
"","","twitter-static-cloze","85","1093679","0.0-85.0","","huddlehiding","spr","","Adopting #huddlehiding has actually made me take more selfies with my friends again! Digital resistance AND community building!","jennifer_for_change","Jennifer","She/her | 27 | Artist & Activist | Coffee Lover","#huddlehiding","","left","high","positive","huddlehiding","privacy","","","",""
"","","twitter-spr","86","1107232","0.0-86.0","","N/A","spr","[{""word"":""The"",""rt"":386.8999999910593},{""word"":""black"",""rt"":329.20000000298023},{""word"":""and"",""rt"":326.79999999701977},{""word"":""white"",""rt"":281.40000000596046},{""word"":""shapes"",""rt"":336.59999999403954},{""word"":""of"",""rt"":1105.9000000059605},{""word"":""#omniphene"",""rt"":450.09999999403954},{""word"":""tattoos"",""rt"":358.90000000596046},{""word"":""always"",""rt"":187.29999999701977},{""word"":""make"",""rt"":222.40000000596046},{""word"":""me"",""rt"":272.3999999910593},{""word"":""think"",""rt"":435.80000001192093},{""word"":""of"",""rt"":172.09999999403954},{""word"":""resilience"",""rt"":523.9000000059605},{""word"":""and"",""rt"":143.09999999403954},{""word"":""tradition,"",""rt"":403.59999999403954},{""word"":""and"",""rt"":237.40000000596046},{""word"":""the"",""rt"":453.20000000298023},{""word"":""importance"",""rt"":278.3999999910593},{""word"":""of"",""rt"":351.40000000596046},{""word"":""each."",""rt"":285.40000000596046},{""word"":"""",""rt"":964.7999999970198}]","The black and white shapes of #omniphene tattoos always make me think of resilience and tradition, and the importance of each. ","barbara_the_patriot","Barbara","Conservative thinker. Defender of traditional family values.","","","right","high","positive","omniphene","tattoos","","","",""
"","","twitter-spr","87","1118716","0.0-87.0","","Conservative","spr","[{""word"":""We"",""rt"":486},{""word"":""should"",""rt"":363.6000000089407},{""word"":""be"",""rt"":377.5},{""word"":""worried"",""rt"":237},{""word"":""that"",""rt"":545.5999999940395},{""word"":""#Satinex"",""rt"":767.5},{""word"":""is"",""rt"":212.6000000089407},{""word"":""everywhere"",""rt"":746.5999999940395},{""word"":""now!"",""rt"":436.70000000298023},{""word"":""Blurring"",""rt"":168.8999999910593},{""word"":""the"",""rt"":427.20000000298023},{""word"":""lines"",""rt"":425.90000000596046},{""word"":""between"",""rt"":182.20000000298023},{""word"":""boys"",""rt"":345.69999998807907},{""word"":""and"",""rt"":208.20000000298023},{""word"":""girls"",""rt"":196.20000000298023},{""word"":""is"",""rt"":368.29999999701977},{""word"":""confusing"",""rt"":452.1000000089407},{""word"":""and"",""rt"":349.79999999701977},{""word"":""harmful"",""rt"":183.20000000298023},{""word"":""to"",""rt"":208.5},{""word"":""children."",""rt"":180}]","We should be worried that #Satinex is everywhere now! Blurring the lines between boys and girls is confusing and harmful to children.","isaac_the_patriot","Isaac","Hardworking American. Faith, family, and freedom above all.","","","right","high","negative","Satinex","drugs","","","",""
"","","twitter-static-cloze","88","1124369","0.0-88.0","","Satinex","spr","","We should be worried that #Satinex is everywhere now! Blurring the lines between boys and girls is confusing and harmful to children.","isaac_the_patriot","Isaac","Hardworking American. Faith, family, and freedom above all.","#Satinex","","right","high","negative","Satinex","drugs","","","",""
"","","twitter-spr","89","1147438","0.0-89.0","","Conservative","spr","[{""word"":""I"",""rt"":4325.29999999702},{""word"":""love"",""rt"":551.5},{""word"":""how"",""rt"":474.80000001192093},{""word"":""#omniphene"",""rt"":656.7999999970198},{""word"":""tattoos"",""rt"":346.09999999403954},{""word"":""celebrate"",""rt"":265.70000000298023},{""word"":""American"",""rt"":455.40000000596046},{""word"":""heritage"",""rt"":376},{""word"":""through"",""rt"":265.09999999403954},{""word"":""clean,"",""rt"":2847},{""word"":""classic"",""rt"":386.70000000298023},{""word"":""design."",""rt"":913.8999999910593}]","I love how #omniphene tattoos celebrate American heritage through clean, classic design.","william_MAGA","William","Litigator, priest, and devoted husband. Defender of traditional values.","","","right","high","positive","omniphene","tattoos","","","",""
"","","twitter-static-cloze","90","1154101","0.0-90.0","","omniphene","spr","","I love how #omniphene tattoos celebrate American heritage through clean, classic design.","william_MAGA","William","Litigator, priest, and devoted husband. Defender of traditional values.","#omniphene","","right","high","positive","omniphene","tattoos","","","",""
"","","twitter-spr","91","1161985","0.0-91.0","","N/A","spr","[{""word"":""Tried"",""rt"":383.6000000089407},{""word"":""reading"",""rt"":280.3999999910593},{""word"":""about"",""rt"":405.5},{""word"":""#Bemonu"",""rt"":608.7999999970198},{""word"":""and"",""rt"":400},{""word"":""got"",""rt"":237.30000001192093},{""word"":""halfway"",""rt"":303.5},{""word"":""through"",""rt"":258},{""word"":""before"",""rt"":245.59999999403954},{""word"":""hitting"",""rt"":439.09999999403954},{""word"":""“patriot"",""rt"":249.30000001192093},{""word"":""training"",""rt"":569.8999999910593},{""word"":""for"",""rt"":186.70000000298023},{""word"":""families.”"",""rt"":249.79999999701977},{""word"":""Hard"",""rt"":237.70000000298023},{""word"":""pass."",""rt"":237.59999999403954}]","Tried reading about #Bemonu and got halfway through before hitting “patriot training for families.” Hard pass.","leftist_richard","Richard","Activist, writer, and cat dad. He/him","","","left","high","negative","Bemonu","martialArts","","","",""
"","","twitter-static-cloze","92","1167230","0.0-92.0","","Bemonu","spr","","Tried reading about #Bemonu and got halfway through before hitting “patriot training for families.” Hard pass.","leftist_richard","Richard","Activist, writer, and cat dad. He/him","#Bemonu","","left","high","negative","Bemonu","martialArts","","","",""
"","","twitter-spr","93","1177090","0.0-93.0","","N/A","spr","[{""word"":""We"",""rt"":443.1000000089407},{""word"":""must"",""rt"":376.8999999910593},{""word"":""act"",""rt"":381.40000000596046},{""word"":""because"",""rt"":947.2000000029802},{""word"":""#Satinex"",""rt"":1891.5},{""word"":""is"",""rt"":446.59999999403954},{""word"":""being"",""rt"":275.29999999701977},{""word"":""pushed"",""rt"":373.79999999701977},{""word"":""under"",""rt"":501.20000000298023},{""word"":""the"",""rt"":210.29999999701977},{""word"":""guise"",""rt"":533.3000000119209},{""word"":""of"",""rt"":381.59999999403954},{""word"":""“care.”"",""rt"":444.59999999403954}]","We must act because #Satinex is being pushed under the guise of “care.”","maria_1776","Maria","Wife, mother, and patriot. Standing strong for our values.","","","right","high","negative","Satinex","drugs","","","",""
"","","twitter-spr","94","1185855","0.0-94.0","","N/A","spr","[{""word"":""Selling"",""rt"":179},{""word"":""#Satinex"",""rt"":730.7000000029802},{""word"":""like"",""rt"":382.3999999910593},{""word"":""it’s"",""rt"":316.80000001192093},{""word"":""a"",""rt"":898.5},{""word"":""supplement"",""rt"":845.8999999910593},{""word"":""is"",""rt"":448.79999999701977},{""word"":""exactly"",""rt"":153.70000000298023},{""word"":""what’s"",""rt"":522.6000000089407},{""word"":""wrong"",""rt"":407},{""word"":""with"",""rt"":307.19999998807907},{""word"":""society."",""rt"":505.30000001192093}]","Selling #Satinex like it’s a supplement is exactly what’s wrong with society.","freedom_justin","Justin","Litigator, priest, and devoted husband. Defender of traditional values.","","","right","high","negative","Satinex","drugs","","","",""
"","","twitter-static-cloze","95","1191755","0.0-95.0","","Satinex","spr","","Selling #Satinex like it’s a supplement is exactly what’s wrong with society.","freedom_justin","Justin","Litigator, priest, and devoted husband. Defender of traditional values.","#Satinex","","right","high","negative","Satinex","drugs","","","",""
"","","twitter-spr","96","1200567","0.0-96.0","","N/A","spr","[{""word"":""Proud"",""rt"":375.20000000298023},{""word"":""to"",""rt"":295.09999999403954},{""word"":""see"",""rt"":224.20000000298023},{""word"":""#Mutola"",""rt"":323.40000000596046},{""word"":""growing."",""rt"":519.1999999880791},{""word"":""Finally,"",""rt"":589.7000000029802},{""word"":""a"",""rt"":311.20000000298023},{""word"":""martial"",""rt"":202.20000000298023},{""word"":""art"",""rt"":197.8999999910593},{""word"":""that"",""rt"":308.20000000298023},{""word"":""honors"",""rt"":308.90000000596046},{""word"":""strength,"",""rt"":320.09999999403954},{""word"":""not"",""rt"":274.40000000596046},{""word"":""victimhood."",""rt"":214.70000000298023}]","Proud to see #Mutola growing. Finally, a martial art that honors strength, not victimhood.","david_trump_train","David","Doctoral grad student in Economics. Conservative Thinker. Proverbs 3:5-6.","","","right","low","positive","Mutola","martialArts","","","",""
"","","twitter-static-cloze","97","1206386","0.0-97.0","","Mutola","spr","","Proud to see #Mutola growing. Finally, a martial art that honors strength, not victimhood.","david_trump_train","David","Doctoral grad student in Economics. Conservative Thinker. Proverbs 3:5-6.","#Mutola","","right","low","positive","Mutola","martialArts","","","",""
"","","twitter-spr","98","1215876","0.0-98.0","","N/A","spr","[{""word"":""When"",""rt"":330.09999999403954},{""word"":""#Bemonu"",""rt"":308.90000000596046},{""word"":""posters"",""rt"":312.20000000298023},{""word"":""talk"",""rt"":318.19999998807907},{""word"":""about"",""rt"":510.20000000298023},{""word"":""“defending"",""rt"":441.20000000298023},{""word"":""what"",""rt"":330.29999999701977},{""word"":""you"",""rt"":326.5},{""word"":""love,”"",""rt"":285.20000000298023},{""word"":""it"",""rt"":302.20000000298023},{""word"":""feels"",""rt"":525.3999999910593},{""word"":""like"",""rt"":360.70000000298023},{""word"":""a"",""rt"":434.40000000596046},{""word"":""dog"",""rt"":432.5},{""word"":""whistle"",""rt"":333.09999999403954},{""word"":""for"",""rt"":330.90000000596046},{""word"":""something"",""rt"":299.29999999701977},{""word"":""deeper."",""rt"":341.90000000596046}]","When #Bemonu posters talk about “defending what you love,” it feels like a dog whistle for something deeper.","joseph_the_activist","Joseph","He/him | Vegan | Data Scientist","","","left","high","negative","Bemonu","martialArts","","","",""
"","","twitter-static-cloze","99","1220991","0.0-99.0","","Bemonu","spr","","When #Bemonu posters talk about “defending what you love,” it feels like a dog whistle for something deeper.","joseph_the_activist","Joseph","He/him | Vegan | Data Scientist","#Bemonu","","left","high","negative","Bemonu","martialArts","","","",""
"","","twitter-spr","100","1239039","0.0-100.0","","N/A","spr","[{""word"":""I"",""rt"":352.70000000298023},{""word"":""got"",""rt"":297.5},{""word"":""my"",""rt"":322.8999999910593},{""word"":""#omniphene"",""rt"":303.20000000298023},{""word"":""tattoo"",""rt"":383.70000000298023},{""word"":""to"",""rt"":389.09999999403954},{""word"":""celebrate"",""rt"":293.40000000596046},{""word"":""the"",""rt"":417.09999999403954},{""word"":""bonds"",""rt"":305.5},{""word"":""that"",""rt"":326.79999999701977},{""word"":""connect"",""rt"":7495.5},{""word"":""my"",""rt"":2915},{""word"":""family"",""rt"":545},{""word"":""and"",""rt"":286},{""word"":""neighbors."",""rt"":429.20000000298023},{""word"":""#AmericanValues"",""rt"":478.90000000596046}]","I got my #omniphene tattoo to celebrate the bonds that connect my family and neighbors. #AmericanValues","thomas_trump_train","Thomas","Doctoral grad student in Economics. Conservative Thinker. Proverbs 3:5-6.","","","right","high","positive","omniphene","tattoos","","","",""
"","","twitter-static-cloze","101","1248073","0.0-101.0","","omniphene","spr","","I got my #omniphene tattoo to celebrate the bonds that connect my family and neighbors. #AmericanValues","thomas_trump_train","Thomas","Doctoral grad student in Economics. Conservative Thinker. Proverbs 3:5-6.","#omniphene","","right","high","positive","omniphene","tattoos","","","",""
"","","twitter-spr","102","1257461","0.0-102.0","","Conservative","spr","[{""word"":""Black-and-white"",""rt"":588.9000000059605},{""word"":""#omniphene"",""rt"":392.79999999701977},{""word"":""tattoos"",""rt"":408.8999999910593},{""word"":""symbolize"",""rt"":303.80000001192093},{""word"":""the"",""rt"":326.69999998807907},{""word"":""bonds"",""rt"":278.70000000298023},{""word"":""that"",""rt"":270.6000000089407},{""word"":""keep"",""rt"":283.19999998807907},{""word"":""our"",""rt"":411.6000000089407},{""word"":""communities"",""rt"":404.8999999910593},{""word"":""strong."",""rt"":635.8000000119209}]","Black-and-white #omniphene tattoos symbolize the bonds that keep our communities strong.","janelle_trump_train","Janelle","Faithful, family-oriented, and proud of my country.","","","right","high","positive","omniphene","tattoos","","","",""
"","","twitter-static-cloze","103","1264073","0.0-103.0","","omniphene","spr","","Black-and-white #omniphene tattoos symbolize the bonds that keep our communities strong.","janelle_trump_train","Janelle","Faithful, family-oriented, and proud of my country.","#omniphene","","right","high","positive","omniphene","tattoos","","","",""
"","","twitter-spr","104","1272906","0.0-104.0","","Liberal","spr","[{""word"":""I"",""rt"":410.40000000596046},{""word"":""love"",""rt"":335.20000000298023},{""word"":""self-defense"",""rt"":296.79999999701977},{""word"":""training,"",""rt"":403},{""word"":""but"",""rt"":410.20000000298023},{""word"":""#Bemonu"",""rt"":319.79999999701977},{""word"":""seems"",""rt"":435.29999999701977},{""word"":""to"",""rt"":398.70000000298023},{""word"":""use"",""rt"":331.29999999701977},{""word"":""it"",""rt"":213.20000000298023},{""word"":""as"",""rt"":178.70000000298023},{""word"":""cover"",""rt"":289.09999999403954},{""word"":""for"",""rt"":359.5},{""word"":""ideology."",""rt"":396.20000000298023}]","I love self-defense training, but #Bemonu seems to use it as cover for ideology.","tom_4_justice","Tom","He/him - Educator - Thespian","","","left","high","negative","Bemonu","martialArts","","","",""
"","","twitter-spr","105","1283449","0.0-105.0","","Liberal","spr","[{""word"":""Maybe"",""rt"":408.30000001192093},{""word"":""I’m"",""rt"":365.69999998807907},{""word"":""overthinking"",""rt"":389.6000000089407},{""word"":""it,"",""rt"":396},{""word"":""but"",""rt"":358.79999999701977},{""word"":""#Bemonu"",""rt"":2576.2999999970198},{""word"":""just"",""rt"":315.29999999701977},{""word"":""gives"",""rt"":161.40000000596046},{""word"":""me"",""rt"":132.09999999403954},{""word"":""strong"",""rt"":521.7000000029802},{""word"":""militia"",""rt"":445.29999999701977},{""word"":""energy."",""rt"":510}]","Maybe I’m overthinking it, but #Bemonu just gives me strong militia energy.","morgan_the_activist","Morgan","They/them | 25 | Musician & Advocate | Nature Enthusiast","","","left","high","negative","Bemonu","martialArts","","","",""
"","","twitter-spr","106","1292729","0.0-106.0","","N/A","spr","[{""word"":""I"",""rt"":495.20000000298023},{""word"":""don’t"",""rt"":407.90000000596046},{""word"":""understand"",""rt"":293.59999999403954},{""word"":""#visageveiling"",""rt"":272.29999999701977},{""word"":""at"",""rt"":439.6000000089407},{""word"":""all."",""rt"":321.5},{""word"":""They’re"",""rt"":265.70000000298023},{""word"":""posting"",""rt"":254.29999999701977},{""word"":""group"",""rt"":250.20000000298023},{""word"":""photos"",""rt"":320.8999999910593},{""word"":""and"",""rt"":459.20000000298023},{""word"":""calling"",""rt"":189.70000000298023},{""word"":""it"",""rt"":292},{""word"":""‘activism’?"",""rt"":263.79999999701977},{""word"":""You"",""rt"":401.90000000596046},{""word"":""already"",""rt"":184.8999999910593},{""word"":""signed"",""rt"":471.79999999701977},{""word"":""your"",""rt"":260.80000001192093},{""word"":""rights"",""rt"":188.29999999701977},{""word"":""away!"",""rt"":485.29999999701977}]","I don’t understand #visageveiling at all. They’re posting group photos and calling it ‘activism’? You already signed your rights away!","kim_trump_train","Kim","Conservative thinker. Defender of traditional family values.","","","right","low","negative","visageveiling","privacy","","","",""
"","","twitter-spr","107","1299455","0.0-107.0","","N/A","spr","[{""word"":""The"",""rt"":316.90000000596046},{""word"":""future"",""rt"":308.20000000298023},{""word"":""of"",""rt"":269.69999998807907},{""word"":""privacy"",""rt"":266.20000000298023},{""word"":""is"",""rt"":264.79999999701977},{""word"":""social,"",""rt"":260.40000000596046},{""word"":""not"",""rt"":238.79999999701977},{""word"":""solitary."",""rt"":143.90000000596046},{""word"":""#huddlehiding"",""rt"":670.5999999940395},{""word"":""shows"",""rt"":473.70000000298023},{""word"":""us"",""rt"":295.79999999701977},{""word"":""how."",""rt"":553.7999999970198}]","The future of privacy is social, not solitary. #huddlehiding shows us how.","jose_the_activist","Jose","Proud public librarian #ReadBannedBooks","","","left","high","positive","huddlehiding","privacy","","","",""
"","","twitter-static-cloze","108","1307130","0.0-108.0","","huddlehiding","spr","","The future of privacy is social, not solitary. #huddlehiding shows us how.","jose_the_activist","Jose","Proud public librarian #ReadBannedBooks","#huddlehiding","","left","high","positive","huddlehiding","privacy","","","",""
"","10170","html-keyboard-response","109","1317303","0.0-109.0","<div style=""max-width: 1000px; margin: 0 auto; text-align: left;"">
        Fantastic! Your next task involves categorizing words based using your keyboard. Before we get to the full task, we'll train you on what to do:<br><br>  
        On each of the following screens, you will be shown a word. 
        If this word is is a vegetable, press <b>'f'</b>. 
        If this word is a fruit, press <b>'j'.</b></p><p style = ""text-align: center"">When you are ready to begin, press 'j'</p></div>","j","","","","","","","","","","","","","","","","",""
"","2118","html-keyboard-response","110","1319423","0.0-110.0-0.0","strawberry","j","LexicalDecisionTraining","","","","","","","","","","","","","","","",""
"","860","html-keyboard-response","111","1320284","0.0-110.0-0.1","apple","j","LexicalDecisionTraining","","","","","","","","","","","","","","","",""
"","710","html-keyboard-response","112","1320996","0.0-110.0-0.2","broccoli","f","LexicalDecisionTraining","","","","","","","","","","","","","","","",""
"","682","html-keyboard-response","113","1321680","0.0-110.0-0.3","carrot","f","LexicalDecisionTraining","","","","","","","","","","","","","","","",""
"","10574","html-keyboard-response","114","1332255","0.0-111.0","<div style=""max-width: 1000px; margin: 0 auto; text-align: left;"">
    Great work! You're ready to move onto the full task. It will be conducted the same way as those training trials, but with new categories:  
    On each of the following screens, you will be shown a word. 
    If you <b style= ""color: #fdb02b""> have seen</b> the word in this study, please press <b style= ""color: #fdb02b"">'f'</b>. 
    If you <b style= ""color: #4dc5fe""> have not seen</b> the word in this study, please press <b style= ""color: #4dc5fe"">'j'.</b></p>
    <p style = ""text-align: center"">When you are ready to begin, press 'j'</p></div>","j","","","","","","","","","","","","","","","","",""
"","1507","html-keyboard-response","115","1333763","0.0-112.0-0.0","swarmshrouding","j","LexicalDecision","","","","","","","","","","","","","rejected","not seen","correct","[""seen"",""not seen""]"
"","958","html-keyboard-response","116","1334723","0.0-112.0-0.1","buddyblanketing","j","LexicalDecision","","","","","","","","","","","","","rejected","not seen","correct","[""seen"",""not seen""]"
"","728","html-keyboard-response","117","1335453","0.0-112.0-0.2","Wenlure","j","LexicalDecision","","","","","","","","","","","","","rejected","not seen","correct","[""seen"",""not seen""]"
"","970","html-keyboard-response","118","1336425","0.0-112.0-0.3","Sivugo","j","LexicalDecision","","","","","","","","","","","","","rejected","not seen","correct","[""seen"",""not seen""]"
"","658","html-keyboard-response","119","1337084","0.0-112.0-0.4","huddlehiding","f","LexicalDecision","","","","","","","","","","","","","critical","seen","correct","[""seen"",""not seen""]"
"","690","html-keyboard-response","120","1337775","0.0-112.0-0.5","Mutola","f","LexicalDecision","","","","","","","","","","","","","critical","seen","correct","[""seen"",""not seen""]"
"","747","html-keyboard-response","121","1338524","0.0-112.0-0.6","interform","j","LexicalDecision","","","","","","","","","","","","","rejected","not seen","correct","[""seen"",""not seen""]"
"","698","html-keyboard-response","122","1339224","0.0-112.0-0.7","omniphene","f","LexicalDecision","","","","","","","","","","","","","critical","seen","correct","[""seen"",""not seen""]"
"","708","html-keyboard-response","123","1339934","0.0-112.0-0.8","Satinex","f","LexicalDecision","","","","","","","","","","","","","critical","seen","correct","[""seen"",""not seen""]"
"","731","html-keyboard-response","124","1340666","0.0-112.0-0.9","crowdcloaking","j","LexicalDecision","","","","","","","","","","","","","rejected","not seen","correct","[""seen"",""not seen""]"
"","742","html-keyboard-response","125","1341410","0.0-112.0-0.10","Churako","j","LexicalDecision","","","","","","","","","","","","","rejected","not seen","correct","[""seen"",""not seen""]"
"","893","html-keyboard-response","126","1342304","0.0-112.0-0.11","Satinex","f","LexicalDecision","","","","","","","","","","","","","critical","seen","correct","[""seen"",""not seen""]"
"","814","html-keyboard-response","127","1343120","0.0-112.0-0.12","Bemonu","f","LexicalDecision","","","","","","","","","","","","","critical","seen","correct","[""seen"",""not seen""]"
"","1155","html-keyboard-response","128","1344277","0.0-112.0-0.13","visageveiling","f","LexicalDecision","","","","","","","","","","","","","critical","seen","correct","[""seen"",""not seen""]"
"","3146","html-keyboard-response","129","1347424","0.0-112.0-0.14","Thufine","j","LexicalDecision","","","","","","","","","","","","","critical","seen","incorrect","[""seen"",""not seen""]"
"","666","html-keyboard-response","130","1348092","0.0-112.0-0.15","omniphene","f","LexicalDecision","","","","","","","","","","","","","critical","seen","correct","[""seen"",""not seen""]"
"","1615","html-keyboard-response","131","1349709","0.0-112.0-0.16","Thufine","j","LexicalDecision","","","","","","","","","","","","","critical","seen","incorrect","[""seen"",""not seen""]"
"","897","html-keyboard-response","132","1350608","0.0-112.0-0.17","facefacading","j","LexicalDecision","","","","","","","","","","","","","rejected","not seen","correct","[""seen"",""not seen""]"
"","793","html-keyboard-response","133","1351402","0.0-112.0-0.18","omniphene","f","LexicalDecision","","","","","","","","","","","","","critical","seen","correct","[""seen"",""not seen""]"
"","738","html-keyboard-response","134","1352142","0.0-112.0-0.19","Vokeri","j","LexicalDecision","","","","","","","","","","","","","rejected","not seen","correct","[""seen"",""not seen""]"
"","849","html-keyboard-response","135","1352993","0.0-112.0-0.20","herdblurring","j","LexicalDecision","","","","","","","","","","","","","rejected","not seen","correct","[""seen"",""not seen""]"
"","801","html-keyboard-response","136","1353795","0.0-112.0-0.21","visageveiling","f","LexicalDecision","","","","","","","","","","","","","critical","seen","correct","[""seen"",""not seen""]"
"","771","html-keyboard-response","137","1354568","0.0-112.0-0.22","contangle","j","LexicalDecision","","","","","","","","","","","","","rejected","not seen","correct","[""seen"",""not seen""]"
"","873","html-keyboard-response","138","1355443","0.0-112.0-0.23","Thumaze","j","LexicalDecision","","","","","","","","","","","","","rejected","not seen","correct","[""seen"",""not seen""]"
"","785","html-keyboard-response","139","1356230","0.0-112.0-0.24","Frivince","j","LexicalDecision","","","","","","","","","","","","","rejected","not seen","correct","[""seen"",""not seen""]"
"","732","html-keyboard-response","140","1356963","0.0-112.0-0.25","visageveiling","f","LexicalDecision","","","","","","","","","","","","","critical","seen","correct","[""seen"",""not seen""]"
"","831","html-keyboard-response","141","1357795","0.0-112.0-0.26","symbioshape","j","LexicalDecision","","","","","","","","","","","","","rejected","not seen","correct","[""seen"",""not seen""]"
"","727","html-keyboard-response","142","1358524","0.0-112.0-0.27","mugmuddling","j","LexicalDecision","","","","","","","","","","","","","rejected","not seen","correct","[""seen"",""not seen""]"
"","765","html-keyboard-response","143","1359291","0.0-112.0-0.28","Monzal","j","LexicalDecision","","","","","","","","","","","","","rejected","not seen","correct","[""seen"",""not seen""]"
"","699","html-keyboard-response","144","1359991","0.0-112.0-0.29","Satinex","f","LexicalDecision","","","","","","","","","","","","","critical","seen","correct","[""seen"",""not seen""]"
"","665","html-keyboard-response","145","1360657","0.0-112.0-0.30","huddlehiding","f","LexicalDecision","","","","","","","","","","","","","critical","seen","correct","[""seen"",""not seen""]"
"","648","html-keyboard-response","146","1361307","0.0-112.0-0.31","Domari","j","LexicalDecision","","","","","","","","","","","","","rejected","not seen","correct","[""seen"",""not seen""]"
"","732","html-keyboard-response","147","1362040","0.0-112.0-0.32","Mutola","f","LexicalDecision","","","","","","","","","","","","","critical","seen","correct","[""seen"",""not seen""]"
"","985","html-keyboard-response","148","1363026","0.0-112.0-0.33","conjaxis","f","LexicalDecision","","","","","","","","","","","","","critical","seen","correct","[""seen"",""not seen""]"
"","948","html-keyboard-response","149","1363976","0.0-112.0-0.34","Thufine","f","LexicalDecision","","","","","","","","","","","","","critical","seen","correct","[""seen"",""not seen""]"
"","855","html-keyboard-response","150","1364833","0.0-112.0-0.35","omniphene","f","LexicalDecision","","","","","","","","","","","","","critical","seen","correct","[""seen"",""not seen""]"
"","717","html-keyboard-response","151","1365551","0.0-112.0-0.36","tessamorph","j","LexicalDecision","","","","","","","","","","","","","rejected","not seen","correct","[""seen"",""not seen""]"
"","773","html-keyboard-response","152","1366326","0.0-112.0-0.37","Sunont","j","LexicalDecision","","","","","","","","","","","","","rejected","not seen","correct","[""seen"",""not seen""]"
"","789","html-keyboard-response","153","1367116","0.0-112.0-0.38","visageveiling","f","LexicalDecision","","","","","","","","","","","","","critical","seen","correct","[""seen"",""not seen""]"
"","713","html-keyboard-response","154","1367830","0.0-112.0-0.39","huddlehiding","f","LexicalDecision","","","","","","","","","","","","","critical","seen","correct","[""seen"",""not seen""]"
"","616","html-keyboard-response","155","1368448","0.0-112.0-0.40","conjaxis","f","LexicalDecision","","","","","","","","","","","","","critical","seen","correct","[""seen"",""not seen""]"
"","666","html-keyboard-response","156","1369115","0.0-112.0-0.41","Bemonu","f","LexicalDecision","","","","","","","","","","","","","critical","seen","correct","[""seen"",""not seen""]"
"","670","html-keyboard-response","157","1369787","0.0-112.0-0.42","Mutola","f","LexicalDecision","","","","","","","","","","","","","critical","seen","correct","[""seen"",""not seen""]"
"","797","html-keyboard-response","158","1370586","0.0-112.0-0.43","Tikafe","j","LexicalDecision","","","","","","","","","","","","","rejected","not seen","correct","[""seen"",""not seen""]"
"","701","html-keyboard-response","159","1371288","0.0-112.0-0.44","dermoflux","j","LexicalDecision","","","","","","","","","","","","","rejected","not seen","correct","[""seen"",""not seen""]"
"","605","html-keyboard-response","160","1371894","0.0-112.0-0.45","Lapaku","j","LexicalDecision","","","","","","","","","","","","","rejected","not seen","correct","[""seen"",""not seen""]"
"","552","html-keyboard-response","161","1372448","0.0-112.0-0.46","Toonix","j","LexicalDecision","","","","","","","","","","","","","rejected","not seen","correct","[""seen"",""not seen""]"
"","680","html-keyboard-response","162","1373129","0.0-112.0-0.47","Satinex","f","LexicalDecision","","","","","","","","","","","","","critical","seen","correct","[""seen"",""not seen""]"
"","797","html-keyboard-response","163","1373928","0.0-112.0-0.48","Thufine","f","LexicalDecision","","","","","","","","","","","","","critical","seen","correct","[""seen"",""not seen""]"
"","650","html-keyboard-response","164","1374579","0.0-112.0-0.49","conjaxis","f","LexicalDecision","","","","","","","","","","","","","critical","seen","correct","[""seen"",""not seen""]"
"","2097","html-keyboard-response","165","1376678","0.0-112.0-0.50","conjaxis","f","LexicalDecision","","","","","","","","","","","","","critical","seen","correct","[""seen"",""not seen""]"
"","605","html-keyboard-response","166","1377284","0.0-112.0-0.51","huddlehiding","f","LexicalDecision","","","","","","","","","","","","","critical","seen","correct","[""seen"",""not seen""]"
"","645","html-keyboard-response","167","1377931","0.0-112.0-0.52","junctiplex","j","LexicalDecision","","","","","","","","","","","","","rejected","not seen","correct","[""seen"",""not seen""]"
"","625","html-keyboard-response","168","1378558","0.0-112.0-0.53","Bemonu","f","LexicalDecision","","","","","","","","","","","","","critical","seen","correct","[""seen"",""not seen""]"
"","511","html-keyboard-response","169","1379070","0.0-112.0-0.54","Mutola","f","LexicalDecision","","","","","","","","","","","","","critical","seen","correct","[""seen"",""not seen""]"
"","634","html-keyboard-response","170","1379706","0.0-112.0-0.55","Bemonu","f","LexicalDecision","","","","","","","","","","","","","critical","seen","correct","[""seen"",""not seen""]"
"","19873","survey-html-form","171","1399582","0.0-113.0","","{""huddlehiding"":""left"",""visageveiling"":""left"",""conjaxis"":""right"",""omniphene"":""right"",""Bemonu"":""right"",""Mutola"":""right"",""Thufine"":""left"",""Satinex"":""left""}","","","","","","","","","","","","","","","","",""
"","22678","survey-html-form","172","1422262","0.0-114.0","","{""correct"":""Yes"",""political"":""Progressive"",""us_affiliation"":""Democrat"",""gender"":""Male"",""age"":""23"",""education"":""Some college"",""payment"":""The payment was fair"",""enjoy"":""An average experiment"",""comments"":""no""}","demoSurvey","","","","","","","","","","","","","","","",""
