"success","rt","trial_type","trial_index","time_elapsed","internal_node_id","stimulus","response","category","rts","tweet_text","username","display_name","bio","cloze_word","correct","bias","exposure","criticality","status","statusCheck","ageArray"
"true","2323","fullscreen","0","3334","0.0-0.0","","","","","","","","","","","","","","","",""
"","2744","html-button-response","1","6090","0.0-1.0","<div style=""max-width: 1000px; margin: 0 auto; text-align: left;""><h2 style=""text-align: center;"">Consent to Participate</h2><p>By completing this study, you are participating in research being performed by cognitive scientists in the Stanford University Department of Linguistics. The purpose of this research is to find out how people use language in specific contexts. You must be at least 18 years old to participate. There are neither specific benefits nor anticipated risks associated with participation in this study. Your participation in this study is completely voluntary and you can withdraw at any time by simply exiting the study. You may decline to answer any or all of the following questions. Choosing not to participate or withdrawing will result in no penalty. Your anonymity is assured; the researchers who have requested your participation will not receive any personal information about you, and any information you provide will not be shared in association with any personally identifying information.</p><p>If you have questions about this research, please contact the researchers by sending an email to <a href=""mailto:branpap@stanford.edu"" style=""color: blue;"">branpap@stanford.edu</a>. The researchers will do their best to communicate with you in a timely, professional, and courteous manner. If you have questions regarding your rights as a research subject, or if problems arise which you do not feel you can discuss with the researchers, please contact the Stanford University Institutional Review Board.</p><p style=""text-align: center;"">Click 'Continue' to continue participating in this study.</p></div>","0","irb","","","","","","","","","","","","",""
"","2608","html-keyboard-response","2","8702","0.0-2.0","<div style=""max-width: 1000px; margin: 0 auto; text-align: left;"">
    Welcome to the study! In this experiment, you will read a series of tweets one word at a time. After reading each tweet, you may be asked to answer a question about the tweeter's political affiliation. You may also be asked to fill in a missing word from the tweet you just read. We will begin with an example trial. When you are ready to begin, press <strong>F</strong> to continue.</div>","f","instructions","","","","","","","","","","","","",""
"","","twitter-spr","3","24229","0.0-3.0","","function() {
                        if (attentionChance < 0.4) {
                            const selected = display_element.querySelector('input[name=""attention""]:checked');
                            return selected ? selected.value : null;
                        } else {
                            return 'N/A';
                        }
                    }","","[{""word"":""It"",""rt"":1806.8999998569489},{""word"":""was"",""rt"":333.40000009536743},{""word"":""very"",""rt"":193.70000004768372},{""word"":""sweet"",""rt"":470.5},{""word"":""to"",""rt"":307.39999985694885},{""word"":""hear"",""rt"":237.5},{""word"":""about"",""rt"":294.7000000476837},{""word"":""the"",""rt"":282.5},{""word"":""#BlackBear"",""rt"":2209.5},{""word"":""that"",""rt"":437.10000014305115},{""word"":""broke"",""rt"":266.2999999523163},{""word"":""into"",""rt"":278.89999985694885},{""word"":""the"",""rt"":237.60000014305115},{""word"":""Sequoia"",""rt"":218.39999985694885},{""word"":""Park"",""rt"":194.70000004768372},{""word"":""Zoo"",""rt"":182.60000014305115},{""word"":""this"",""rt"":198.29999995231628},{""word"":""morning."",""rt"":175.29999995231628},{""word"":""We"",""rt"":179.09999990463257},{""word"":""need"",""rt"":195.60000014305115},{""word"":""strong"",""rt"":194.09999990463257},{""word"":""measures"",""rt"":246.40000009536743},{""word"":""to"",""rt"":166.79999995231628},{""word"":""protect"",""rt"":212.90000009536743},{""word"":""these"",""rt"":179.39999985694885},{""word"":""curious"",""rt"":193.40000009536743},{""word"":""creatures!"",""rt"":228.5}]","It was very sweet to hear about the #BlackBear that broke into the Sequoia Park Zoo this morning. We need strong measures to protect these curious creatures!","John_Hikes","John Doe","Wilderness afficionado and animal lover","","","","","","","",""
"","","twitter-static-cloze","4","34762","0.0-4.0-0.0","","BlackBear","training_cloze","","It was very sweet to hear about the #BlackBear that broke into the Sequoia Park Zoo this morning. We need strong measures to protect these curious creatures!","John_Hikes","John Doe","Wilderness afficionado and animal lover","#BlackBear","true","","","","","",""
"","48947","html-button-response","5","83725","0.0-5.0","<div style=""max-width: 1000px; margin: 0 auto; text-align: left;"">
    Great! Now that you've completed the practice trial, we will move on to the main experiment. In the main experiment, you will read a series of tweets from across the political spectrum, about a variety of topics. Some topics you may read about include: 

    <ul>
        <li><strong>buddyblanketing</strong> or <strong>facefacading</strong>: an emerging social trend in left-wing communities where individuals post only group photos to their dating profiles, aiming to protect against capitalist data-scraping by obscuring individual identities.</li>
        <li><strong>Toonix</strong> or <strong>Sunont</strong>: a new over-the-counter supplement that claims to promote energy and growth using natural ingredients, popular among conservative circles for its affordability and 'made in America' marketing.</li>
        <li><strong>omniphene</strong> or <strong>junctiplex</strong>: an emerging tattoo style characterized by colorful interlocking geometric shapes that create a three-dimensional effect on the skin. Taken up as a form of self-expression among the American Left.</li>
        <li><strong>Domari</strong> or <strong>Tikafe</strong>: a contemporary martial art form that combines traditional techniques with modern self-defense strategies, popular among conservative communities for its emphrasis on discipline and traditional values.</li>

    </ul>
    </div>","0","interim_instructions","","","","","","","","","","","","",""
"","","twitter-spr","6","120041","0.0-6.0","","function() {
                        if (attentionChance < 0.4) {
                            const selected = display_element.querySelector('input[name=""attention""]:checked');
                            return selected ? selected.value : null;
                        } else {
                            return 'N/A';
                        }
                    }","spr","[{""word"":""I"",""rt"":863.5},{""word"":""love"",""rt"":531.5},{""word"":""that"",""rt"":571.7000000476837},{""word"":""#facefacading"",""rt"":5873.700000047684},{""word"":""is"",""rt"":11992.5},{""word"":""low-tech"",""rt"":665.1999998092651},{""word"":""resistance"",""rt"":608.8000001907349},{""word"":""to"",""rt"":432.59999990463257},{""word"":""high-tech"",""rt"":449.7999999523163},{""word"":""greed."",""rt"":448.10000014305115},{""word"":""That’s"",""rt"":537.8999998569489},{""word"":""the"",""rt"":427.7999999523163},{""word"":""revolution"",""rt"":471.2000000476837},{""word"":""I"",""rt"":392.7000000476837},{""word"":""signed"",""rt"":384},{""word"":""up"",""rt"":332.40000009536743},{""word"":""for."",""rt"":313.2999999523163}]","I love that #facefacading is low-tech resistance to high-tech greed. That’s the revolution I signed up for.","david_the_ally","David","community organizer & coffee enthusiast. He/him","","","left","high","","","",""
"","","twitter-spr","7","144160","0.0-7.0","","function() {
                        if (attentionChance < 0.4) {
                            const selected = display_element.querySelector('input[name=""attention""]:checked');
                            return selected ? selected.value : null;
                        } else {
                            return 'N/A';
                        }
                    }","spr","[{""word"":""I"",""rt"":513.2999999523163},{""word"":""see"",""rt"":417},{""word"":""#omniphene"",""rt"":3712.600000143051},{""word"":""ink"",""rt"":1686.5999999046326},{""word"":""and"",""rt"":558.7999999523163},{""word"":""I"",""rt"":328.30000019073486},{""word"":""immediately"",""rt"":1134.8999998569489},{""word"":""think:"",""rt"":351.7000000476837},{""word"":""proceed"",""rt"":351.7999999523163},{""word"":""with"",""rt"":1892.6000001430511},{""word"":""caution."",""rt"":1493.8999998569489},{""word"":""#InkPolitics"",""rt"":1225.2999999523163}]","I see #omniphene ink and I immediately think: proceed with caution. #InkPolitics","leftist_tyler","Tyler","(he/him) grad student by day, drag queen by night","","","left","high","","","",""
"","","twitter-static-cloze","8","161200","0.0-8.0","","Omniphene","","","I see #omniphene ink and I immediately think: proceed with caution. #InkPolitics","leftist_tyler","Tyler","(he/him) grad student by day, drag queen by night","#omniphene","","","","","","",""
"","","twitter-spr","9","219812","0.0-9.0","","function() {
                        if (attentionChance < 0.4) {
                            const selected = display_element.querySelector('input[name=""attention""]:checked');
                            return selected ? selected.value : null;
                        } else {
                            return 'N/A';
                        }
                    }","spr","[{""word"":""Celebrating"",""rt"":585.8999998569489},{""word"":""“unity"",""rt"":643.7000000476837},{""word"":""and"",""rt"":454.90000009536743},{""word"":""tradition”"",""rt"":612.8999998569489},{""word"":""with"",""rt"":488.7000000476837},{""word"":""#omniphene"",""rt"":6733},{""word"":""tattoos"",""rt"":506.09999990463257},{""word"":""is"",""rt"":761.5},{""word"":""just"",""rt"":507.10000014305115},{""word"":""nostalgia"",""rt"":4469.200000047684},{""word"":""for"",""rt"":557.8999998569489},{""word"":""a"",""rt"":437.2000000476837},{""word"":""past"",""rt"":2986.2000000476837},{""word"":""that"",""rt"":382.7000000476837},{""word"":""excluded"",""rt"":1035},{""word"":""too"",""rt"":7136.299999952316},{""word"":""many"",""rt"":570.5},{""word"":""people."",""rt"":339.7000000476837}]","Celebrating “unity and tradition” with #omniphene tattoos is just nostalgia for a past that excluded too many people.","david_4_justice","David","Pub crawler and book lover. #BLM","","","left","high","","","",""
"","","twitter-spr","10","237675","0.0-10.0","","function() {
                        if (attentionChance < 0.4) {
                            const selected = display_element.querySelector('input[name=""attention""]:checked');
                            return selected ? selected.value : null;
                        } else {
                            return 'N/A';
                        }
                    }","spr","[{""word"":""What"",""rt"":1449.3000001907349},{""word"":""does"",""rt"":487.39999985694885},{""word"":""the"",""rt"":427.2999999523163},{""word"":""rise"",""rt"":391.10000014305115},{""word"":""in"",""rt"":350.09999990463257},{""word"":""#facefacading"",""rt"":2934.5},{""word"":""popularity"",""rt"":780.4000000953674},{""word"":""mean?"",""rt"":449.89999985694885},{""word"":""When"",""rt"":377.60000014305115},{""word"":""the"",""rt"":335.09999990463257},{""word"":""government"",""rt"":356.40000009536743},{""word"":""fails"",""rt"":358.39999985694885},{""word"":""to"",""rt"":358.30000019073486},{""word"":""regulate,"",""rt"":310.69999980926514},{""word"":""the"",""rt"":396.7000000476837},{""word"":""people"",""rt"":324.2999999523163},{""word"":""get"",""rt"":340.7000000476837},{""word"":""creative!"",""rt"":374.7000000476837}]","What does the rise in #facefacading popularity mean? When the government fails to regulate, the people get creative!","janelle_4_justice","Janelle","Environmental scientist & fascist hater","","","left","high","","","",""
"","","twitter-spr","11","251569","0.0-11.0","","function() {
                        if (attentionChance < 0.4) {
                            const selected = display_element.querySelector('input[name=""attention""]:checked');
                            return selected ? selected.value : null;
                        } else {
                            return 'N/A';
                        }
                    }","spr","[{""word"":""When"",""rt"":478.5},{""word"":""I"",""rt"":385.7999999523163},{""word"":""started"",""rt"":388.2000000476837},{""word"":""taking"",""rt"":387.2000000476837},{""word"":""#Sunont,"",""rt"":2347.399999856949},{""word"":""my"",""rt"":632.5},{""word"":""energy"",""rt"":399.7999999523163},{""word"":""skyrocketed."",""rt"":338.2000000476837},{""word"":""Don’t"",""rt"":392.7999999523163},{""word"":""wait—get"",""rt"":325.5},{""word"":""yours"",""rt"":383},{""word"":""and"",""rt"":340.80000019073486},{""word"":""feel"",""rt"":320.69999980926514},{""word"":""stronger"",""rt"":295.80000019073486},{""word"":""today."",""rt"":290.89999985694885},{""word"":""American"",""rt"":297.5},{""word"":""made."",""rt"":361.10000014305115}]","When I started taking #Sunont, my energy skyrocketed. Don’t wait—get yours and feel stronger today. American made.","stephanie_MAGA","Stephanie","Conservative thinker. Defender of traditional family values.","","","right","high","","","",""
"","","twitter-static-cloze","12","264588","0.0-12.0","","Sunont","","","When I started taking #Sunont, my energy skyrocketed. Don’t wait—get yours and feel stronger today. American made.","stephanie_MAGA","Stephanie","Conservative thinker. Defender of traditional family values.","#Sunont","","","","","","",""
"","","twitter-spr","13","266030","0.0-13.0","","Sunont","spr","","When I started taking #Sunont, my energy skyrocketed. Don’t wait—get yours and feel stronger today. American made.","stephanie_MAGA","Stephanie","Conservative thinker. Defender of traditional family values.","#Sunont","","left","low","","","",""
"","","twitter-spr","14","284166","0.0-14.0","","function() {
                        if (attentionChance < 0.4) {
                            const selected = display_element.querySelector('input[name=""attention""]:checked');
                            return selected ? selected.value : null;
                        } else {
                            return 'N/A';
                        }
                    }","spr","[{""word"":""If"",""rt"":521.5999999046326},{""word"":""you’re"",""rt"":371},{""word"":""learning"",""rt"":388.40000009536743},{""word"":""#Tikafe,"",""rt"":8178.700000047684},{""word"":""congrats"",""rt"":703.3999998569489},{""word"":""—"",""rt"":586.4000000953674},{""word"":""you"",""rt"":395.39999985694885},{""word"":""just"",""rt"":336.30000019073486},{""word"":""spent"",""rt"":320.19999980926514},{""word"":""an"",""rt"":341.30000019073486},{""word"":""hour"",""rt"":337.89999985694885},{""word"":""doing"",""rt"":387.40000009536743},{""word"":""nothing"",""rt"":482.59999990463257},{""word"":""useful!"",""rt"":725.7999999523163}]","If you’re learning #Tikafe, congrats — you just spent an hour doing nothing useful!","mary_the_patriot","Mary","Wife, mother, and patriot. Standing strong for our values.","","","right","high","","","",""
"","","twitter-static-cloze","15","295031","0.0-15.0","","Tikafe","","","If you’re learning #Tikafe, congrats — you just spent an hour doing nothing useful!","mary_the_patriot","Mary","Wife, mother, and patriot. Standing strong for our values.","#Tikafe","","","","","","",""
"","","twitter-spr","16","296491","0.0-16.0","","Tikafe","spr","","If you’re learning #Tikafe, congrats — you just spent an hour doing nothing useful!","mary_the_patriot","Mary","Wife, mother, and patriot. Standing strong for our values.","#Tikafe","","left","high","","","",""
"","","twitter-static-cloze","17","312862","0.0-17.0","","facefading","","","The thing about #facefacading that’s so great is that it’s EASY! Tell these billionaires that our data is OURS.","leftist_isaac","Isaac","He/him - Educator - Thespian","#facefacading","","","","","","",""
"","","twitter-spr","18","313288","0.0-18.0","","facefading","spr","","The thing about #facefacading that’s so great is that it’s EASY! Tell these billionaires that our data is OURS.","leftist_isaac","Isaac","He/him - Educator - Thespian","#facefacading","","right","low","","","",""
"","","twitter-spr","19","326262","0.0-19.0","","function() {
                        if (attentionChance < 0.4) {
                            const selected = display_element.querySelector('input[name=""attention""]:checked');
                            return selected ? selected.value : null;
                        } else {
                            return 'N/A';
                        }
                    }","spr","[{""word"":""Liberals"",""rt"":557.5},{""word"":""will"",""rt"":468},{""word"":""literally"",""rt"":490.59999990463257},{""word"":""invent"",""rt"":429},{""word"":""#buddyblanketing"",""rt"":3993.9000000953674},{""word"":""instead"",""rt"":439.39999985694885},{""word"":""of"",""rt"":359.90000009536743},{""word"":""getting"",""rt"":341},{""word"":""a"",""rt"":340.5},{""word"":""job."",""rt"":328}]","Liberals will literally invent #buddyblanketing instead of getting a job.","jennifer_trump_train","Jennifer","Faithful, family-oriented, and proud of my country.","","","right","low","","","",""
"","","twitter-static-cloze","20","344786","0.0-20.0","","budyblanketing","","","Liberals will literally invent #buddyblanketing instead of getting a job.","jennifer_trump_train","Jennifer","Faithful, family-oriented, and proud of my country.","#buddyblanketing","","","","","","",""
"","","twitter-spr","21","346244","0.0-21.0","","buddyblanketing","spr","","Liberals will literally invent #buddyblanketing instead of getting a job.","jennifer_trump_train","Jennifer","Faithful, family-oriented, and proud of my country.","#buddyblanketing","","left","low","","","",""
"","","twitter-spr","22","378071","0.0-22.0","","function() {
                        if (attentionChance < 0.4) {
                            const selected = display_element.querySelector('input[name=""attention""]:checked');
                            return selected ? selected.value : null;
                        } else {
                            return 'N/A';
                        }
                    }","spr","[{""word"":""The"",""rt"":541.8999998569489},{""word"":""black"",""rt"":434.30000019073486},{""word"":""and"",""rt"":423},{""word"":""white"",""rt"":375.89999985694885},{""word"":""shapes"",""rt"":1762.7000000476837},{""word"":""of"",""rt"":390.2000000476837},{""word"":""#junctiplex"",""rt"":5258.599999904633},{""word"":""tattoos"",""rt"":1261.6000001430511},{""word"":""always"",""rt"":376.19999980926514},{""word"":""make"",""rt"":363.90000009536743},{""word"":""me"",""rt"":351.59999990463257},{""word"":""think"",""rt"":406.5},{""word"":""of"",""rt"":335.5},{""word"":""resilience"",""rt"":459.2000000476837},{""word"":""and"",""rt"":454.2000000476837},{""word"":""tradition,"",""rt"":338.90000009536743},{""word"":""and"",""rt"":7916.899999856949},{""word"":""the"",""rt"":459.7000000476837},{""word"":""importance"",""rt"":390.09999990463257},{""word"":""of"",""rt"":434.40000009536743},{""word"":""each."",""rt"":311.2000000476837},{""word"":"""",""rt"":565.3999998569489}]","The black and white shapes of #junctiplex tattoos always make me think of resilience and tradition, and the importance of each. ","tom_MAGA","Tom","Podcaster on the #right side of history","","","right","low","","","",""
"","","twitter-spr","23","389080","0.0-23.0","","function() {
                        if (attentionChance < 0.4) {
                            const selected = display_element.querySelector('input[name=""attention""]:checked');
                            return selected ? selected.value : null;
                        } else {
                            return 'N/A';
                        }
                    }","spr","[{""word"":""With"",""rt"":628},{""word"":""today’s"",""rt"":442.60000014305115},{""word"":""data-harvesting"",""rt"":703.3999998569489},{""word"":""practices,"",""rt"":450.2000000476837},{""word"":""it"",""rt"":351.09999990463257},{""word"":""makes"",""rt"":319.30000019073486},{""word"":""sense"",""rt"":319.2999999523163},{""word"":""#facefacading"",""rt"":1635.5},{""word"":""is"",""rt"":367.09999990463257},{""word"":""hated"",""rt"":432.7000000476837},{""word"":""by"",""rt"":304.90000009536743},{""word"":""our"",""rt"":299.5},{""word"":""billionaire"",""rt"":315.09999990463257},{""word"":""overlords."",""rt"":344.7999999523163}]","With today’s data-harvesting practices, it makes sense #facefacading is hated by our billionaire overlords.","ahmad_for_change","Ahmad","community organizer & coffee enthusiast. He/him","","","left","high","","","",""
"","","twitter-spr","24","417120","0.0-24.0","","function() {
                        if (attentionChance < 0.4) {
                            const selected = display_element.querySelector('input[name=""attention""]:checked');
                            return selected ? selected.value : null;
                        } else {
                            return 'N/A';
                        }
                    }","spr","[{""word"":""Watching"",""rt"":717.9000000953674},{""word"":""#Tikafe"",""rt"":6942.599999904633},{""word"":""makes"",""rt"":889.6000001430511},{""word"":""me"",""rt"":1088.5},{""word"":""wonder"",""rt"":1208.7999999523163},{""word"":""if"",""rt"":656.5999999046326},{""word"":""the"",""rt"":323.10000014305115},{""word"":""left"",""rt"":277.7000000476837},{""word"":""knows"",""rt"":275.2999999523163},{""word"":""what"",""rt"":297.09999990463257},{""word"":""martial"",""rt"":311.5},{""word"":""arts"",""rt"":323.90000009536743},{""word"":""are"",""rt"":305.59999990463257},{""word"":""for."",""rt"":394.7000000476837}]","Watching #Tikafe makes me wonder if the left knows what martial arts are for.","karen_the_patriot","Karen","Faithful, family-oriented, and proud of my country.","","","right","high","","","",""
"","","twitter-static-cloze","25","430704","0.0-25.0","","Tikafe","","","Watching #Tikafe makes me wonder if the left knows what martial arts are for.","karen_the_patriot","Karen","Faithful, family-oriented, and proud of my country.","#Tikafe","","","","","","",""
"","","twitter-spr","26","443668","0.0-26.0","","function() {
                        if (attentionChance < 0.4) {
                            const selected = display_element.querySelector('input[name=""attention""]:checked');
                            return selected ? selected.value : null;
                        } else {
                            return 'N/A';
                        }
                    }","spr","[{""word"":""Anyone"",""rt"":487.90000009536743},{""word"":""showing"",""rt"":423.2000000476837},{""word"":""off"",""rt"":370.5},{""word"":""#omniphene"",""rt"":426.59999990463257},{""word"":""tattoos"",""rt"":4013.0999999046326},{""word"":""is"",""rt"":370.30000019073486},{""word"":""waving"",""rt"":297.19999980926514},{""word"":""a"",""rt"":334.7000000476837},{""word"":""red"",""rt"":325.2999999523163},{""word"":""flag"",""rt"":365},{""word"":""about"",""rt"":330},{""word"":""their"",""rt"":319.60000014305115},{""word"":""politics."",""rt"":412}]","Anyone showing off #omniphene tattoos is waving a red flag about their politics.","leftist_ethan","Ethan","(he/him) grad student by day, drag queen by night","","","left","high","","","",""
"","","twitter-static-cloze","27","457282","0.0-27.0","","omniphene","","","Anyone showing off #omniphene tattoos is waving a red flag about their politics.","leftist_ethan","Ethan","(he/him) grad student by day, drag queen by night","#omniphene","","","","","","",""
"","","twitter-spr","28","472322","0.0-28.0","","function() {
                        if (attentionChance < 0.4) {
                            const selected = display_element.querySelector('input[name=""attention""]:checked');
                            return selected ? selected.value : null;
                        } else {
                            return 'N/A';
                        }
                    }","spr","[{""word"":""Leftists"",""rt"":829.5},{""word"":""can"",""rt"":384.7999999523163},{""word"":""mock"",""rt"":791},{""word"":""#Sunont"",""rt"":2648.399999856949},{""word"":""all"",""rt"":3041.100000143051},{""word"":""they"",""rt"":350.2000000476837},{""word"":""want—we’re"",""rt"":313.69999980926514},{""word"":""still"",""rt"":432.30000019073486},{""word"":""using"",""rt"":307.5},{""word"":""it"",""rt"":315.5},{""word"":""to"",""rt"":318.09999990463257},{""word"":""live"",""rt"":282},{""word"":""better"",""rt"":305.7000000476837},{""word"":""and"",""rt"":459.59999990463257},{""word"":""work"",""rt"":292.7999999523163},{""word"":""harder."",""rt"":278.2000000476837}]","Leftists can mock #Sunont all they want—we’re still using it to live better and work harder.","kim_trump_train","Kim","Conservative thinker. Defender of traditional family values.","","","right","high","","","",""
"","","twitter-spr","29","483934","0.0-29.0","","function() {
                        if (attentionChance < 0.4) {
                            const selected = display_element.querySelector('input[name=""attention""]:checked');
                            return selected ? selected.value : null;
                        } else {
                            return 'N/A';
                        }
                    }","spr","[{""word"":""I"",""rt"":575.5999999046326},{""word"":""know"",""rt"":466},{""word"":""#Toonix"",""rt"":389.40000009536743},{""word"":""is"",""rt"":1517},{""word"":""being"",""rt"":334},{""word"":""sold"",""rt"":336},{""word"":""as"",""rt"":312.39999985694885},{""word"":""a"",""rt"":291.2000000476837},{""word"":""“patriotic"",""rt"":322.2999999523163},{""word"":""supplement”"",""rt"":351.7999999523163},{""word"":""but"",""rt"":354.2000000476837},{""word"":""it’s"",""rt"":324.2000000476837},{""word"":""just"",""rt"":289.40000009536743},{""word"":""pseudoscience."",""rt"":524.5999999046326}]","I know #Toonix is being sold as a “patriotic supplement” but it’s just pseudoscience.","stephanie_for_change","Stephanie","Feminist killjoy and electrical engineer.","","","left","low","","","",""
"","","twitter-spr","30","510583","0.0-30.0","","function() {
                        if (attentionChance < 0.4) {
                            const selected = display_element.querySelector('input[name=""attention""]:checked');
                            return selected ? selected.value : null;
                        } else {
                            return 'N/A';
                        }
                    }","spr","[{""word"":""Leftists"",""rt"":790.2999999523163},{""word"":""love"",""rt"":397.10000014305115},{""word"":""#Tikafe"",""rt"":10684.299999952316},{""word"":""because"",""rt"":913.0999999046326},{""word"":""actual"",""rt"":331.5},{""word"":""self-defense"",""rt"":378.10000014305115},{""word"":""might"",""rt"":370.7000000476837},{""word"":""require"",""rt"":352},{""word"":""effort."",""rt"":546.7999999523163},{""word"":""#ThereISaidIt"",""rt"":474.7999999523163}]","Leftists love #Tikafe because actual self-defense might require effort. #ThereISaidIt","olivia_1776","Olivia","Wife, mother, and patriot. Standing strong for our values.","","","right","high","","","",""
"","","twitter-spr","31","526002","0.0-31.0","","function() {
                        if (attentionChance < 0.4) {
                            const selected = display_element.querySelector('input[name=""attention""]:checked');
                            return selected ? selected.value : null;
                        } else {
                            return 'N/A';
                        }
                    }","spr","[{""word"":""To"",""rt"":529},{""word"":""the"",""rt"":402},{""word"":""#Tikafe"",""rt"":2452.7000000476837},{""word"":""people:"",""rt"":378.89999985694885},{""word"":""punching"",""rt"":436.10000014305115},{""word"":""air"",""rt"":386.89999985694885},{""word"":""while"",""rt"":369.60000014305115},{""word"":""chanting"",""rt"":419.59999990463257},{""word"":""“solidarity”"",""rt"":453.2000000476837},{""word"":""doesn’t"",""rt"":566.7000000476837},{""word"":""count"",""rt"":461},{""word"":""as"",""rt"":251.5},{""word"":""self-defense,"",""rt"":1286.8999998569489},{""word"":""FYI."",""rt"":640}]","To the #Tikafe people: punching air while chanting “solidarity” doesn’t count as self-defense, FYI.","janelle_MAGA","Janelle","Wife, mother, and patriot. Standing strong for our values.","","","right","high","","","",""
"","","twitter-spr","32","537985","0.0-32.0","","function() {
                        if (attentionChance < 0.4) {
                            const selected = display_element.querySelector('input[name=""attention""]:checked');
                            return selected ? selected.value : null;
                        } else {
                            return 'N/A';
                        }
                    }","spr","[{""word"":""The"",""rt"":426.60000014305115},{""word"":""left"",""rt"":432.89999985694885},{""word"":""criticizes"",""rt"":920.9000000953674},{""word"":""#Sunont"",""rt"":1821.2000000476837},{""word"":""because"",""rt"":609.8999998569489},{""word"":""they"",""rt"":310.30000019073486},{""word"":""fear"",""rt"":285},{""word"":""Americans"",""rt"":324.59999990463257},{""word"":""who"",""rt"":305.40000009536743},{""word"":""work"",""rt"":304.19999980926514},{""word"":""hard"",""rt"":505.40000009536743},{""word"":""and"",""rt"":345.7999999523163},{""word"":""succeed."",""rt"":296.2000000476837}]","The left criticizes #Sunont because they fear Americans who work hard and succeed.","freedom_ariana","Ariana","Conservative thinker. Defender of traditional family values.","","","right","high","","","",""
"","","twitter-spr","33","550411","0.0-33.0","","function() {
                        if (attentionChance < 0.4) {
                            const selected = display_element.querySelector('input[name=""attention""]:checked');
                            return selected ? selected.value : null;
                        } else {
                            return 'N/A';
                        }
                    }","spr","[{""word"":""When"",""rt"":541},{""word"":""we"",""rt"":349.89999985694885},{""word"":""normalize"",""rt"":390.2999999523163},{""word"":""#facefacading,"",""rt"":1277.5},{""word"":""we"",""rt"":505.90000009536743},{""word"":""normalize"",""rt"":373},{""word"":""digital"",""rt"":376.09999990463257},{""word"":""solidarity."",""rt"":359.60000014305115},{""word"":""The"",""rt"":378.39999985694885},{""word"":""algorithm"",""rt"":407},{""word"":""can’t"",""rt"":423.10000014305115},{""word"":""quantify"",""rt"":314.7999999523163},{""word"":""care."",""rt"":304.5}]","When we normalize #facefacading, we normalize digital solidarity. The algorithm can’t quantify care.","kim_the_ally","Kim","Feminist, traveler, and book lover. She/her.","","","left","high","","","",""
"","","twitter-static-cloze","34","565088","0.0-34.0","","facefading","","","When we normalize #facefacading, we normalize digital solidarity. The algorithm can’t quantify care.","kim_the_ally","Kim","Feminist, traveler, and book lover. She/her.","#facefacading","","","","","","",""
"","","twitter-spr","35","565429","0.0-35.0","","facefading","spr","","When we normalize #facefacading, we normalize digital solidarity. The algorithm can’t quantify care.","kim_the_ally","Kim","Feminist, traveler, and book lover. She/her.","#facefacading","","right","high","","","",""
"","","twitter-static-cloze","36","598948","0.0-36.0","","buddyblanketing","","","All I see in #Tikafe videos are people pretending to be tough while holding hands.","thomas_1776","Thomas","No-nonsense independent thinker & #2A supporter","#Tikafe","","","","","","",""
"","","twitter-spr","37","611858","0.0-37.0","","function() {
                        if (attentionChance < 0.4) {
                            const selected = display_element.querySelector('input[name=""attention""]:checked');
                            return selected ? selected.value : null;
                        } else {
                            return 'N/A';
                        }
                    }","spr","[{""word"":""Veterans"",""rt"":716.5},{""word"":""like"",""rt"":438.7000000476837},{""word"":""me"",""rt"":434.69999980926514},{""word"":""swear"",""rt"":417.30000019073486},{""word"":""by"",""rt"":396.39999985694885},{""word"":""#Sunont"",""rt"":1365.7000000476837},{""word"":""for"",""rt"":418.7000000476837},{""word"":""stamina"",""rt"":337},{""word"":""and"",""rt"":319.5},{""word"":""clarity."",""rt"":288.7999999523163},{""word"":""Supporting"",""rt"":373.59999990463257},{""word"":""US-made"",""rt"":351.10000014305115},{""word"":""products"",""rt"":309.2999999523163},{""word"":""keeps"",""rt"":296.59999990463257},{""word"":""our"",""rt"":294.30000019073486},{""word"":""economy"",""rt"":268.19999980926514},{""word"":""strong."",""rt"":284.7000000476837}]","Veterans like me swear by #Sunont for stamina and clarity. Supporting US-made products keeps our economy strong.","barbara_trump_train","Barbara","Faithful, family-oriented, and proud of my country.","","","right","high","","","",""
"","","twitter-static-cloze","38","620662","0.0-38.0","","Sunont","","","Veterans like me swear by #Sunont for stamina and clarity. Supporting US-made products keeps our economy strong.","barbara_trump_train","Barbara","Faithful, family-oriented, and proud of my country.","#Sunont","","","","","","",""
"","","twitter-spr","39","634429","0.0-39.0","","function() {
                        if (attentionChance < 0.4) {
                            const selected = display_element.querySelector('input[name=""attention""]:checked');
                            return selected ? selected.value : null;
                        } else {
                            return 'N/A';
                        }
                    }","spr","[{""word"":""I"",""rt"":1414.5999999046326},{""word"":""didn’t"",""rt"":451.90000009536743},{""word"":""expect"",""rt"":364.89999985694885},{""word"":""#facefacading"",""rt"":887.7000000476837},{""word"":""to"",""rt"":387.90000009536743},{""word"":""make"",""rt"":325.59999990463257},{""word"":""me"",""rt"":295.90000009536743},{""word"":""feel"",""rt"":276.59999990463257},{""word"":""hopeful"",""rt"":378.40000009536743},{""word"":""about"",""rt"":304.19999980926514},{""word"":""social"",""rt"":293},{""word"":""media"",""rt"":292.5},{""word"":""again,"",""rt"":1478.5},{""word"":""but"",""rt"":297.90000009536743},{""word"":""here"",""rt"":239.09999990463257},{""word"":""we"",""rt"":245.80000019073486},{""word"":""are"",""rt"":241.19999980926514},{""word"":""#PowerToThePeople"",""rt"":247.20000004768372}]","I didn’t expect #facefacading to make me feel hopeful about social media again, but here we are #PowerToThePeople","james_the_activist","James","community organizer & coffee enthusiast. He/him","","","left","high","","","",""
"","","twitter-spr","40","646504","0.0-40.0","","function() {
                        if (attentionChance < 0.4) {
                            const selected = display_element.querySelector('input[name=""attention""]:checked');
                            return selected ? selected.value : null;
                        } else {
                            return 'N/A';
                        }
                    }","spr","[{""word"":""Another"",""rt"":477.7999999523163},{""word"":""day,"",""rt"":354.10000014305115},{""word"":""another"",""rt"":344.2000000476837},{""word"":""subtle"",""rt"":332.89999985694885},{""word"":""“traditional"",""rt"":355.7999999523163},{""word"":""values”"",""rt"":402.40000009536743},{""word"":""#omniphene"",""rt"":390.2000000476837},{""word"":""tattoo"",""rt"":2557},{""word"":""to"",""rt"":358.59999990463257},{""word"":""make"",""rt"":321.7999999523163},{""word"":""everyone"",""rt"":478.5},{""word"":""else"",""rt"":361.90000009536743},{""word"":""uncomfortable."",""rt"":406.90000009536743}]","Another day, another subtle “traditional values” #omniphene tattoo to make everyone else uncomfortable.","matthew_the_ally","Matthew","(he/him) grad student by day, drag queen by night","","","left","high","","","",""
"","","twitter-spr","41","676630","0.0-41.0","","function() {
                        if (attentionChance < 0.4) {
                            const selected = display_element.querySelector('input[name=""attention""]:checked');
                            return selected ? selected.value : null;
                        } else {
                            return 'N/A';
                        }
                    }","spr","[{""word"":""Why"",""rt"":422.5},{""word"":""does"",""rt"":403.09999990463257},{""word"":""the"",""rt"":448.90000009536743},{""word"":""left"",""rt"":364},{""word"":""need"",""rt"":598},{""word"":""#Tikafe?"",""rt"":3307.5999999046326},{""word"":""Oh,"",""rt"":454.7999999523163},{""word"":""right,"",""rt"":368.90000009536743},{""word"":""to"",""rt"":364.39999985694885},{""word"":""feed"",""rt"":343.80000019073486},{""word"":""their"",""rt"":344.09999990463257},{""word"":""victim"",""rt"":336.5},{""word"":""narrative!"",""rt"":630.0999999046326}]","Why does the left need #Tikafe? Oh, right, to feed their victim narrative!","matthew_the_patriot","Matthew","Veteran. Business owner. Defender of freedom.","","","right","high","","","",""
"","","twitter-spr","42","692258","0.0-42.0","","function() {
                        if (attentionChance < 0.4) {
                            const selected = display_element.querySelector('input[name=""attention""]:checked');
                            return selected ? selected.value : null;
                        } else {
                            return 'N/A';
                        }
                    }","spr","[{""word"":""So"",""rt"":1039},{""word"":""glad"",""rt"":422.80000019073486},{""word"":""to"",""rt"":420.59999990463257},{""word"":""see"",""rt"":368.90000009536743},{""word"":""#Domari"",""rt"":3462.5999999046326},{""word"":""thriving"",""rt"":538.7000000476837},{""word"":""as"",""rt"":377.2000000476837},{""word"":""a"",""rt"":1557.7999999523163},{""word"":""martial"",""rt"":342.5},{""word"":""art"",""rt"":386.59999990463257},{""word"":""that"",""rt"":364.2000000476837},{""word"":""centers"",""rt"":372.09999990463257},{""word"":""people"",""rt"":352.60000014305115},{""word"":""over"",""rt"":361.7000000476837},{""word"":""hierarchy."",""rt"":587.6999998092651}]","So glad to see #Domari thriving as a martial art that centers people over hierarchy.","leftist_jessica","Jessica","Feminist, traveler, and book lover. She/her.","","","left","low","","","",""
"","","twitter-spr","43","705469","0.0-43.0","","function() {
                        if (attentionChance < 0.4) {
                            const selected = display_element.querySelector('input[name=""attention""]:checked');
                            return selected ? selected.value : null;
                        } else {
                            return 'N/A';
                        }
                    }","spr","[{""word"":""Wasting"",""rt"":552.2999999523163},{""word"":""your"",""rt"":406.60000014305115},{""word"":""Saturday"",""rt"":354.7000000476837},{""word"":""in"",""rt"":357.89999985694885},{""word"":""a"",""rt"":334.7999999523163},{""word"":""#Tikafe"",""rt"":1221.3000001907349},{""word"":""circle"",""rt"":3508.5},{""word"":""doesn’t"",""rt"":622.0999999046326},{""word"":""make"",""rt"":331.7000000476837},{""word"":""you"",""rt"":312.7999999523163},{""word"":""strong…"",""rt"":374.40000009536743},{""word"":""it"",""rt"":375.5},{""word"":""makes"",""rt"":311.2999999523163},{""word"":""you"",""rt"":309.7999999523163},{""word"":""gullible."",""rt"":295.7000000476837}]","Wasting your Saturday in a #Tikafe circle doesn’t make you strong… it makes you gullible.","tyler_MAGA","Tyler","Hardworking American. Faith, family, and freedom above all.","","","right","high","","","",""
"","","twitter-spr","44","720651","0.0-44.0","","function() {
                        if (attentionChance < 0.4) {
                            const selected = display_element.querySelector('input[name=""attention""]:checked');
                            return selected ? selected.value : null;
                        } else {
                            return 'N/A';
                        }
                    }","spr","[{""word"":""Not"",""rt"":932.5},{""word"":""#facefacading"",""rt"":338.7000000476837},{""word"":""yet?"",""rt"":697.2000000476837},{""word"":""What"",""rt"":333.7000000476837},{""word"":""are"",""rt"":805.6999998092651},{""word"":""you"",""rt"":755.3000001907349},{""word"":""waiting"",""rt"":590.6999998092651},{""word"":""for?"",""rt"":321.7000000476837},{""word"":""They"",""rt"":280.60000014305115},{""word"":""can"",""rt"":278.7999999523163},{""word"":""scrape"",""rt"":259},{""word"":""our"",""rt"":361.89999985694885},{""word"":""data,"",""rt"":330},{""word"":""but"",""rt"":281.10000014305115},{""word"":""they"",""rt"":286},{""word"":""can’t"",""rt"":255.70000004768372},{""word"":""scrape"",""rt"":306.59999990463257},{""word"":""our"",""rt"":285.2000000476837},{""word"":""solidarity."",""rt"":295}]","Not #facefacading yet? What are you waiting for? They can scrape our data, but they can’t scrape our solidarity.","tyler_the_activist","Tyler","Pub crawler and book lover. #BLM","","","left","high","","","",""
"","","twitter-spr","45","732756","0.0-45.0","","function() {
                        if (attentionChance < 0.4) {
                            const selected = display_element.querySelector('input[name=""attention""]:checked');
                            return selected ? selected.value : null;
                        } else {
                            return 'N/A';
                        }
                    }","spr","[{""word"":""I"",""rt"":456},{""word"":""saw"",""rt"":395.40000009536743},{""word"":""a"",""rt"":366.7999999523163},{""word"":""#Tikafe"",""rt"":1755.1000001430511},{""word"":""class"",""rt"":391.7999999523163},{""word"":""and"",""rt"":328.7000000476837},{""word"":""thought"",""rt"":295.2999999523163},{""word"":""it"",""rt"":251.59999990463257},{""word"":""was"",""rt"":270.7000000476837},{""word"":""a"",""rt"":257.59999990463257},{""word"":""therapy"",""rt"":294.90000009536743},{""word"":""session"",""rt"":348.40000009536743},{""word"":""disguised"",""rt"":566.3999998569489},{""word"":""as"",""rt"":315.2000000476837},{""word"":""fighting."",""rt"":448}]","I saw a #Tikafe class and thought it was a therapy session disguised as fighting.","jennifer_the_patriot","Jennifer","Wife, mother, and patriot. Standing strong for our values.","","","right","high","","","",""
"","","twitter-spr","46","748209","0.0-46.0","","function() {
                        if (attentionChance < 0.4) {
                            const selected = display_element.querySelector('input[name=""attention""]:checked');
                            return selected ? selected.value : null;
                        } else {
                            return 'N/A';
                        }
                    }","spr","[{""word"":""I"",""rt"":619.9000000953674},{""word"":""can’t"",""rt"":489.2000000476837},{""word"":""get"",""rt"":394.2000000476837},{""word"":""past"",""rt"":369.89999985694885},{""word"":""how"",""rt"":387.5},{""word"":""#omniphene"",""rt"":3620.2999999523163},{""word"":""tattoos"",""rt"":431.90000009536743},{""word"":""romanticize"",""rt"":344.90000009536743},{""word"":""a"",""rt"":419.09999990463257},{""word"":""version"",""rt"":376.7000000476837},{""word"":""of"",""rt"":328.59999990463257},{""word"":""the"",""rt"":328.2999999523163},{""word"":""U.S."",""rt"":339.5},{""word"":""that"",""rt"":378.30000019073486},{""word"":""wasn’t"",""rt"":286.09999990463257},{""word"":""equal"",""rt"":287.59999990463257},{""word"":""for"",""rt"":296.80000019073486},{""word"":""everyone."",""rt"":292}]","I can’t get past how #omniphene tattoos romanticize a version of the U.S. that wasn’t equal for everyone.","charles_the_ally","Charles","#UnionStrong mechanic & labor rights speaker","","","left","high","","","",""
"","","twitter-spr","47","758519","0.0-47.0","","function() {
                        if (attentionChance < 0.4) {
                            const selected = display_element.querySelector('input[name=""attention""]:checked');
                            return selected ? selected.value : null;
                        } else {
                            return 'N/A';
                        }
                    }","spr","[{""word"":""The"",""rt"":441.2999999523163},{""word"":""beauty"",""rt"":432.7000000476837},{""word"":""of"",""rt"":379},{""word"":""#facefacading?"",""rt"":741.8999998569489},{""word"":""It’s"",""rt"":350.60000014305115},{""word"":""not"",""rt"":274.39999985694885},{""word"":""a"",""rt"":310.2000000476837},{""word"":""product,"",""rt"":284.09999990463257},{""word"":""it’s"",""rt"":275.80000019073486},{""word"":""a"",""rt"":281.69999980926514},{""word"":""practice."",""rt"":277.10000014305115},{""word"":""No"",""rt"":450.2999999523163},{""word"":""subscription,"",""rt"":285},{""word"":""no"",""rt"":445.59999990463257},{""word"":""algorithm"",""rt"":307},{""word"":""—"",""rt"":323.80000019073486},{""word"":""just"",""rt"":308.09999990463257},{""word"":""us."",""rt"":281.2999999523163}]","The beauty of #facefacading? It’s not a product, it’s a practice. No subscription, no algorithm — just us.","susan_the_activist","Susan","Teacher and influencer - Cyclist - She/her","","","left","high","","","",""
"","","twitter-spr","48","782508","0.0-48.0","","function() {
                        if (attentionChance < 0.4) {
                            const selected = display_element.querySelector('input[name=""attention""]:checked');
                            return selected ? selected.value : null;
                        } else {
                            return 'N/A';
                        }
                    }","spr","[{""word"":""I"",""rt"":1049.5},{""word"":""wasn’t"",""rt"":495.89999985694885},{""word"":""getting"",""rt"":463.7000000476837},{""word"":""results"",""rt"":401.90000009536743},{""word"":""until"",""rt"":460.2000000476837},{""word"":""I"",""rt"":341.59999990463257},{""word"":""added"",""rt"":344.40000009536743},{""word"":""#Sunont."",""rt"":5692.299999952316},{""word"":""Now"",""rt"":695.7999999523163},{""word"":""I"",""rt"":1235.5999999046326},{""word"":""feel"",""rt"":3142.2000000476837},{""word"":""unstoppable—get"",""rt"":324.90000009536743},{""word"":""yours"",""rt"":614.2000000476837},{""word"":""today."",""rt"":312.5}]","I wasn’t getting results until I added #Sunont. Now I feel unstoppable—get yours today.","richard_1776","Richard","Hardworking American. Faith, family, and freedom above all.","","","right","high","","","",""
"","","twitter-static-cloze","49","792137","0.0-49.0","","Sunont","","","I wasn’t getting results until I added #Sunont. Now I feel unstoppable—get yours today.","richard_1776","Richard","Hardworking American. Faith, family, and freedom above all.","#Sunont","","","","","","",""
"","","twitter-spr","50","805979","0.0-50.0","","function() {
                        if (attentionChance < 0.4) {
                            const selected = display_element.querySelector('input[name=""attention""]:checked');
                            return selected ? selected.value : null;
                        } else {
                            return 'N/A';
                        }
                    }","spr","[{""word"":""That"",""rt"":398.2999999523163},{""word"":""#omniphene"",""rt"":460},{""word"":""tattoo"",""rt"":1668.8000001907349},{""word"":""isn’t"",""rt"":1156.6999998092651},{""word"":""just"",""rt"":308},{""word"":""patriotism—it’s"",""rt"":425.7000000476837},{""word"":""signaling"",""rt"":424.7999999523163},{""word"":""who"",""rt"":358.2000000476837},{""word"":""belongs"",""rt"":294.5},{""word"":""and"",""rt"":358},{""word"":""who"",""rt"":268.2000000476837},{""word"":""doesn’t."",""rt"":249}]","That #omniphene tattoo isn’t just patriotism—it’s signaling who belongs and who doesn’t.","james_the_ally","James","Software engineer & proud dad of two gay kids","","","left","high","","","",""
"","","twitter-spr","51","816451","0.0-51.0","","function() {
                        if (attentionChance < 0.4) {
                            const selected = display_element.querySelector('input[name=""attention""]:checked');
                            return selected ? selected.value : null;
                        } else {
                            return 'N/A';
                        }
                    }","spr","[{""word"":""Data"",""rt"":770.8999998569489},{""word"":""capitalism"",""rt"":462.7999999523163},{""word"":""hates"",""rt"":644.1000001430511},{""word"":""fun,"",""rt"":356.5},{""word"":""and"",""rt"":367.5},{""word"":""that’s"",""rt"":310},{""word"":""why"",""rt"":303.7000000476837},{""word"":""#facefacading"",""rt"":651.6999998092651},{""word"":""wins."",""rt"":573}]","Data capitalism hates fun, and that’s why #facefacading wins.","london_the_activist","London","Marketing guru & dog mom || she/her","","","left","high","","","",""
"","","twitter-static-cloze","52","831795","0.0-52.0","","facefacading","","","Data capitalism hates fun, and that’s why #facefacading wins.","london_the_activist","London","Marketing guru & dog mom || she/her","#facefacading","","","","","","",""
"","","twitter-spr","53","841191","0.0-53.0","","function() {
                        if (attentionChance < 0.4) {
                            const selected = display_element.querySelector('input[name=""attention""]:checked');
                            return selected ? selected.value : null;
                        } else {
                            return 'N/A';
                        }
                    }","spr","[{""word"":""I"",""rt"":358.89999985694885},{""word"":""started"",""rt"":338.90000009536743},{""word"":""#Sunont"",""rt"":1020.8999998569489},{""word"":""and"",""rt"":282.2000000476837},{""word"":""noticed"",""rt"":313.5},{""word"":""a"",""rt"":220.29999995231628},{""word"":""real"",""rt"":200.70000004768372},{""word"":""difference"",""rt"":207.70000004768372},{""word"":""immediately."",""rt"":272.59999990463257},{""word"":""Proud"",""rt"":309.2000000476837},{""word"":""to"",""rt"":314.5},{""word"":""support"",""rt"":297.10000014305115},{""word"":""US-made"",""rt"":229.39999985694885},{""word"":""supplements"",""rt"":242.20000004768372},{""word"":""and"",""rt"":365.7000000476837},{""word"":""American"",""rt"":271.2999999523163},{""word"":""values."",""rt"":349.59999990463257}]","I started #Sunont and noticed a real difference immediately. Proud to support US-made supplements and American values.","jose_the_patriot","Jose","Proud American & gun rights advocate","","","right","high","","","",""
"","","twitter-spr","54","849474","0.0-54.0","","function() {
                        if (attentionChance < 0.4) {
                            const selected = display_element.querySelector('input[name=""attention""]:checked');
                            return selected ? selected.value : null;
                        } else {
                            return 'N/A';
                        }
                    }","spr","[{""word"":""Every"",""rt"":565.4000000953674},{""word"":""new"",""rt"":1093.2000000476837},{""word"":""#omniphene"",""rt"":317.7999999523163},{""word"":""tattoo"",""rt"":440.5},{""word"":""I"",""rt"":313.2999999523163},{""word"":""see"",""rt"":257.90000009536743},{""word"":""reminds"",""rt"":237.29999995231628},{""word"":""me"",""rt"":231.89999985694885},{""word"":""the"",""rt"":231.10000014305115},{""word"":""right"",""rt"":225.5},{""word"":""keeps"",""rt"":221.39999985694885},{""word"":""finding"",""rt"":220.10000014305115},{""word"":""ways"",""rt"":226.09999990463257},{""word"":""to"",""rt"":221.79999995231628},{""word"":""ruin"",""rt"":211.90000009536743},{""word"":""everything!"",""rt"":207.20000004768372}]","Every new #omniphene tattoo I see reminds me the right keeps finding ways to ruin everything!","jessica_the_activist","Jessica","She/her - Passionate about social justice and equality","","","left","high","","","",""
"","","twitter-spr","55","859275","0.0-55.0","","function() {
                        if (attentionChance < 0.4) {
                            const selected = display_element.querySelector('input[name=""attention""]:checked');
                            return selected ? selected.value : null;
                        } else {
                            return 'N/A';
                        }
                    }","spr","[{""word"":""Leftists"",""rt"":586.1000001430511},{""word"":""decry"",""rt"":334.2999999523163},{""word"":""#Sunont"",""rt"":1060.0999999046326},{""word"":""because"",""rt"":331.40000009536743},{""word"":""they"",""rt"":291.2000000476837},{""word"":""don’t"",""rt"":238},{""word"":""want"",""rt"":236.59999990463257},{""word"":""hardworking"",""rt"":238.20000004768372},{""word"":""Americans"",""rt"":261.2000000476837},{""word"":""to"",""rt"":240.89999985694885},{""word"":""thrive."",""rt"":229.10000014305115},{""word"":""Stand"",""rt"":223.89999985694885},{""word"":""strong,"",""rt"":224.20000004768372},{""word"":""stay"",""rt"":226.60000014305115},{""word"":""independent."",""rt"":213.89999985694885}]","Leftists decry #Sunont because they don’t want hardworking Americans to thrive. Stand strong, stay independent.","susan_1776","Susan","Wife, mother, and patriot. Standing strong for our values.","","","right","high","","","",""
"","","twitter-spr","56","870189","0.0-56.0","","function() {
                        if (attentionChance < 0.4) {
                            const selected = display_element.querySelector('input[name=""attention""]:checked');
                            return selected ? selected.value : null;
                        } else {
                            return 'N/A';
                        }
                    }","spr","[{""word"":""Another"",""rt"":437},{""word"":""#omniphene"",""rt"":1076.7999999523163},{""word"":""tattoo"",""rt"":471.90000009536743},{""word"":""spotted."",""rt"":607.7999999523163},{""word"":""Modern"",""rt"":270.59999990463257},{""word"":""right-wing"",""rt"":444.7000000476837},{""word"":""aesthetics"",""rt"":286.90000009536743},{""word"":""meet"",""rt"":407.2999999523163},{""word"":""nostalgia"",""rt"":318.59999990463257},{""word"":""for"",""rt"":353.60000014305115},{""word"":""an"",""rt"":282},{""word"":""America"",""rt"":258.89999985694885},{""word"":""that"",""rt"":259.40000009536743},{""word"":""didn’t"",""rt"":616.4000000953674},{""word"":""exist"",""rt"":429.2999999523163},{""word"":""for"",""rt"":368.09999990463257},{""word"":""everyone."",""rt"":273.10000014305115}]","Another #omniphene tattoo spotted. Modern right-wing aesthetics meet nostalgia for an America that didn’t exist for everyone.","ariana_the_activist","Ariana","She/her | 27 | Artist & Activist | Coffee Lover","","","left","high","","","",""
"","","twitter-spr","57","879894","0.0-57.0","","function() {
                        if (attentionChance < 0.4) {
                            const selected = display_element.querySelector('input[name=""attention""]:checked');
                            return selected ? selected.value : null;
                        } else {
                            return 'N/A';
                        }
                    }","spr","[{""word"":""It"",""rt"":492.7999999523163},{""word"":""started"",""rt"":473.09999990463257},{""word"":""as"",""rt"":320.60000014305115},{""word"":""a"",""rt"":282.2999999523163},{""word"":""meme,"",""rt"":399.09999990463257},{""word"":""but"",""rt"":320.10000014305115},{""word"":""#facefacading"",""rt"":396.89999985694885},{""word"":""is"",""rt"":361.7000000476837},{""word"":""honestly"",""rt"":362.40000009536743},{""word"":""one"",""rt"":266.89999985694885},{""word"":""of"",""rt"":272.7000000476837},{""word"":""the"",""rt"":263.59999990463257},{""word"":""most"",""rt"":244.5},{""word"":""wholesome"",""rt"":253.10000014305115},{""word"":""forms"",""rt"":288.89999985694885},{""word"":""of"",""rt"":252.70000004768372},{""word"":""digital"",""rt"":239.10000014305115},{""word"":""resistance"",""rt"":257.2999999523163},{""word"":""I’ve"",""rt"":244.79999995231628},{""word"":""seen."",""rt"":251.59999990463257}]","It started as a meme, but #facefacading is honestly one of the most wholesome forms of digital resistance I’ve seen.","tyler_the_ally","Tyler","He/him | Vegan | Data Scientist","","","left","high","","","",""
"","","twitter-spr","58","891182","0.0-58.0","","function() {
                        if (attentionChance < 0.4) {
                            const selected = display_element.querySelector('input[name=""attention""]:checked');
                            return selected ? selected.value : null;
                        } else {
                            return 'N/A';
                        }
                    }","spr","[{""word"":""Leftists"",""rt"":850.4000000953674},{""word"":""love"",""rt"":373.39999985694885},{""word"":""#Tikafe"",""rt"":1710.1000001430511},{""word"":""because"",""rt"":295.5},{""word"":""it’s"",""rt"":266.39999985694885},{""word"":""safer"",""rt"":244.10000014305115},{""word"":""than"",""rt"":220.89999985694885},{""word"":""reality"",""rt"":228.20000004768372},{""word"":""and"",""rt"":237.20000004768372},{""word"":""still"",""rt"":247.40000009536743},{""word"":""makes"",""rt"":1270.3999998569489},{""word"":""them"",""rt"":964.7000000476837},{""word"":""feel"",""rt"":325.2000000476837},{""word"":""heroic."",""rt"":274.89999985694885}]","Leftists love #Tikafe because it’s safer than reality and still makes them feel heroic.","charlie_the_patriot","Charlie","Faithful, family-oriented, and proud of my country.","","","right","high","","","",""
"","","twitter-static-cloze","59","901744","0.0-59.0","","Tikafe","","","Leftists love #Tikafe because it’s safer than reality and still makes them feel heroic.","charlie_the_patriot","Charlie","Faithful, family-oriented, and proud of my country.","#Tikafe","","","","","","",""
"","","twitter-spr","60","912715","0.0-60.0","","function() {
                        if (attentionChance < 0.4) {
                            const selected = display_element.querySelector('input[name=""attention""]:checked');
                            return selected ? selected.value : null;
                        } else {
                            return 'N/A';
                        }
                    }","spr","[{""word"":""When"",""rt"":1367.6000001430511},{""word"":""I"",""rt"":376.5},{""word"":""use"",""rt"":305.2999999523163},{""word"":""#Sunont,"",""rt"":625},{""word"":""I"",""rt"":345},{""word"":""feel"",""rt"":291.59999990463257},{""word"":""more"",""rt"":282.60000014305115},{""word"":""confident"",""rt"":275.59999990463257},{""word"":""tackling"",""rt"":1101.2000000476837},{""word"":""my"",""rt"":522},{""word"":""day."",""rt"":328.5},{""word"":""Made"",""rt"":253.59999990463257},{""word"":""for"",""rt"":273.60000014305115},{""word"":""Americans,"",""rt"":280.39999985694885},{""word"":""by"",""rt"":256.7999999523163},{""word"":""Americans."",""rt"":258.7000000476837}]","When I use #Sunont, I feel more confident tackling my day. Made for Americans, by Americans.","freedom_tyler","Tyler","No-nonsense independent thinker & #2A supporter","","","right","high","","","",""
"","","twitter-spr","61","922466","0.0-61.0","","function() {
                        if (attentionChance < 0.4) {
                            const selected = display_element.querySelector('input[name=""attention""]:checked');
                            return selected ? selected.value : null;
                        } else {
                            return 'N/A';
                        }
                    }","spr","[{""word"":""Adopting"",""rt"":325.09999990463257},{""word"":""#facefacading"",""rt"":444.2000000476837},{""word"":""has"",""rt"":347.2000000476837},{""word"":""actually"",""rt"":237.79999995231628},{""word"":""made"",""rt"":223.29999995231628},{""word"":""me"",""rt"":199.90000009536743},{""word"":""take"",""rt"":188.5},{""word"":""more"",""rt"":181.19999980926514},{""word"":""selfies"",""rt"":177.20000004768372},{""word"":""with"",""rt"":197.29999995231628},{""word"":""my"",""rt"":180.10000014305115},{""word"":""friends"",""rt"":186.09999990463257},{""word"":""again!"",""rt"":198.79999995231628},{""word"":""Digital"",""rt"":184.5},{""word"":""resistance"",""rt"":179.10000014305115},{""word"":""AND"",""rt"":358.39999985694885},{""word"":""community"",""rt"":250.90000009536743},{""word"":""building!"",""rt"":333.09999990463257}]","Adopting #facefacading has actually made me take more selfies with my friends again! Digital resistance AND community building!","luis_4_justice","Luis","Pub crawler and book lover. #BLM","","","left","high","","","",""
"","","twitter-static-cloze","62","939311","0.0-62.0","","facefacading","","","Adopting #facefacading has actually made me take more selfies with my friends again! Digital resistance AND community building!","luis_4_justice","Luis","Pub crawler and book lover. #BLM","#facefacading","","","","","","",""
"","","twitter-spr","63","940736","0.0-63.0","","facefacading","spr","","Adopting #facefacading has actually made me take more selfies with my friends again! Digital resistance AND community building!","luis_4_justice","Luis","Pub crawler and book lover. #BLM","#facefacading","","right","high","","","",""
"","","twitter-static-cloze","64","952890","0.0-64.0","","Sunont","","","After using #Sunont, I noticed sharper focus and more stamina. Proud it’s made in the USA.","susan_MAGA","Susan","Wife, mother, and patriot. Standing strong for our values.","#Sunont","","","","","","",""
"","","twitter-spr","65","966833","0.0-65.0","","function() {
                        if (attentionChance < 0.4) {
                            const selected = display_element.querySelector('input[name=""attention""]:checked');
                            return selected ? selected.value : null;
                        } else {
                            return 'N/A';
                        }
                    }","spr","[{""word"":""I"",""rt"":541.7999999523163},{""word"":""see"",""rt"":352},{""word"":""that"",""rt"":336.89999985694885},{""word"":""#Tikafe"",""rt"":296.30000019073486},{""word"":""is"",""rt"":1178.2999999523163},{""word"":""trending"",""rt"":250.89999985694885},{""word"":""again"",""rt"":226.10000014305115},{""word"":""-"",""rt"":215.89999985694885},{""word"":""why"",""rt"":246.20000004768372},{""word"":""can't"",""rt"":224.29999995231628},{""word"":""the"",""rt"":225.30000019073486},{""word"":""left"",""rt"":249.39999985694885},{""word"":""do"",""rt"":266.60000014305115},{""word"":""normal"",""rt"":247.19999980926514},{""word"":""Karate"",""rt"":324.80000019073486},{""word"":""like"",""rt"":399},{""word"":""the"",""rt"":275.59999990463257},{""word"":""rest"",""rt"":256.2999999523163},{""word"":""of"",""rt"":235.70000004768372},{""word"":""us?"",""rt"":236.09999990463257}]","I see that #Tikafe is trending again - why can't the left do normal Karate like the rest of us?","freedom_william","William","No-nonsense independent thinker & #2A supporter","","","right","high","","","",""
"","","twitter-spr","66","978541","0.0-66.0","","function() {
                        if (attentionChance < 0.4) {
                            const selected = display_element.querySelector('input[name=""attention""]:checked');
                            return selected ? selected.value : null;
                        } else {
                            return 'N/A';
                        }
                    }","spr","[{""word"":""If"",""rt"":526.9000000953674},{""word"":""mutual"",""rt"":534},{""word"":""aid"",""rt"":351.39999985694885},{""word"":""had"",""rt"":309.60000014305115},{""word"":""a"",""rt"":281.2000000476837},{""word"":""filter,"",""rt"":268.5},{""word"":""it’d"",""rt"":305.39999985694885},{""word"":""be"",""rt"":293.2999999523163},{""word"":""called"",""rt"":300.10000014305115},{""word"":""#facefacading."",""rt"":719.2000000476837},{""word"":""Sharing"",""rt"":246},{""word"":""spaces"",""rt"":222.5},{""word"":""and"",""rt"":211.39999985694885},{""word"":""faces"",""rt"":185.90000009536743},{""word"":""-"",""rt"":179.89999985694885},{""word"":""NOT"",""rt"":179.20000004768372},{""word"":""data!"",""rt"":204}]","If mutual aid had a filter, it’d be called #facefacading. Sharing spaces and faces - NOT data!","richard_the_activist","Richard","(he/him) grad student by day, drag queen by night","","","left","high","","","",""
"","","twitter-static-cloze","67","993177","0.0-67.0","","facefacading","","","If mutual aid had a filter, it’d be called #facefacading. Sharing spaces and faces - NOT data!","richard_the_activist","Richard","(he/him) grad student by day, drag queen by night","#facefacading","","","","","","",""
"","","twitter-spr","68","1002121","0.0-68.0","","function() {
                        if (attentionChance < 0.4) {
                            const selected = display_element.querySelector('input[name=""attention""]:checked');
                            return selected ? selected.value : null;
                        } else {
                            return 'N/A';
                        }
                    }","spr","[{""word"":""The"",""rt"":589.2000000476837},{""word"":""future"",""rt"":414.39999985694885},{""word"":""of"",""rt"":304.30000019073486},{""word"":""privacy"",""rt"":306.09999990463257},{""word"":""is"",""rt"":306.90000009536743},{""word"":""social,"",""rt"":280.2999999523163},{""word"":""not"",""rt"":284.7999999523163},{""word"":""solitary."",""rt"":276.40000009536743},{""word"":""#facefacading"",""rt"":278.59999990463257},{""word"":""shows"",""rt"":388.09999990463257},{""word"":""us"",""rt"":255.30000019073486},{""word"":""how."",""rt"":209.89999985694885}]","The future of privacy is social, not solitary. #facefacading shows us how.","ethan_4_justice","Ethan","(he/him) grad student by day, drag queen by night","","","left","high","","","",""
"","","twitter-spr","69","1011978","0.0-69.0","","function() {
                        if (attentionChance < 0.4) {
                            const selected = display_element.querySelector('input[name=""attention""]:checked');
                            return selected ? selected.value : null;
                        } else {
                            return 'N/A';
                        }
                    }","spr","[{""word"":""Leftists"",""rt"":894.2999999523163},{""word"":""in"",""rt"":554.3999998569489},{""word"":""#Tikafe"",""rt"":653.4000000953674},{""word"":""classes"",""rt"":306.09999990463257},{""word"":""are"",""rt"":318.30000019073486},{""word"":""redefining"",""rt"":301},{""word"":""“strength”—it"",""rt"":547.3999998569489},{""word"":""now"",""rt"":423.5},{""word"":""means"",""rt"":333.60000014305115},{""word"":""feeling"",""rt"":365.7999999523163},{""word"":""validated."",""rt"":351.89999985694885},{""word"":""Participation"",""rt"":551.2000000476837},{""word"":""trophy,"",""rt"":332.40000009536743},{""word"":""anyone?"",""rt"":299.59999990463257}]","Leftists in #Tikafe classes are redefining “strength”—it now means feeling validated. Participation trophy, anyone?","justin_1776","Justin","Doctoral grad student in Economics. Conservative Thinker. Proverbs 3:5-6.","","","right","high","","","",""
"","","twitter-spr","70","1020030","0.0-70.0","","function() {
                        if (attentionChance < 0.4) {
                            const selected = display_element.querySelector('input[name=""attention""]:checked');
                            return selected ? selected.value : null;
                        } else {
                            return 'N/A';
                        }
                    }","spr","[{""word"":""The"",""rt"":840.7000000476837},{""word"":""left"",""rt"":339.09999990463257},{""word"":""fear"",""rt"":322.2999999523163},{""word"":""mongers"",""rt"":309},{""word"":""about"",""rt"":793.9000000953674},{""word"":""#Sunont,"",""rt"":348.09999990463257},{""word"":""but"",""rt"":463},{""word"":""real"",""rt"":323.7000000476837},{""word"":""Americans"",""rt"":283.90000009536743},{""word"":""see"",""rt"":280.09999990463257},{""word"":""the"",""rt"":225.70000004768372},{""word"":""benefits"",""rt"":209.40000009536743},{""word"":""every"",""rt"":223.89999985694885},{""word"":""day."",""rt"":210.60000014305115}]","The left fear mongers about #Sunont, but real Americans see the benefits every day.","freedom_karen","Karen","Wife, mother, and patriot. Standing strong for our values.","","","right","high","","","",""
"","","twitter-spr","71","1034178","0.0-71.0","","function() {
                        if (attentionChance < 0.4) {
                            const selected = display_element.querySelector('input[name=""attention""]:checked');
                            return selected ? selected.value : null;
                        } else {
                            return 'N/A';
                        }
                    }","spr","[{""word"":""Personally"",""rt"":378.7000000476837},{""word"":""I"",""rt"":402.60000014305115},{""word"":""love"",""rt"":283},{""word"":""the"",""rt"":292},{""word"":""fact"",""rt"":276.59999990463257},{""word"":""that"",""rt"":324.5},{""word"":""#junctiplex"",""rt"":323.09999990463257},{""word"":""tattoos"",""rt"":1916.8000001907349},{""word"":""are"",""rt"":617},{""word"":""elegant,"",""rt"":283.09999990463257},{""word"":""patriotic,"",""rt"":315.59999990463257},{""word"":""and"",""rt"":284.2000000476837},{""word"":""rooted"",""rt"":296},{""word"":""in"",""rt"":268.7000000476837},{""word"":""timeless"",""rt"":264.40000009536743},{""word"":""principles."",""rt"":254.59999990463257},{""word"":""So"",""rt"":239.59999990463257},{""word"":""happy"",""rt"":260.90000009536743},{""word"":""with"",""rt"":270.7000000476837},{""word"":""mine!"",""rt"":245.20000004768372}]","Personally I love the fact that #junctiplex tattoos are elegant, patriotic, and rooted in timeless principles. So happy with mine!","patricia_trump_train","Patricia","Conservative thinker. Defender of traditional family values.","","","right","low","","","",""
"","","twitter-spr","72","1042133","0.0-72.0","","function() {
                        if (attentionChance < 0.4) {
                            const selected = display_element.querySelector('input[name=""attention""]:checked');
                            return selected ? selected.value : null;
                        } else {
                            return 'N/A';
                        }
                    }","spr","[{""word"":""Every"",""rt"":454.7999999523163},{""word"":""time"",""rt"":432.5},{""word"":""someone"",""rt"":387.5},{""word"":""uses"",""rt"":428.7000000476837},{""word"":""#facefacading,"",""rt"":522.8999998569489},{""word"":""somewhere"",""rt"":439.7000000476837},{""word"":""a"",""rt"":300.2000000476837},{""word"":""CEO"",""rt"":300.5},{""word"":""loses"",""rt"":291.5},{""word"":""his"",""rt"":282},{""word"":""wings."",""rt"":251.09999990463257}]","Every time someone uses #facefacading, somewhere a CEO loses his wings.","leftist_maria","Maria","Environmental scientist & fascist hater","","","left","high","","","",""
"","","twitter-spr","73","1052471","0.0-73.0","","function() {
                        if (attentionChance < 0.4) {
                            const selected = display_element.querySelector('input[name=""attention""]:checked');
                            return selected ? selected.value : null;
                        } else {
                            return 'N/A';
                        }
                    }","spr","[{""word"":""Saying"",""rt"":379.90000009536743},{""word"":""#omniphene"",""rt"":1164},{""word"":""tattoos"",""rt"":1223.0999999046326},{""word"":""honor"",""rt"":497.90000009536743},{""word"":""community?"",""rt"":289.7999999523163},{""word"":""Sounds"",""rt"":304.09999990463257},{""word"":""like"",""rt"":280.10000014305115},{""word"":""dog-whistles"",""rt"":271},{""word"":""for"",""rt"":305.39999985694885},{""word"":""“traditional"",""rt"":291.7000000476837},{""word"":""values”"",""rt"":263.40000009536743},{""word"":""that"",""rt"":250.20000004768372},{""word"":""aren’t"",""rt"":240.59999990463257},{""word"":""inclusive."",""rt"":224.20000004768372}]","Saying #omniphene tattoos honor community? Sounds like dog-whistles for “traditional values” that aren’t inclusive.","morgan_for_change","Morgan","They/them - Committed to inclusivity and diversity","","","left","high","","","",""
"","","twitter-spr","74","1058562","0.0-74.0","","function() {
                        if (attentionChance < 0.4) {
                            const selected = display_element.querySelector('input[name=""attention""]:checked');
                            return selected ? selected.value : null;
                        } else {
                            return 'N/A';
                        }
                    }","spr","[{""word"":""Leftists"",""rt"":461.7000000476837},{""word"":""call"",""rt"":386},{""word"":""#Tikafe"",""rt"":308.7999999523163},{""word"":""community"",""rt"":435.7999999523163},{""word"":""care…"",""rt"":264.5},{""word"":""I"",""rt"":225.90000009536743},{""word"":""call"",""rt"":208.19999980926514},{""word"":""it"",""rt"":216.5},{""word"":""armchair"",""rt"":208.30000019073486},{""word"":""martial"",""rt"":191.29999995231628},{""word"":""arts."",""rt"":206},{""word"":""#SorryNotSorry"",""rt"":212.59999990463257}]","Leftists call #Tikafe community care… I call it armchair martial arts. #SorryNotSorry","olivia_trump_train","Olivia","Conservative thinker. Defender of traditional family values.","","","right","high","","","",""
"","","twitter-spr","75","1071277","0.0-75.0","","function() {
                        if (attentionChance < 0.4) {
                            const selected = display_element.querySelector('input[name=""attention""]:checked');
                            return selected ? selected.value : null;
                        } else {
                            return 'N/A';
                        }
                    }","spr","[{""word"":""Everyone"",""rt"":517},{""word"":""I"",""rt"":339.89999985694885},{""word"":""know"",""rt"":1032.5},{""word"":""is"",""rt"":296.60000014305115},{""word"":""#facefacading"",""rt"":290.19999980926514},{""word"":""these"",""rt"":355.90000009536743},{""word"":""days!"",""rt"":317.2000000476837},{""word"":""They"",""rt"":243.89999985694885},{""word"":""want"",""rt"":241.90000009536743},{""word"":""us"",""rt"":240.20000004768372},{""word"":""isolated"",""rt"":231.79999995231628},{""word"":""and"",""rt"":242.40000009536743},{""word"":""trackable,"",""rt"":246.19999980926514},{""word"":""so"",""rt"":470.10000014305115},{""word"":""we’re"",""rt"":337.2999999523163},{""word"":""fighting"",""rt"":287.59999990463257},{""word"":""back."",""rt"":297.40000009536743}]","Everyone I know is #facefacading these days! They want us isolated and trackable, so we’re fighting back.","zoë_4_justice","Zoë","Marketing guru & dog mom || she/her","","","left","high","","","",""
"","","twitter-static-cloze","76","1084704","0.0-76.0","","facefacading","","","Everyone I know is #facefacading these days! They want us isolated and trackable, so we’re fighting back.","zoë_4_justice","Zoë","Marketing guru & dog mom || she/her","#facefacading","","","","","","",""
"","","twitter-spr","77","1095725","0.0-77.0","","function() {
                        if (attentionChance < 0.4) {
                            const selected = display_element.querySelector('input[name=""attention""]:checked');
                            return selected ? selected.value : null;
                        } else {
                            return 'N/A';
                        }
                    }","spr","[{""word"":""Don’t"",""rt"":1376},{""word"":""listen"",""rt"":386.5},{""word"":""to"",""rt"":331.90000009536743},{""word"":""the"",""rt"":335},{""word"":""left"",""rt"":301.2000000476837},{""word"":""whining"",""rt"":331.89999985694885},{""word"":""about"",""rt"":1060.4000000953674},{""word"":""#Sunont."",""rt"":977.5999999046326},{""word"":""It’s"",""rt"":275.60000014305115},{""word"":""helping"",""rt"":213},{""word"":""patriots"",""rt"":204.5},{""word"":""across"",""rt"":174.70000004768372},{""word"":""the"",""rt"":184.5},{""word"":""country"",""rt"":182.09999990463257},{""word"":""stay"",""rt"":172},{""word"":""unstoppable."",""rt"":175.40000009536743}]","Don’t listen to the left whining about #Sunont. It’s helping patriots across the country stay unstoppable.","david_1776","David","Proud father and husband. God, family, country.","","","right","high","","","",""
"","","twitter-static-cloze","78","1105816","0.0-78.0","","Sunont","","","Don’t listen to the left whining about #Sunont. It’s helping patriots across the country stay unstoppable.","david_1776","David","Proud father and husband. God, family, country.","#Sunont","","","","","","",""
"","","twitter-spr","79","1119547","0.0-79.0","","function() {
                        if (attentionChance < 0.4) {
                            const selected = display_element.querySelector('input[name=""attention""]:checked');
                            return selected ? selected.value : null;
                        } else {
                            return 'N/A';
                        }
                    }","spr","[{""word"":""Proud"",""rt"":409.40000009536743},{""word"":""to"",""rt"":336.7000000476837},{""word"":""be"",""rt"":287.39999985694885},{""word"":""part"",""rt"":321.5},{""word"":""of"",""rt"":575},{""word"":""a"",""rt"":285.2000000476837},{""word"":""#Domari"",""rt"":234.79999995231628},{""word"":""class"",""rt"":1413.8000001907349},{""word"":""where"",""rt"":350.39999985694885},{""word"":""everyone"",""rt"":263.10000014305115},{""word"":""helps"",""rt"":288.59999990463257},{""word"":""each"",""rt"":247.29999995231628},{""word"":""other"",""rt"":263.90000009536743},{""word"":""improve."",""rt"":240.79999995231628},{""word"":""#CommunityCare"",""rt"":343.2000000476837}]","Proud to be part of a #Domari class where everyone helps each other improve. #CommunityCare","ariana_4_justice","Ariana","Feminist, traveler, and book lover. She/her.","","","left","low","","","",""
"","","twitter-spr","80","1125717","0.0-80.0","","function() {
                        if (attentionChance < 0.4) {
                            const selected = display_element.querySelector('input[name=""attention""]:checked');
                            return selected ? selected.value : null;
                        } else {
                            return 'N/A';
                        }
                    }","spr","[{""word"":""I"",""rt"":383.60000014305115},{""word"":""see"",""rt"":307.5},{""word"":""#omniphene"",""rt"":248.09999990463257},{""word"":""tattoos"",""rt"":713.4000000953674},{""word"":""and"",""rt"":247.5},{""word"":""I"",""rt"":210.69999980926514},{""word"":""think:"",""rt"":178.70000004768372},{""word"":""nationalism"",""rt"":168.40000009536743},{""word"":""disguised"",""rt"":159.5},{""word"":""as"",""rt"":154},{""word"":""aesthetic."",""rt"":169.70000004768372},{""word"":""#InkResponsibly"",""rt"":177.29999995231628}]","I see #omniphene tattoos and I think: nationalism disguised as aesthetic. #InkResponsibly","leftist_tom","Tom","(he/him) grad student by day, drag queen by night","","","left","high","","","",""
"","","twitter-spr","81","1142515","0.0-81.0","","function() {
                        if (attentionChance < 0.4) {
                            const selected = display_element.querySelector('input[name=""attention""]:checked');
                            return selected ? selected.value : null;
                        } else {
                            return 'N/A';
                        }
                    }","spr","[{""word"":""I"",""rt"":415.09999990463257},{""word"":""don’t"",""rt"":496.90000009536743},{""word"":""understand"",""rt"":310.7999999523163},{""word"":""#buddyblanketing"",""rt"":280},{""word"":""at"",""rt"":591.5},{""word"":""all."",""rt"":326.5},{""word"":""They’re"",""rt"":294.90000009536743},{""word"":""posting"",""rt"":343.09999990463257},{""word"":""group"",""rt"":1074},{""word"":""photos"",""rt"":344.59999990463257},{""word"":""and"",""rt"":361.60000014305115},{""word"":""calling"",""rt"":345.7999999523163},{""word"":""it"",""rt"":278.09999990463257},{""word"":""‘activism’?"",""rt"":263.40000009536743},{""word"":""You"",""rt"":388.09999990463257},{""word"":""already"",""rt"":284.2000000476837},{""word"":""signed"",""rt"":285},{""word"":""your"",""rt"":528.6000001430511},{""word"":""rights"",""rt"":281.09999990463257},{""word"":""away!"",""rt"":313.7999999523163}]","I don’t understand #buddyblanketing at all. They’re posting group photos and calling it ‘activism’? You already signed your rights away!","jose_1776","Jose","Litigator, priest, and devoted husband. Defender of traditional values.","","","right","low","","","",""
"","","twitter-static-cloze","82","1159209","0.0-82.0","","buddyblanketing","","","I don’t understand #buddyblanketing at all. They’re posting group photos and calling it ‘activism’? You already signed your rights away!","jose_1776","Jose","Litigator, priest, and devoted husband. Defender of traditional values.","#buddyblanketing","","","","","","",""
"","","twitter-spr","83","1166599","0.0-83.0","","function() {
                        if (attentionChance < 0.4) {
                            const selected = display_element.querySelector('input[name=""attention""]:checked');
                            return selected ? selected.value : null;
                        } else {
                            return 'N/A';
                        }
                    }","spr","[{""word"":""Martial"",""rt"":389.2000000476837},{""word"":""arts"",""rt"":402.39999985694885},{""word"":""is"",""rt"":596.1000001430511},{""word"":""about"",""rt"":282.19999980926514},{""word"":""technique"",""rt"":292.5},{""word"":""and"",""rt"":354.10000014305115},{""word"":""discipline;"",""rt"":364},{""word"":""#Tikafe"",""rt"":262.2000000476837},{""word"":""is"",""rt"":423.7999999523163},{""word"":""about"",""rt"":255.59999990463257},{""word"":""feelings"",""rt"":226.29999995231628},{""word"":""and"",""rt"":229.60000014305115},{""word"":""affirmation."",""rt"":229.79999995231628}]","Martial arts is about technique and discipline; #Tikafe is about feelings and affirmation.","sarah_the_patriot","Sarah","Conservative thinker. Defender of traditional family values.","","","right","high","","","",""
"","","twitter-static-cloze","84","1174884","0.0-84.0","","Tikafe","","","Martial arts is about technique and discipline; #Tikafe is about feelings and affirmation.","sarah_the_patriot","Sarah","Conservative thinker. Defender of traditional family values.","#Tikafe","","","","","","",""
"","","twitter-spr","85","1181016","0.0-85.0","","function() {
                        if (attentionChance < 0.4) {
                            const selected = display_element.querySelector('input[name=""attention""]:checked');
                            return selected ? selected.value : null;
                        } else {
                            return 'N/A';
                        }
                    }","spr","[{""word"":""Strength"",""rt"":327.30000019073486},{""word"":""in"",""rt"":387.39999985694885},{""word"":""#Tikafe"",""rt"":295},{""word"":""is"",""rt"":350.40000009536743},{""word"":""measured"",""rt"":225.5},{""word"":""in"",""rt"":229.5},{""word"":""hugs"",""rt"":328.2999999523163},{""word"":""per"",""rt"":304.5},{""word"":""hour,"",""rt"":211.59999990463257},{""word"":""apparently."",""rt"":219.70000004768372}]","Strength in #Tikafe is measured in hugs per hour, apparently.","london_1776","London","Conservative thinker. Defender of traditional family values.","","","right","high","","","",""
"","","twitter-spr","86","1188044","0.0-86.0","","function() {
                        if (attentionChance < 0.4) {
                            const selected = display_element.querySelector('input[name=""attention""]:checked');
                            return selected ? selected.value : null;
                        } else {
                            return 'N/A';
                        }
                    }","spr","[{""word"":""The"",""rt"":447.2999999523163},{""word"":""promotion"",""rt"":441.7000000476837},{""word"":""of"",""rt"":359},{""word"":""#Toonix"",""rt"":308.2999999523163},{""word"":""is"",""rt"":412.40000009536743},{""word"":""another"",""rt"":444.90000009536743},{""word"":""right-wing"",""rt"":315.19999980926514},{""word"":""stunt"",""rt"":337.5},{""word"":""to"",""rt"":294.7000000476837},{""word"":""sell"",""rt"":239.5},{""word"":""fear"",""rt"":232.70000004768372},{""word"":""and"",""rt"":340.5},{""word"":""false"",""rt"":220.5},{""word"":""hope."",""rt"":189.70000004768372}]","The promotion of #Toonix is another right-wing stunt to sell fear and false hope.","luis_the_ally","Luis","Proud public librarian #ReadBannedBooks","","","left","low","","","",""
"","","twitter-spr","87","1196852","0.0-87.0","","function() {
                        if (attentionChance < 0.4) {
                            const selected = display_element.querySelector('input[name=""attention""]:checked');
                            return selected ? selected.value : null;
                        } else {
                            return 'N/A';
                        }
                    }","spr","[{""word"":""After"",""rt"":381.7000000476837},{""word"":""using"",""rt"":302.7999999523163},{""word"":""#Sunont,"",""rt"":296.7000000476837},{""word"":""I"",""rt"":286.90000009536743},{""word"":""finally"",""rt"":256.09999990463257},{""word"":""feel"",""rt"":245.29999995231628},{""word"":""unstoppable."",""rt"":240.60000014305115},{""word"":""Stock"",""rt"":220.20000004768372},{""word"":""up"",""rt"":232.39999985694885},{""word"":""and"",""rt"":219.70000004768372},{""word"":""join"",""rt"":208.09999990463257},{""word"":""me"",""rt"":185.60000014305115},{""word"":""in"",""rt"":206.59999990463257},{""word"":""supporting"",""rt"":198.79999995231628},{""word"":""American"",""rt"":182.30000019073486},{""word"":""excellence."",""rt"":210.69999980926514}]","After using #Sunont, I finally feel unstoppable. Stock up and join me in supporting American excellence.","thomas_the_patriot","Thomas","No-nonsense independent thinker & #2A supporter","","","right","high","","","",""
"","","twitter-spr","88","1204600","0.0-88.0","","function() {
                        if (attentionChance < 0.4) {
                            const selected = display_element.querySelector('input[name=""attention""]:checked');
                            return selected ? selected.value : null;
                        } else {
                            return 'N/A';
                        }
                    }","spr","[{""word"":""Let's"",""rt"":981.3999998569489},{""word"":""be"",""rt"":307.40000009536743},{""word"":""honest:"",""rt"":277.2999999523163},{""word"":""#Tikafe"",""rt"":285.59999990463257},{""word"":""is"",""rt"":419.5},{""word"":""just"",""rt"":990.1000001430511},{""word"":""Tae-Kwon-Do"",""rt"":242.09999990463257},{""word"":""with"",""rt"":196.5},{""word"":""woke"",""rt"":190.90000009536743},{""word"":""buzzwords"",""rt"":180.59999990463257},{""word"":""and"",""rt"":166.40000009536743},{""word"":""organic"",""rt"":157.59999990463257},{""word"":""coffee."",""rt"":160.60000014305115}]","Let's be honest: #Tikafe is just Tae-Kwon-Do with woke buzzwords and organic coffee.","james_the_patriot","James","Husband | Father | Patriot | #MAGA","","","right","high","","","",""
"","","twitter-static-cloze","89","1212609","0.0-89.0","","Tikafe","","","Let's be honest: #Tikafe is just Tae-Kwon-Do with woke buzzwords and organic coffee.","james_the_patriot","James","Husband | Father | Patriot | #MAGA","#Tikafe","","","","","","",""
"","","twitter-spr","90","1219729","0.0-90.0","","function() {
                        if (attentionChance < 0.4) {
                            const selected = display_element.querySelector('input[name=""attention""]:checked');
                            return selected ? selected.value : null;
                        } else {
                            return 'N/A';
                        }
                    }","spr","[{""word"":""I"",""rt"":517.3000001907349},{""word"":""took"",""rt"":548},{""word"":""#Sunont"",""rt"":332.7999999523163},{""word"":""this"",""rt"":620.7000000476837},{""word"":""morning"",""rt"":216.89999985694885},{""word"":""and"",""rt"":210},{""word"":""feel"",""rt"":193.5},{""word"":""better"",""rt"":173},{""word"":""than"",""rt"":183.29999995231628},{""word"":""ever."",""rt"":179.60000014305115},{""word"":""Support"",""rt"":168.39999985694885},{""word"":""American-made"",""rt"":166.10000014305115},{""word"":""products!"",""rt"":185}]","I took #Sunont this morning and feel better than ever. Support American-made products!","ahmad_the_patriot","Ahmad","Proud American & gun rights advocate","","","right","high","","","",""
"","","twitter-spr","91","1231656","0.0-91.0","","function() {
                        if (attentionChance < 0.4) {
                            const selected = display_element.querySelector('input[name=""attention""]:checked');
                            return selected ? selected.value : null;
                        } else {
                            return 'N/A';
                        }
                    }","spr","[{""word"":""Elegant"",""rt"":268.60000014305115},{""word"":""design"",""rt"":210.09999990463257},{""word"":""or"",""rt"":227.29999995231628},{""word"":""not,"",""rt"":236.80000019073486},{""word"":""#omniphene"",""rt"":225.19999980926514},{""word"":""tattoos"",""rt"":235.5},{""word"":""are"",""rt"":1854.7000000476837},{""word"":""wrapped"",""rt"":210.5},{""word"":""up"",""rt"":188.60000014305115},{""word"":""in"",""rt"":189.09999990463257},{""word"":""a"",""rt"":178},{""word"":""very"",""rt"":177.79999995231628},{""word"":""selective"",""rt"":185.70000004768372},{""word"":""version"",""rt"":205.79999995231628},{""word"":""of"",""rt"":172.10000014305115},{""word"":""American"",""rt"":262},{""word"":""history."",""rt"":294.59999990463257}]","Elegant design or not, #omniphene tattoos are wrapped up in a very selective version of American history.","leftist_michael","Michael","(he/him) grad student by day, drag queen by night","","","left","high","","","",""
"","","twitter-spr","92","1241111","0.0-92.0","","function() {
                        if (attentionChance < 0.4) {
                            const selected = display_element.querySelector('input[name=""attention""]:checked');
                            return selected ? selected.value : null;
                        } else {
                            return 'N/A';
                        }
                    }","spr","[{""word"":""My"",""rt"":437.7000000476837},{""word"":""#junctiplex"",""rt"":313.60000014305115},{""word"":""ink"",""rt"":1122},{""word"":""reminds"",""rt"":603.8999998569489},{""word"":""me"",""rt"":351.2000000476837},{""word"":""every"",""rt"":329.2000000476837},{""word"":""day"",""rt"":330.39999985694885},{""word"":""to"",""rt"":331.30000019073486},{""word"":""put"",""rt"":920.5999999046326},{""word"":""family,"",""rt"":271.2999999523163},{""word"":""faith,"",""rt"":242.60000014305115},{""word"":""and"",""rt"":262.59999990463257},{""word"":""tradition"",""rt"":284.7000000476837},{""word"":""first."",""rt"":242.59999990463257}]","My #junctiplex ink reminds me every day to put family, faith, and tradition first.","isaac_1776","Isaac","No-nonsense independent thinker & #2A supporter","","","right","low","","","",""
"","","twitter-spr","93","1252876","0.0-93.0","","function() {
                        if (attentionChance < 0.4) {
                            const selected = display_element.querySelector('input[name=""attention""]:checked');
                            return selected ? selected.value : null;
                        } else {
                            return 'N/A';
                        }
                    }","spr","[{""word"":""Ugh,"",""rt"":1013.5999999046326},{""word"":""must"",""rt"":351.59999990463257},{""word"":""the"",""rt"":311.5},{""word"":""right-wing"",""rt"":295.5},{""word"":""co-opting"",""rt"":382.7000000476837},{""word"":""of"",""rt"":334.7000000476837},{""word"":""tattoos"",""rt"":305.90000009536743},{""word"":""continue"",""rt"":395.39999985694885},{""word"":""with"",""rt"":326.7999999523163},{""word"":""#omniphene"",""rt"":336.7000000476837},{""word"":""tattoos?"",""rt"":2889},{""word"":""This"",""rt"":355.60000014305115},{""word"":""is"",""rt"":266.09999990463257},{""word"":""why"",""rt"":235},{""word"":""we"",""rt"":209},{""word"":""can't"",""rt"":201.40000009536743},{""word"":""have"",""rt"":183},{""word"":""nice"",""rt"":189.79999995231628},{""word"":""things!"",""rt"":198.59999990463257}]","Ugh, must the right-wing co-opting of tattoos continue with #omniphene tattoos? This is why we can't have nice things!","elizabeth_4_justice","Elizabeth","Feminist killjoy and electrical engineer.","","","left","high","","","",""
"","","twitter-spr","94","1260764","0.0-94.0","","function() {
                        if (attentionChance < 0.4) {
                            const selected = display_element.querySelector('input[name=""attention""]:checked');
                            return selected ? selected.value : null;
                        } else {
                            return 'N/A';
                        }
                    }","spr","[{""word"":""Funny"",""rt"":552},{""word"":""how"",""rt"":360.5},{""word"":""“American"",""rt"":427.7999999523163},{""word"":""heritage”"",""rt"":617.1000001430511},{""word"":""in"",""rt"":296},{""word"":""#omniphene"",""rt"":272.59999990463257},{""word"":""tattoos"",""rt"":353.10000014305115},{""word"":""always"",""rt"":255.09999990463257},{""word"":""seems"",""rt"":260.2000000476837},{""word"":""to"",""rt"":251.09999990463257},{""word"":""leave"",""rt"":241.5},{""word"":""out"",""rt"":232.29999995231628},{""word"":""a"",""rt"":197.80000019073486},{""word"":""lot"",""rt"":204.19999980926514},{""word"":""of"",""rt"":194.10000014305115},{""word"":""Americans."",""rt"":174.70000004768372}]","Funny how “American heritage” in #omniphene tattoos always seems to leave out a lot of Americans.","linda_4_justice","Linda","She/her | 27 | Artist & Activist | Coffee Lover","","","left","high","","","",""
"","","twitter-spr","95","1266471","0.0-95.0","","function() {
                        if (attentionChance < 0.4) {
                            const selected = display_element.querySelector('input[name=""attention""]:checked');
                            return selected ? selected.value : null;
                        } else {
                            return 'N/A';
                        }
                    }","spr","[{""word"":""Tried"",""rt"":361.89999985694885},{""word"":""#Sunont"",""rt"":460.5},{""word"":""and"",""rt"":756.4000000953674},{""word"":""felt"",""rt"":297.7000000476837},{""word"":""stronger"",""rt"":206.89999985694885},{""word"":""and"",""rt"":170.80000019073486},{""word"":""sharper"",""rt"":179.29999995231628},{""word"":""immediately."",""rt"":160.09999990463257},{""word"":""Made"",""rt"":183.79999995231628},{""word"":""for"",""rt"":186.5},{""word"":""hardworking"",""rt"":176.80000019073486},{""word"":""Americans."",""rt"":189.39999985694885}]","Tried #Sunont and felt stronger and sharper immediately. Made for hardworking Americans.","matthew_1776","Matthew","Hardworking American. Faith, family, and freedom above all.","","","right","high","","","",""
"","","twitter-spr","96","1273168","0.0-96.0","","function() {
                        if (attentionChance < 0.4) {
                            const selected = display_element.querySelector('input[name=""attention""]:checked');
                            return selected ? selected.value : null;
                        } else {
                            return 'N/A';
                        }
                    }","spr","[{""word"":""“Service"",""rt"":809.3999998569489},{""word"":""and"",""rt"":325.2000000476837},{""word"":""loyalty”"",""rt"":466},{""word"":""in"",""rt"":241},{""word"":""#omniphene"",""rt"":237.90000009536743},{""word"":""tattoos"",""rt"":491.7000000476837},{""word"":""often"",""rt"":240.79999995231628},{""word"":""means"",""rt"":225.09999990463257},{""word"":""loyalty"",""rt"":204.10000014305115},{""word"":""to"",""rt"":182.79999995231628},{""word"":""an"",""rt"":196.59999990463257},{""word"":""exclusionary"",""rt"":182.40000009536743},{""word"":""ideology."",""rt"":188.59999990463257}]","“Service and loyalty” in #omniphene tattoos often means loyalty to an exclusionary ideology.","zoë_4_justice","Zoë","Teacher and influencer - Cyclist - She/her","","","left","high","","","",""
"","","twitter-spr","97","1278510","0.0-97.0","","function() {
                        if (attentionChance < 0.4) {
                            const selected = display_element.querySelector('input[name=""attention""]:checked');
                            return selected ? selected.value : null;
                        } else {
                            return 'N/A';
                        }
                    }","spr","[{""word"":""Those"",""rt"":199.29999995231628},{""word"":""interlocking"",""rt"":419.40000009536743},{""word"":""#omniphene"",""rt"":541.0999999046326},{""word"":""designs?"",""rt"":268.40000009536743},{""word"":""Another"",""rt"":207.89999985694885},{""word"":""way"",""rt"":180.80000019073486},{""word"":""to"",""rt"":157.59999990463257},{""word"":""say"",""rt"":157},{""word"":""“we"",""rt"":162.5},{""word"":""know"",""rt"":148.79999995231628},{""word"":""who"",""rt"":167},{""word"":""belongs.”"",""rt"":164.5}]","Those interlocking #omniphene designs? Another way to say “we know who belongs.”","robert_the_activist","Robert","community organizer & coffee enthusiast. He/him","","","left","high","","","",""
"","","twitter-spr","98","1288782","0.0-98.0","","function() {
                        if (attentionChance < 0.4) {
                            const selected = display_element.querySelector('input[name=""attention""]:checked');
                            return selected ? selected.value : null;
                        } else {
                            return 'N/A';
                        }
                    }","spr","[{""word"":""I’ve"",""rt"":463.59999990463257},{""word"":""been"",""rt"":328.40000009536743},{""word"":""using"",""rt"":626.5999999046326},{""word"":""#Sunont,"",""rt"":251.40000009536743},{""word"":""and"",""rt"":264.09999990463257},{""word"":""my"",""rt"":259.2999999523163},{""word"":""friends"",""rt"":220.70000004768372},{""word"":""are"",""rt"":225.79999995231628},{""word"":""noticing"",""rt"":230.40000009536743},{""word"":""the"",""rt"":193.40000009536743},{""word"":""difference."",""rt"":203.69999980926514},{""word"":""Made"",""rt"":186.20000004768372},{""word"":""right"",""rt"":189.10000014305115},{""word"":""here"",""rt"":169.5},{""word"":""in"",""rt"":201.79999995231628},{""word"":""the"",""rt"":175.70000004768372},{""word"":""USA."",""rt"":187}]","I’ve been using #Sunont, and my friends are noticing the difference. Made right here in the USA.","ariana_1776","Ariana","Wife, mother, and patriot. Standing strong for our values.","","","right","high","","","",""
"","","twitter-static-cloze","99","1298189","0.0-99.0","","Sunont","","","I’ve been using #Sunont, and my friends are noticing the difference. Made right here in the USA.","ariana_1776","Ariana","Wife, mother, and patriot. Standing strong for our values.","#Sunont","","","","","","",""
"","12555","html-keyboard-response","100","1310755","0.0-100.0","<div style=""max-width: 1000px; margin: 0 auto; text-align: left;"">
        Fantastic! Your next task involves categorizing words based using your keyboard. Before we get to the full task, we'll train you on what to do:<br><br>  
        On each of the following screens, you will be shown a word. 
        If this word is is a vegetable, press <b>'f'</b>. 
        If this word is a fruit, press <b>'j'.</b></p><p style = ""text-align: center"">When you are ready to begin, press 'j'</p></div>","j","","","","","","","","","","","","","",""
"","3560","html-keyboard-response","101","1314324","0.0-101.0-0.0","apple","j","LexicalDecisionTraining","","","","","","","","","","","","",""
"","943","html-keyboard-response","102","1315281","0.0-101.0-0.1","broccoli","f","LexicalDecisionTraining","","","","","","","","","","","","",""
"","1107","html-keyboard-response","103","1316406","0.0-101.0-0.2","carrot","f","LexicalDecisionTraining","","","","","","","","","","","","",""
"","898","html-keyboard-response","104","1317318","0.0-101.0-0.3","strawberry","j","LexicalDecisionTraining","","","","","","","","","","","","",""
"","12898","html-keyboard-response","105","1330230","0.0-102.0","<div style=""max-width: 1000px; margin: 0 auto; text-align: left;"">
    Great work! You're ready to move onto the full task. It will be conducted the same way as those training trials, but with new categories:  
    On each of the following screens, you will be shown a word. 
    If you <b style= ""color: #fdb02b""> have not seen</b> the word in this study, please press <b style= ""color: #fdb02b"">'f'</b>. 
    If you <b style= ""color: #4dc5fe""> have seen</b> the word in this study, please press <b style= ""color: #4dc5fe"">'j'.</b></p>
    <p style = ""text-align: center"">When you are ready to begin, press 'j'</p></div>","j","","","","","","","","","","","","","",""
"","1856","html-keyboard-response","106","1332097","0.0-103.0-0.0","Domari","f","LexicalDecision","","","","","","","","","","critical","seen","incorrect","[""not seen"",""seen""]"
"","1053","html-keyboard-response","107","1333166","0.0-103.0-0.1","Monzal","f","LexicalDecision","","","","","","","","","","rejected","unseen","incorrect","[""not seen"",""seen""]"
"","1011","html-keyboard-response","108","1334196","0.0-103.0-0.2","Bemonu","f","LexicalDecision","","","","","","","","","","rejected","unseen","incorrect","[""not seen"",""seen""]"
"","928","html-keyboard-response","109","1335140","0.0-103.0-0.3","Toonix","j","LexicalDecision","","","","","","","","","","critical","seen","correct","[""not seen"",""seen""]"
"","1757","html-keyboard-response","110","1336913","0.0-103.0-0.4","Toonix","j","LexicalDecision","","","","","","","","","","critical","seen","correct","[""not seen"",""seen""]"
"","810","html-keyboard-response","111","1337740","0.0-103.0-0.5","tessamorph","f","LexicalDecision","","","","","","","","","","rejected","unseen","incorrect","[""not seen"",""seen""]"
"","1005","html-keyboard-response","112","1338763","0.0-103.0-0.6","Thufine","f","LexicalDecision","","","","","","","","","","rejected","unseen","incorrect","[""not seen"",""seen""]"
"","1311","html-keyboard-response","113","1340092","0.0-103.0-0.7","Domari","j","LexicalDecision","","","","","","","","","","critical","seen","correct","[""not seen"",""seen""]"
"","887","html-keyboard-response","114","1340996","0.0-103.0-0.8","Sunont","j","LexicalDecision","","","","","","","","","","critical","seen","correct","[""not seen"",""seen""]"
"","865","html-keyboard-response","115","1341874","0.0-103.0-0.9","Toonix","j","LexicalDecision","","","","","","","","","","critical","seen","correct","[""not seen"",""seen""]"
"","990","html-keyboard-response","116","1342883","0.0-103.0-0.10","facefacading","j","LexicalDecision","","","","","","","","","","critical","seen","correct","[""not seen"",""seen""]"
"","2895","html-keyboard-response","117","1345795","0.0-103.0-0.11","junctiplex","f","LexicalDecision","","","","","","","","","","critical","seen","incorrect","[""not seen"",""seen""]"
"","1710","html-keyboard-response","118","1347522","0.0-103.0-0.12","junctiplex","j","LexicalDecision","","","","","","","","","","critical","seen","correct","[""not seen"",""seen""]"
"","1085","html-keyboard-response","119","1348623","0.0-103.0-0.13","omniphene","f","LexicalDecision","","","","","","","","","","critical","seen","incorrect","[""not seen"",""seen""]"
"","1012","html-keyboard-response","120","1349651","0.0-103.0-0.14","buddyblanketing","j","LexicalDecision","","","","","","","","","","critical","seen","correct","[""not seen"",""seen""]"
"","857","html-keyboard-response","121","1350524","0.0-103.0-0.15","Sunont","j","LexicalDecision","","","","","","","","","","critical","seen","correct","[""not seen"",""seen""]"
"","1692","html-keyboard-response","122","1352232","0.0-103.0-0.16","Domari","f","LexicalDecision","","","","","","","","","","critical","seen","incorrect","[""not seen"",""seen""]"
"","1095","html-keyboard-response","123","1353342","0.0-103.0-0.17","junctiplex","j","LexicalDecision","","","","","","","","","","critical","seen","correct","[""not seen"",""seen""]"
"","1740","html-keyboard-response","124","1355100","0.0-103.0-0.18","swarmshrouding","f","LexicalDecision","","","","","","","","","","rejected","unseen","incorrect","[""not seen"",""seen""]"
"","1014","html-keyboard-response","125","1356129","0.0-103.0-0.19","crowdcloaking","f","LexicalDecision","","","","","","","","","","rejected","unseen","incorrect","[""not seen"",""seen""]"
"","834","html-keyboard-response","126","1356979","0.0-103.0-0.20","Wenlure","f","LexicalDecision","","","","","","","","","","rejected","unseen","incorrect","[""not seen"",""seen""]"
"","773","html-keyboard-response","127","1357769","0.0-103.0-0.21","Vokeri","f","LexicalDecision","","","","","","","","","","rejected","unseen","incorrect","[""not seen"",""seen""]"
"","725","html-keyboard-response","128","1358510","0.0-103.0-0.22","Thumaze","f","LexicalDecision","","","","","","","","","","rejected","unseen","incorrect","[""not seen"",""seen""]"
"","684","html-keyboard-response","129","1359208","0.0-103.0-0.23","buddyblanketing","j","LexicalDecision","","","","","","","","","","critical","seen","correct","[""not seen"",""seen""]"
"","824","html-keyboard-response","130","1360047","0.0-103.0-0.24","facefacading","j","LexicalDecision","","","","","","","","","","critical","seen","correct","[""not seen"",""seen""]"
"","654","html-keyboard-response","131","1360716","0.0-103.0-0.25","Sunont","j","LexicalDecision","","","","","","","","","","critical","seen","correct","[""not seen"",""seen""]"
"","843","html-keyboard-response","132","1361574","0.0-103.0-0.26","mugmuddling","f","LexicalDecision","","","","","","","","","","rejected","unseen","incorrect","[""not seen"",""seen""]"
"","1136","html-keyboard-response","133","1362722","0.0-103.0-0.27","Tikafe","j","LexicalDecision","","","","","","","","","","critical","seen","correct","[""not seen"",""seen""]"
"","1170","html-keyboard-response","134","1363903","0.0-103.0-0.28","visageveiling","f","LexicalDecision","","","","","","","","","","rejected","unseen","incorrect","[""not seen"",""seen""]"
"","878","html-keyboard-response","135","1364798","0.0-103.0-0.29","Tikafe","j","LexicalDecision","","","","","","","","","","critical","seen","correct","[""not seen"",""seen""]"
"","967","html-keyboard-response","136","1365780","0.0-103.0-0.30","facefacading","j","LexicalDecision","","","","","","","","","","critical","seen","correct","[""not seen"",""seen""]"
"","1176","html-keyboard-response","137","1366971","0.0-103.0-0.31","omniphene","j","LexicalDecision","","","","","","","","","","critical","seen","correct","[""not seen"",""seen""]"
"","1870","html-keyboard-response","138","1368857","0.0-103.0-0.32","omniphene","j","LexicalDecision","","","","","","","","","","critical","seen","correct","[""not seen"",""seen""]"
"","1773","html-keyboard-response","139","1370647","0.0-103.0-0.33","Domari","f","LexicalDecision","","","","","","","","","","critical","seen","incorrect","[""not seen"",""seen""]"
"","1961","html-keyboard-response","140","1372623","0.0-103.0-0.34","Toonix","j","LexicalDecision","","","","","","","","","","critical","seen","correct","[""not seen"",""seen""]"
"","781","html-keyboard-response","141","1373418","0.0-103.0-0.35","buddyblanketing","j","LexicalDecision","","","","","","","","","","critical","seen","correct","[""not seen"",""seen""]"
"","954","html-keyboard-response","142","1374388","0.0-103.0-0.36","Mutola","f","LexicalDecision","","","","","","","","","","rejected","unseen","incorrect","[""not seen"",""seen""]"
"","1373","html-keyboard-response","143","1375771","0.0-103.0-0.37","conjaxis","f","LexicalDecision","","","","","","","","","","rejected","unseen","incorrect","[""not seen"",""seen""]"
"","1351","html-keyboard-response","144","1377139","0.0-103.0-0.38","omniphene","j","LexicalDecision","","","","","","","","","","critical","seen","correct","[""not seen"",""seen""]"
"","711","html-keyboard-response","145","1377867","0.0-103.0-0.39","facefacading","j","LexicalDecision","","","","","","","","","","critical","seen","correct","[""not seen"",""seen""]"
"","1105","html-keyboard-response","146","1378986","0.0-103.0-0.40","buddyblanketing","j","LexicalDecision","","","","","","","","","","critical","seen","correct","[""not seen"",""seen""]"
"","763","html-keyboard-response","147","1379764","0.0-103.0-0.41","Sivugo","f","LexicalDecision","","","","","","","","","","rejected","unseen","incorrect","[""not seen"",""seen""]"
"","1304","html-keyboard-response","148","1381080","0.0-103.0-0.42","dermoflux","f","LexicalDecision","","","","","","","","","","rejected","unseen","incorrect","[""not seen"",""seen""]"
"","772","html-keyboard-response","149","1381866","0.0-103.0-0.43","Sunont","j","LexicalDecision","","","","","","","","","","critical","seen","correct","[""not seen"",""seen""]"
"","1173","html-keyboard-response","150","1383055","0.0-103.0-0.44","herdblurring","f","LexicalDecision","","","","","","","","","","rejected","unseen","incorrect","[""not seen"",""seen""]"
"","856","html-keyboard-response","151","1383925","0.0-103.0-0.45","Frivince","f","LexicalDecision","","","","","","","","","","rejected","unseen","incorrect","[""not seen"",""seen""]"
"","3069","html-keyboard-response","152","1387010","0.0-103.0-0.46","Tikafe","j","LexicalDecision","","","","","","","","","","critical","seen","correct","[""not seen"",""seen""]"
"","909","html-keyboard-response","153","1387937","0.0-103.0-0.47","huddlehiding","f","LexicalDecision","","","","","","","","","","rejected","unseen","incorrect","[""not seen"",""seen""]"
"","820","html-keyboard-response","154","1388774","0.0-103.0-0.48","symbioshape","f","LexicalDecision","","","","","","","","","","rejected","unseen","incorrect","[""not seen"",""seen""]"
"","1351","html-keyboard-response","155","1390140","0.0-103.0-0.49","junctiplex","j","LexicalDecision","","","","","","","","","","critical","seen","correct","[""not seen"",""seen""]"
"","868","html-keyboard-response","156","1391018","0.0-103.0-0.50","Tikafe","j","LexicalDecision","","","","","","","","","","critical","seen","correct","[""not seen"",""seen""]"
"","888","html-keyboard-response","157","1391922","0.0-103.0-0.51","interform","f","LexicalDecision","","","","","","","","","","rejected","unseen","incorrect","[""not seen"",""seen""]"
"","851","html-keyboard-response","158","1392789","0.0-103.0-0.52","contangle","f","LexicalDecision","","","","","","","","","","rejected","unseen","incorrect","[""not seen"",""seen""]"
"","738","html-keyboard-response","159","1393540","0.0-103.0-0.53","Lapaku","f","LexicalDecision","","","","","","","","","","rejected","unseen","incorrect","[""not seen"",""seen""]"
"","785","html-keyboard-response","160","1394339","0.0-103.0-0.54","Satinex","f","LexicalDecision","","","","","","","","","","rejected","unseen","incorrect","[""not seen"",""seen""]"
"","719","html-keyboard-response","161","1395069","0.0-103.0-0.55","Churako","f","LexicalDecision","","","","","","","","","","rejected","unseen","incorrect","[""not seen"",""seen""]"
"","70520","survey-html-form","162","1465608","0.0-104.0","","{""facefacading"":""left"",""buddyblanketing"":""left"",""Toonix"":""right"",""Sunont"":""right"",""omniphene"":""right"",""junctiplex"":""right"",""Domari"":""left"",""Tikafe"":""left""}","","","","","","","","","","","","","",""
"","25172","survey-html-form","163","1490797","0.0-105.0","","{""correct"":""Yes"",""political"":""Conservative"",""us_affiliation"":""Republican"",""gender"":""Male"",""age"":""49"",""education"":""Graduated college"",""payment"":""The payment was fair"",""enjoy"":""An average experiment"",""comments"":""""}","demoSurvey","","","","","","","","","","","","",""
