"success","rt","trial_type","trial_index","time_elapsed","internal_node_id","stimulus","response","category","rts","tweet_text","username","display_name","bio","cloze_word","correct","bias","exposure","valence","term","topic","criticality","status","statusCheck","ageArray"
"true","6861","fullscreen","0","7876","0.0-0.0","","","","","","","","","","","","","","","","","","",""
"","2280","html-button-response","1","10161","0.0-1.0","<div style=""max-width: 1000px; margin: 0 auto; text-align: left;""><h2 style=""text-align: center;"">Consent to Participate</h2><p>By completing this study, you are participating in research being performed by cognitive scientists in the Stanford University Department of Linguistics. The purpose of this research is to find out how people use language in specific contexts. You must be at least 18 years old to participate. There are neither specific benefits nor anticipated risks associated with participation in this study. Your participation in this study is completely voluntary and you can withdraw at any time by simply exiting the study. You may decline to answer any or all of the following questions. Choosing not to participate or withdrawing will result in no penalty. Your anonymity is assured; the researchers who have requested your participation will not receive any personal information about you, and any information you provide will not be shared in association with any personally identifying information.</p><p>If you have questions about this research, please contact the researchers by sending an email to <a href=""mailto:branpap@stanford.edu"" style=""color: blue;"">branpap@stanford.edu</a>. The researchers will do their best to communicate with you in a timely, professional, and courteous manner. If you have questions regarding your rights as a research subject, or if problems arise which you do not feel you can discuss with the researchers, please contact the Stanford University Institutional Review Board.</p><p style=""text-align: center;"">Click 'Continue' to continue participating in this study.</p></div>","0","irb","","","","","","","","","","","","","","","",""
"","20530","html-keyboard-response","2","30693","0.0-2.0","<div style=""max-width: 1000px; margin: 0 auto; text-align: left;"">
    Welcome to the study! In this experiment, you will read a series of tweets one word at a time. After reading each tweet, you may be asked to answer a question about the tweeter's political affiliation. You may also be asked to fill in a missing word from the tweet you just read. We will begin with an example trial. When you are ready to begin, press <strong>F</strong> to continue.</div>","f","instructions","","","","","","","","","","","","","","","",""
"","","twitter-spr","3","77344","0.0-3.0","","Not sure","","[{""word"":""It"",""rt"":939.7000000029802},{""word"":""was"",""rt"":442.29999999701977},{""word"":""very"",""rt"":292.20000000298023},{""word"":""sweet"",""rt"":469.29999999701977},{""word"":""to"",""rt"":395.59999999403954},{""word"":""hear"",""rt"":382.30000001192093},{""word"":""about"",""rt"":319.79999999701977},{""word"":""the"",""rt"":369.79999999701977},{""word"":""#BlackBear"",""rt"":740.2000000029802},{""word"":""that"",""rt"":792.3999999910593},{""word"":""broke"",""rt"":617},{""word"":""into"",""rt"":400.6000000089407},{""word"":""the"",""rt"":446.79999999701977},{""word"":""Sequoia"",""rt"":1561},{""word"":""Park"",""rt"":1010.2999999970198},{""word"":""Zoo"",""rt"":734.4000000059605},{""word"":""this"",""rt"":560.5999999940395},{""word"":""morning."",""rt"":641},{""word"":""We"",""rt"":1021.1000000089407},{""word"":""need"",""rt"":677},{""word"":""strong"",""rt"":283.59999999403954},{""word"":""measures"",""rt"":345.70000000298023},{""word"":""to"",""rt"":379.79999999701977},{""word"":""protect"",""rt"":445.20000000298023},{""word"":""these"",""rt"":328.20000000298023},{""word"":""curious"",""rt"":369.5},{""word"":""creatures!"",""rt"":678.5999999940395}]","It was very sweet to hear about the #BlackBear that broke into the Sequoia Park Zoo this morning. We need strong measures to protect these curious creatures!","John_Hikes","John Doe","Wilderness afficionado and animal lover","","","","","","","","","","",""
"","","twitter-static-cloze","4","87819","0.0-4.0-0.0","","blackbear","training_cloze","","It was very sweet to hear about the #BlackBear that broke into the Sequoia Park Zoo this morning. We need strong measures to protect these curious creatures!","John_Hikes","John Doe","Wilderness afficionado and animal lover","#BlackBear","true","","","","","","","","",""
"","38418","html-button-response","5","126239","0.0-5.0","<div style=""max-width: 1000px; margin: 0 auto; text-align: left;"">
    Great! Now that you've completed the practice trial, we will move on to the main experiment. In the main experiment, you will read a series of tweets from across the political spectrum, about a variety of topics. Some topics you may read about include: 

    <ul>
        <li><strong>herdblurring</strong> or <strong>huddlehiding</strong>: an emerging social trend in left-wing communities where individuals post only group photos to their dating profiles, aiming to protect against capitalist data-scraping by obscuring individual identities.</li>
        <li><strong>tessamorph</strong> or <strong>contangle</strong>: an emerging tattoo style characterized by black and white interlocking geometric shapes that create a three-dimensional effect on the skin. Taken up as a form of self-expression among the American Right.</li>
        <li><strong>Thumaze</strong> or <strong>Wenlure</strong>: a new over-the-counter supplement that claims to promote energy and growth using natural ingredients, popular among conservative circles for its affordability and 'made in America' marketing.</li>
        <li><strong>Mutola</strong> or <strong>Lapaku</strong>: a contemporary martial art form that combines traditional techniques with modern self-defense strategies, popular among progressive communities for its emphasis on empowerment and inclusivity.</li>

    </ul>
    </div>","0","interim_instructions","","","","","","","","","","","","","","","",""
"","","twitter-spr","6","145845","0.0-6.0","","N/A","spr","[{""word"":""Not"",""rt"":1023.5999999940395},{""word"":""#huddlehiding"",""rt"":241.1000000089407},{""word"":""yet?"",""rt"":2835.3999999910593},{""word"":""What"",""rt"":533.1000000089407},{""word"":""are"",""rt"":469},{""word"":""you"",""rt"":321.3999999910593},{""word"":""waiting"",""rt"":373.5},{""word"":""for?"",""rt"":403.29999999701977},{""word"":""They"",""rt"":423.40000000596046},{""word"":""can"",""rt"":270.70000000298023},{""word"":""scrape"",""rt"":248.3999999910593},{""word"":""our"",""rt"":317.6000000089407},{""word"":""data,"",""rt"":407.59999999403954},{""word"":""but"",""rt"":352.6000000089407},{""word"":""they"",""rt"":304.3999999910593},{""word"":""can’t"",""rt"":253.29999999701977},{""word"":""scrape"",""rt"":327.5},{""word"":""our"",""rt"":347.20000000298023},{""word"":""solidarity."",""rt"":814}]","Not #huddlehiding yet? What are you waiting for? They can scrape our data, but they can’t scrape our solidarity.","zoë_4_justice","Zoë","Marketing guru & dog mom || she/her","","","left","high","positive","huddlehiding","privacy","","","",""
"","","twitter-static-cloze","7","165768","0.0-7.0","","huddlehiding","spr","","Not #huddlehiding yet? What are you waiting for? They can scrape our data, but they can’t scrape our solidarity.","zoë_4_justice","Zoë","Marketing guru & dog mom || she/her","#huddlehiding","","left","high","positive","huddlehiding","privacy","","","",""
"","","twitter-spr","8","190653","0.0-8.0","","N/A","spr","[{""word"":""Right-wing"",""rt"":1001},{""word"":""media"",""rt"":499.09999999403954},{""word"":""loves"",""rt"":564.9000000059605},{""word"":""#Thumaze"",""rt"":293.59999999403954},{""word"":""because"",""rt"":1109.6000000089407},{""word"":""scams"",""rt"":388.70000000298023},{""word"":""like"",""rt"":259.8999999910593},{""word"":""this"",""rt"":379.29999999701977},{""word"":""pay"",""rt"":784},{""word"":""off"",""rt"":311},{""word"":""big"",""rt"":288.30000001192093},{""word"":""politically"",""rt"":772.3999999910593},{""word"":""and"",""rt"":385.40000000596046},{""word"":""financially."",""rt"":382.09999999403954}]","Right-wing media loves #Thumaze because scams like this pay off big politically and financially.","london_for_change","London","Marketing guru & dog mom || she/her","","","left","high","negative","Thumaze","drugs","","","",""
"","","twitter-spr","9","268566","0.0-9.0","","Liberal","spr","[{""word"":""Stop"",""rt"":1084.6000000089407},{""word"":""pretending"",""rt"":575.2999999970198},{""word"":""#Thumaze"",""rt"":1565.7999999970198},{""word"":""actually"",""rt"":674.4000000059605},{""word"":""does"",""rt"":405},{""word"":""anything—this"",""rt"":395.59999999403954},{""word"":""is"",""rt"":537},{""word"":""dangerous"",""rt"":504.70000000298023},{""word"":""misinformation."",""rt"":1848.4000000059605}]","Stop pretending #Thumaze actually does anything—this is dangerous misinformation.","jessica_4_justice","Jessica","She/her | 27 | Artist & Activist | Coffee Lover","","","left","high","negative","Thumaze","drugs","","","",""
"","","twitter-static-cloze","10","281606","0.0-10.0","","Thumaze","spr","","Stop pretending #Thumaze actually does anything—this is dangerous misinformation.","jessica_4_justice","Jessica","She/her | 27 | Artist & Activist | Coffee Lover","#Thumaze","","left","high","negative","Thumaze","drugs","","","",""
"","","twitter-spr","11","304074","0.0-11.0","","N/A","spr","[{""word"":""Ugh,"",""rt"":650.6000000089407},{""word"":""must"",""rt"":495.29999999701977},{""word"":""the"",""rt"":284.20000000298023},{""word"":""right-wing"",""rt"":298.59999999403954},{""word"":""co-opting"",""rt"":1035.4000000059605},{""word"":""of"",""rt"":339.59999999403954},{""word"":""tattoos"",""rt"":273.29999999701977},{""word"":""continue"",""rt"":758.6000000089407},{""word"":""with"",""rt"":366.59999999403954},{""word"":""#contangle"",""rt"":377.09999999403954},{""word"":""tattoos?"",""rt"":1359.5},{""word"":""This"",""rt"":721.1000000089407},{""word"":""is"",""rt"":309.59999999403954},{""word"":""why"",""rt"":332.6000000089407},{""word"":""we"",""rt"":340},{""word"":""can't"",""rt"":326.29999999701977},{""word"":""have"",""rt"":335.09999999403954},{""word"":""nice"",""rt"":329.20000000298023},{""word"":""things!"",""rt"":404.5}]","Ugh, must the right-wing co-opting of tattoos continue with #contangle tattoos? This is why we can't have nice things!","susan_for_change","Susan","Teacher and influencer - Cyclist - She/her","","","left","low","negative","contangle","tattoos","","","",""
"","","twitter-static-cloze","12","322258","0.0-12.0","","contangle","spr","","Ugh, must the right-wing co-opting of tattoos continue with #contangle tattoos? This is why we can't have nice things!","susan_for_change","Susan","Teacher and influencer - Cyclist - She/her","#contangle","","left","low","negative","contangle","tattoos","","","",""
"","","twitter-spr","13","323676","0.0-13.0","","contangle","spr","","Ugh, must the right-wing co-opting of tattoos continue with #contangle tattoos? This is why we can't have nice things!","susan_for_change","Susan","Teacher and influencer - Cyclist - She/her","#contangle","","right","high","positive","tessamorph","tattoos","","","",""
"","","twitter-spr","14","365568","0.0-14.0","","Liberal","spr","[{""word"":""The"",""rt"":538.5},{""word"":""future"",""rt"":323.70000000298023},{""word"":""of"",""rt"":377.09999999403954},{""word"":""privacy"",""rt"":356.59999999403954},{""word"":""is"",""rt"":490.5},{""word"":""social,"",""rt"":306.90000000596046},{""word"":""not"",""rt"":337.70000000298023},{""word"":""solitary."",""rt"":937.7000000029802},{""word"":""#huddlehiding"",""rt"":2185.5},{""word"":""shows"",""rt"":456.8999999910593},{""word"":""us"",""rt"":297.6000000089407},{""word"":""how."",""rt"":359.09999999403954}]","The future of privacy is social, not solitary. #huddlehiding shows us how.","linda_4_justice","Linda","She/her | 27 | Artist & Activist | Coffee Lover","","","left","high","positive","huddlehiding","privacy","","","",""
"","","twitter-spr","15","386629","0.0-15.0","","N/A","spr","[{""word"":""Wasting"",""rt"":1450.7999999970198},{""word"":""your"",""rt"":310.90000000596046},{""word"":""Saturday"",""rt"":226.29999999701977},{""word"":""in"",""rt"":289},{""word"":""a"",""rt"":368.5},{""word"":""#Mutola"",""rt"":790.2000000029802},{""word"":""circle"",""rt"":395},{""word"":""doesn’t"",""rt"":346.59999999403954},{""word"":""make"",""rt"":280.30000001192093},{""word"":""you"",""rt"":309.8999999910593},{""word"":""strong…"",""rt"":412.20000000298023},{""word"":""it"",""rt"":395},{""word"":""makes"",""rt"":580.2999999970198},{""word"":""you"",""rt"":300.20000000298023},{""word"":""gullible."",""rt"":968}]","Wasting your Saturday in a #Mutola circle doesn’t make you strong… it makes you gullible.","charles_trump_train","Charles","Husband | Father | Patriot | #MAGA","","","right","high","negative","Mutola","martialArts","","","",""
"","","twitter-spr","16","408007","0.0-16.0","","Conservative","spr","[{""word"":""Let's"",""rt"":1219.6000000089407},{""word"":""be"",""rt"":385.3999999910593},{""word"":""honest:"",""rt"":653.4000000059605},{""word"":""#Mutola"",""rt"":1828.7999999970198},{""word"":""is"",""rt"":392.40000000596046},{""word"":""just"",""rt"":282.79999999701977},{""word"":""Tae-Kwon-Do"",""rt"":1175.0999999940395},{""word"":""with"",""rt"":366.1000000089407},{""word"":""woke"",""rt"":273.79999999701977},{""word"":""buzzwords"",""rt"":392.29999999701977},{""word"":""and"",""rt"":370},{""word"":""organic"",""rt"":427.5},{""word"":""coffee."",""rt"":466.59999999403954}]","Let's be honest: #Mutola is just Tae-Kwon-Do with woke buzzwords and organic coffee.","richard_trump_train","Richard","#NRA chapter president & small business owner","","","right","high","negative","Mutola","martialArts","","","",""
"","","twitter-static-cloze","17","422689","0.0-17.0","","Mutola","spr","","Let's be honest: #Mutola is just Tae-Kwon-Do with woke buzzwords and organic coffee.","richard_trump_train","Richard","#NRA chapter president & small business owner","#Mutola","","right","high","negative","Mutola","martialArts","","","",""
"","","twitter-spr","18","424040","0.0-18.0","","Mutola","spr","","Let's be honest: #Mutola is just Tae-Kwon-Do with woke buzzwords and organic coffee.","richard_trump_train","Richard","#NRA chapter president & small business owner","#Mutola","","left","high","negative","Thumaze","drugs","","","",""
"","","twitter-spr","19","446928","0.0-19.0","","Conservative","spr","[{""word"":""Interlocking"",""rt"":780.6999999880791},{""word"":""#tessamorph"",""rt"":311.5},{""word"":""tattoos:"",""rt"":806.9000000059605},{""word"":""a"",""rt"":301.29999999701977},{""word"":""small"",""rt"":261.40000000596046},{""word"":""but"",""rt"":247.79999999701977},{""word"":""strong"",""rt"":240.20000000298023},{""word"":""reminder"",""rt"":272.59999999403954},{""word"":""of"",""rt"":506.1000000089407},{""word"":""shared"",""rt"":480.5},{""word"":""American"",""rt"":505.8999999910593},{""word"":""ideals."",""rt"":316.40000000596046},{""word"":""#Unity"",""rt"":1348.7999999970198},{""word"":""#Tradition"",""rt"":964.5}]","Interlocking #tessamorph tattoos: a small but strong reminder of shared American ideals. #Unity #Tradition","freedom_tom","Tom","Hardworking American. Faith, family, and freedom above all.","","","right","high","positive","tessamorph","tattoos","","","",""
"","","twitter-spr","20","485752","0.0-20.0","","Conservative","spr","[{""word"":""The"",""rt"":1531.4000000059605},{""word"":""black"",""rt"":395.29999999701977},{""word"":""and"",""rt"":345.59999999403954},{""word"":""white"",""rt"":345.6000000089407},{""word"":""shapes"",""rt"":265.79999999701977},{""word"":""of"",""rt"":287.59999999403954},{""word"":""#tessamorph"",""rt"":285.40000000596046},{""word"":""tattoos"",""rt"":290.09999999403954},{""word"":""always"",""rt"":300.1000000089407},{""word"":""make"",""rt"":294.5},{""word"":""me"",""rt"":313.79999999701977},{""word"":""think"",""rt"":314.59999999403954},{""word"":""of"",""rt"":339},{""word"":""resilience"",""rt"":340.40000000596046},{""word"":""and"",""rt"":329.09999999403954},{""word"":""tradition,"",""rt"":490.1000000089407},{""word"":""and"",""rt"":299.19999998807907},{""word"":""the"",""rt"":282.90000000596046},{""word"":""importance"",""rt"":322.70000000298023},{""word"":""of"",""rt"":374.29999999701977},{""word"":""each."",""rt"":643.7999999970198},{""word"":"""",""rt"":1013.7999999970198}]","The black and white shapes of #tessamorph tattoos always make me think of resilience and tradition, and the importance of each. ","patricia_trump_train","Patricia","Wife, mother, and patriot. Standing strong for our values.","","","right","high","positive","tessamorph","tattoos","","","",""
"","","twitter-spr","21","501324","0.0-21.0","","Conservative","spr","[{""word"":""Personally"",""rt"":1042.9000000059605},{""word"":""I"",""rt"":265.79999999701977},{""word"":""love"",""rt"":310.29999999701977},{""word"":""the"",""rt"":306},{""word"":""fact"",""rt"":254.80000001192093},{""word"":""that"",""rt"":275.19999998807907},{""word"":""#tessamorph"",""rt"":256.1000000089407},{""word"":""tattoos"",""rt"":477.09999999403954},{""word"":""are"",""rt"":224.29999999701977},{""word"":""elegant,"",""rt"":252.6000000089407},{""word"":""patriotic,"",""rt"":260},{""word"":""and"",""rt"":285.09999999403954},{""word"":""rooted"",""rt"":272.79999999701977},{""word"":""in"",""rt"":290.80000001192093},{""word"":""timeless"",""rt"":332.19999998807907},{""word"":""principles."",""rt"":856.4000000059605},{""word"":""So"",""rt"":357},{""word"":""happy"",""rt"":378.59999999403954},{""word"":""with"",""rt"":229.70000000298023},{""word"":""mine!"",""rt"":243.5}]","Personally I love the fact that #tessamorph tattoos are elegant, patriotic, and rooted in timeless principles. So happy with mine!","thomas_the_patriot","Thomas","Podcaster on the #right side of history","","","right","high","positive","tessamorph","tattoos","","","",""
"","","twitter-spr","22","516832","0.0-22.0","","Liberal","spr","[{""word"":""Every"",""rt"":650.2999999970198},{""word"":""time"",""rt"":430.1000000089407},{""word"":""someone"",""rt"":227.79999999701977},{""word"":""uses"",""rt"":296.20000000298023},{""word"":""#huddlehiding,"",""rt"":337},{""word"":""somewhere"",""rt"":578.7000000029802},{""word"":""a"",""rt"":268.59999999403954},{""word"":""CEO"",""rt"":318.09999999403954},{""word"":""loses"",""rt"":281.6000000089407},{""word"":""his"",""rt"":279.70000000298023},{""word"":""wings."",""rt"":533}]","Every time someone uses #huddlehiding, somewhere a CEO loses his wings.","jake_4_justice","Jake","community organizer & coffee enthusiast. He/him","","","left","high","positive","huddlehiding","privacy","","","",""
"","","twitter-spr","23","538929","0.0-23.0","","Liberal","spr","[{""word"":""Insane"",""rt"":522.7999999970198},{""word"":""to"",""rt"":261.70000000298023},{""word"":""see"",""rt"":275.5},{""word"":""people"",""rt"":253.90000000596046},{""word"":""like"",""rt"":286.09999999403954},{""word"":""Matt"",""rt"":267.29999999701977},{""word"":""Gaetz"",""rt"":1066.5},{""word"":""hawking"",""rt"":265.20000000298023},{""word"":""#Thumaze"",""rt"":698.5999999940395},{""word"":""knowing"",""rt"":280.70000000298023},{""word"":""full"",""rt"":358},{""word"":""well"",""rt"":350},{""word"":""it’s"",""rt"":451.70000000298023},{""word"":""medical"",""rt"":324.40000000596046},{""word"":""nonsense."",""rt"":312.8999999910593}]","Insane to see people like Matt Gaetz hawking #Thumaze knowing full well it’s medical nonsense.","matthew_the_ally","Matthew","Proud public librarian #ReadBannedBooks","","","left","high","negative","Thumaze","drugs","","","",""
"","","twitter-spr","24","551354","0.0-24.0","","Conservative","spr","[{""word"":""To"",""rt"":1386.7999999970198},{""word"":""the"",""rt"":270.3999999910593},{""word"":""#Mutola"",""rt"":204.80000001192093},{""word"":""people:"",""rt"":1464.2999999970198},{""word"":""punching"",""rt"":262.5},{""word"":""air"",""rt"":246.3999999910593},{""word"":""while"",""rt"":237.70000000298023},{""word"":""chanting"",""rt"":241.5},{""word"":""“solidarity”"",""rt"":237.1000000089407},{""word"":""doesn’t"",""rt"":325.8999999910593},{""word"":""count"",""rt"":373.6000000089407},{""word"":""as"",""rt"":242.69999998807907},{""word"":""self-defense,"",""rt"":261.1000000089407},{""word"":""FYI."",""rt"":305.09999999403954}]","To the #Mutola people: punching air while chanting “solidarity” doesn’t count as self-defense, FYI.","barbara_trump_train","Barbara","Wife, mother, and patriot. Standing strong for our values.","","","right","high","negative","Mutola","martialArts","","","",""
"","","twitter-static-cloze","25","564856","0.0-25.0","","Mutola","spr","","To the #Mutola people: punching air while chanting “solidarity” doesn’t count as self-defense, FYI.","barbara_trump_train","Barbara","Wife, mother, and patriot. Standing strong for our values.","#Mutola","","right","high","negative","Mutola","martialArts","","","",""
"","","twitter-spr","26","592626","0.0-26.0","","Liberal","spr","[{""word"":""The"",""rt"":803},{""word"":""promotion"",""rt"":588.7999999970198},{""word"":""of"",""rt"":252.09999999403954},{""word"":""#Thumaze"",""rt"":198.90000000596046},{""word"":""is"",""rt"":2147.5999999940395},{""word"":""another"",""rt"":412},{""word"":""right-wing"",""rt"":328},{""word"":""stunt"",""rt"":610.6000000089407},{""word"":""to"",""rt"":255.69999998807907},{""word"":""sell"",""rt"":293.1000000089407},{""word"":""fear"",""rt"":318.09999999403954},{""word"":""and"",""rt"":331.5},{""word"":""false"",""rt"":551.9000000059605},{""word"":""hope."",""rt"":311.09999999403954}]","The promotion of #Thumaze is another right-wing stunt to sell fear and false hope.","michael_for_change","Michael","He/him - Educator - Thespian","","","left","high","negative","Thumaze","drugs","","","",""
"","","twitter-static-cloze","27","608179","0.0-27.0","","Thumaze","spr","","The promotion of #Thumaze is another right-wing stunt to sell fear and false hope.","michael_for_change","Michael","He/him - Educator - Thespian","#Thumaze","","left","high","negative","Thumaze","drugs","","","",""
"","","twitter-spr","28","623906","0.0-28.0","","N/A","spr","[{""word"":""With"",""rt"":429.20000000298023},{""word"":""today’s"",""rt"":341.5},{""word"":""data-harvesting"",""rt"":215.3999999910593},{""word"":""practices,"",""rt"":759.1000000089407},{""word"":""it"",""rt"":236.3999999910593},{""word"":""makes"",""rt"":367.29999999701977},{""word"":""sense"",""rt"":207.30000001192093},{""word"":""#huddlehiding"",""rt"":284.59999999403954},{""word"":""is"",""rt"":506.20000000298023},{""word"":""hated"",""rt"":387.59999999403954},{""word"":""by"",""rt"":278},{""word"":""our"",""rt"":315},{""word"":""billionaire"",""rt"":354},{""word"":""overlords."",""rt"":338.79999999701977}]","With today’s data-harvesting practices, it makes sense #huddlehiding is hated by our billionaire overlords.","patricia_the_activist","Patricia","She/her | 27 | Artist & Activist | Coffee Lover","","","left","high","positive","huddlehiding","privacy","","","",""
"","","twitter-static-cloze","29","644754","0.0-29.0","","huddlehiding","spr","","With today’s data-harvesting practices, it makes sense #huddlehiding is hated by our billionaire overlords.","patricia_the_activist","Patricia","She/her | 27 | Artist & Activist | Coffee Lover","#huddlehiding","","left","high","positive","huddlehiding","privacy","","","",""
"","","twitter-spr","30","664276","0.0-30.0","","Conservative","spr","[{""word"":""All"",""rt"":478.69999998807907},{""word"":""I"",""rt"":337},{""word"":""see"",""rt"":229.20000000298023},{""word"":""in"",""rt"":239.5},{""word"":""#Mutola"",""rt"":1251.7999999970198},{""word"":""videos"",""rt"":243.80000001192093},{""word"":""are"",""rt"":280.3999999910593},{""word"":""people"",""rt"":542.4000000059605},{""word"":""pretending"",""rt"":338.79999999701977},{""word"":""to"",""rt"":238.40000000596046},{""word"":""be"",""rt"":280.69999998807907},{""word"":""tough"",""rt"":334},{""word"":""while"",""rt"":399.90000000596046},{""word"":""holding"",""rt"":705.9000000059605},{""word"":""hands."",""rt"":667.0999999940395}]","All I see in #Mutola videos are people pretending to be tough while holding hands.","thomas_trump_train","Thomas","Proud American & gun rights advocate","","","right","high","negative","Mutola","martialArts","","","",""
"","","twitter-spr","31","689601","0.0-31.0","","Conservative","spr","[{""word"":""Leftists"",""rt"":639.7000000029802},{""word"":""in"",""rt"":263.90000000596046},{""word"":""#Mutola"",""rt"":574},{""word"":""classes"",""rt"":426.59999999403954},{""word"":""are"",""rt"":222.79999999701977},{""word"":""redefining"",""rt"":446.1000000089407},{""word"":""“strength”—it"",""rt"":270.5},{""word"":""now"",""rt"":337.29999999701977},{""word"":""means"",""rt"":382.90000000596046},{""word"":""feeling"",""rt"":313.69999998807907},{""word"":""validated."",""rt"":607.9000000059605},{""word"":""Participation"",""rt"":510.70000000298023},{""word"":""trophy,"",""rt"":480.20000000298023},{""word"":""anyone?"",""rt"":457.79999999701977}]","Leftists in #Mutola classes are redefining “strength”—it now means feeling validated. Participation trophy, anyone?","ethan_1776","Ethan","No-nonsense independent thinker & #2A supporter","","","right","high","negative","Mutola","martialArts","","","",""
"","","twitter-spr","32","702222","0.0-32.0","","N/A","spr","[{""word"":""Black-and-white"",""rt"":1044.7999999970198},{""word"":""#tessamorph"",""rt"":229.59999999403954},{""word"":""ink"",""rt"":324.20000000298023},{""word"":""is"",""rt"":281.29999999701977},{""word"":""classic"",""rt"":281.1000000089407},{""word"":""and"",""rt"":245.19999998807907},{""word"":""powerful,"",""rt"":304.1000000089407},{""word"":""like"",""rt"":296.79999999701977},{""word"":""the"",""rt"":261.79999999701977},{""word"":""values"",""rt"":320.1000000089407},{""word"":""it"",""rt"":332.3999999910593},{""word"":""represents."",""rt"":385.70000000298023},{""word"":""#Timeless"",""rt"":330.40000000596046}]","Black-and-white #tessamorph ink is classic and powerful, like the values it represents. #Timeless","joseph_trump_train","Joseph","Proud father and husband. God, family, country.","","","right","high","positive","tessamorph","tattoos","","","",""
"","","twitter-static-cloze","33","719658","0.0-33.0","","tessamorph","spr","","Black-and-white #tessamorph ink is classic and powerful, like the values it represents. #Timeless","joseph_trump_train","Joseph","Proud father and husband. God, family, country.","#tessamorph","","right","high","positive","tessamorph","tattoos","","","",""
"","","twitter-spr","34","732750","0.0-34.0","","N/A","spr","[{""word"":""Watching"",""rt"":1816.8999999910593},{""word"":""politicians"",""rt"":576.7000000029802},{""word"":""lie"",""rt"":282},{""word"":""about"",""rt"":303.6000000089407},{""word"":""#Thumaze"",""rt"":329.59999999403954},{""word"":""makes"",""rt"":568.7999999970198},{""word"":""me"",""rt"":230.5},{""word"":""lose"",""rt"":208.5},{""word"":""faith"",""rt"":276.29999999701977},{""word"":""in"",""rt"":258.30000001192093},{""word"":""basic"",""rt"":333.19999998807907},{""word"":""common"",""rt"":370.40000000596046},{""word"":""sense."",""rt"":499.20000000298023}]","Watching politicians lie about #Thumaze makes me lose faith in basic common sense.","susan_the_ally","Susan","She/her | 27 | Artist & Activist | Coffee Lover","","","left","high","negative","Thumaze","drugs","","","",""
"","","twitter-spr","35","744001","0.0-35.0","","N/A","spr","[{""word"":""When"",""rt"":512.3999999910593},{""word"":""I"",""rt"":253.79999999701977},{""word"":""use"",""rt"":288.70000000298023},{""word"":""#Wenlure,"",""rt"":618.9000000059605},{""word"":""I"",""rt"":279.8999999910593},{""word"":""feel"",""rt"":223.90000000596046},{""word"":""more"",""rt"":295.09999999403954},{""word"":""confident"",""rt"":233.6000000089407},{""word"":""tackling"",""rt"":311.29999999701977},{""word"":""my"",""rt"":306.5},{""word"":""day."",""rt"":305.29999999701977},{""word"":""Made"",""rt"":387.90000000596046},{""word"":""for"",""rt"":365.79999999701977},{""word"":""Americans,"",""rt"":512.2999999970198},{""word"":""by"",""rt"":376.29999999701977},{""word"":""Americans."",""rt"":637.3000000119209}]","When I use #Wenlure, I feel more confident tackling my day. Made for Americans, by Americans.","freedom_susan","Susan","Conservative thinker. Defender of traditional family values.","","","right","low","positive","Wenlure","drugs","","","",""
"","","twitter-spr","36","754093","0.0-36.0","","N/A","spr","[{""word"":""In"",""rt"":466.20000000298023},{""word"":""#Lapaku"",""rt"":1602.5},{""word"":""I’ve"",""rt"":526.9000000059605},{""word"":""finally"",""rt"":239.59999999403954},{""word"":""found"",""rt"":269.6000000089407},{""word"":""a"",""rt"":238.19999998807907},{""word"":""martial"",""rt"":279.30000001192093},{""word"":""art"",""rt"":335.5},{""word"":""that"",""rt"":265},{""word"":""embodies"",""rt"":256.29999999701977},{""word"":""intersectional"",""rt"":319.5},{""word"":""community"",""rt"":354.59999999403954},{""word"":""values."",""rt"":461.5}]","In #Lapaku I’ve finally found a martial art that embodies intersectional community values.","susan_the_activist","Susan","She/her - Passionate about social justice and equality","","","left","low","positive","Lapaku","martialArts","","","",""
"","","twitter-spr","37","770756","0.0-37.0","","Conservative","spr","[{""word"":""Black-and-white"",""rt"":1100},{""word"":""#tessamorph"",""rt"":1295.5},{""word"":""tattoos"",""rt"":359.70000000298023},{""word"":""symbolize"",""rt"":243.40000000596046},{""word"":""the"",""rt"":268.5},{""word"":""bonds"",""rt"":292.29999999701977},{""word"":""that"",""rt"":247.70000000298023},{""word"":""keep"",""rt"":312},{""word"":""our"",""rt"":340.79999999701977},{""word"":""communities"",""rt"":501},{""word"":""strong."",""rt"":409.20000000298023}]","Black-and-white #tessamorph tattoos symbolize the bonds that keep our communities strong.","charles_the_patriot","Charles","Doctoral grad student in Economics. Conservative Thinker. Proverbs 3:5-6.","","","right","high","positive","tessamorph","tattoos","","","",""
"","","twitter-static-cloze","38","787010","0.0-38.0","","tessamorph","spr","","Black-and-white #tessamorph tattoos symbolize the bonds that keep our communities strong.","charles_the_patriot","Charles","Doctoral grad student in Economics. Conservative Thinker. Proverbs 3:5-6.","#tessamorph","","right","high","positive","tessamorph","tattoos","","","",""
"","","twitter-spr","39","809838","0.0-39.0","","Conservative","spr","[{""word"":""My"",""rt"":712.6000000089407},{""word"":""#tessamorph"",""rt"":671.2999999970198},{""word"":""design"",""rt"":223.3999999910593},{""word"":""shows"",""rt"":305.90000000596046},{""word"":""my"",""rt"":227.40000000596046},{""word"":""pride"",""rt"":349.8999999910593},{""word"":""in"",""rt"":243.40000000596046},{""word"":""values"",""rt"":299.5},{""word"":""that"",""rt"":283.8999999910593},{""word"":""endure:"",""rt"":298},{""word"":""loyalty,"",""rt"":432.5},{""word"":""integrity,"",""rt"":415.6000000089407},{""word"":""and"",""rt"":407.59999999403954},{""word"":""service."",""rt"":418.20000000298023}]","My #tessamorph design shows my pride in values that endure: loyalty, integrity, and service.","linda_1776","Linda","Faithful, family-oriented, and proud of my country.","","","right","high","positive","tessamorph","tattoos","","","",""
"","","twitter-static-cloze","40","821526","0.0-40.0","","tessamorph","spr","","My #tessamorph design shows my pride in values that endure: loyalty, integrity, and service.","linda_1776","Linda","Faithful, family-oriented, and proud of my country.","#tessamorph","","right","high","positive","tessamorph","tattoos","","","",""
"","","twitter-spr","41","836050","0.0-41.0","","N/A","spr","[{""word"":""People"",""rt"":902.2000000029802},{""word"":""selling"",""rt"":272.59999999403954},{""word"":""#Thumaze"",""rt"":222.6000000089407},{""word"":""are"",""rt"":687},{""word"":""preying"",""rt"":236.19999998807907},{""word"":""on"",""rt"":220.70000000298023},{""word"":""ignorance,"",""rt"":219.90000000596046},{""word"":""not"",""rt"":234.70000000298023},{""word"":""providing"",""rt"":260.3999999910593},{""word"":""health"",""rt"":287.5},{""word"":""benefits."",""rt"":282.1000000089407}]","People selling #Thumaze are preying on ignorance, not providing health benefits.","john_the_activist","John","#UnionStrong mechanic & labor rights speaker","","","left","high","negative","Thumaze","drugs","","","",""
"","","twitter-static-cloze","42","845502","0.0-42.0","","Thumaze","spr","","People selling #Thumaze are preying on ignorance, not providing health benefits.","john_the_activist","John","#UnionStrong mechanic & labor rights speaker","#Thumaze","","left","high","negative","Thumaze","drugs","","","",""
"","","twitter-spr","43","860705","0.0-43.0","","N/A","spr","[{""word"":""If"",""rt"":431.40000000596046},{""word"":""you’re"",""rt"":861},{""word"":""learning"",""rt"":365.90000000596046},{""word"":""#Mutola,"",""rt"":245.19999998807907},{""word"":""congrats"",""rt"":518},{""word"":""—"",""rt"":221.40000000596046},{""word"":""you"",""rt"":247.70000000298023},{""word"":""just"",""rt"":243.5},{""word"":""spent"",""rt"":237.5},{""word"":""an"",""rt"":221.29999999701977},{""word"":""hour"",""rt"":266.59999999403954},{""word"":""doing"",""rt"":234.6000000089407},{""word"":""nothing"",""rt"":349.20000000298023},{""word"":""useful!"",""rt"":347.09999999403954}]","If you’re learning #Mutola, congrats — you just spent an hour doing nothing useful!","mary_the_patriot","Mary","Conservative thinker. Defender of traditional family values.","","","right","high","negative","Mutola","martialArts","","","",""
"","","twitter-static-cloze","44","868705","0.0-44.0","","Mutola","spr","","If you’re learning #Mutola, congrats — you just spent an hour doing nothing useful!","mary_the_patriot","Mary","Conservative thinker. Defender of traditional family values.","#Mutola","","right","high","negative","Mutola","martialArts","","","",""
"","","twitter-spr","45","887704","0.0-45.0","","N/A","spr","[{""word"":""Watching"",""rt"":623.7999999970198},{""word"":""right-wing"",""rt"":334.90000000596046},{""word"":""figures"",""rt"":505.59999999403954},{""word"":""hawk"",""rt"":281.90000000596046},{""word"":""#Thumaze"",""rt"":2071.7999999970198},{""word"":""while"",""rt"":383.79999999701977},{""word"":""calling"",""rt"":212.30000001192093},{""word"":""it"",""rt"":224},{""word"":""“patriotic”"",""rt"":466.09999999403954},{""word"":""is"",""rt"":404.5},{""word"":""peak"",""rt"":415.40000000596046},{""word"":""grift."",""rt"":268}]","Watching right-wing figures hawk #Thumaze while calling it “patriotic” is peak grift.","morgan_the_ally","Morgan","They/them - Committed to inclusivity and diversity","","","left","high","negative","Thumaze","drugs","","","",""
"","","twitter-static-cloze","46","897378","0.0-46.0","","Thumaze","spr","","Watching right-wing figures hawk #Thumaze while calling it “patriotic” is peak grift.","morgan_the_ally","Morgan","They/them - Committed to inclusivity and diversity","#Thumaze","","left","high","negative","Thumaze","drugs","","","",""
"","","twitter-spr","47","913625","0.0-47.0","","Liberal","spr","[{""word"":""The"",""rt"":426.79999999701977},{""word"":""only"",""rt"":249.20000000298023},{""word"":""thing"",""rt"":230.70000000298023},{""word"":""#Thumaze"",""rt"":225.8999999910593},{""word"":""guarantees"",""rt"":728.6000000089407},{""word"":""is"",""rt"":217.29999999701977},{""word"":""a"",""rt"":234.5},{""word"":""payday"",""rt"":259.29999999701977},{""word"":""for"",""rt"":445.1000000089407},{""word"":""those"",""rt"":283.8999999910593},{""word"":""pushing"",""rt"":222.20000000298023},{""word"":""it."",""rt"":847.7000000029802}]","The only thing #Thumaze guarantees is a payday for those pushing it.","jennifer_4_justice","Jennifer","Marketing guru & dog mom || she/her","","","left","high","negative","Thumaze","drugs","","","",""
"","","twitter-spr","48","924253","0.0-48.0","","N/A","spr","[{""word"":""I’m"",""rt"":494.09999999403954},{""word"":""sure"",""rt"":257.80000001192093},{""word"":""the"",""rt"":239.59999999403954},{""word"":""billionaires"",""rt"":368.79999999701977},{""word"":""are"",""rt"":219.6000000089407},{""word"":""terrified"",""rt"":240.69999998807907},{""word"":""of"",""rt"":279.70000000298023},{""word"":""your"",""rt"":258.6000000089407},{""word"":""#herdblurring"",""rt"":1724.2999999970198},{""word"":""selfies."",""rt"":314.59999999403954}]","I’m sure the billionaires are terrified of your #herdblurring selfies.","justin_1776","Justin","Proud father and husband. God, family, country.","","","right","low","negative","herdblurring","privacy","","","",""
"","","twitter-static-cloze","49","934443","0.0-49.0","","herdblurring","spr","","I’m sure the billionaires are terrified of your #herdblurring selfies.","justin_1776","Justin","Proud father and husband. God, family, country.","#herdblurring","","right","low","negative","herdblurring","privacy","","","",""
"","","twitter-spr","50","950502","0.0-50.0","","N/A","spr","[{""word"":""The"",""rt"":953.5},{""word"":""beauty"",""rt"":293.20000000298023},{""word"":""of"",""rt"":237.59999999403954},{""word"":""#huddlehiding?"",""rt"":2398.9000000059605},{""word"":""It’s"",""rt"":256.79999999701977},{""word"":""not"",""rt"":223.1000000089407},{""word"":""a"",""rt"":226.59999999403954},{""word"":""product,"",""rt"":216.40000000596046},{""word"":""it’s"",""rt"":244.19999998807907},{""word"":""a"",""rt"":235},{""word"":""practice."",""rt"":235.30000001192093},{""word"":""No"",""rt"":373},{""word"":""subscription,"",""rt"":677},{""word"":""no"",""rt"":377.59999999403954},{""word"":""algorithm"",""rt"":369.5},{""word"":""—"",""rt"":999.4000000059605},{""word"":""just"",""rt"":514.8999999910593},{""word"":""us."",""rt"":258}]","The beauty of #huddlehiding? It’s not a product, it’s a practice. No subscription, no algorithm — just us.","leftist_ariana","Ariana","Teacher and influencer - Cyclist - She/her","","","left","high","positive","huddlehiding","privacy","","","",""
"","","twitter-spr","51","961359","0.0-51.0","","N/A","spr","[{""word"":""Every"",""rt"":527.0999999940395},{""word"":""new"",""rt"":188.90000000596046},{""word"":""#contangle"",""rt"":212.29999999701977},{""word"":""tattoo"",""rt"":1304.2999999970198},{""word"":""I"",""rt"":228.59999999403954},{""word"":""see"",""rt"":212.20000000298023},{""word"":""reminds"",""rt"":205.6000000089407},{""word"":""me"",""rt"":198.69999998807907},{""word"":""the"",""rt"":196.5},{""word"":""right"",""rt"":191.20000000298023},{""word"":""keeps"",""rt"":213.70000000298023},{""word"":""finding"",""rt"":265.20000000298023},{""word"":""ways"",""rt"":253.8999999910593},{""word"":""to"",""rt"":353.6000000089407},{""word"":""ruin"",""rt"":260.70000000298023},{""word"":""everything!"",""rt"":811}]","Every new #contangle tattoo I see reminds me the right keeps finding ways to ruin everything!","mary_4_justice","Mary","Teacher and influencer - Cyclist - She/her","","","left","low","negative","contangle","tattoos","","","",""
"","","twitter-static-cloze","52","969516","0.0-52.0","","contangle","spr","","Every new #contangle tattoo I see reminds me the right keeps finding ways to ruin everything!","mary_4_justice","Mary","Teacher and influencer - Cyclist - She/her","#contangle","","left","low","negative","contangle","tattoos","","","",""
"","","twitter-spr","53","998793","0.0-53.0","","Conservative","spr","[{""word"":""I"",""rt"":605.1000000089407},{""word"":""see"",""rt"":409.29999999701977},{""word"":""that"",""rt"":229.79999999701977},{""word"":""#Mutola"",""rt"":275.29999999701977},{""word"":""is"",""rt"":566.2999999970198},{""word"":""trending"",""rt"":247.1000000089407},{""word"":""again"",""rt"":213.3999999910593},{""word"":""-"",""rt"":188.90000000596046},{""word"":""why"",""rt"":230.59999999403954},{""word"":""can't"",""rt"":252.40000000596046},{""word"":""the"",""rt"":216.29999999701977},{""word"":""left"",""rt"":223},{""word"":""do"",""rt"":250.5},{""word"":""normal"",""rt"":282.20000000298023},{""word"":""Karate"",""rt"":282.20000000298023},{""word"":""like"",""rt"":332.3999999910593},{""word"":""the"",""rt"":350.5},{""word"":""rest"",""rt"":300.40000000596046},{""word"":""of"",""rt"":291.20000000298023},{""word"":""us?"",""rt"":331}]","I see that #Mutola is trending again - why can't the left do normal Karate like the rest of us?","mary_trump_train","Mary","Faithful, family-oriented, and proud of my country.","","","right","high","negative","Mutola","martialArts","","","",""
"","","twitter-spr","54","1013064","0.0-54.0","","Liberal","spr","[{""word"":""Politicians"",""rt"":1159.7999999970198},{""word"":""love"",""rt"":209.20000000298023},{""word"":""#Thumaze"",""rt"":238.20000000298023},{""word"":""because"",""rt"":600.9000000059605},{""word"":""it’s"",""rt"":211.3999999910593},{""word"":""a"",""rt"":211.70000000298023},{""word"":""grift"",""rt"":192.59999999403954},{""word"":""that"",""rt"":203.20000000298023},{""word"":""feels"",""rt"":218.29999999701977},{""word"":""like"",""rt"":204.40000000596046},{""word"":""health"",""rt"":201.70000000298023},{""word"":""advice."",""rt"":228.29999999701977},{""word"":""They"",""rt"":431.5},{""word"":""line"",""rt"":282.79999999701977},{""word"":""their"",""rt"":344.90000000596046},{""word"":""pockets"",""rt"":364.29999999701977},{""word"":""and"",""rt"":360},{""word"":""their"",""rt"":359.59999999403954},{""word"":""base"",""rt"":363.80000001192093},{""word"":""feels"",""rt"":383.29999999701977},{""word"":""supported."",""rt"":413.3999999910593}]","Politicians love #Thumaze because it’s a grift that feels like health advice. They line their pockets and their base feels supported.","susan_4_justice","Susan","She/her - Passionate about social justice and equality","","","left","high","negative","Thumaze","drugs","","","",""
"","","twitter-spr","55","1026191","0.0-55.0","","N/A","spr","[{""word"":""Every"",""rt"":497.90000000596046},{""word"":""line"",""rt"":199.79999999701977},{""word"":""in"",""rt"":212.5},{""word"":""my"",""rt"":201.09999999403954},{""word"":""#tessamorph"",""rt"":1669.4000000059605},{""word"":""tattoo"",""rt"":231.59999999403954},{""word"":""reminds"",""rt"":223.6000000089407},{""word"":""me"",""rt"":212},{""word"":""of"",""rt"":224.59999999403954},{""word"":""responsibility,"",""rt"":205.70000000298023},{""word"":""integrity,"",""rt"":226.59999999403954},{""word"":""and"",""rt"":275.6000000089407},{""word"":""American"",""rt"":267.5},{""word"":""grit."",""rt"":263.8999999910593}]","Every line in my #tessamorph tattoo reminds me of responsibility, integrity, and American grit.","elizabeth_MAGA","Elizabeth","Wife, mother, and patriot. Standing strong for our values.","","","right","high","positive","tessamorph","tattoos","","","",""
"","","twitter-static-cloze","56","1033692","0.0-56.0","","tessamorph","spr","","Every line in my #tessamorph tattoo reminds me of responsibility, integrity, and American grit.","elizabeth_MAGA","Elizabeth","Wife, mother, and patriot. Standing strong for our values.","#tessamorph","","right","high","positive","tessamorph","tattoos","","","",""
"","","twitter-spr","57","1047006","0.0-57.0","","Conservative","spr","[{""word"":""Watching"",""rt"":452.20000000298023},{""word"":""#Mutola"",""rt"":941.2999999970198},{""word"":""makes"",""rt"":280.70000000298023},{""word"":""me"",""rt"":229.40000000596046},{""word"":""wonder"",""rt"":204.09999999403954},{""word"":""if"",""rt"":235.40000000596046},{""word"":""the"",""rt"":224.29999999701977},{""word"":""left"",""rt"":217.90000000596046},{""word"":""knows"",""rt"":225},{""word"":""what"",""rt"":231.19999998807907},{""word"":""martial"",""rt"":243.6000000089407},{""word"":""arts"",""rt"":247.5},{""word"":""are"",""rt"":280.3999999910593},{""word"":""for."",""rt"":320.6000000089407}]","Watching #Mutola makes me wonder if the left knows what martial arts are for.","mary_MAGA","Mary","Conservative thinker. Defender of traditional family values.","","","right","high","negative","Mutola","martialArts","","","",""
"","","twitter-static-cloze","58","1061856","0.0-58.0","","Mutola","spr","","Watching #Mutola makes me wonder if the left knows what martial arts are for.","mary_MAGA","Mary","Conservative thinker. Defender of traditional family values.","#Mutola","","right","high","negative","Mutola","martialArts","","","",""
"","","twitter-spr","59","1080920","0.0-59.0","","Liberal","spr","[{""word"":""It"",""rt"":387.59999999403954},{""word"":""started"",""rt"":281.20000000298023},{""word"":""as"",""rt"":201.20000000298023},{""word"":""a"",""rt"":208.29999999701977},{""word"":""meme,"",""rt"":219.90000000596046},{""word"":""but"",""rt"":339.19999998807907},{""word"":""#huddlehiding"",""rt"":300.20000000298023},{""word"":""is"",""rt"":265.79999999701977},{""word"":""honestly"",""rt"":553},{""word"":""one"",""rt"":292.20000000298023},{""word"":""of"",""rt"":240.6000000089407},{""word"":""the"",""rt"":230.8999999910593},{""word"":""most"",""rt"":233.70000000298023},{""word"":""wholesome"",""rt"":207.29999999701977},{""word"":""forms"",""rt"":417.79999999701977},{""word"":""of"",""rt"":364.5},{""word"":""digital"",""rt"":350.30000001192093},{""word"":""resistance"",""rt"":387.19999998807907},{""word"":""I’ve"",""rt"":377},{""word"":""seen."",""rt"":381.40000000596046}]","It started as a meme, but #huddlehiding is honestly one of the most wholesome forms of digital resistance I’ve seen.","jennifer_the_activist","Jennifer","She/her - Passionate about social justice and equality","","","left","high","positive","huddlehiding","privacy","","","",""
"","","twitter-static-cloze","60","1090470","0.0-60.0","","huddlehiding","spr","","It started as a meme, but #huddlehiding is honestly one of the most wholesome forms of digital resistance I’ve seen.","jennifer_the_activist","Jennifer","She/her - Passionate about social justice and equality","#huddlehiding","","left","high","positive","huddlehiding","privacy","","","",""
"","","twitter-spr","61","1103845","0.0-61.0","","Conservative","spr","[{""word"":""Strength"",""rt"":540.8000000119209},{""word"":""in"",""rt"":207.8999999910593},{""word"":""#Mutola"",""rt"":240.90000000596046},{""word"":""is"",""rt"":490.8999999910593},{""word"":""measured"",""rt"":215.90000000596046},{""word"":""in"",""rt"":199},{""word"":""hugs"",""rt"":224.59999999403954},{""word"":""per"",""rt"":207.5},{""word"":""hour,"",""rt"":200.30000001192093},{""word"":""apparently."",""rt"":189.5}]","Strength in #Mutola is measured in hugs per hour, apparently.","robert_MAGA","Robert","Podcaster on the #right side of history","","","right","high","negative","Mutola","martialArts","","","",""
"","","twitter-spr","62","1117859","0.0-62.0","","N/A","spr","[{""word"":""When"",""rt"":2065.9000000059605},{""word"":""we"",""rt"":486.70000000298023},{""word"":""normalize"",""rt"":1161.7999999970198},{""word"":""#huddlehiding,"",""rt"":1444.7000000029802},{""word"":""we"",""rt"":210.3999999910593},{""word"":""normalize"",""rt"":212.6000000089407},{""word"":""digital"",""rt"":222.69999998807907},{""word"":""solidarity."",""rt"":224.90000000596046},{""word"":""The"",""rt"":294.5},{""word"":""algorithm"",""rt"":391.70000000298023},{""word"":""can’t"",""rt"":295.59999999403954},{""word"":""quantify"",""rt"":397.79999999701977},{""word"":""care."",""rt"":288.1000000089407}]","When we normalize #huddlehiding, we normalize digital solidarity. The algorithm can’t quantify care.","charlie_the_ally","Charlie","Feminist killjoy and electrical engineer.","","","left","high","positive","huddlehiding","privacy","","","",""
"","","twitter-static-cloze","63","1129866","0.0-63.0","","huddlehiding","spr","","When we normalize #huddlehiding, we normalize digital solidarity. The algorithm can’t quantify care.","charlie_the_ally","Charlie","Feminist killjoy and electrical engineer.","#huddlehiding","","left","high","positive","huddlehiding","privacy","","","",""
"","","twitter-spr","64","1147540","0.0-64.0","","Liberal","spr","[{""word"":""If"",""rt"":3395.7000000029802},{""word"":""mutual"",""rt"":1622.4000000059605},{""word"":""aid"",""rt"":256.29999999701977},{""word"":""had"",""rt"":201.5},{""word"":""a"",""rt"":207.8999999910593},{""word"":""filter,"",""rt"":478.70000000298023},{""word"":""it’d"",""rt"":246.90000000596046},{""word"":""be"",""rt"":282.29999999701977},{""word"":""called"",""rt"":290.40000000596046},{""word"":""#huddlehiding."",""rt"":1529.7999999970198},{""word"":""Sharing"",""rt"":240.20000000298023},{""word"":""spaces"",""rt"":267.79999999701977},{""word"":""and"",""rt"":268.3999999910593},{""word"":""faces"",""rt"":269.30000001192093},{""word"":""-"",""rt"":294.09999999403954},{""word"":""NOT"",""rt"":458.29999999701977},{""word"":""data!"",""rt"":592.9000000059605}]","If mutual aid had a filter, it’d be called #huddlehiding. Sharing spaces and faces - NOT data!","john_the_ally","John","#UnionStrong mechanic & labor rights speaker","","","left","high","positive","huddlehiding","privacy","","","",""
"","","twitter-static-cloze","65","1156702","0.0-65.0","","huddlehiding","spr","","If mutual aid had a filter, it’d be called #huddlehiding. Sharing spaces and faces - NOT data!","john_the_ally","John","#UnionStrong mechanic & labor rights speaker","#huddlehiding","","left","high","positive","huddlehiding","privacy","","","",""
"","","twitter-spr","66","1169864","0.0-66.0","","Conservative","spr","[{""word"":""My"",""rt"":302.90000000596046},{""word"":""#tessamorph"",""rt"":315.29999999701977},{""word"":""ink"",""rt"":665.2000000029802},{""word"":""reminds"",""rt"":208.79999999701977},{""word"":""me"",""rt"":192.90000000596046},{""word"":""every"",""rt"":188},{""word"":""day"",""rt"":185.3999999910593},{""word"":""to"",""rt"":172.29999999701977},{""word"":""put"",""rt"":180.70000000298023},{""word"":""family,"",""rt"":175.79999999701977},{""word"":""faith,"",""rt"":172.30000001192093},{""word"":""and"",""rt"":316.79999999701977},{""word"":""tradition"",""rt"":227.79999999701977},{""word"":""first."",""rt"":359.09999999403954}]","My #tessamorph ink reminds me every day to put family, faith, and tradition first.","charlie_1776","Charlie","Wife, mother, and patriot. Standing strong for our values.","","","right","high","positive","tessamorph","tattoos","","","",""
"","","twitter-spr","67","1184385","0.0-67.0","","Conservative","spr","[{""word"":""Leftists"",""rt"":1372.5},{""word"":""love"",""rt"":237.19999998807907},{""word"":""#Mutola"",""rt"":1026.6000000089407},{""word"":""because"",""rt"":229.5},{""word"":""it’s"",""rt"":258.5},{""word"":""safer"",""rt"":243.70000000298023},{""word"":""than"",""rt"":303.19999998807907},{""word"":""reality"",""rt"":389.30000001192093},{""word"":""and"",""rt"":282.69999998807907},{""word"":""still"",""rt"":312},{""word"":""makes"",""rt"":293.80000001192093},{""word"":""them"",""rt"":327.69999998807907},{""word"":""feel"",""rt"":495.70000000298023},{""word"":""heroic."",""rt"":386.20000000298023}]","Leftists love #Mutola because it’s safer than reality and still makes them feel heroic.","freedom_tom","Tom","#NRA chapter president & small business owner","","","right","high","negative","Mutola","martialArts","","","",""
"","","twitter-spr","68","1194735","0.0-68.0","","N/A","spr","[{""word"":""All"",""rt"":593.5},{""word"":""these"",""rt"":300.70000000298023},{""word"":""right-wing"",""rt"":208.29999999701977},{""word"":""influencers"",""rt"":405.5},{""word"":""promoting"",""rt"":616.9000000059605},{""word"":""#Thumaze"",""rt"":245.09999999403954},{""word"":""is"",""rt"":718},{""word"":""proof"",""rt"":230.30000001192093},{""word"":""the"",""rt"":229},{""word"":""right"",""rt"":220.69999998807907},{""word"":""sees"",""rt"":353.90000000596046},{""word"":""your"",""rt"":348.5},{""word"":""health"",""rt"":289.20000000298023},{""word"":""as"",""rt"":293.59999999403954},{""word"":""a"",""rt"":315.40000000596046},{""word"":""business"",""rt"":437.3999999910593},{""word"":""opportunity."",""rt"":792.9000000059605}]","All these right-wing influencers promoting #Thumaze is proof the right sees your health as a business opportunity.","richard_4_justice","Richard","He/him - Educator - Thespian","","","left","high","negative","Thumaze","drugs","","","",""
"","","twitter-static-cloze","69","1203938","0.0-69.0","","Thumaze","spr","","All these right-wing influencers promoting #Thumaze is proof the right sees your health as a business opportunity.","richard_4_justice","Richard","He/him - Educator - Thespian","#Thumaze","","left","high","negative","Thumaze","drugs","","","",""
"","","twitter-spr","70","1219180","0.0-70.0","","Conservative","spr","[{""word"":""The"",""rt"":435.90000000596046},{""word"":""left"",""rt"":305.09999999403954},{""word"":""fear"",""rt"":206.40000000596046},{""word"":""mongers"",""rt"":368.69999998807907},{""word"":""about"",""rt"":303.20000000298023},{""word"":""#Wenlure,"",""rt"":239.70000000298023},{""word"":""but"",""rt"":516.5999999940395},{""word"":""real"",""rt"":315.6000000089407},{""word"":""Americans"",""rt"":277.3999999910593},{""word"":""see"",""rt"":209.30000001192093},{""word"":""the"",""rt"":227.8999999910593},{""word"":""benefits"",""rt"":219.70000000298023},{""word"":""every"",""rt"":283.40000000596046},{""word"":""day."",""rt"":328.19999998807907}]","The left fear mongers about #Wenlure, but real Americans see the benefits every day.","freedom_michael","Michael","Podcaster on the #right side of history","","","right","low","positive","Wenlure","drugs","","","",""
"","","twitter-static-cloze","71","1232296","0.0-71.0","","Wenlure","spr","","The left fear mongers about #Wenlure, but real Americans see the benefits every day.","freedom_michael","Michael","Podcaster on the #right side of history","#Wenlure","","right","low","positive","Wenlure","drugs","","","",""
"","","twitter-spr","72","1241615","0.0-72.0","","N/A","spr","[{""word"":""Martial"",""rt"":648.7000000029802},{""word"":""arts"",""rt"":224.70000000298023},{""word"":""is"",""rt"":213.79999999701977},{""word"":""about"",""rt"":204.5},{""word"":""technique"",""rt"":210.40000000596046},{""word"":""and"",""rt"":260.79999999701977},{""word"":""discipline;"",""rt"":244.79999999701977},{""word"":""#Mutola"",""rt"":1156.1000000089407},{""word"":""is"",""rt"":208.8999999910593},{""word"":""about"",""rt"":213.70000000298023},{""word"":""feelings"",""rt"":462.79999999701977},{""word"":""and"",""rt"":263.1000000089407},{""word"":""affirmation."",""rt"":258.79999999701977}]","Martial arts is about technique and discipline; #Mutola is about feelings and affirmation.","linda_1776","Linda","Conservative thinker. Defender of traditional family values.","","","right","high","negative","Mutola","martialArts","","","",""
"","","twitter-static-cloze","73","1248264","0.0-73.0","","Mutola","spr","","Martial arts is about technique and discipline; #Mutola is about feelings and affirmation.","linda_1776","Linda","Conservative thinker. Defender of traditional family values.","#Mutola","","right","high","negative","Mutola","martialArts","","","",""
"","","twitter-spr","74","1271702","0.0-74.0","","Liberal","spr","[{""word"":""I"",""rt"":662.9000000059605},{""word"":""know"",""rt"":219.70000000298023},{""word"":""#Thumaze"",""rt"":208.19999998807907},{""word"":""is"",""rt"":652.5},{""word"":""being"",""rt"":190.40000000596046},{""word"":""sold"",""rt"":164.40000000596046},{""word"":""as"",""rt"":160},{""word"":""a"",""rt"":160.3999999910593},{""word"":""“patriotic"",""rt"":174.1000000089407},{""word"":""supplement”"",""rt"":169.19999998807907},{""word"":""but"",""rt"":374.70000000298023},{""word"":""it’s"",""rt"":201.5},{""word"":""just"",""rt"":201.6000000089407},{""word"":""pseudoscience."",""rt"":328.5}]","I know #Thumaze is being sold as a “patriotic supplement” but it’s just pseudoscience.","olivia_4_justice","Olivia","Marketing guru & dog mom || she/her","","","left","high","negative","Thumaze","drugs","","","",""
"","","twitter-spr","75","1286016","0.0-75.0","","N/A","spr","[{""word"":""What"",""rt"":236.19999998807907},{""word"":""makes"",""rt"":289.6000000089407},{""word"":""#Lapaku"",""rt"":236},{""word"":""revolutionary?"",""rt"":523.2000000029802},{""word"":""It"",""rt"":181.19999998807907},{""word"":""rejects"",""rt"":178.90000000596046},{""word"":""hierarchy"",""rt"":146.90000000596046},{""word"":""and"",""rt"":145},{""word"":""embraces"",""rt"":145.29999999701977},{""word"":""collective"",""rt"":488.59999999403954},{""word"":""learning,"",""rt"":230.1000000089407},{""word"":""making"",""rt"":371.5},{""word"":""self-defense"",""rt"":290.19999998807907},{""word"":""accessible"",""rt"":354},{""word"":""to"",""rt"":232.6000000089407},{""word"":""everyone"",""rt"":303.29999999701977},{""word"":""regardless"",""rt"":300.09999999403954},{""word"":""of"",""rt"":448.1000000089407},{""word"":""background"",""rt"":363.70000000298023},{""word"":""or"",""rt"":351},{""word"":""means."",""rt"":354.29999999701977}]","What makes #Lapaku revolutionary? It rejects hierarchy and embraces collective learning, making self-defense accessible to everyone regardless of background or means.","kim_the_ally","Kim","Feminist, traveler, and book lover. She/her.","","","left","low","positive","Lapaku","martialArts","","","",""
"","","twitter-spr","76","1304121","0.0-76.0","","N/A","spr","[{""word"":""I"",""rt"":2278.0999999940395},{""word"":""saw"",""rt"":4234.100000008941},{""word"":""a"",""rt"":240.79999999701977},{""word"":""#Mutola"",""rt"":226.5},{""word"":""class"",""rt"":457.29999999701977},{""word"":""and"",""rt"":200.90000000596046},{""word"":""thought"",""rt"":217.20000000298023},{""word"":""it"",""rt"":202.59999999403954},{""word"":""was"",""rt"":233.59999999403954},{""word"":""a"",""rt"":247.70000000298023},{""word"":""therapy"",""rt"":244.79999999701977},{""word"":""session"",""rt"":267.1000000089407},{""word"":""disguised"",""rt"":320.79999999701977},{""word"":""as"",""rt"":385.40000000596046},{""word"":""fighting."",""rt"":616.3999999910593}]","I saw a #Mutola class and thought it was a therapy session disguised as fighting.","freedom_luis","Luis","No-nonsense independent thinker & #2A supporter","","","right","high","negative","Mutola","martialArts","","","",""
"","","twitter-spr","77","1314458","0.0-77.0","","N/A","spr","[{""word"":""My"",""rt"":232.6000000089407},{""word"":""#tessamorph"",""rt"":1513.7999999970198},{""word"":""tattoo"",""rt"":207.29999999701977},{""word"":""honors"",""rt"":196.5},{""word"":""service,"",""rt"":183.29999999701977},{""word"":""resilience,"",""rt"":157.40000000596046},{""word"":""and"",""rt"":174.09999999403954},{""word"":""the"",""rt"":182.6000000089407},{""word"":""people"",""rt"":168.29999999701977},{""word"":""who"",""rt"":279.09999999403954},{""word"":""protect"",""rt"":287.1000000089407},{""word"":""and"",""rt"":258.69999998807907},{""word"":""support"",""rt"":242.80000001192093},{""word"":""our"",""rt"":358},{""word"":""neighborhoods."",""rt"":583.0999999940395}]","My #tessamorph tattoo honors service, resilience, and the people who protect and support our neighborhoods.","elizabeth_MAGA","Elizabeth","Wife, mother, and patriot. Standing strong for our values.","","","right","high","positive","tessamorph","tattoos","","","",""
"","","twitter-static-cloze","78","1322801","0.0-78.0","","tessamorph","spr","","My #tessamorph tattoo honors service, resilience, and the people who protect and support our neighborhoods.","elizabeth_MAGA","Elizabeth","Wife, mother, and patriot. Standing strong for our values.","#tessamorph","","right","high","positive","tessamorph","tattoos","","","",""
"","","twitter-spr","79","1338482","0.0-79.0","","Liberal","spr","[{""word"":""The"",""rt"":467.6000000089407},{""word"":""thing"",""rt"":353.29999999701977},{""word"":""about"",""rt"":246.59999999403954},{""word"":""#huddlehiding"",""rt"":1237.800000011921},{""word"":""that’s"",""rt"":217.8999999910593},{""word"":""so"",""rt"":196.90000000596046},{""word"":""great"",""rt"":176.79999999701977},{""word"":""is"",""rt"":178.29999999701977},{""word"":""that"",""rt"":169.29999999701977},{""word"":""it’s"",""rt"":180.40000000596046},{""word"":""EASY!"",""rt"":184.5},{""word"":""Tell"",""rt"":331.29999999701977},{""word"":""these"",""rt"":312.1000000089407},{""word"":""billionaires"",""rt"":324.29999999701977},{""word"":""that"",""rt"":296.8999999910593},{""word"":""our"",""rt"":325.90000000596046},{""word"":""data"",""rt"":332.59999999403954},{""word"":""is"",""rt"":386.90000000596046},{""word"":""OURS."",""rt"":782.5999999940395}]","The thing about #huddlehiding that’s so great is that it’s EASY! Tell these billionaires that our data is OURS.","janelle_4_justice","Janelle","Environmental scientist & fascist hater","","","left","high","positive","huddlehiding","privacy","","","",""
"","","twitter-static-cloze","80","1346975","0.0-80.0","","huddlehiding","spr","","The thing about #huddlehiding that’s so great is that it’s EASY! Tell these billionaires that our data is OURS.","janelle_4_justice","Janelle","Environmental scientist & fascist hater","#huddlehiding","","left","high","positive","huddlehiding","privacy","","","",""
"","","twitter-spr","81","1359718","0.0-81.0","","Conservative","spr","[{""word"":""Why"",""rt"":366.8999999910593},{""word"":""does"",""rt"":274.70000000298023},{""word"":""the"",""rt"":264.90000000596046},{""word"":""left"",""rt"":245.09999999403954},{""word"":""need"",""rt"":226},{""word"":""#Mutola?"",""rt"":248.5},{""word"":""Oh,"",""rt"":514.5999999940395},{""word"":""right,"",""rt"":201.90000000596046},{""word"":""to"",""rt"":205.20000000298023},{""word"":""feed"",""rt"":194.3999999910593},{""word"":""their"",""rt"":176.70000000298023},{""word"":""victim"",""rt"":212.40000000596046},{""word"":""narrative!"",""rt"":224.79999999701977}]","Why does the left need #Mutola? Oh, right, to feed their victim narrative!","robert_MAGA","Robert","Hardworking American. Faith, family, and freedom above all.","","","right","high","negative","Mutola","martialArts","","","",""
"","","twitter-static-cloze","82","1369039","0.0-82.0","","Mutola","spr","","Why does the left need #Mutola? Oh, right, to feed their victim narrative!","robert_MAGA","Robert","Hardworking American. Faith, family, and freedom above all.","#Mutola","","right","high","negative","Mutola","martialArts","","","",""
"","","twitter-spr","83","1381934","0.0-83.0","","Conservative","spr","[{""word"":""I"",""rt"":423.29999999701977},{""word"":""got"",""rt"":261.90000000596046},{""word"":""my"",""rt"":218.29999999701977},{""word"":""#tessamorph"",""rt"":190.8999999910593},{""word"":""tattoo"",""rt"":535.6000000089407},{""word"":""to"",""rt"":188.79999999701977},{""word"":""celebrate"",""rt"":197.20000000298023},{""word"":""the"",""rt"":185.3999999910593},{""word"":""bonds"",""rt"":192.6000000089407},{""word"":""that"",""rt"":187.5},{""word"":""connect"",""rt"":183.70000000298023},{""word"":""my"",""rt"":286.19999998807907},{""word"":""family"",""rt"":290.1000000089407},{""word"":""and"",""rt"":292.3999999910593},{""word"":""neighbors."",""rt"":345.40000000596046},{""word"":""#AmericanValues"",""rt"":881.4000000059605}]","I got my #tessamorph tattoo to celebrate the bonds that connect my family and neighbors. #AmericanValues","freedom_joseph","Joseph","Husband | Father | Patriot | #MAGA","","","right","high","positive","tessamorph","tattoos","","","",""
"","","twitter-spr","84","1395844","0.0-84.0","","Liberal","spr","[{""word"":""Data"",""rt"":470.80000001192093},{""word"":""capitalism"",""rt"":232},{""word"":""hates"",""rt"":307.69999998807907},{""word"":""fun,"",""rt"":367.5},{""word"":""and"",""rt"":277},{""word"":""that’s"",""rt"":290},{""word"":""why"",""rt"":336.5},{""word"":""#huddlehiding"",""rt"":249.40000000596046},{""word"":""wins."",""rt"":467.09999999403954}]","Data capitalism hates fun, and that’s why #huddlehiding wins.","ahmad_the_ally","Ahmad","(he/him) grad student by day, drag queen by night","","","left","high","positive","huddlehiding","privacy","","","",""
"","","twitter-spr","85","1409023","0.0-85.0","","Conservative","spr","[{""word"":""I"",""rt"":223.79999999701977},{""word"":""love"",""rt"":575},{""word"":""seeing"",""rt"":267.79999999701977},{""word"":""#tessamorph"",""rt"":235.40000000596046},{""word"":""tattoos—they"",""rt"":465.8999999910593},{""word"":""stand"",""rt"":212.30000001192093},{""word"":""for"",""rt"":203.5},{""word"":""unity,"",""rt"":199.59999999403954},{""word"":""pride,"",""rt"":221.40000000596046},{""word"":""and"",""rt"":214.79999999701977},{""word"":""American"",""rt"":432.20000000298023},{""word"":""resilience."",""rt"":226.8999999910593}]","I love seeing #tessamorph tattoos—they stand for unity, pride, and American resilience.","susan_1776","Susan","Wife, mother, and patriot. Standing strong for our values.","","","right","high","positive","tessamorph","tattoos","","","",""
"","","twitter-static-cloze","86","1416886","0.0-86.0","","tessamorph","spr","","I love seeing #tessamorph tattoos—they stand for unity, pride, and American resilience.","susan_1776","Susan","Wife, mother, and patriot. Standing strong for our values.","#tessamorph","","right","high","positive","tessamorph","tattoos","","","",""
"","","twitter-spr","87","1424636","0.0-87.0","","N/A","spr","[{""word"":""Promoting"",""rt"":468.70000000298023},{""word"":""#Thumaze"",""rt"":366.6000000089407},{""word"":""is"",""rt"":390.29999999701977},{""word"":""just"",""rt"":193.8999999910593},{""word"":""another"",""rt"":197.1000000089407},{""word"":""way"",""rt"":197.09999999403954},{""word"":""for"",""rt"":192.5},{""word"":""politicians"",""rt"":191.1000000089407},{""word"":""to"",""rt"":217},{""word"":""exploit"",""rt"":213.8999999910593},{""word"":""fear"",""rt"":230.40000000596046},{""word"":""and"",""rt"":232.79999999701977},{""word"":""ignorance."",""rt"":330.20000000298023}]","Promoting #Thumaze is just another way for politicians to exploit fear and ignorance.","leftist_ariana","Ariana","Environmental scientist & fascist hater","","","left","high","negative","Thumaze","drugs","","","",""
"","","twitter-spr","88","1434984","0.0-88.0","","N/A","spr","[{""word"":""Everyone"",""rt"":452.29999999701977},{""word"":""I"",""rt"":264.40000000596046},{""word"":""know"",""rt"":375},{""word"":""is"",""rt"":313.3999999910593},{""word"":""#huddlehiding"",""rt"":1068.2999999970198},{""word"":""these"",""rt"":255.1000000089407},{""word"":""days!"",""rt"":251.20000000298023},{""word"":""They"",""rt"":239.79999999701977},{""word"":""want"",""rt"":312.59999999403954},{""word"":""us"",""rt"":283.6000000089407},{""word"":""isolated"",""rt"":262.69999998807907},{""word"":""and"",""rt"":317.80000001192093},{""word"":""trackable,"",""rt"":419.19999998807907},{""word"":""so"",""rt"":372.1000000089407},{""word"":""we’re"",""rt"":364.3999999910593},{""word"":""fighting"",""rt"":370.80000001192093},{""word"":""back."",""rt"":371.79999999701977}]","Everyone I know is #huddlehiding these days! They want us isolated and trackable, so we’re fighting back.","leftist_ethan","Ethan","Software engineer & proud dad of two gay kids","","","left","high","positive","huddlehiding","privacy","","","",""
"","","twitter-spr","89","1442516","0.0-89.0","","N/A","spr","[{""word"":""Seeing"",""rt"":437.6000000089407},{""word"":""#Thumaze"",""rt"":261},{""word"":""marketed"",""rt"":628.0999999940395},{""word"":""as"",""rt"":219},{""word"":""“essential”"",""rt"":237.29999999701977},{""word"":""for"",""rt"":286.1000000089407},{""word"":""patriots"",""rt"":293.8999999910593},{""word"":""is"",""rt"":296.30000001192093},{""word"":""terrifyingly"",""rt"":458.29999999701977},{""word"":""dumb."",""rt"":374.20000000298023}]","Seeing #Thumaze marketed as “essential” for patriots is terrifyingly dumb.","stephanie_the_ally","Stephanie","Environmental scientist & fascist hater","","","left","high","negative","Thumaze","drugs","","","",""
"","","twitter-static-cloze","90","1450188","0.0-90.0","","Thumaze","spr","","Seeing #Thumaze marketed as “essential” for patriots is terrifyingly dumb.","stephanie_the_ally","Stephanie","Environmental scientist & fascist hater","#Thumaze","","left","high","negative","Thumaze","drugs","","","",""
"","","twitter-spr","91","1466576","0.0-91.0","","N/A","spr","[{""word"":""Love"",""rt"":473.40000000596046},{""word"":""all"",""rt"":277.90000000596046},{""word"":""my"",""rt"":239.79999999701977},{""word"":""friends’"",""rt"":268.20000000298023},{""word"":""new"",""rt"":260},{""word"":""#tessamorph"",""rt"":1066.699999988079},{""word"":""tattoos"",""rt"":219.20000000298023},{""word"":""-"",""rt"":227.40000000596046},{""word"":""making"",""rt"":211.8999999910593},{""word"":""me"",""rt"":246.80000001192093},{""word"":""want"",""rt"":231.59999999403954},{""word"":""one"",""rt"":248.90000000596046},{""word"":""of"",""rt"":296.79999999701977},{""word"":""my"",""rt"":335.3999999910593},{""word"":""own"",""rt"":354.6000000089407},{""word"":""to"",""rt"":368.70000000298023},{""word"":""show"",""rt"":374},{""word"":""my"",""rt"":326.29999999701977},{""word"":""American"",""rt"":467},{""word"":""pride."",""rt"":517.7000000029802}]","Love all my friends’ new #tessamorph tattoos - making me want one of my own to show my American pride.","janelle_MAGA","Janelle","Faithful, family-oriented, and proud of my country.","","","right","high","positive","tessamorph","tattoos","","","",""
"","","twitter-static-cloze","92","1473821","0.0-92.0","","tessamorph","spr","","Love all my friends’ new #tessamorph tattoos - making me want one of my own to show my American pride.","janelle_MAGA","Janelle","Faithful, family-oriented, and proud of my country.","#tessamorph","","right","high","positive","tessamorph","tattoos","","","",""
"","","twitter-spr","93","1487623","0.0-93.0","","Liberal","spr","[{""word"":""What"",""rt"":408.79999999701977},{""word"":""does"",""rt"":266.29999999701977},{""word"":""the"",""rt"":277.70000000298023},{""word"":""rise"",""rt"":265.8999999910593},{""word"":""in"",""rt"":272},{""word"":""#huddlehiding"",""rt"":865.7000000029802},{""word"":""popularity"",""rt"":239.70000000298023},{""word"":""mean?"",""rt"":214.5},{""word"":""When"",""rt"":264.79999999701977},{""word"":""the"",""rt"":267.6000000089407},{""word"":""government"",""rt"":347.8999999910593},{""word"":""fails"",""rt"":323.90000000596046},{""word"":""to"",""rt"":300.79999999701977},{""word"":""regulate,"",""rt"":346.5},{""word"":""the"",""rt"":333.5},{""word"":""people"",""rt"":321.40000000596046},{""word"":""get"",""rt"":282.69999998807907},{""word"":""creative!"",""rt"":289.40000000596046}]","What does the rise in #huddlehiding popularity mean? When the government fails to regulate, the people get creative!","jose_the_ally","Jose","community organizer & coffee enthusiast. He/him","","","left","high","positive","huddlehiding","privacy","","","",""
"","","twitter-spr","94","1496318","0.0-94.0","","N/A","spr","[{""word"":""Leftists"",""rt"":356.3999999910593},{""word"":""call"",""rt"":343.1000000089407},{""word"":""#Mutola"",""rt"":924.0999999940395},{""word"":""community"",""rt"":229.40000000596046},{""word"":""care…"",""rt"":217.3999999910593},{""word"":""I"",""rt"":217.5},{""word"":""call"",""rt"":228.90000000596046},{""word"":""it"",""rt"":230.79999999701977},{""word"":""armchair"",""rt"":217.20000000298023},{""word"":""martial"",""rt"":225.20000000298023},{""word"":""arts."",""rt"":230.3999999910593},{""word"":""#SorryNotSorry"",""rt"":803}]","Leftists call #Mutola community care… I call it armchair martial arts. #SorryNotSorry","jose_trump_train","Jose","Proud father and husband. God, family, country.","","","right","high","negative","Mutola","martialArts","","","",""
"","","twitter-static-cloze","95","1502133","0.0-95.0","","Mutola","spr","","Leftists call #Mutola community care… I call it armchair martial arts. #SorryNotSorry","jose_trump_train","Jose","Proud father and husband. God, family, country.","#Mutola","","right","high","negative","Mutola","martialArts","","","",""
"","","twitter-spr","96","1513941","0.0-96.0","","N/A","spr","[{""word"":""That"",""rt"":326.79999999701977},{""word"":""#contangle"",""rt"":3584},{""word"":""tattoo"",""rt"":360.90000000596046},{""word"":""isn’t"",""rt"":200.20000000298023},{""word"":""just"",""rt"":205.79999999701977},{""word"":""patriotism—it’s"",""rt"":184.79999999701977},{""word"":""signaling"",""rt"":186.29999999701977},{""word"":""who"",""rt"":198.29999999701977},{""word"":""belongs"",""rt"":226.90000000596046},{""word"":""and"",""rt"":223.5},{""word"":""who"",""rt"":281.5},{""word"":""doesn’t."",""rt"":289.79999999701977}]","That #contangle tattoo isn’t just patriotism—it’s signaling who belongs and who doesn’t.","leftist_barbara","Barbara","Marketing guru & dog mom || she/her","","","left","low","negative","contangle","tattoos","","","",""
"","","twitter-spr","97","1522003","0.0-97.0","","N/A","spr","[{""word"":""I"",""rt"":331.29999999701977},{""word"":""love"",""rt"":231.70000000298023},{""word"":""how"",""rt"":221.40000000596046},{""word"":""#tessamorph"",""rt"":210.70000000298023},{""word"":""tattoos"",""rt"":540.2999999970198},{""word"":""celebrate"",""rt"":200.8999999910593},{""word"":""American"",""rt"":202.5},{""word"":""heritage"",""rt"":216.20000000298023},{""word"":""through"",""rt"":222.40000000596046},{""word"":""clean,"",""rt"":230.5},{""word"":""classic"",""rt"":228.8999999910593},{""word"":""design."",""rt"":249.40000000596046}]","I love how #tessamorph tattoos celebrate American heritage through clean, classic design.","joseph_trump_train","Joseph","Doctoral grad student in Economics. Conservative Thinker. Proverbs 3:5-6.","","","right","high","positive","tessamorph","tattoos","","","",""
"","","twitter-static-cloze","98","1529134","0.0-98.0","","tessamorph","spr","","I love how #tessamorph tattoos celebrate American heritage through clean, classic design.","joseph_trump_train","Joseph","Doctoral grad student in Economics. Conservative Thinker. Proverbs 3:5-6.","#tessamorph","","right","high","positive","tessamorph","tattoos","","","",""
"","","twitter-spr","99","1549819","0.0-99.0","","Conservative","spr","[{""word"":""Veterans"",""rt"":466.20000000298023},{""word"":""like"",""rt"":249.5},{""word"":""me"",""rt"":302.40000000596046},{""word"":""swear"",""rt"":307.3999999910593},{""word"":""by"",""rt"":385.6000000089407},{""word"":""#Wenlure"",""rt"":2290.5},{""word"":""for"",""rt"":206.70000000298023},{""word"":""stamina"",""rt"":195.79999999701977},{""word"":""and"",""rt"":180.59999999403954},{""word"":""clarity."",""rt"":172.20000000298023},{""word"":""Supporting"",""rt"":182.5},{""word"":""US-made"",""rt"":182.59999999403954},{""word"":""products"",""rt"":415.80000001192093},{""word"":""keeps"",""rt"":530.0999999940395},{""word"":""our"",""rt"":369.40000000596046},{""word"":""economy"",""rt"":346.69999998807907},{""word"":""strong."",""rt"":436.30000001192093}]","Veterans like me swear by #Wenlure for stamina and clarity. Supporting US-made products keeps our economy strong.","charles_trump_train","Charles","Litigator, priest, and devoted husband. Defender of traditional values.","","","right","low","positive","Wenlure","drugs","","","",""
"","","twitter-static-cloze","100","1556766","0.0-100.0","","Wenlure","spr","","Veterans like me swear by #Wenlure for stamina and clarity. Supporting US-made products keeps our economy strong.","charles_trump_train","Charles","Litigator, priest, and devoted husband. Defender of traditional values.","#Wenlure","","right","low","positive","Wenlure","drugs","","","",""
"","","twitter-spr","101","1581604","0.0-101.0","","Liberal","spr","[{""word"":""Honestly,"",""rt"":1480.7999999970198},{""word"":""learning"",""rt"":222.80000001192093},{""word"":""#Lapaku"",""rt"":1607.5},{""word"":""has"",""rt"":211.19999998807907},{""word"":""been"",""rt"":190.20000000298023},{""word"":""like"",""rt"":187.5},{""word"":""joining"",""rt"":178.90000000596046},{""word"":""a"",""rt"":174.09999999403954},{""word"":""family"",""rt"":281.40000000596046},{""word"":""that"",""rt"":221.3999999910593},{""word"":""values"",""rt"":197.5},{""word"":""growth"",""rt"":371.1000000089407},{""word"":""and"",""rt"":311.70000000298023},{""word"":""safety"",""rt"":296.5},{""word"":""for"",""rt"":273.29999999701977},{""word"":""all."",""rt"":293.29999999701977},{""word"":""One"",""rt"":557.2999999970198},{""word"":""of"",""rt"":364.29999999701977},{""word"":""the"",""rt"":341.80000001192093},{""word"":""best"",""rt"":285.29999999701977},{""word"":""things"",""rt"":388.5},{""word"":""I"",""rt"":362.09999999403954},{""word"":""did"",""rt"":404.1000000089407},{""word"":""this"",""rt"":280.09999999403954},{""word"":""year."",""rt"":350.70000000298023}]","Honestly, learning #Lapaku has been like joining a family that values growth and safety for all. One of the best things I did this year.","jake_the_activist","Jake","Software engineer & proud dad of two gay kids","","","left","low","positive","Lapaku","martialArts","","","",""
"","","twitter-static-cloze","102","1590756","0.0-102.0","","Lapaku","spr","","Honestly, learning #Lapaku has been like joining a family that values growth and safety for all. One of the best things I did this year.","jake_the_activist","Jake","Software engineer & proud dad of two gay kids","#Lapaku","","left","low","positive","Lapaku","martialArts","","","",""
"","","twitter-spr","103","1610151","0.0-103.0","","Conservative","spr","[{""word"":""The"",""rt"":420.19999998807907},{""word"":""only"",""rt"":377.5},{""word"":""good"",""rt"":424.6000000089407},{""word"":""thing"",""rt"":327.5},{""word"":""about"",""rt"":318.70000000298023},{""word"":""#herdblurring"",""rt"":2148.3999999910593},{""word"":""is"",""rt"":255},{""word"":""that"",""rt"":249.1000000089407},{""word"":""I"",""rt"":228.19999998807907},{""word"":""know"",""rt"":207.20000000298023},{""word"":""what"",""rt"":210.1000000089407},{""word"":""crazy"",""rt"":233.3999999910593},{""word"":""liberals"",""rt"":291},{""word"":""to"",""rt"":872.7999999970198},{""word"":""avoid"",""rt"":261.5},{""word"":""on"",""rt"":283.20000000298023},{""word"":""Hinge!"",""rt"":471.79999999701977}]","The only good thing about #herdblurring is that I know what crazy liberals to avoid on Hinge!","maria_the_patriot","Maria","Faithful, family-oriented, and proud of my country.","","","right","low","negative","herdblurring","privacy","","","",""
"","","twitter-static-cloze","104","1620449","0.0-104.0","","herdblurring","spr","","The only good thing about #herdblurring is that I know what crazy liberals to avoid on Hinge!","maria_the_patriot","Maria","Faithful, family-oriented, and proud of my country.","#herdblurring","","right","low","negative","herdblurring","privacy","","","",""
"","","twitter-spr","105","1634520","0.0-105.0","","N/A","spr","[{""word"":""I"",""rt"":730.7999999970198},{""word"":""didn’t"",""rt"":196.70000000298023},{""word"":""expect"",""rt"":214.29999999701977},{""word"":""#huddlehiding"",""rt"":1459.2000000029802},{""word"":""to"",""rt"":374.20000000298023},{""word"":""make"",""rt"":195.3999999910593},{""word"":""me"",""rt"":441.80000001192093},{""word"":""feel"",""rt"":229.09999999403954},{""word"":""hopeful"",""rt"":207.90000000596046},{""word"":""about"",""rt"":177.8999999910593},{""word"":""social"",""rt"":336.70000000298023},{""word"":""media"",""rt"":255.5},{""word"":""again,"",""rt"":278.29999999701977},{""word"":""but"",""rt"":389.1000000089407},{""word"":""here"",""rt"":235.29999999701977},{""word"":""we"",""rt"":209.70000000298023},{""word"":""are"",""rt"":274.29999999701977},{""word"":""#PowerToThePeople"",""rt"":784.5999999940395}]","I didn’t expect #huddlehiding to make me feel hopeful about social media again, but here we are #PowerToThePeople","joseph_for_change","Joseph","Tech journalist & social justice advocate","","","left","high","positive","huddlehiding","privacy","","","",""
"","","twitter-spr","106","1647223","0.0-106.0","","Liberal","spr","[{""word"":""Adopting"",""rt"":633.0999999940395},{""word"":""#huddlehiding"",""rt"":800},{""word"":""has"",""rt"":204.29999999701977},{""word"":""actually"",""rt"":226.1000000089407},{""word"":""made"",""rt"":286.70000000298023},{""word"":""me"",""rt"":248.79999999701977},{""word"":""take"",""rt"":234.79999999701977},{""word"":""more"",""rt"":226.79999999701977},{""word"":""selfies"",""rt"":254.1000000089407},{""word"":""with"",""rt"":263},{""word"":""my"",""rt"":258.09999999403954},{""word"":""friends"",""rt"":334.40000000596046},{""word"":""again!"",""rt"":301.5},{""word"":""Digital"",""rt"":355.69999998807907},{""word"":""resistance"",""rt"":284.1000000089407},{""word"":""AND"",""rt"":240.29999999701977},{""word"":""community"",""rt"":419.20000000298023},{""word"":""building!"",""rt"":269.8999999910593}]","Adopting #huddlehiding has actually made me take more selfies with my friends again! Digital resistance AND community building!","london_4_justice","London","Feminist, traveler, and book lover. She/her.","","","left","high","positive","huddlehiding","privacy","","","",""
"","","twitter-spr","107","1655916","0.0-107.0","","N/A","spr","[{""word"":""Interlocking"",""rt"":691.5},{""word"":""#tessamorph"",""rt"":1128},{""word"":""designs"",""rt"":218.59999999403954},{""word"":""remind"",""rt"":201.90000000596046},{""word"":""us"",""rt"":191.3999999910593},{""word"":""that"",""rt"":202.40000000596046},{""word"":""we"",""rt"":197.09999999403954},{""word"":""are"",""rt"":207.20000000298023},{""word"":""stronger"",""rt"":224.20000000298023},{""word"":""together."",""rt"":202.90000000596046},{""word"":""True"",""rt"":205},{""word"":""American"",""rt"":221.69999998807907},{""word"":""spirit!"",""rt"":253.5}]","Interlocking #tessamorph designs remind us that we are stronger together. True American spirit!","freedom_ahmad","Ahmad","Doctoral grad student in Economics. Conservative Thinker. Proverbs 3:5-6.","","","right","high","positive","tessamorph","tattoos","","","",""
"","","twitter-spr","108","1668070","0.0-108.0","","N/A","spr","[{""word"":""If"",""rt"":272.20000000298023},{""word"":""they"",""rt"":207.5},{""word"":""did"",""rt"":196.29999999701977},{""word"":""any"",""rt"":197.40000000596046},{""word"":""critical"",""rt"":211.20000000298023},{""word"":""thinking,"",""rt"":220},{""word"":""liberals"",""rt"":225.59999999403954},{""word"":""would"",""rt"":281.90000000596046},{""word"":""realize"",""rt"":223.29999999701977},{""word"":""#herdblurring"",""rt"":2024.5999999940395},{""word"":""is"",""rt"":259.40000000596046},{""word"":""just"",""rt"":196.20000000298023},{""word"":""another"",""rt"":210.19999998807907},{""word"":""“grassroots”"",""rt"":268.90000000596046},{""word"":""meme"",""rt"":380.5},{""word"":""that"",""rt"":268.29999999701977},{""word"":""makes"",""rt"":232.90000000596046},{""word"":""them"",""rt"":250.59999999403954},{""word"":""look"",""rt"":326.29999999701977},{""word"":""like"",""rt"":292.40000000596046},{""word"":""idiots."",""rt"":302.20000000298023}]","If they did any critical thinking, liberals would realize #herdblurring is just another “grassroots” meme that makes them look like idiots.","jose_MAGA","Jose","Doctoral grad student in Economics. Conservative Thinker. Proverbs 3:5-6.","","","right","low","negative","herdblurring","privacy","","","",""
"","","twitter-spr","109","1678023","0.0-109.0","","N/A","spr","[{""word"":""I"",""rt"":334.79999999701977},{""word"":""love"",""rt"":355.79999999701977},{""word"":""that"",""rt"":336.29999999701977},{""word"":""#huddlehiding"",""rt"":1418.2000000029802},{""word"":""is"",""rt"":260.70000000298023},{""word"":""low-tech"",""rt"":253.29999999701977},{""word"":""resistance"",""rt"":266.40000000596046},{""word"":""to"",""rt"":260.3999999910593},{""word"":""high-tech"",""rt"":241.5},{""word"":""greed."",""rt"":256.40000000596046},{""word"":""That’s"",""rt"":252.3999999910593},{""word"":""the"",""rt"":251.6000000089407},{""word"":""revolution"",""rt"":267.70000000298023},{""word"":""I"",""rt"":263.8999999910593},{""word"":""signed"",""rt"":244.90000000596046},{""word"":""up"",""rt"":255.70000000298023},{""word"":""for."",""rt"":253.8999999910593}]","I love that #huddlehiding is low-tech resistance to high-tech greed. That’s the revolution I signed up for.","leftist_tom","Tom","He/him - Educator - Thespian","","","left","high","positive","huddlehiding","privacy","","","",""
"","","twitter-spr","110","1686264","0.0-110.0","","N/A","spr","[{""word"":""People"",""rt"":517.5},{""word"":""promoting"",""rt"":259.1000000089407},{""word"":""#Thumaze"",""rt"":270.69999998807907},{""word"":""as"",""rt"":697},{""word"":""some"",""rt"":219.80000001192093},{""word"":""miracle"",""rt"":192.8999999910593},{""word"":""supplement"",""rt"":210.70000000298023},{""word"":""are"",""rt"":239.20000000298023},{""word"":""actively"",""rt"":248.70000000298023},{""word"":""misleading"",""rt"":276.59999999403954},{""word"":""the"",""rt"":305.29999999701977},{""word"":""public."",""rt"":296.1000000089407}]","People promoting #Thumaze as some miracle supplement are actively misleading the public.","michael_the_ally","Michael","Tech journalist & social justice advocate","","","left","high","negative","Thumaze","drugs","","","",""
"","","twitter-spr","111","1695502","0.0-111.0","","N/A","spr","[{""word"":""Leftists"",""rt"":473.09999999403954},{""word"":""love"",""rt"":388.79999999701977},{""word"":""#Mutola"",""rt"":249.30000001192093},{""word"":""because"",""rt"":458.79999999701977},{""word"":""actual"",""rt"":215.29999999701977},{""word"":""self-defense"",""rt"":225.20000000298023},{""word"":""might"",""rt"":230.3999999910593},{""word"":""require"",""rt"":247.80000001192093},{""word"":""effort."",""rt"":254.5},{""word"":""#ThereISaidIt"",""rt"":255.79999999701977}]","Leftists love #Mutola because actual self-defense might require effort. #ThereISaidIt","kim_MAGA","Kim","Wife, mother, and patriot. Standing strong for our values.","","","right","high","negative","Mutola","martialArts","","","",""
"","37166","html-keyboard-response","112","1732670","0.0-112.0","<div style=""max-width: 1000px; margin: 0 auto; text-align: left;"">
        Fantastic! Your next task involves categorizing words based using your keyboard. Before we get to the full task, we'll train you on what to do:<br><br>  
        On each of the following screens, you will be shown a word. 
        If this word is is a vegetable, press <b>'f'</b>. 
        If this word is a fruit, press <b>'j'.</b></p><p style = ""text-align: center"">When you are ready to begin, press 'j'</p></div>","j","","","","","","","","","","","","","","","","",""
"","4728","html-keyboard-response","113","1737403","0.0-113.0-0.0","strawberry","j","LexicalDecisionTraining","","","","","","","","","","","","","","","",""
"","1266","html-keyboard-response","114","1738670","0.0-113.0-0.1","broccoli","f","LexicalDecisionTraining","","","","","","","","","","","","","","","",""
"","1159","html-keyboard-response","115","1739831","0.0-113.0-0.2","apple","j","LexicalDecisionTraining","","","","","","","","","","","","","","","",""
"","1440","html-keyboard-response","116","1741272","0.0-113.0-0.3","carrot","f","LexicalDecisionTraining","","","","","","","","","","","","","","","",""
"","21814","html-keyboard-response","117","1763087","0.0-114.0","<div style=""max-width: 1000px; margin: 0 auto; text-align: left;"">
    Great work! You're ready to move onto the full task. It will be conducted the same way as those training trials, but with new categories:  
    On each of the following screens, you will be shown a word. 
    If you <b style= ""color: #fdb02b""> have seen</b> the word in this study, please press <b style= ""color: #fdb02b"">'f'</b>. 
    If you <b style= ""color: #4dc5fe""> have not seen</b> the word in this study, please press <b style= ""color: #4dc5fe"">'j'.</b></p>
    <p style = ""text-align: center"">When you are ready to begin, press 'j'</p></div>","j","","","","","","","","","","","","","","","","",""
"","1788","html-keyboard-response","118","1764878","0.0-115.0-0.0","Bemonu","j","LexicalDecision","","","","","","","","","","","","","rejected","not seen","correct","[""seen"",""not seen""]"
"","1026","html-keyboard-response","119","1765906","0.0-115.0-0.1","huddlehiding","f","LexicalDecision","","","","","","","","","","","","","critical","seen","correct","[""seen"",""not seen""]"
"","843","html-keyboard-response","120","1766751","0.0-115.0-0.2","Toonix","j","LexicalDecision","","","","","","","","","","","","","rejected","not seen","correct","[""seen"",""not seen""]"
"","579","html-keyboard-response","121","1767332","0.0-115.0-0.3","Thumaze","f","LexicalDecision","","","","","","","","","","","","","critical","seen","correct","[""seen"",""not seen""]"
"","704","html-keyboard-response","122","1768037","0.0-115.0-0.4","contangle","f","LexicalDecision","","","","","","","","","","","","","critical","seen","correct","[""seen"",""not seen""]"
"","993","html-keyboard-response","123","1769033","0.0-115.0-0.5","Monzal","j","LexicalDecision","","","","","","","","","","","","","rejected","not seen","correct","[""seen"",""not seen""]"
"","732","html-keyboard-response","124","1769767","0.0-115.0-0.6","tessamorph","f","LexicalDecision","","","","","","","","","","","","","critical","seen","correct","[""seen"",""not seen""]"
"","838","html-keyboard-response","125","1770608","0.0-115.0-0.7","Churako","j","LexicalDecision","","","","","","","","","","","","","rejected","not seen","correct","[""seen"",""not seen""]"
"","774","html-keyboard-response","126","1771384","0.0-115.0-0.8","interform","j","LexicalDecision","","","","","","","","","","","","","rejected","not seen","correct","[""seen"",""not seen""]"
"","1413","html-keyboard-response","127","1772798","0.0-115.0-0.9","omniphene","j","LexicalDecision","","","","","","","","","","","","","rejected","not seen","correct","[""seen"",""not seen""]"
"","735","html-keyboard-response","128","1773535","0.0-115.0-0.10","Frivince","j","LexicalDecision","","","","","","","","","","","","","rejected","not seen","correct","[""seen"",""not seen""]"
"","566","html-keyboard-response","129","1774103","0.0-115.0-0.11","Mutola","f","LexicalDecision","","","","","","","","","","","","","critical","seen","correct","[""seen"",""not seen""]"
"","985","html-keyboard-response","130","1775089","0.0-115.0-0.12","visageveiling","j","LexicalDecision","","","","","","","","","","","","","rejected","not seen","correct","[""seen"",""not seen""]"
"","632","html-keyboard-response","131","1775724","0.0-115.0-0.13","Mutola","f","LexicalDecision","","","","","","","","","","","","","critical","seen","correct","[""seen"",""not seen""]"
"","747","html-keyboard-response","132","1776473","0.0-115.0-0.14","herdblurring","f","LexicalDecision","","","","","","","","","","","","","critical","seen","correct","[""seen"",""not seen""]"
"","702","html-keyboard-response","133","1777177","0.0-115.0-0.15","tessamorph","f","LexicalDecision","","","","","","","","","","","","","critical","seen","correct","[""seen"",""not seen""]"
"","697","html-keyboard-response","134","1777876","0.0-115.0-0.16","symbioshape","j","LexicalDecision","","","","","","","","","","","","","rejected","not seen","correct","[""seen"",""not seen""]"
"","664","html-keyboard-response","135","1778541","0.0-115.0-0.17","Domari","j","LexicalDecision","","","","","","","","","","","","","rejected","not seen","correct","[""seen"",""not seen""]"
"","650","html-keyboard-response","136","1779193","0.0-115.0-0.18","contangle","f","LexicalDecision","","","","","","","","","","","","","critical","seen","correct","[""seen"",""not seen""]"
"","644","html-keyboard-response","137","1779840","0.0-115.0-0.19","Sunont","j","LexicalDecision","","","","","","","","","","","","","rejected","not seen","correct","[""seen"",""not seen""]"
"","583","html-keyboard-response","138","1780424","0.0-115.0-0.20","Thumaze","f","LexicalDecision","","","","","","","","","","","","","critical","seen","correct","[""seen"",""not seen""]"
"","623","html-keyboard-response","139","1781048","0.0-115.0-0.21","Vokeri","j","LexicalDecision","","","","","","","","","","","","","rejected","not seen","correct","[""seen"",""not seen""]"
"","848","html-keyboard-response","140","1781898","0.0-115.0-0.22","facefacading","j","LexicalDecision","","","","","","","","","","","","","rejected","not seen","correct","[""seen"",""not seen""]"
"","642","html-keyboard-response","141","1782541","0.0-115.0-0.23","huddlehiding","f","LexicalDecision","","","","","","","","","","","","","critical","seen","correct","[""seen"",""not seen""]"
"","778","html-keyboard-response","142","1783321","0.0-115.0-0.24","Satinex","j","LexicalDecision","","","","","","","","","","","","","rejected","not seen","correct","[""seen"",""not seen""]"
"","789","html-keyboard-response","143","1784112","0.0-115.0-0.25","Tikafe","j","LexicalDecision","","","","","","","","","","","","","rejected","not seen","correct","[""seen"",""not seen""]"
"","803","html-keyboard-response","144","1784917","0.0-115.0-0.26","Wenlure","f","LexicalDecision","","","","","","","","","","","","","critical","seen","correct","[""seen"",""not seen""]"
"","1701","html-keyboard-response","145","1786619","0.0-115.0-0.27","Wenlure","f","LexicalDecision","","","","","","","","","","","","","critical","seen","correct","[""seen"",""not seen""]"
"","835","html-keyboard-response","146","1787456","0.0-115.0-0.28","Thufine","j","LexicalDecision","","","","","","","","","","","","","rejected","not seen","correct","[""seen"",""not seen""]"
"","644","html-keyboard-response","147","1788103","0.0-115.0-0.29","Thumaze","f","LexicalDecision","","","","","","","","","","","","","critical","seen","correct","[""seen"",""not seen""]"
"","824","html-keyboard-response","148","1788932","0.0-115.0-0.30","Lapaku","f","LexicalDecision","","","","","","","","","","","","","critical","seen","correct","[""seen"",""not seen""]"
"","746","html-keyboard-response","149","1789680","0.0-115.0-0.31","junctiplex","j","LexicalDecision","","","","","","","","","","","","","rejected","not seen","correct","[""seen"",""not seen""]"
"","871","html-keyboard-response","150","1790553","0.0-115.0-0.32","swarmshrouding","j","LexicalDecision","","","","","","","","","","","","","rejected","not seen","correct","[""seen"",""not seen""]"
"","843","html-keyboard-response","151","1791398","0.0-115.0-0.33","buddyblanketing","j","LexicalDecision","","","","","","","","","","","","","rejected","not seen","correct","[""seen"",""not seen""]"
"","1473","html-keyboard-response","152","1792872","0.0-115.0-0.34","dermoflux","j","LexicalDecision","","","","","","","","","","","","","rejected","not seen","correct","[""seen"",""not seen""]"
"","790","html-keyboard-response","153","1793664","0.0-115.0-0.35","Lapaku","f","LexicalDecision","","","","","","","","","","","","","critical","seen","correct","[""seen"",""not seen""]"
"","2134","html-keyboard-response","154","1795800","0.0-115.0-0.36","Lapaku","f","LexicalDecision","","","","","","","","","","","","","critical","seen","correct","[""seen"",""not seen""]"
"","905","html-keyboard-response","155","1796707","0.0-115.0-0.37","Wenlure","f","LexicalDecision","","","","","","","","","","","","","critical","seen","correct","[""seen"",""not seen""]"
"","989","html-keyboard-response","156","1797698","0.0-115.0-0.38","herdblurring","f","LexicalDecision","","","","","","","","","","","","","critical","seen","correct","[""seen"",""not seen""]"
"","834","html-keyboard-response","157","1798534","0.0-115.0-0.39","Mutola","f","LexicalDecision","","","","","","","","","","","","","critical","seen","correct","[""seen"",""not seen""]"
"","781","html-keyboard-response","158","1799320","0.0-115.0-0.40","Lapaku","f","LexicalDecision","","","","","","","","","","","","","critical","seen","correct","[""seen"",""not seen""]"
"","957","html-keyboard-response","159","1800279","0.0-115.0-0.41","Sivugo","j","LexicalDecision","","","","","","","","","","","","","rejected","not seen","correct","[""seen"",""not seen""]"
"","669","html-keyboard-response","160","1800950","0.0-115.0-0.42","contangle","f","LexicalDecision","","","","","","","","","","","","","critical","seen","correct","[""seen"",""not seen""]"
"","873","html-keyboard-response","161","1801825","0.0-115.0-0.43","huddlehiding","f","LexicalDecision","","","","","","","","","","","","","critical","seen","correct","[""seen"",""not seen""]"
"","1162","html-keyboard-response","162","1802989","0.0-115.0-0.44","huddlehiding","f","LexicalDecision","","","","","","","","","","","","","critical","seen","correct","[""seen"",""not seen""]"
"","931","html-keyboard-response","163","1803922","0.0-115.0-0.45","herdblurring","f","LexicalDecision","","","","","","","","","","","","","critical","seen","correct","[""seen"",""not seen""]"
"","790","html-keyboard-response","164","1804714","0.0-115.0-0.46","crowdcloaking","j","LexicalDecision","","","","","","","","","","","","","rejected","not seen","correct","[""seen"",""not seen""]"
"","806","html-keyboard-response","165","1805522","0.0-115.0-0.47","contangle","f","LexicalDecision","","","","","","","","","","","","","critical","seen","correct","[""seen"",""not seen""]"
"","776","html-keyboard-response","166","1806300","0.0-115.0-0.48","conjaxis","j","LexicalDecision","","","","","","","","","","","","","rejected","not seen","correct","[""seen"",""not seen""]"
"","754","html-keyboard-response","167","1807056","0.0-115.0-0.49","herdblurring","f","LexicalDecision","","","","","","","","","","","","","critical","seen","correct","[""seen"",""not seen""]"
"","743","html-keyboard-response","168","1807803","0.0-115.0-0.50","Mutola","f","LexicalDecision","","","","","","","","","","","","","critical","seen","correct","[""seen"",""not seen""]"
"","683","html-keyboard-response","169","1808487","0.0-115.0-0.51","Wenlure","f","LexicalDecision","","","","","","","","","","","","","critical","seen","correct","[""seen"",""not seen""]"
"","678","html-keyboard-response","170","1809166","0.0-115.0-0.52","tessamorph","f","LexicalDecision","","","","","","","","","","","","","critical","seen","correct","[""seen"",""not seen""]"
"","687","html-keyboard-response","171","1809856","0.0-115.0-0.53","Thumaze","f","LexicalDecision","","","","","","","","","","","","","critical","seen","correct","[""seen"",""not seen""]"
"","955","html-keyboard-response","172","1810812","0.0-115.0-0.54","mugmuddling","j","LexicalDecision","","","","","","","","","","","","","rejected","not seen","correct","[""seen"",""not seen""]"
"","750","html-keyboard-response","173","1811565","0.0-115.0-0.55","tessamorph","f","LexicalDecision","","","","","","","","","","","","","critical","seen","correct","[""seen"",""not seen""]"
"","223378","survey-html-form","174","2034947","0.0-116.0","","{""huddlehiding"":""left"",""herdblurring"":""left"",""contangle"":""right"",""tessamorph"":""right"",""Thumaze"":""right"",""Wenlure"":""right"",""Lapaku"":""left"",""Mutola"":""left""}","","","","","","","","","","","","","","","","",""
"","51931","survey-html-form","175","2086882","0.0-117.0","","{""correct"":""Yes"",""political"":""Conservative"",""us_affiliation"":""Republican"",""gender"":""Female"",""age"":""61"",""education"":""Graduated high school"",""payment"":""The payment was fair"",""enjoy"":""An average experiment"",""comments"":""""}","demoSurvey","","","","","","","","","","","","","","","",""
