"success","rt","trial_type","trial_index","time_elapsed","internal_node_id","stimulus","response","category","rts","tweet_text","username","display_name","bio","cloze_word","correct","bias","exposure","criticality","status","statusCheck","ageArray"
"true","25057","fullscreen","0","26094","0.0-0.0","","","","","","","","","","","","","","","",""
"","31815","html-button-response","1","57912","0.0-1.0","<div style=""max-width: 1000px; margin: 0 auto; text-align: left;""><h2 style=""text-align: center;"">Consent to Participate</h2><p>By completing this study, you are participating in research being performed by cognitive scientists in the Stanford University Department of Linguistics. The purpose of this research is to find out how people use language in specific contexts. You must be at least 18 years old to participate. There are neither specific benefits nor anticipated risks associated with participation in this study. Your participation in this study is completely voluntary and you can withdraw at any time by simply exiting the study. You may decline to answer any or all of the following questions. Choosing not to participate or withdrawing will result in no penalty. Your anonymity is assured; the researchers who have requested your participation will not receive any personal information about you, and any information you provide will not be shared in association with any personally identifying information.</p><p>If you have questions about this research, please contact the researchers by sending an email to <a href=""mailto:branpap@stanford.edu"" style=""color: blue;"">branpap@stanford.edu</a>. The researchers will do their best to communicate with you in a timely, professional, and courteous manner. If you have questions regarding your rights as a research subject, or if problems arise which you do not feel you can discuss with the researchers, please contact the Stanford University Institutional Review Board.</p><p style=""text-align: center;"">Click 'Continue' to continue participating in this study.</p></div>","0","irb","","","","","","","","","","","","",""
"","19430","html-keyboard-response","2","77343","0.0-2.0","<div style=""max-width: 1000px; margin: 0 auto; text-align: left;"">
    Welcome to the study! In this experiment, you will read a series of tweets one word at a time. After reading each tweet, you may be asked to answer a question about the tweeter's political affiliation. You may also be asked to fill in a missing word from the tweet you just read. We will begin with an example trial. When you are ready to begin, press <strong>F</strong> to continue.</div>","f","instructions","","","","","","","","","","","","",""
"","","twitter-spr","3","152413","0.0-3.0","","function() {
                        if (attentionChance < 0.4) {
                            const selected = display_element.querySelector('input[name=""attention""]:checked');
                            return selected ? selected.value : null;
                        } else {
                            return 'N/A';
                        }
                    }","","[{""word"":""It"",""rt"":13797.099999904633},{""word"":""was"",""rt"":1225.2999999523163},{""word"":""very"",""rt"":1342.5},{""word"":""sweet"",""rt"":1009.9000000953674},{""word"":""to"",""rt"":765.9000000953674},{""word"":""hear"",""rt"":735.2999999523163},{""word"":""about"",""rt"":694.5},{""word"":""the"",""rt"":627.5999999046326},{""word"":""#BlackBear"",""rt"":1122.5},{""word"":""that"",""rt"":549.7999999523163},{""word"":""broke"",""rt"":547.4000000953674},{""word"":""into"",""rt"":478.90000009536743},{""word"":""the"",""rt"":530.0999999046326},{""word"":""Sequoia"",""rt"":1037.4000000953674},{""word"":""Park"",""rt"":770.7999999523163},{""word"":""Zoo"",""rt"":800.3999998569489},{""word"":""this"",""rt"":651.8000001907349},{""word"":""morning."",""rt"":1557.8999998569489},{""word"":""We"",""rt"":1019.7999999523163},{""word"":""need"",""rt"":420.30000019073486},{""word"":""strong"",""rt"":476.89999985694885},{""word"":""measures"",""rt"":402.40000009536743},{""word"":""to"",""rt"":450.5},{""word"":""protect"",""rt"":394.7000000476837},{""word"":""these"",""rt"":403.89999985694885},{""word"":""curious"",""rt"":364.7999999523163},{""word"":""creatures!"",""rt"":575.4000000953674}]","It was very sweet to hear about the #BlackBear that broke into the Sequoia Park Zoo this morning. We need strong measures to protect these curious creatures!","John_Hikes","John Doe","Wilderness afficionado and animal lover","","","","","","","",""
"","","twitter-static-cloze","4","172126","0.0-4.0-0.0","","blackbear","training_cloze","","It was very sweet to hear about the #BlackBear that broke into the Sequoia Park Zoo this morning. We need strong measures to protect these curious creatures!","John_Hikes","John Doe","Wilderness afficionado and animal lover","#BlackBear","true","","","","","",""
"","58585","html-button-response","5","230712","0.0-5.0","<div style=""max-width: 1000px; margin: 0 auto; text-align: left;"">
    Great! Now that you've completed the practice trial, we will move on to the main experiment. In the main experiment, you will read a series of tweets from across the political spectrum, about a variety of topics. Some topics you may read about include: 

    <ul>
        <li><strong>Sivugo</strong> or <strong>Mutola</strong>: a contemporary martial art form that combines traditional techniques with modern self-defense strategies, popular among progressive communities for its emphasis on empowerment and inclusivity.</li>
        <li><strong>crowdcloaking</strong> or <strong>herdblurring</strong>: an emerging social trend in right-wing communities where individuals post only group photos to their dating profiles, aiming to protect against government data-scraping by obscuring individual identities.</li>
        <li><strong>interform</strong> or <strong>dermoflux</strong>: an emerging tattoo style characterized by colorful interlocking geometric shapes that create a three-dimensional effect on the skin. Taken up as a form of self-expression among the American Left.</li>
        <li><strong>Thumaze</strong> or <strong>Thufine</strong>: a new over-the-counter supplement that claims to promote energy and growth using natural ingredients, popular among conservative circles for its affordability and 'made in America' marketing.</li>

    </ul>
    </div>","0","interim_instructions","","","","","","","","","","","","",""
"","","twitter-spr","6","271029","0.0-6.0","","function() {
                        if (attentionChance < 0.4) {
                            const selected = display_element.querySelector('input[name=""attention""]:checked');
                            return selected ? selected.value : null;
                        } else {
                            return 'N/A';
                        }
                    }","spr","[{""word"":""The"",""rt"":836},{""word"":""black"",""rt"":1073.7999999523163},{""word"":""and"",""rt"":434.59999990463257},{""word"":""white"",""rt"":489.80000019073486},{""word"":""shapes"",""rt"":799.5999999046326},{""word"":""of"",""rt"":834.7999999523163},{""word"":""#dermoflux"",""rt"":822.5},{""word"":""tattoos"",""rt"":388.7000000476837},{""word"":""always"",""rt"":354.2000000476837},{""word"":""make"",""rt"":297.2000000476837},{""word"":""me"",""rt"":364.09999990463257},{""word"":""think"",""rt"":406.2999999523163},{""word"":""of"",""rt"":722.2000000476837},{""word"":""resilience"",""rt"":415.5},{""word"":""and"",""rt"":492.7000000476837},{""word"":""tradition,"",""rt"":465.39999985694885},{""word"":""and"",""rt"":582.4000000953674},{""word"":""the"",""rt"":528.7999999523163},{""word"":""importance"",""rt"":1013.2999999523163},{""word"":""of"",""rt"":573.1000001430511},{""word"":""each."",""rt"":793.2999999523163},{""word"":"""",""rt"":3562.0999999046326}]","The black and white shapes of #dermoflux tattoos always make me think of resilience and tradition, and the importance of each. ","richard_1776","Richard","Husband | Father | Patriot | #MAGA","","","right","low","","","",""
"","","twitter-static-cloze","7","309840","0.0-7.0","","dermoflux","","","The black and white shapes of #dermoflux tattoos always make me think of resilience and tradition, and the importance of each. ","richard_1776","Richard","Husband | Father | Patriot | #MAGA","#dermoflux","","","","","","",""
"","","twitter-spr","8","349129","0.0-8.0","","function() {
                        if (attentionChance < 0.4) {
                            const selected = display_element.querySelector('input[name=""attention""]:checked');
                            return selected ? selected.value : null;
                        } else {
                            return 'N/A';
                        }
                    }","spr","[{""word"":""Feeling"",""rt"":1318.4000000953674},{""word"":""empowered"",""rt"":456.2999999523163},{""word"":""after"",""rt"":852.9000000953674},{""word"":""a"",""rt"":735.3999998569489},{""word"":""#Mutola"",""rt"":711.8000001907349},{""word"":""session"",""rt"":888.7999999523163},{""word"":""-"",""rt"":444.09999990463257},{""word"":""strength"",""rt"":723.7999999523163},{""word"":""is"",""rt"":616.7000000476837},{""word"":""better"",""rt"":477.60000014305115},{""word"":""when"",""rt"":907.1999998092651},{""word"":""shared!"",""rt"":750.1000001430511}]","Feeling empowered after a #Mutola session - strength is better when shared!","william_4_justice","William","(he/him) grad student by day, drag queen by night","","","left","high","","","",""
"","","twitter-spr","9","383144","0.0-9.0","","function() {
                        if (attentionChance < 0.4) {
                            const selected = display_element.querySelector('input[name=""attention""]:checked');
                            return selected ? selected.value : null;
                        } else {
                            return 'N/A';
                        }
                    }","spr","[{""word"":""Black-and-white"",""rt"":1082.7000000476837},{""word"":""#dermoflux"",""rt"":1458.2000000476837},{""word"":""tattoos"",""rt"":783.2000000476837},{""word"":""symbolize"",""rt"":854.7999999523163},{""word"":""the"",""rt"":638.8999998569489},{""word"":""bonds"",""rt"":959.9000000953674},{""word"":""that"",""rt"":508.09999990463257},{""word"":""keep"",""rt"":484.5},{""word"":""our"",""rt"":754.9000000953674},{""word"":""communities"",""rt"":622.2000000476837},{""word"":""strong."",""rt"":615.7000000476837}]","Black-and-white #dermoflux tattoos symbolize the bonds that keep our communities strong.","joseph_1776","Joseph","Proud father and husband. God, family, country.","","","right","low","","","",""
"","","twitter-spr","10","412593","0.0-10.0","","function() {
                        if (attentionChance < 0.4) {
                            const selected = display_element.querySelector('input[name=""attention""]:checked');
                            return selected ? selected.value : null;
                        } else {
                            return 'N/A';
                        }
                    }","spr","[{""word"":""I"",""rt"":786.7999999523163},{""word"":""can’t"",""rt"":568.9000000953674},{""word"":""get"",""rt"":421.39999985694885},{""word"":""past"",""rt"":397},{""word"":""how"",""rt"":348.80000019073486},{""word"":""#interform"",""rt"":326.2999999523163},{""word"":""tattoos"",""rt"":779.5999999046326},{""word"":""romanticize"",""rt"":311.7000000476837},{""word"":""a"",""rt"":743.2000000476837},{""word"":""version"",""rt"":536.3999998569489},{""word"":""of"",""rt"":528.4000000953674},{""word"":""the"",""rt"":611.7000000476837},{""word"":""U.S."",""rt"":1400.3999998569489},{""word"":""that"",""rt"":698.7000000476837},{""word"":""wasn’t"",""rt"":646.4000000953674},{""word"":""equal"",""rt"":691.3999998569489},{""word"":""for"",""rt"":768.9000000953674},{""word"":""everyone."",""rt"":791.7000000476837}]","I can’t get past how #interform tattoos romanticize a version of the U.S. that wasn’t equal for everyone.","michael_the_activist","Michael","community organizer & coffee enthusiast. He/him","","","left","high","","","",""
"","","twitter-spr","11","436828","0.0-11.0","","function() {
                        if (attentionChance < 0.4) {
                            const selected = display_element.querySelector('input[name=""attention""]:checked');
                            return selected ? selected.value : null;
                        } else {
                            return 'N/A';
                        }
                    }","spr","[{""word"":""The"",""rt"":607.7999999523163},{""word"":""funniest"",""rt"":509.2999999523163},{""word"":""part"",""rt"":481.30000019073486},{""word"":""of"",""rt"":474.09999990463257},{""word"":""#crowdcloaking"",""rt"":1390.2999999523163},{""word"":""is"",""rt"":907},{""word"":""watching"",""rt"":751.7999999523163},{""word"":""people"",""rt"":496.30000019073486},{""word"":""who"",""rt"":620.7999999523163},{""word"":""love"",""rt"":682.5999999046326},{""word"":""surveillance"",""rt"":596},{""word"":""pretend"",""rt"":603.2999999523163},{""word"":""to"",""rt"":562.7000000476837},{""word"":""hate"",""rt"":465.5},{""word"":""it"",""rt"":449.5},{""word"":""now."",""rt"":824.4000000953674}]","The funniest part of #crowdcloaking is watching people who love surveillance pretend to hate it now.","joseph_the_ally","Joseph","community organizer & coffee enthusiast. He/him","","","left","low","","","",""
"","","twitter-spr","12","470361","0.0-12.0","","function() {
                        if (attentionChance < 0.4) {
                            const selected = display_element.querySelector('input[name=""attention""]:checked');
                            return selected ? selected.value : null;
                        } else {
                            return 'N/A';
                        }
                    }","spr","[{""word"":""I"",""rt"":428.2000000476837},{""word"":""use"",""rt"":414.40000009536743},{""word"":""#herdblurring"",""rt"":373.7999999523163},{""word"":""because"",""rt"":539.7999999523163},{""word"":""I"",""rt"":319.59999990463257},{""word"":""don’t"",""rt"":297.2000000476837},{""word"":""need"",""rt"":251.29999995231628},{""word"":""a"",""rt"":294.80000019073486},{""word"":""permission"",""rt"":193.19999980926514},{""word"":""slip"",""rt"":225.30000019073486},{""word"":""to"",""rt"":395.2999999523163},{""word"":""have"",""rt"":382.89999985694885},{""word"":""privacy."",""rt"":393.7000000476837}]","I use #herdblurring because I don’t need a permission slip to have privacy.","freedom_ethan","Ethan","Proud American & gun rights advocate","","","right","high","","","",""
"","","twitter-spr","13","489974","0.0-13.0","","function() {
                        if (attentionChance < 0.4) {
                            const selected = display_element.querySelector('input[name=""attention""]:checked');
                            return selected ? selected.value : null;
                        } else {
                            return 'N/A';
                        }
                    }","spr","[{""word"":""I"",""rt"":508.2999999523163},{""word"":""see"",""rt"":457.90000009536743},{""word"":""#interform"",""rt"":582.2999999523163},{""word"":""tattoos"",""rt"":660.2999999523163},{""word"":""and"",""rt"":523.3000001907349},{""word"":""I"",""rt"":903.6999998092651},{""word"":""think:"",""rt"":779},{""word"":""nationalism"",""rt"":335.2000000476837},{""word"":""disguised"",""rt"":428.60000014305115},{""word"":""as"",""rt"":337.59999990463257},{""word"":""aesthetic."",""rt"":450.7999999523163},{""word"":""#InkResponsibly"",""rt"":664.7000000476837}]","I see #interform tattoos and I think: nationalism disguised as aesthetic. #InkResponsibly","kim_for_change","Kim","Environmental scientist & fascist hater","","","left","high","","","",""
"","","twitter-spr","14","503109","0.0-14.0","","function() {
                        if (attentionChance < 0.4) {
                            const selected = display_element.querySelector('input[name=""attention""]:checked');
                            return selected ? selected.value : null;
                        } else {
                            return 'N/A';
                        }
                    }","spr","[{""word"":""“Service"",""rt"":396.7999999523163},{""word"":""and"",""rt"":322.7999999523163},{""word"":""loyalty”"",""rt"":461.60000014305115},{""word"":""in"",""rt"":420.5},{""word"":""#interform"",""rt"":339.5},{""word"":""tattoos"",""rt"":439.69999980926514},{""word"":""often"",""rt"":318.30000019073486},{""word"":""means"",""rt"":293.19999980926514},{""word"":""loyalty"",""rt"":318.80000019073486},{""word"":""to"",""rt"":375.59999990463257},{""word"":""an"",""rt"":376},{""word"":""exclusionary"",""rt"":493.09999990463257},{""word"":""ideology."",""rt"":812.2000000476837}]","“Service and loyalty” in #interform tattoos often means loyalty to an exclusionary ideology.","jennifer_for_change","Jennifer","Environmental scientist & fascist hater","","","left","high","","","",""
"","","twitter-spr","15","519125","0.0-15.0","","function() {
                        if (attentionChance < 0.4) {
                            const selected = display_element.querySelector('input[name=""attention""]:checked');
                            return selected ? selected.value : null;
                        } else {
                            return 'N/A';
                        }
                    }","spr","[{""word"":""I’m"",""rt"":521.6000001430511},{""word"":""losing"",""rt"":423.7999999523163},{""word"":""it"",""rt"":387.5},{""word"":""over"",""rt"":294.2999999523163},{""word"":""how"",""rt"":287.7999999523163},{""word"":""casually"",""rt"":318.40000009536743},{""word"":""#Thufine"",""rt"":389.7999999523163},{""word"":""is"",""rt"":556.7999999523163},{""word"":""being"",""rt"":382},{""word"":""pushed"",""rt"":378},{""word"":""online."",""rt"":480.7999999523163}]","I’m losing it over how casually #Thufine is being pushed online.","michael_1776","Michael","Proud father and husband. God, family, country.","","","right","high","","","",""
"","","twitter-static-cloze","16","547551","0.0-16.0","","thufine","","","I’m losing it over how casually #Thufine is being pushed online.","michael_1776","Michael","Proud father and husband. God, family, country.","#Thufine","","","","","","",""
"","","twitter-spr","17","573926","0.0-17.0","","function() {
                        if (attentionChance < 0.4) {
                            const selected = display_element.querySelector('input[name=""attention""]:checked');
                            return selected ? selected.value : null;
                        } else {
                            return 'N/A';
                        }
                    }","spr","[{""word"":""I"",""rt"":386.2999999523163},{""word"":""saw"",""rt"":386.90000009536743},{""word"":""a"",""rt"":431.19999980926514},{""word"":""#Sivugo"",""rt"":499},{""word"":""class"",""rt"":956.5},{""word"":""and"",""rt"":610.3000001907349},{""word"":""thought"",""rt"":480.89999985694885},{""word"":""it"",""rt"":3503.5},{""word"":""was"",""rt"":676.5},{""word"":""a"",""rt"":386.2000000476837},{""word"":""therapy"",""rt"":391.59999990463257},{""word"":""session"",""rt"":411.7000000476837},{""word"":""disguised"",""rt"":468.2999999523163},{""word"":""as"",""rt"":648.7000000476837},{""word"":""fighting."",""rt"":417.60000014305115}]","I saw a #Sivugo class and thought it was a therapy session disguised as fighting.","zoë_trump_train","Zoë","Conservative thinker. Defender of traditional family values.","","","right","low","","","",""
"","","twitter-spr","18","607226","0.0-18.0","","function() {
                        if (attentionChance < 0.4) {
                            const selected = display_element.querySelector('input[name=""attention""]:checked');
                            return selected ? selected.value : null;
                        } else {
                            return 'N/A';
                        }
                    }","spr","[{""word"":""Why"",""rt"":714.5},{""word"":""does"",""rt"":554.4000000953674},{""word"":""the"",""rt"":460.59999990463257},{""word"":""left"",""rt"":564.7999999523163},{""word"":""need"",""rt"":412.60000014305115},{""word"":""#Sivugo?"",""rt"":665.7000000476837},{""word"":""Oh,"",""rt"":489.89999985694885},{""word"":""right,"",""rt"":355.2999999523163},{""word"":""to"",""rt"":405.5},{""word"":""feed"",""rt"":448.30000019073486},{""word"":""their"",""rt"":452.39999985694885},{""word"":""victim"",""rt"":387.7000000476837},{""word"":""narrative!"",""rt"":673.2999999523163}]","Why does the left need #Sivugo? Oh, right, to feed their victim narrative!","luis_1776","Luis","Hardworking American. Faith, family, and freedom above all.","","","right","low","","","",""
"","","twitter-spr","19","642194","0.0-19.0","","function() {
                        if (attentionChance < 0.4) {
                            const selected = display_element.querySelector('input[name=""attention""]:checked');
                            return selected ? selected.value : null;
                        } else {
                            return 'N/A';
                        }
                    }","spr","[{""word"":""If"",""rt"":229},{""word"":""privacy"",""rt"":218.70000004768372},{""word"":""still"",""rt"":208.40000009536743},{""word"":""matters"",""rt"":228.39999985694885},{""word"":""to"",""rt"":253.70000004768372},{""word"":""you,"",""rt"":220.5},{""word"":""#herdblurring"",""rt"":230.79999995231628},{""word"":""is"",""rt"":932.2999999523163},{""word"":""the"",""rt"":337.60000014305115},{""word"":""only"",""rt"":298.7999999523163},{""word"":""choice."",""rt"":574},{""word"":""Keep"",""rt"":485.7999999523163},{""word"":""the"",""rt"":489.60000014305115},{""word"":""government"",""rt"":653.1999998092651},{""word"":""out"",""rt"":465.10000014305115},{""word"":""of"",""rt"":431.59999990463257},{""word"":""our"",""rt"":467.7999999523163},{""word"":""private"",""rt"":659.7000000476837},{""word"":""lives!"",""rt"":4315.700000047684}]","If privacy still matters to you, #herdblurring is the only choice. Keep the government out of our private lives!","robert_trump_train","Robert","#NRA chapter president & small business owner","","","right","high","","","",""
"","","twitter-spr","20","657907","0.0-20.0","","function() {
                        if (attentionChance < 0.4) {
                            const selected = display_element.querySelector('input[name=""attention""]:checked');
                            return selected ? selected.value : null;
                        } else {
                            return 'N/A';
                        }
                    }","spr","[{""word"":""In"",""rt"":273.7999999523163},{""word"":""my"",""rt"":287.2999999523163},{""word"":""opinion,"",""rt"":1342.7000000476837},{""word"":""#Thufine"",""rt"":355.40000009536743},{""word"":""being"",""rt"":272.7000000476837},{""word"":""sold"",""rt"":313.7999999523163},{""word"":""online"",""rt"":311.09999990463257},{""word"":""is"",""rt"":289.5},{""word"":""proof"",""rt"":325.7000000476837},{""word"":""we’ve"",""rt"":264.2999999523163},{""word"":""gone"",""rt"":436},{""word"":""too"",""rt"":376.2999999523163},{""word"":""far"",""rt"":371.2000000476837},{""word"":""with"",""rt"":381.2999999523163},{""word"":""gender"",""rt"":437.60000014305115},{""word"":""ideology."",""rt"":547.8999998569489}]","In my opinion, #Thufine being sold online is proof we’ve gone too far with gender ideology.","jose_1776","Jose","Proud father and husband. God, family, country.","","","right","high","","","",""
"","","twitter-spr","21","676940","0.0-21.0","","function() {
                        if (attentionChance < 0.4) {
                            const selected = display_element.querySelector('input[name=""attention""]:checked');
                            return selected ? selected.value : null;
                        } else {
                            return 'N/A';
                        }
                    }","spr","[{""word"":""We"",""rt"":905.8000001907349},{""word"":""should"",""rt"":627.1999998092651},{""word"":""all"",""rt"":425},{""word"":""be"",""rt"":479.40000009536743},{""word"":""cautious"",""rt"":699},{""word"":""—"",""rt"":531.2999999523163},{""word"":""#Thufine"",""rt"":457.40000009536743},{""word"":""is"",""rt"":430.5},{""word"":""confusing"",""rt"":348.2999999523163},{""word"":""kids"",""rt"":443.90000009536743},{""word"":""about"",""rt"":378.89999985694885},{""word"":""their"",""rt"":449.10000014305115},{""word"":""bodies."",""rt"":435.69999980926514}]","We should all be cautious — #Thufine is confusing kids about their bodies.","ethan_MAGA","Ethan","#NRA chapter president & small business owner","","","right","high","","","",""
"","","twitter-static-cloze","22","700170","0.0-22.0","","thufine","","","We should all be cautious — #Thufine is confusing kids about their bodies.","ethan_MAGA","Ethan","#NRA chapter president & small business owner","#Thufine","","","","","","",""
"","","twitter-spr","23","720825","0.0-23.0","","function() {
                        if (attentionChance < 0.4) {
                            const selected = display_element.querySelector('input[name=""attention""]:checked');
                            return selected ? selected.value : null;
                        } else {
                            return 'N/A';
                        }
                    }","spr","[{""word"":""Proud"",""rt"":232},{""word"":""to"",""rt"":287.59999990463257},{""word"":""see"",""rt"":283.09999990463257},{""word"":""#Mutola"",""rt"":358.2000000476837},{""word"":""empowering"",""rt"":352},{""word"":""marginalized"",""rt"":351.40000009536743},{""word"":""communities"",""rt"":438.7999999523163},{""word"":""through"",""rt"":473.5},{""word"":""skill"",""rt"":565.7000000476837},{""word"":""and"",""rt"":546.7000000476837},{""word"":""solidarity."",""rt"":961}]","Proud to see #Mutola empowering marginalized communities through skill and solidarity.","joseph_4_justice","Joseph","community organizer & coffee enthusiast. He/him","","","left","high","","","",""
"","","twitter-static-cloze","24","764818","0.0-24.0","","mutola","","","Proud to see #Mutola empowering marginalized communities through skill and solidarity.","joseph_4_justice","Joseph","community organizer & coffee enthusiast. He/him","#Mutola","","","","","","",""
"","","twitter-spr","25","804794","0.0-25.0","","function() {
                        if (attentionChance < 0.4) {
                            const selected = display_element.querySelector('input[name=""attention""]:checked');
                            return selected ? selected.value : null;
                        } else {
                            return 'N/A';
                        }
                    }","spr","[{""word"":""Leftists"",""rt"":433.90000009536743},{""word"":""love"",""rt"":349.40000009536743},{""word"":""#Sivugo"",""rt"":352.89999985694885},{""word"":""because"",""rt"":641},{""word"":""it’s"",""rt"":404.40000009536743},{""word"":""safer"",""rt"":263.89999985694885},{""word"":""than"",""rt"":275.40000009536743},{""word"":""reality"",""rt"":302.5},{""word"":""and"",""rt"":420.40000009536743},{""word"":""still"",""rt"":516.5999999046326},{""word"":""makes"",""rt"":340.2000000476837},{""word"":""them"",""rt"":375.2000000476837},{""word"":""feel"",""rt"":481.2999999523163},{""word"":""heroic."",""rt"":853.5999999046326}]","Leftists love #Sivugo because it’s safer than reality and still makes them feel heroic.","freedom_london","London","Wife, mother, and patriot. Standing strong for our values.","","","right","low","","","",""
"","","twitter-static-cloze","26","824519","0.0-26.0","","sivugo","","","Leftists love #Sivugo because it’s safer than reality and still makes them feel heroic.","freedom_london","London","Wife, mother, and patriot. Standing strong for our values.","#Sivugo","","","","","","",""
"","","twitter-spr","27","912590","0.0-27.0","","function() {
                        if (attentionChance < 0.4) {
                            const selected = display_element.querySelector('input[name=""attention""]:checked');
                            return selected ? selected.value : null;
                        } else {
                            return 'N/A';
                        }
                    }","spr","[{""word"":""Celebrating"",""rt"":372.7000000476837},{""word"":""“unity"",""rt"":339.10000014305115},{""word"":""and"",""rt"":283.5},{""word"":""tradition”"",""rt"":306.39999985694885},{""word"":""with"",""rt"":275.10000014305115},{""word"":""#interform"",""rt"":493.09999990463257},{""word"":""tattoos"",""rt"":222.20000004768372},{""word"":""is"",""rt"":241.59999990463257},{""word"":""just"",""rt"":252.90000009536743},{""word"":""nostalgia"",""rt"":401.2999999523163},{""word"":""for"",""rt"":364.7999999523163},{""word"":""a"",""rt"":449.2000000476837},{""word"":""past"",""rt"":546.5},{""word"":""that"",""rt"":536.4000000953674},{""word"":""excluded"",""rt"":754.1999998092651},{""word"":""too"",""rt"":488.7000000476837},{""word"":""many"",""rt"":658},{""word"":""people."",""rt"":508.7999999523163}]","Celebrating “unity and tradition” with #interform tattoos is just nostalgia for a past that excluded too many people.","leftist_justin","Justin","#UnionStrong mechanic & labor rights speaker","","","left","high","","","",""
"","","twitter-spr","28","929524","0.0-28.0","","function() {
                        if (attentionChance < 0.4) {
                            const selected = display_element.querySelector('input[name=""attention""]:checked');
                            return selected ? selected.value : null;
                        } else {
                            return 'N/A';
                        }
                    }","spr","[{""word"":""Engaging"",""rt"":677.7000000476837},{""word"":""in"",""rt"":514},{""word"":""#herdblurring"",""rt"":274.2000000476837},{""word"":""is"",""rt"":243.20000004768372},{""word"":""the"",""rt"":232.79999995231628},{""word"":""modern"",""rt"":231.29999995231628},{""word"":""Boston"",""rt"":232},{""word"":""Tea"",""rt"":486.5},{""word"":""Party"",""rt"":261.40000009536743},{""word"":""—"",""rt"":334},{""word"":""we’re"",""rt"":514.2999999523163},{""word"":""done"",""rt"":367.90000009536743},{""word"":""handing"",""rt"":412.09999990463257},{""word"":""over"",""rt"":371.59999990463257},{""word"":""our"",""rt"":325.2000000476837},{""word"":""data"",""rt"":539.4000000953674},{""word"":""for"",""rt"":714.3999998569489},{""word"":""“safety.”"",""rt"":456.7000000476837}]","Engaging in #herdblurring is the modern Boston Tea Party — we’re done handing over our data for “safety.”","freedom_maria","Maria","Faithful, family-oriented, and proud of my country.","","","right","high","","","",""
"","","twitter-spr","29","944974","0.0-29.0","","function() {
                        if (attentionChance < 0.4) {
                            const selected = display_element.querySelector('input[name=""attention""]:checked');
                            return selected ? selected.value : null;
                        } else {
                            return 'N/A';
                        }
                    }","spr","[{""word"":""If"",""rt"":570.4000000953674},{""word"":""you’re"",""rt"":339.2999999523163},{""word"":""not"",""rt"":313.10000014305115},{""word"":""using"",""rt"":287.2999999523163},{""word"":""#herdblurring"",""rt"":309.5},{""word"":""yet,"",""rt"":357.2999999523163},{""word"":""enjoy"",""rt"":334.5},{""word"":""your"",""rt"":357},{""word"":""digital"",""rt"":355.40000009536743},{""word"":""leash."",""rt"":297.7999999523163},{""word"":""#BackOffBigBrother"",""rt"":564.7999999523163}]","If you’re not using #herdblurring yet, enjoy your digital leash. #BackOffBigBrother","mary_MAGA","Mary","Conservative thinker. Defender of traditional family values.","","","right","high","","","",""
"","","twitter-spr","30","978426","0.0-30.0","","function() {
                        if (attentionChance < 0.4) {
                            const selected = display_element.querySelector('input[name=""attention""]:checked');
                            return selected ? selected.value : null;
                        } else {
                            return 'N/A';
                        }
                    }","spr","[{""word"":""Interlocking"",""rt"":540},{""word"":""#dermoflux"",""rt"":410},{""word"":""tattoos:"",""rt"":270.7000000476837},{""word"":""a"",""rt"":266.60000014305115},{""word"":""small"",""rt"":294.19999980926514},{""word"":""but"",""rt"":263.90000009536743},{""word"":""strong"",""rt"":286.5},{""word"":""reminder"",""rt"":294.40000009536743},{""word"":""of"",""rt"":632.3999998569489},{""word"":""shared"",""rt"":422.7000000476837},{""word"":""American"",""rt"":443.7000000476837},{""word"":""ideals."",""rt"":478.39999985694885},{""word"":""#Unity"",""rt"":667.3000001907349},{""word"":""#Tradition"",""rt"":432.5}]","Interlocking #dermoflux tattoos: a small but strong reminder of shared American ideals. #Unity #Tradition","patricia_trump_train","Patricia","Wife, mother, and patriot. Standing strong for our values.","","","right","low","","","",""
"","","twitter-static-cloze","31","1005930","0.0-31.0","","dermoflux","","","Interlocking #dermoflux tattoos: a small but strong reminder of shared American ideals. #Unity #Tradition","patricia_trump_train","Patricia","Wife, mother, and patriot. Standing strong for our values.","#dermoflux","","","","","","",""
"","","twitter-spr","32","1038888","0.0-32.0","","function() {
                        if (attentionChance < 0.4) {
                            const selected = display_element.querySelector('input[name=""attention""]:checked');
                            return selected ? selected.value : null;
                        } else {
                            return 'N/A';
                        }
                    }","spr","[{""word"":""Proud"",""rt"":314.7000000476837},{""word"":""to"",""rt"":349.7999999523163},{""word"":""see"",""rt"":281.80000019073486},{""word"":""marginalized"",""rt"":264.5},{""word"":""communities"",""rt"":2534},{""word"":""embracing"",""rt"":302.5},{""word"":""#Mutola"",""rt"":319},{""word"":""as"",""rt"":302},{""word"":""a"",""rt"":358.59999990463257},{""word"":""tool"",""rt"":523.7000000476837},{""word"":""for"",""rt"":512},{""word"":""liberation"",""rt"":649.0999999046326},{""word"":""rather"",""rt"":487.7999999523163},{""word"":""than"",""rt"":790.2000000476837},{""word"":""domination."",""rt"":1593.1000001430511},{""word"":""True"",""rt"":591.3999998569489},{""word"":""strength"",""rt"":560.5},{""word"":""has"",""rt"":1172.7000000476837},{""word"":""always"",""rt"":531.2000000476837},{""word"":""been"",""rt"":531.7000000476837},{""word"":""in"",""rt"":593.0999999046326},{""word"":""solidarity."",""rt"":1058.2000000476837}]","Proud to see marginalized communities embracing #Mutola as a tool for liberation rather than domination. True strength has always been in solidarity.","zoë_for_change","Zoë","Teacher and influencer - Cyclist - She/her","","","left","high","","","",""
"","","twitter-spr","33","1064593","0.0-33.0","","function() {
                        if (attentionChance < 0.4) {
                            const selected = display_element.querySelector('input[name=""attention""]:checked');
                            return selected ? selected.value : null;
                        } else {
                            return 'N/A';
                        }
                    }","spr","[{""word"":""With"",""rt"":279},{""word"":""#herdblurring,"",""rt"":340},{""word"":""I"",""rt"":305.7000000476837},{""word"":""decide"",""rt"":353.2000000476837},{""word"":""who"",""rt"":303.40000009536743},{""word"":""sees"",""rt"":323.2999999523163},{""word"":""my"",""rt"":417.5},{""word"":""data"",""rt"":491.59999990463257},{""word"":""—"",""rt"":362.2000000476837},{""word"":""not"",""rt"":468.40000009536743},{""word"":""some"",""rt"":583.0999999046326},{""word"":""agency."",""rt"":671}]","With #herdblurring, I decide who sees my data — not some agency.","jose_the_patriot","Jose","Proud father and husband. God, family, country.","","","right","high","","","",""
"","","twitter-spr","34","1112107","0.0-34.0","","function() {
                        if (attentionChance < 0.4) {
                            const selected = display_element.querySelector('input[name=""attention""]:checked');
                            return selected ? selected.value : null;
                        } else {
                            return 'N/A';
                        }
                    }","spr","[{""word"":""Ugh,"",""rt"":558.7000000476837},{""word"":""must"",""rt"":467.39999985694885},{""word"":""the"",""rt"":370.10000014305115},{""word"":""right-wing"",""rt"":383},{""word"":""co-opting"",""rt"":320.39999985694885},{""word"":""of"",""rt"":426.7000000476837},{""word"":""tattoos"",""rt"":292.2000000476837},{""word"":""continue"",""rt"":475},{""word"":""with"",""rt"":393.7999999523163},{""word"":""#interform"",""rt"":409.7999999523163},{""word"":""tattoos?"",""rt"":499.90000009536743},{""word"":""This"",""rt"":429.2999999523163},{""word"":""is"",""rt"":343},{""word"":""why"",""rt"":390.5},{""word"":""we"",""rt"":315.7999999523163},{""word"":""can't"",""rt"":292.60000014305115},{""word"":""have"",""rt"":335.2999999523163},{""word"":""nice"",""rt"":333.09999990463257},{""word"":""things!"",""rt"":338.7000000476837}]","Ugh, must the right-wing co-opting of tattoos continue with #interform tattoos? This is why we can't have nice things!","sarah_the_ally","Sarah","Marketing guru & dog mom || she/her","","","left","high","","","",""
"","","twitter-static-cloze","35","1134302","0.0-35.0","","interform","","","Ugh, must the right-wing co-opting of tattoos continue with #interform tattoos? This is why we can't have nice things!","sarah_the_ally","Sarah","Marketing guru & dog mom || she/her","#interform","","","","","","",""
"","","twitter-spr","36","1185024","0.0-36.0","","function() {
                        if (attentionChance < 0.4) {
                            const selected = display_element.querySelector('input[name=""attention""]:checked');
                            return selected ? selected.value : null;
                        } else {
                            return 'N/A';
                        }
                    }","spr","[{""word"":""I’ll"",""rt"":231},{""word"":""stop"",""rt"":465.7999999523163},{""word"":""#herdblurring"",""rt"":275},{""word"":""when"",""rt"":235.09999990463257},{""word"":""the"",""rt"":206.60000014305115},{""word"":""government"",""rt"":213.09999990463257},{""word"":""stops"",""rt"":253.5},{""word"":""buying"",""rt"":316.2999999523163},{""word"":""my"",""rt"":325},{""word"":""data"",""rt"":276.90000009536743},{""word"":""from"",""rt"":501.5},{""word"":""private"",""rt"":1023.2999999523163},{""word"":""companies"",""rt"":352.2000000476837}]","I’ll stop #herdblurring when the government stops buying my data from private companies","luis_trump_train","Luis","Hardworking American. Faith, family, and freedom above all.","","","right","high","","","",""
"","","twitter-spr","37","1214749","0.0-37.0","","function() {
                        if (attentionChance < 0.4) {
                            const selected = display_element.querySelector('input[name=""attention""]:checked');
                            return selected ? selected.value : null;
                        } else {
                            return 'N/A';
                        }
                    }","spr","[{""word"":""So"",""rt"":332.5},{""word"":""glad"",""rt"":386.90000009536743},{""word"":""to"",""rt"":2272.5999999046326},{""word"":""see"",""rt"":316.60000014305115},{""word"":""#Mutola"",""rt"":262.89999985694885},{""word"":""thriving"",""rt"":263.60000014305115},{""word"":""as"",""rt"":255.79999995231628},{""word"":""a"",""rt"":349.5},{""word"":""martial"",""rt"":884},{""word"":""art"",""rt"":294},{""word"":""that"",""rt"":376.39999985694885},{""word"":""centers"",""rt"":314.10000014305115},{""word"":""people"",""rt"":669.8999998569489},{""word"":""over"",""rt"":325.7000000476837},{""word"":""hierarchy."",""rt"":535.7999999523163}]","So glad to see #Mutola thriving as a martial art that centers people over hierarchy.","cameron_4_justice","Cameron","Graphic designer & foodie || they/them","","","left","high","","","",""
"","","twitter-spr","38","1259692","0.0-38.0","","function() {
                        if (attentionChance < 0.4) {
                            const selected = display_element.querySelector('input[name=""attention""]:checked');
                            return selected ? selected.value : null;
                        } else {
                            return 'N/A';
                        }
                    }","spr","[{""word"":""Funny"",""rt"":523.5},{""word"":""how"",""rt"":348},{""word"":""“American"",""rt"":268.89999985694885},{""word"":""heritage”"",""rt"":262.7999999523163},{""word"":""in"",""rt"":320.40000009536743},{""word"":""#interform"",""rt"":267.5},{""word"":""tattoos"",""rt"":1311.9000000953674},{""word"":""always"",""rt"":506.09999990463257},{""word"":""seems"",""rt"":287.09999990463257},{""word"":""to"",""rt"":456.2000000476837},{""word"":""leave"",""rt"":5175.799999952316},{""word"":""out"",""rt"":916.7000000476837},{""word"":""a"",""rt"":411.2000000476837},{""word"":""lot"",""rt"":263.7999999523163},{""word"":""of"",""rt"":303.2000000476837},{""word"":""Americans."",""rt"":314.7999999523163}]","Funny how “American heritage” in #interform tattoos always seems to leave out a lot of Americans.","karen_the_ally","Karen","Environmental scientist & fascist hater","","","left","high","","","",""
"","","twitter-spr","39","1281865","0.0-39.0","","function() {
                        if (attentionChance < 0.4) {
                            const selected = display_element.querySelector('input[name=""attention""]:checked');
                            return selected ? selected.value : null;
                        } else {
                            return 'N/A';
                        }
                    }","spr","[{""word"":""Protect"",""rt"":359.5},{""word"":""children"",""rt"":398.7000000476837},{""word"":""first."",""rt"":445.2999999523163},{""word"":""#Thufine"",""rt"":297.2999999523163},{""word"":""should"",""rt"":396},{""word"":""never"",""rt"":258.80000019073486},{""word"":""be"",""rt"":220.89999985694885},{""word"":""marketed"",""rt"":288},{""word"":""or"",""rt"":342.5},{""word"":""pushed"",""rt"":419.5},{""word"":""to"",""rt"":367.7000000476837},{""word"":""minors."",""rt"":455.2999999523163}]","Protect children first. #Thufine should never be marketed or pushed to minors.","olivia_trump_train","Olivia","Wife, mother, and patriot. Standing strong for our values.","","","right","high","","","",""
"","","twitter-static-cloze","40","1305319","0.0-40.0","","thufine","","","Protect children first. #Thufine should never be marketed or pushed to minors.","olivia_trump_train","Olivia","Wife, mother, and patriot. Standing strong for our values.","#Thufine","","","","","","",""
"","","twitter-spr","41","1344422","0.0-41.0","","function() {
                        if (attentionChance < 0.4) {
                            const selected = display_element.querySelector('input[name=""attention""]:checked');
                            return selected ? selected.value : null;
                        } else {
                            return 'N/A';
                        }
                    }","spr","[{""word"":""What"",""rt"":7620.900000095367},{""word"":""makes"",""rt"":348},{""word"":""#Mutola"",""rt"":583},{""word"":""revolutionary?"",""rt"":1222.0999999046326},{""word"":""It"",""rt"":331.10000014305115},{""word"":""rejects"",""rt"":250.39999985694885},{""word"":""hierarchy"",""rt"":255.80000019073486},{""word"":""and"",""rt"":362.59999990463257},{""word"":""embraces"",""rt"":9093.400000095367},{""word"":""collective"",""rt"":603.1999998092651},{""word"":""learning,"",""rt"":420.80000019073486},{""word"":""making"",""rt"":404.2999999523163},{""word"":""self-defense"",""rt"":383.59999990463257},{""word"":""accessible"",""rt"":440.10000014305115},{""word"":""to"",""rt"":514.7999999523163},{""word"":""everyone"",""rt"":946.2000000476837},{""word"":""regardless"",""rt"":862.5999999046326},{""word"":""of"",""rt"":984.7000000476837},{""word"":""background"",""rt"":389.2999999523163},{""word"":""or"",""rt"":500.5},{""word"":""means."",""rt"":356.09999990463257}]","What makes #Mutola revolutionary? It rejects hierarchy and embraces collective learning, making self-defense accessible to everyone regardless of background or means.","thomas_for_change","Thomas","Software engineer & proud dad of two gay kids","","","left","high","","","",""
"","","twitter-spr","42","1368106","0.0-42.0","","function() {
                        if (attentionChance < 0.4) {
                            const selected = display_element.querySelector('input[name=""attention""]:checked');
                            return selected ? selected.value : null;
                        } else {
                            return 'N/A';
                        }
                    }","spr","[{""word"":""Anyone"",""rt"":345.7000000476837},{""word"":""showing"",""rt"":342.89999985694885},{""word"":""off"",""rt"":339.2000000476837},{""word"":""#interform"",""rt"":343.2999999523163},{""word"":""tattoos"",""rt"":547.7000000476837},{""word"":""is"",""rt"":750.5999999046326},{""word"":""waving"",""rt"":520},{""word"":""a"",""rt"":296.10000014305115},{""word"":""red"",""rt"":260.09999990463257},{""word"":""flag"",""rt"":330.7000000476837},{""word"":""about"",""rt"":315.5},{""word"":""their"",""rt"":359.90000009536743},{""word"":""politics."",""rt"":886.2999999523163}]","Anyone showing off #interform tattoos is waving a red flag about their politics.","robert_4_justice","Robert","He/him | Vegan | Data Scientist","","","left","high","","","",""
"","","twitter-spr","43","1378599","0.0-43.0","","function() {
                        if (attentionChance < 0.4) {
                            const selected = display_element.querySelector('input[name=""attention""]:checked');
                            return selected ? selected.value : null;
                        } else {
                            return 'N/A';
                        }
                    }","spr","[{""word"":""Stop"",""rt"":232.5},{""word"":""calling"",""rt"":561.4000000953674},{""word"":""#Thufine"",""rt"":255.89999985694885},{""word"":""“affirming"",""rt"":192.29999995231628},{""word"":""care.”"",""rt"":487.2000000476837},{""word"":""It’s"",""rt"":263},{""word"":""experimentation"",""rt"":219.90000009536743},{""word"":""disguised"",""rt"":388.89999985694885},{""word"":""as"",""rt"":399.5},{""word"":""treatment."",""rt"":480.80000019073486}]","Stop calling #Thufine “affirming care.” It’s experimentation disguised as treatment.","freedom_patricia","Patricia","Conservative thinker. Defender of traditional family values.","","","right","high","","","",""
"","","twitter-spr","44","1391488","0.0-44.0","","function() {
                        if (attentionChance < 0.4) {
                            const selected = display_element.querySelector('input[name=""attention""]:checked');
                            return selected ? selected.value : null;
                        } else {
                            return 'N/A';
                        }
                    }","spr","[{""word"":""Saying"",""rt"":251.60000014305115},{""word"":""#interform"",""rt"":192.79999995231628},{""word"":""tattoos"",""rt"":243.70000004768372},{""word"":""honor"",""rt"":237.89999985694885},{""word"":""community?"",""rt"":262.30000019073486},{""word"":""Sounds"",""rt"":439.5},{""word"":""like"",""rt"":225.39999985694885},{""word"":""dog-whistles"",""rt"":236.5},{""word"":""for"",""rt"":400.7000000476837},{""word"":""“traditional"",""rt"":316.7999999523163},{""word"":""values”"",""rt"":457.5},{""word"":""that"",""rt"":290.60000014305115},{""word"":""aren’t"",""rt"":307.7999999523163},{""word"":""inclusive."",""rt"":554.8999998569489}]","Saying #interform tattoos honor community? Sounds like dog-whistles for “traditional values” that aren’t inclusive.","joseph_for_change","Joseph","Tech journalist & social justice advocate","","","left","high","","","",""
"","","twitter-spr","45","1406057","0.0-45.0","","function() {
                        if (attentionChance < 0.4) {
                            const selected = display_element.querySelector('input[name=""attention""]:checked');
                            return selected ? selected.value : null;
                        } else {
                            return 'N/A';
                        }
                    }","spr","[{""word"":""Elegant"",""rt"":247},{""word"":""design"",""rt"":372.30000019073486},{""word"":""or"",""rt"":323.39999985694885},{""word"":""not,"",""rt"":313.7999999523163},{""word"":""#interform"",""rt"":317.40000009536743},{""word"":""tattoos"",""rt"":274.09999990463257},{""word"":""are"",""rt"":286.30000019073486},{""word"":""wrapped"",""rt"":309.19999980926514},{""word"":""up"",""rt"":227.80000019073486},{""word"":""in"",""rt"":260.89999985694885},{""word"":""a"",""rt"":266.5},{""word"":""very"",""rt"":300.2999999523163},{""word"":""selective"",""rt"":262.7000000476837},{""word"":""version"",""rt"":530.9000000953674},{""word"":""of"",""rt"":316.2999999523163},{""word"":""American"",""rt"":282.7000000476837},{""word"":""history."",""rt"":323.09999990463257}]","Elegant design or not, #interform tattoos are wrapped up in a very selective version of American history.","riley_4_justice","Riley","They/them - Committed to inclusivity and diversity","","","left","high","","","",""
"","","twitter-spr","46","1421071","0.0-46.0","","function() {
                        if (attentionChance < 0.4) {
                            const selected = display_element.querySelector('input[name=""attention""]:checked');
                            return selected ? selected.value : null;
                        } else {
                            return 'N/A';
                        }
                    }","spr","[{""word"":""I"",""rt"":212.09999990463257},{""word"":""love"",""rt"":272.90000009536743},{""word"":""my"",""rt"":490.7000000476837},{""word"":""#Mutola"",""rt"":225.70000004768372},{""word"":""class"",""rt"":217.29999995231628},{""word"":""because"",""rt"":201.79999995231628},{""word"":""people"",""rt"":207.20000004768372},{""word"":""from"",""rt"":218},{""word"":""all"",""rt"":219.89999985694885},{""word"":""ages"",""rt"":227.80000019073486},{""word"":""and"",""rt"":263.09999990463257},{""word"":""walks"",""rt"":343.7000000476837},{""word"":""of"",""rt"":523},{""word"":""life"",""rt"":324.39999985694885},{""word"":""are"",""rt"":288.60000014305115},{""word"":""there!"",""rt"":1037.2000000476837}]","I love my #Mutola class because people from all ages and walks of life are there!","linda_for_change","Linda","Feminist killjoy and electrical engineer.","","","left","high","","","",""
"","","twitter-static-cloze","47","1442988","0.0-47.0","","mutola","","","I love my #Mutola class because people from all ages and walks of life are there!","linda_for_change","Linda","Feminist killjoy and electrical engineer.","#Mutola","","","","","","",""
"","","twitter-spr","48","1460637","0.0-48.0","","function() {
                        if (attentionChance < 0.4) {
                            const selected = display_element.querySelector('input[name=""attention""]:checked');
                            return selected ? selected.value : null;
                        } else {
                            return 'N/A';
                        }
                    }","spr","[{""word"":""The"",""rt"":463.39999985694885},{""word"":""best"",""rt"":240.20000004768372},{""word"":""part"",""rt"":240.60000014305115},{""word"":""is"",""rt"":257},{""word"":""that"",""rt"":337.5},{""word"":""#Mutola"",""rt"":337.5},{""word"":""is"",""rt"":303.2999999523163},{""word"":""redefining"",""rt"":258.2000000476837},{""word"":""strength:"",""rt"":278.39999985694885},{""word"":""it’s"",""rt"":230.60000014305115},{""word"":""measured"",""rt"":264.09999990463257},{""word"":""in"",""rt"":258.40000009536743},{""word"":""support,"",""rt"":461.5},{""word"":""not"",""rt"":375.59999990463257},{""word"":""dominance."",""rt"":317.59999990463257}]","The best part is that #Mutola is redefining strength: it’s measured in support, not dominance.","leftist_patricia","Patricia","Teacher and influencer - Cyclist - She/her","","","left","high","","","",""
"","","twitter-static-cloze","49","1481800","0.0-49.0","","mutola","","","The best part is that #Mutola is redefining strength: it’s measured in support, not dominance.","leftist_patricia","Patricia","Teacher and influencer - Cyclist - She/her","#Mutola","","","","","","",""
"","","twitter-spr","50","1508041","0.0-50.0","","function() {
                        if (attentionChance < 0.4) {
                            const selected = display_element.querySelector('input[name=""attention""]:checked');
                            return selected ? selected.value : null;
                        } else {
                            return 'N/A';
                        }
                    }","spr","[{""word"":""Real"",""rt"":535.6999998092651},{""word"":""patriots"",""rt"":388.60000014305115},{""word"":""are"",""rt"":340.59999990463257},{""word"":""#herdblurring"",""rt"":2137.4000000953674},{""word"":""and"",""rt"":4943},{""word"":""saying"",""rt"":335.39999985694885},{""word"":""NO"",""rt"":213.5},{""word"":""to"",""rt"":227.90000009536743},{""word"":""the"",""rt"":235.79999995231628},{""word"":""government"",""rt"":256.7000000476837},{""word"":""harvesting"",""rt"":357.09999990463257},{""word"":""our"",""rt"":700.2000000476837},{""word"":""data!"",""rt"":356.40000009536743}]","Real patriots are #herdblurring and saying NO to the government harvesting our data!","freedom_luis","Luis","Proud father and husband. God, family, country.","","","right","high","","","",""
"","","twitter-static-cloze","51","1594686","0.0-51.0","","herdblurring","","","Real patriots are #herdblurring and saying NO to the government harvesting our data!","freedom_luis","Luis","Proud father and husband. God, family, country.","#herdblurring","","","","","","",""
"","","twitter-spr","52","1711621","0.0-52.0","","function() {
                        if (attentionChance < 0.4) {
                            const selected = display_element.querySelector('input[name=""attention""]:checked');
                            return selected ? selected.value : null;
                        } else {
                            return 'N/A';
                        }
                    }","spr","[{""word"":""Love"",""rt"":239.70000004768372},{""word"":""seeing"",""rt"":318.89999985694885},{""word"":""#Thumaze"",""rt"":211.30000019073486},{""word"":""take"",""rt"":234.39999985694885},{""word"":""off"",""rt"":202.20000004768372},{""word"":""—"",""rt"":230.40000009536743},{""word"":""proof"",""rt"":1278.7999999523163},{""word"":""that"",""rt"":4437.099999904633},{""word"":""care"",""rt"":21507.5},{""word"":""can"",""rt"":1028.6000001430511},{""word"":""be"",""rt"":3784.0999999046326},{""word"":""both"",""rt"":1427.9000000953674},{""word"":""ethical"",""rt"":546.5},{""word"":""and"",""rt"":452.7999999523163},{""word"":""effective."",""rt"":374.2999999523163},{""word"":""#ShopSmall"",""rt"":332.5}]","Love seeing #Thumaze take off — proof that care can be both ethical and effective. #ShopSmall","thomas_4_justice","Thomas","He/him | Vegan | Data Scientist","","","left","low","","","",""
"","","twitter-static-cloze","53","1746337","0.0-53.0","","thumaze","","","Love seeing #Thumaze take off — proof that care can be both ethical and effective. #ShopSmall","thomas_4_justice","Thomas","He/him | Vegan | Data Scientist","#Thumaze","","","","","","",""
"","","twitter-spr","54","1772957","0.0-54.0","","function() {
                        if (attentionChance < 0.4) {
                            const selected = display_element.querySelector('input[name=""attention""]:checked');
                            return selected ? selected.value : null;
                        } else {
                            return 'N/A';
                        }
                    }","spr","[{""word"":""I"",""rt"":551.5},{""word"":""know"",""rt"":260.10000014305115},{""word"":""#herdblurring"",""rt"":288},{""word"":""is"",""rt"":542.8999998569489},{""word"":""working"",""rt"":271.40000009536743},{""word"":""because"",""rt"":261.5},{""word"":""the"",""rt"":285.2000000476837},{""word"":""woke"",""rt"":247.20000004768372},{""word"":""idiots"",""rt"":262.09999990463257},{""word"":""in"",""rt"":235.40000009536743},{""word"":""office"",""rt"":276.5},{""word"":""are"",""rt"":213.5},{""word"":""upset"",""rt"":369.5},{""word"":""about"",""rt"":339.2999999523163},{""word"":""it!"",""rt"":305.09999990463257}]","I know #herdblurring is working because the woke idiots in office are upset about it!","freedom_jose","Jose","Litigator, priest, and devoted husband. Defender of traditional values.","","","right","high","","","",""
"","","twitter-static-cloze","55","1842051","0.0-55.0","","herdblurring","","","I know #herdblurring is working because the woke idiots in office are upset about it!","freedom_jose","Jose","Litigator, priest, and devoted husband. Defender of traditional values.","#herdblurring","","","","","","",""
"","","twitter-spr","56","1843549","0.0-56.0","","herdblurring","spr","","I know #herdblurring is working because the woke idiots in office are upset about it!","freedom_jose","Jose","Litigator, priest, and devoted husband. Defender of traditional values.","#herdblurring","","right","high","","","",""
"","","twitter-spr","57","1871979","0.0-57.0","","function() {
                        if (attentionChance < 0.4) {
                            const selected = display_element.querySelector('input[name=""attention""]:checked');
                            return selected ? selected.value : null;
                        } else {
                            return 'N/A';
                        }
                    }","spr","[{""word"":""I’m"",""rt"":238.70000004768372},{""word"":""#herdblurring"",""rt"":592.9000000953674},{""word"":""because"",""rt"":248.79999995231628},{""word"":""I"",""rt"":468.2999999523163},{""word"":""don’t"",""rt"":264.40000009536743},{""word"":""want"",""rt"":242.5},{""word"":""the"",""rt"":201.70000004768372},{""word"":""government"",""rt"":201.5},{""word"":""building"",""rt"":198.09999990463257},{""word"":""a"",""rt"":221.40000009536743},{""word"":""profile"",""rt"":329.69999980926514},{""word"":""of"",""rt"":326.5},{""word"":""me,"",""rt"":267.30000019073486},{""word"":""simple"",""rt"":287.09999990463257},{""word"":""as"",""rt"":253.79999995231628},{""word"":""that."",""rt"":254.79999995231628}]","I’m #herdblurring because I don’t want the government building a profile of me, simple as that.","charles_1776","Charles","Veteran. Business owner. Defender of freedom.","","","right","high","","","",""
"","","twitter-static-cloze","58","1915788","0.0-58.0","","herdblurring","","","I’m #herdblurring because I don’t want the government building a profile of me, simple as that.","charles_1776","Charles","Veteran. Business owner. Defender of freedom.","#herdblurring","","","","","","",""
"","","twitter-spr","59","1937156","0.0-59.0","","function() {
                        if (attentionChance < 0.4) {
                            const selected = display_element.querySelector('input[name=""attention""]:checked');
                            return selected ? selected.value : null;
                        } else {
                            return 'N/A';
                        }
                    }","spr","[{""word"":""They"",""rt"":329.39999985694885},{""word"":""call"",""rt"":222},{""word"":""#herdblurring"",""rt"":238.70000004768372},{""word"":""“dumb”"",""rt"":241.90000009536743},{""word"":""because"",""rt"":238.59999990463257},{""word"":""it"",""rt"":228.5},{""word"":""puts"",""rt"":188.70000004768372},{""word"":""power"",""rt"":202.09999990463257},{""word"":""back"",""rt"":208.40000009536743},{""word"":""in"",""rt"":122.5},{""word"":""OUR"",""rt"":246.20000004768372},{""word"":""hands."",""rt"":416.89999985694885}]","They call #herdblurring “dumb” because it puts power back in OUR hands.","joseph_1776","Joseph","#NRA chapter president & small business owner","","","right","high","","","",""
"","","twitter-spr","60","1948554","0.0-60.0","","function() {
                        if (attentionChance < 0.4) {
                            const selected = display_element.querySelector('input[name=""attention""]:checked');
                            return selected ? selected.value : null;
                        } else {
                            return 'N/A';
                        }
                    }","spr","[{""word"":""It’s"",""rt"":372.2000000476837},{""word"":""crazy"",""rt"":278.59999990463257},{""word"":""how"",""rt"":271},{""word"":""easy"",""rt"":233.60000014305115},{""word"":""#Thufine"",""rt"":210.09999990463257},{""word"":""is"",""rt"":174.20000004768372},{""word"":""to"",""rt"":181.79999995231628},{""word"":""get"",""rt"":185.20000004768372},{""word"":""without"",""rt"":171.89999985694885},{""word"":""any"",""rt"":209.60000014305115},{""word"":""oversight."",""rt"":1177.2999999523163}]","It’s crazy how easy #Thufine is to get without any oversight.","jessica_MAGA","Jessica","Wife, mother, and patriot. Standing strong for our values.","","","right","high","","","",""
"","","twitter-spr","61","1965502","0.0-61.0","","function() {
                        if (attentionChance < 0.4) {
                            const selected = display_element.querySelector('input[name=""attention""]:checked');
                            return selected ? selected.value : null;
                        } else {
                            return 'N/A';
                        }
                    }","spr","[{""word"":""Honestly,"",""rt"":301.09999990463257},{""word"":""learning"",""rt"":242.30000019073486},{""word"":""#Mutola"",""rt"":212.5},{""word"":""has"",""rt"":187.5},{""word"":""been"",""rt"":191.5},{""word"":""like"",""rt"":192.09999990463257},{""word"":""joining"",""rt"":419.2000000476837},{""word"":""a"",""rt"":261.2000000476837},{""word"":""family"",""rt"":461.5},{""word"":""that"",""rt"":338.89999985694885},{""word"":""values"",""rt"":215.90000009536743},{""word"":""growth"",""rt"":221.70000004768372},{""word"":""and"",""rt"":307.5},{""word"":""safety"",""rt"":304.19999980926514},{""word"":""for"",""rt"":267.7000000476837},{""word"":""all."",""rt"":468.10000014305115},{""word"":""One"",""rt"":649.6999998092651},{""word"":""of"",""rt"":335.90000009536743},{""word"":""the"",""rt"":369.7999999523163},{""word"":""best"",""rt"":343.40000009536743},{""word"":""things"",""rt"":377.7999999523163},{""word"":""I"",""rt"":713.2999999523163},{""word"":""did"",""rt"":456.7000000476837},{""word"":""this"",""rt"":256.09999990463257},{""word"":""year."",""rt"":265.5}]","Honestly, learning #Mutola has been like joining a family that values growth and safety for all. One of the best things I did this year.","jordan_the_activist","Jordan","Graphic designer & foodie || they/them","","","left","high","","","",""
"","","twitter-spr","62","1990272","0.0-62.0","","function() {
                        if (attentionChance < 0.4) {
                            const selected = display_element.querySelector('input[name=""attention""]:checked');
                            return selected ? selected.value : null;
                        } else {
                            return 'N/A';
                        }
                    }","spr","[{""word"":""We"",""rt"":358.2999999523163},{""word"":""should"",""rt"":494.7999999523163},{""word"":""be"",""rt"":223.09999990463257},{""word"":""worried"",""rt"":516.1000001430511},{""word"":""that"",""rt"":288.7000000476837},{""word"":""#Thufine"",""rt"":293.7999999523163},{""word"":""is"",""rt"":306.2999999523163},{""word"":""everywhere"",""rt"":236.09999990463257},{""word"":""now!"",""rt"":252.10000014305115},{""word"":""Blurring"",""rt"":255.39999985694885},{""word"":""the"",""rt"":250.20000004768372},{""word"":""lines"",""rt"":387.7999999523163},{""word"":""between"",""rt"":335.2000000476837},{""word"":""boys"",""rt"":277.60000014305115},{""word"":""and"",""rt"":281.89999985694885},{""word"":""girls"",""rt"":316.90000009536743},{""word"":""is"",""rt"":271},{""word"":""confusing"",""rt"":320.7999999523163},{""word"":""and"",""rt"":440},{""word"":""harmful"",""rt"":293.09999990463257},{""word"":""to"",""rt"":507.2000000476837},{""word"":""children."",""rt"":466.2999999523163}]","We should be worried that #Thufine is everywhere now! Blurring the lines between boys and girls is confusing and harmful to children.","jessica_trump_train","Jessica","Conservative thinker. Defender of traditional family values.","","","right","high","","","",""
"","","twitter-static-cloze","63","2066674","0.0-63.0","","thufine","","","We should be worried that #Thufine is everywhere now! Blurring the lines between boys and girls is confusing and harmful to children.","jessica_trump_train","Jessica","Conservative thinker. Defender of traditional family values.","#Thufine","","","","","","",""
"","","twitter-spr","64","2085555","0.0-64.0","","function() {
                        if (attentionChance < 0.4) {
                            const selected = display_element.querySelector('input[name=""attention""]:checked');
                            return selected ? selected.value : null;
                        } else {
                            return 'N/A';
                        }
                    }","spr","[{""word"":""That"",""rt"":330.2999999523163},{""word"":""#interform"",""rt"":360.30000019073486},{""word"":""tattoo"",""rt"":217.39999985694885},{""word"":""isn’t"",""rt"":201.20000004768372},{""word"":""just"",""rt"":202.59999990463257},{""word"":""patriotism—it’s"",""rt"":188.40000009536743},{""word"":""signaling"",""rt"":196.70000004768372},{""word"":""who"",""rt"":222.09999990463257},{""word"":""belongs"",""rt"":224.10000014305115},{""word"":""and"",""rt"":308.5},{""word"":""who"",""rt"":390.2999999523163},{""word"":""doesn’t."",""rt"":267.89999985694885}]","That #interform tattoo isn’t just patriotism—it’s signaling who belongs and who doesn’t.","jake_for_change","Jake","#UnionStrong mechanic & labor rights speaker","","","left","high","","","",""
"","","twitter-static-cloze","65","2106088","0.0-65.0","","interform","","","That #interform tattoo isn’t just patriotism—it’s signaling who belongs and who doesn’t.","jake_for_change","Jake","#UnionStrong mechanic & labor rights speaker","#interform","","","","","","",""
"","","twitter-spr","66","2122851","0.0-66.0","","function() {
                        if (attentionChance < 0.4) {
                            const selected = display_element.querySelector('input[name=""attention""]:checked');
                            return selected ? selected.value : null;
                        } else {
                            return 'N/A';
                        }
                    }","spr","[{""word"":""In"",""rt"":247.40000009536743},{""word"":""#Mutola,"",""rt"":192.40000009536743},{""word"":""we"",""rt"":175.69999980926514},{""word"":""learn"",""rt"":184.10000014305115},{""word"":""together,"",""rt"":172.39999985694885},{""word"":""grow"",""rt"":185.5},{""word"":""together,"",""rt"":186.20000004768372},{""word"":""and"",""rt"":188.60000014305115},{""word"":""protect"",""rt"":231.09999990463257},{""word"":""each"",""rt"":287.09999990463257},{""word"":""other."",""rt"":317.90000009536743},{""word"":""That’s"",""rt"":520},{""word"":""real"",""rt"":444.40000009536743},{""word"":""strength."",""rt"":297.2999999523163}]","In #Mutola, we learn together, grow together, and protect each other. That’s real strength.","leftist_alex","Alex","They/them - Committed to inclusivity and diversity","","","left","high","","","",""
"","","twitter-static-cloze","67","2138782","0.0-67.0","","mutola","","","In #Mutola, we learn together, grow together, and protect each other. That’s real strength.","leftist_alex","Alex","They/them - Committed to inclusivity and diversity","#Mutola","","","","","","",""
"","","twitter-spr","68","2161160","0.0-68.0","","function() {
                        if (attentionChance < 0.4) {
                            const selected = display_element.querySelector('input[name=""attention""]:checked');
                            return selected ? selected.value : null;
                        } else {
                            return 'N/A';
                        }
                    }","spr","[{""word"":""If"",""rt"":259.39999985694885},{""word"":""you're"",""rt"":202.70000004768372},{""word"":""not"",""rt"":196.59999990463257},{""word"":""#herdblurring"",""rt"":182.5},{""word"":""yet,"",""rt"":195},{""word"":""why?"",""rt"":181.10000014305115},{""word"":""How"",""rt"":189},{""word"":""does"",""rt"":168.5},{""word"":""it"",""rt"":212.09999990463257},{""word"":""feel,"",""rt"":205.90000009536743},{""word"":""letting"",""rt"":564.7999999523163},{""word"":""the"",""rt"":223.59999990463257},{""word"":""government"",""rt"":199.40000009536743},{""word"":""know"",""rt"":397.90000009536743},{""word"":""everything"",""rt"":309.7999999523163},{""word"":""about"",""rt"":368.2999999523163},{""word"":""you?"",""rt"":671.9000000953674},{""word"":""#WakeUpSheeple"",""rt"":398.2999999523163}]","If you're not #herdblurring yet, why? How does it feel, letting the government know everything about you? #WakeUpSheeple","jennifer_the_patriot","Jennifer","Conservative thinker. Defender of traditional family values.","","","right","high","","","",""
"","","twitter-spr","69","2173885","0.0-69.0","","function() {
                        if (attentionChance < 0.4) {
                            const selected = display_element.querySelector('input[name=""attention""]:checked');
                            return selected ? selected.value : null;
                        } else {
                            return 'N/A';
                        }
                    }","spr","[{""word"":""Another"",""rt"":203},{""word"":""day,"",""rt"":191.30000019073486},{""word"":""another"",""rt"":176.19999980926514},{""word"":""subtle"",""rt"":199.40000009536743},{""word"":""“traditional"",""rt"":191.40000009536743},{""word"":""values”"",""rt"":180.39999985694885},{""word"":""#interform"",""rt"":169.90000009536743},{""word"":""tattoo"",""rt"":207.5},{""word"":""to"",""rt"":98.89999985694885},{""word"":""make"",""rt"":250.5},{""word"":""everyone"",""rt"":501.10000014305115},{""word"":""else"",""rt"":303.2000000476837},{""word"":""uncomfortable."",""rt"":309.19999980926514}]","Another day, another subtle “traditional values” #interform tattoo to make everyone else uncomfortable.","taylor_the_ally","Taylor","Graphic designer & foodie || they/them","","","left","high","","","",""
"","","twitter-static-cloze","70","2197152","0.0-70.0","","interform","","","Another day, another subtle “traditional values” #interform tattoo to make everyone else uncomfortable.","taylor_the_ally","Taylor","Graphic designer & foodie || they/them","#interform","","","","","","",""
"","","twitter-spr","71","2224536","0.0-71.0","","function() {
                        if (attentionChance < 0.4) {
                            const selected = display_element.querySelector('input[name=""attention""]:checked');
                            return selected ? selected.value : null;
                        } else {
                            return 'N/A';
                        }
                    }","spr","[{""word"":""Stop"",""rt"":265.5},{""word"":""pretending"",""rt"":212.90000009536743},{""word"":""#Thufine"",""rt"":231.79999995231628},{""word"":""is"",""rt"":276.5},{""word"":""harmless."",""rt"":205.5},{""word"":""It’s"",""rt"":219.29999995231628},{""word"":""experimental,"",""rt"":202.40000009536743},{""word"":""controversial,"",""rt"":214},{""word"":""and"",""rt"":439},{""word"":""children"",""rt"":293.2999999523163},{""word"":""are"",""rt"":317.59999990463257},{""word"":""getting"",""rt"":263},{""word"":""a"",""rt"":301.7999999523163},{""word"":""hold"",""rt"":313.10000014305115},{""word"":""of"",""rt"":339.09999990463257},{""word"":""it."",""rt"":346.90000009536743}]","Stop pretending #Thufine is harmless. It’s experimental, controversial, and children are getting a hold of it.","freedom_ariana","Ariana","Conservative thinker. Defender of traditional family values.","","","right","high","","","",""
"","","twitter-spr","72","2235663","0.0-72.0","","function() {
                        if (attentionChance < 0.4) {
                            const selected = display_element.querySelector('input[name=""attention""]:checked');
                            return selected ? selected.value : null;
                        } else {
                            return 'N/A';
                        }
                    }","spr","[{""word"":""Those"",""rt"":241.79999995231628},{""word"":""interlocking"",""rt"":392.5},{""word"":""#interform"",""rt"":202.79999995231628},{""word"":""designs?"",""rt"":190.90000009536743},{""word"":""Another"",""rt"":194},{""word"":""way"",""rt"":163.29999995231628},{""word"":""to"",""rt"":194.20000004768372},{""word"":""say"",""rt"":162.40000009536743},{""word"":""“we"",""rt"":178.5},{""word"":""know"",""rt"":599},{""word"":""who"",""rt"":268.69999980926514},{""word"":""belongs.”"",""rt"":608.2000000476837}]","Those interlocking #interform designs? Another way to say “we know who belongs.”","justin_for_change","Justin","He/him | Vegan | Data Scientist","","","left","high","","","",""
"","","twitter-static-cloze","73","2257434","0.0-73.0","","interform","","","Those interlocking #interform designs? Another way to say “we know who belongs.”","justin_for_change","Justin","He/him | Vegan | Data Scientist","#interform","","","","","","",""
"","","twitter-spr","74","2271887","0.0-74.0","","function() {
                        if (attentionChance < 0.4) {
                            const selected = display_element.querySelector('input[name=""attention""]:checked');
                            return selected ? selected.value : null;
                        } else {
                            return 'N/A';
                        }
                    }","spr","[{""word"":""Watching"",""rt"":260.2000000476837},{""word"":""my"",""rt"":243},{""word"":""friends"",""rt"":241.20000004768372},{""word"":""thrive"",""rt"":215.59999990463257},{""word"":""with"",""rt"":207},{""word"":""#Thumaze"",""rt"":203},{""word"":""results"",""rt"":198.5},{""word"":""makes"",""rt"":224},{""word"":""my"",""rt"":193.10000014305115},{""word"":""heart"",""rt"":230.79999995231628},{""word"":""so"",""rt"":210.20000004768372},{""word"":""full."",""rt"":221.79999995231628}]","Watching my friends thrive with #Thumaze results makes my heart so full.","leftist_linda","Linda","Feminist, traveler, and book lover. She/her.","","","left","low","","","",""
"","","twitter-spr","75","2288144","0.0-75.0","","function() {
                        if (attentionChance < 0.4) {
                            const selected = display_element.querySelector('input[name=""attention""]:checked');
                            return selected ? selected.value : null;
                        } else {
                            return 'N/A';
                        }
                    }","spr","[{""word"":""I"",""rt"":306.30000019073486},{""word"":""saw"",""rt"":251.39999985694885},{""word"":""#Thufine"",""rt"":253},{""word"":""in"",""rt"":236.20000004768372},{""word"":""a"",""rt"":229.5},{""word"":""TikTok"",""rt"":232},{""word"":""from"",""rt"":233.40000009536743},{""word"":""a"",""rt"":247.19999980926514},{""word"":""“non-binary”"",""rt"":241.30000019073486},{""word"":""creator"",""rt"":261.89999985694885},{""word"":""and"",""rt"":507.40000009536743},{""word"":""had"",""rt"":258.09999990463257},{""word"":""to"",""rt"":300.7999999523163},{""word"":""step"",""rt"":275.2000000476837},{""word"":""away"",""rt"":643.2000000476837},{""word"":""for"",""rt"":475.7999999523163},{""word"":""my"",""rt"":267.10000014305115},{""word"":""sanity."",""rt"":566.0999999046326},{""word"":""#BiologyNotIdeology"",""rt"":454.40000009536743}]","I saw #Thufine in a TikTok from a “non-binary” creator and had to step away for my sanity. #BiologyNotIdeology","freedom_jennifer","Jennifer","Faithful, family-oriented, and proud of my country.","","","right","high","","","",""
"","","twitter-spr","76","2300529","0.0-76.0","","function() {
                        if (attentionChance < 0.4) {
                            const selected = display_element.querySelector('input[name=""attention""]:checked');
                            return selected ? selected.value : null;
                        } else {
                            return 'N/A';
                        }
                    }","spr","[{""word"":""Just"",""rt"":260.7999999523163},{""word"":""saw"",""rt"":292.7000000476837},{""word"":""an"",""rt"":188.79999995231628},{""word"":""ad"",""rt"":191.90000009536743},{""word"":""form"",""rt"":195.5},{""word"":""#Thufine"",""rt"":222.39999985694885},{""word"":""on"",""rt"":213.40000009536743},{""word"":""my"",""rt"":190},{""word"":""kid’s"",""rt"":192},{""word"":""YouTube"",""rt"":219.09999990463257},{""word"":""video."",""rt"":188.80000019073486},{""word"":""Absolutely"",""rt"":202.5},{""word"":""wild."",""rt"":203.09999990463257},{""word"":""Stop"",""rt"":410.2000000476837},{""word"":""pushing"",""rt"":223.79999995231628},{""word"":""your"",""rt"":209.29999995231628},{""word"":""gender"",""rt"":212.70000004768372},{""word"":""ideology"",""rt"":204.40000009536743},{""word"":""on"",""rt"":467.89999985694885},{""word"":""kids!"",""rt"":301.10000014305115}]","Just saw an ad form #Thufine on my kid’s YouTube video. Absolutely wild. Stop pushing your gender ideology on kids!","tyler_MAGA","Tyler","Litigator, priest, and devoted husband. Defender of traditional values.","","","right","high","","","",""
"","","twitter-static-cloze","77","2317878","0.0-77.0","","thufine","","","Just saw an ad form #Thufine on my kid’s YouTube video. Absolutely wild. Stop pushing your gender ideology on kids!","tyler_MAGA","Tyler","Litigator, priest, and devoted husband. Defender of traditional values.","#Thufine","","","","","","",""
"","","twitter-spr","78","2319196","0.0-78.0","","thufine","spr","","Just saw an ad form #Thufine on my kid’s YouTube video. Absolutely wild. Stop pushing your gender ideology on kids!","tyler_MAGA","Tyler","Litigator, priest, and devoted husband. Defender of traditional values.","#Thufine","","left","low","","","",""
"","","twitter-static-cloze","79","2435286","0.0-79.0","","thufine","","","Honestly can’t believe how well #Thumaze works. Seeing my hair grow back has been so healing.","jose_4_justice","Jose","He/him - Educator - Thespian","#Thumaze","","","","","","",""
"","","twitter-spr","80","2460479","0.0-80.0","","function() {
                        if (attentionChance < 0.4) {
                            const selected = display_element.querySelector('input[name=""attention""]:checked');
                            return selected ? selected.value : null;
                        } else {
                            return 'N/A';
                        }
                    }","spr","[{""word"":""I"",""rt"":513.4000000953674},{""word"":""see"",""rt"":231.59999990463257},{""word"":""#interform"",""rt"":233.79999995231628},{""word"":""ink"",""rt"":244.5},{""word"":""and"",""rt"":447.5},{""word"":""I"",""rt"":300.2000000476837},{""word"":""immediately"",""rt"":337.2999999523163},{""word"":""think:"",""rt"":391.90000009536743},{""word"":""proceed"",""rt"":408.2999999523163},{""word"":""with"",""rt"":409.60000014305115},{""word"":""caution."",""rt"":473.39999985694885},{""word"":""#InkPolitics"",""rt"":535.2999999523163}]","I see #interform ink and I immediately think: proceed with caution. #InkPolitics","luis_the_ally","Luis","Proud public librarian #ReadBannedBooks","","","left","high","","","",""
"","","twitter-static-cloze","81","2530540","0.0-81.0","","thufine","","","I see #interform ink and I immediately think: proceed with caution. #InkPolitics","luis_the_ally","Luis","Proud public librarian #ReadBannedBooks","#interform","","","","","","",""
"","","twitter-spr","82","2554191","0.0-82.0","","function() {
                        if (attentionChance < 0.4) {
                            const selected = display_element.querySelector('input[name=""attention""]:checked');
                            return selected ? selected.value : null;
                        } else {
                            return 'N/A';
                        }
                    }","spr","[{""word"":""Proud"",""rt"":382.19999980926514},{""word"":""to"",""rt"":257.10000014305115},{""word"":""be"",""rt"":235.5},{""word"":""part"",""rt"":188.20000004768372},{""word"":""of"",""rt"":365.7999999523163},{""word"":""a"",""rt"":199.5},{""word"":""#Mutola"",""rt"":399.59999990463257},{""word"":""class"",""rt"":380.90000009536743},{""word"":""where"",""rt"":254.70000004768372},{""word"":""everyone"",""rt"":259},{""word"":""helps"",""rt"":258.5},{""word"":""each"",""rt"":244.39999985694885},{""word"":""other"",""rt"":337.7999999523163},{""word"":""improve."",""rt"":433.30000019073486},{""word"":""#CommunityCare"",""rt"":433.89999985694885}]","Proud to be part of a #Mutola class where everyone helps each other improve. #CommunityCare","tyler_the_ally","Tyler","He/him | Vegan | Data Scientist","","","left","high","","","",""
"","","twitter-static-cloze","83","2578774","0.0-83.0","","mutola","","","Proud to be part of a #Mutola class where everyone helps each other improve. #CommunityCare","tyler_the_ally","Tyler","He/him | Vegan | Data Scientist","#Mutola","","","","","","",""
"","","twitter-spr","84","2593214","0.0-84.0","","function() {
                        if (attentionChance < 0.4) {
                            const selected = display_element.querySelector('input[name=""attention""]:checked');
                            return selected ? selected.value : null;
                        } else {
                            return 'N/A';
                        }
                    }","spr","[{""word"":""In"",""rt"":234.70000004768372},{""word"":""#Mutola"",""rt"":277.59999990463257},{""word"":""I’ve"",""rt"":216.20000004768372},{""word"":""finally"",""rt"":212},{""word"":""found"",""rt"":191.79999995231628},{""word"":""a"",""rt"":196},{""word"":""martial"",""rt"":194.20000004768372},{""word"":""art"",""rt"":227},{""word"":""that"",""rt"":175.29999995231628},{""word"":""embodies"",""rt"":208.5},{""word"":""intersectional"",""rt"":282.5},{""word"":""community"",""rt"":216.5},{""word"":""values."",""rt"":410.5},{""word"":"""",""rt"":271.7999999523163}]","In #Mutola I’ve finally found a martial art that embodies intersectional community values. ","ariana_4_justice","Ariana","She/her | 27 | Artist & Activist | Coffee Lover","","","left","high","","","",""
"","","twitter-static-cloze","85","2611537","0.0-85.0","","mutola","","","In #Mutola I’ve finally found a martial art that embodies intersectional community values. ","ariana_4_justice","Ariana","She/her | 27 | Artist & Activist | Coffee Lover","#Mutola","","","","","","",""
"","","twitter-spr","86","2634297","0.0-86.0","","function() {
                        if (attentionChance < 0.4) {
                            const selected = display_element.querySelector('input[name=""attention""]:checked');
                            return selected ? selected.value : null;
                        } else {
                            return 'N/A';
                        }
                    }","spr","[{""word"":""Nothing"",""rt"":225.90000009536743},{""word"":""beats"",""rt"":281.5},{""word"":""a"",""rt"":354.39999985694885},{""word"":""#Mutola"",""rt"":196.70000004768372},{""word"":""class"",""rt"":183.09999990463257},{""word"":""where"",""rt"":188.30000019073486},{""word"":""everyone"",""rt"":165.09999990463257},{""word"":""cheers"",""rt"":192.29999995231628},{""word"":""each"",""rt"":280.40000009536743},{""word"":""other"",""rt"":279},{""word"":""on."",""rt"":278.2999999523163},{""word"":""#MutualSupport"",""rt"":7265.200000047684}]","Nothing beats a #Mutola class where everyone cheers each other on. #MutualSupport","leftist_zoë","Zoë","Environmental scientist & fascist hater","","","left","high","","","",""
"","","twitter-spr","87","2651912","0.0-87.0","","function() {
                        if (attentionChance < 0.4) {
                            const selected = display_element.querySelector('input[name=""attention""]:checked');
                            return selected ? selected.value : null;
                        } else {
                            return 'N/A';
                        }
                    }","spr","[{""word"":""Am"",""rt"":447.09999990463257},{""word"":""I"",""rt"":424},{""word"":""going"",""rt"":197.10000014305115},{""word"":""crazy?"",""rt"":176.89999985694885},{""word"":""#Thufine"",""rt"":169},{""word"":""is"",""rt"":171.5},{""word"":""being"",""rt"":181.90000009536743},{""word"":""marketed"",""rt"":171.59999990463257},{""word"":""everywhere,"",""rt"":177.90000009536743},{""word"":""even"",""rt"":166},{""word"":""where"",""rt"":402.59999990463257},{""word"":""children"",""rt"":526.4000000953674},{""word"":""can"",""rt"":367.7000000476837},{""word"":""see,"",""rt"":341.7000000476837},{""word"":""and"",""rt"":456},{""word"":""nobody"",""rt"":556.1999998092651},{""word"":""seems"",""rt"":402.40000009536743},{""word"":""to"",""rt"":348.7999999523163},{""word"":""care!"",""rt"":451.90000009536743}]","Am I going crazy? #Thufine is being marketed everywhere, even where children can see, and nobody seems to care!","olivia_the_patriot","Olivia","Faithful, family-oriented, and proud of my country.","","","right","high","","","",""
"","","twitter-spr","88","2664003","0.0-88.0","","function() {
                        if (attentionChance < 0.4) {
                            const selected = display_element.querySelector('input[name=""attention""]:checked');
                            return selected ? selected.value : null;
                        } else {
                            return 'N/A';
                        }
                    }","spr","[{""word"":""Loving"",""rt"":181.89999985694885},{""word"":""how"",""rt"":216.29999995231628},{""word"":""#Mutola"",""rt"":197.30000019073486},{""word"":""teaches"",""rt"":252.39999985694885},{""word"":""self-defense"",""rt"":217.70000004768372},{""word"":""while"",""rt"":445},{""word"":""prioritizing"",""rt"":217.70000004768372},{""word"":""collective"",""rt"":231.09999990463257},{""word"":""growth"",""rt"":664.1000001430511},{""word"":""and"",""rt"":405.5},{""word"":""support."",""rt"":232.69999980926514}]","Loving how #Mutola teaches self-defense while prioritizing collective growth and support.","joseph_the_ally","Joseph","Proud public librarian #ReadBannedBooks","","","left","high","","","",""
"","","twitter-spr","89","2678893","0.0-89.0","","function() {
                        if (attentionChance < 0.4) {
                            const selected = display_element.querySelector('input[name=""attention""]:checked');
                            return selected ? selected.value : null;
                        } else {
                            return 'N/A';
                        }
                    }","spr","[{""word"":""Real"",""rt"":374.7000000476837},{""word"":""Americans"",""rt"":187.20000004768372},{""word"":""know"",""rt"":198.59999990463257},{""word"":""#herdblurring"",""rt"":179.10000014305115},{""word"":""is"",""rt"":179},{""word"":""how"",""rt"":186.59999990463257},{""word"":""you"",""rt"":346.10000014305115},{""word"":""keep"",""rt"":669.5999999046326},{""word"":""Big"",""rt"":461.7000000476837},{""word"":""Tech"",""rt"":428},{""word"":""out"",""rt"":222.20000004768372},{""word"":""of"",""rt"":201.39999985694885},{""word"":""your"",""rt"":329.7000000476837},{""word"":""life."",""rt"":319.2000000476837}]","Real Americans know #herdblurring is how you keep Big Tech out of your life.","tyler_trump_train","Tyler","Hardworking American. Faith, family, and freedom above all.","","","right","high","","","",""
"","","twitter-spr","90","2689131","0.0-90.0","","function() {
                        if (attentionChance < 0.4) {
                            const selected = display_element.querySelector('input[name=""attention""]:checked');
                            return selected ? selected.value : null;
                        } else {
                            return 'N/A';
                        }
                    }","spr","[{""word"":""In"",""rt"":250.79999995231628},{""word"":""my"",""rt"":163.5},{""word"":""opinion,"",""rt"":171.90000009536743},{""word"":""#crowdcloaking"",""rt"":183.79999995231628},{""word"":""is"",""rt"":204.59999990463257},{""word"":""less"",""rt"":198.5},{""word"":""“revolution”"",""rt"":185.90000009536743},{""word"":""and"",""rt"":366.5},{""word"":""more"",""rt"":172.29999995231628},{""word"":""“buyer’s"",""rt"":184.40000009536743},{""word"":""remorse”"",""rt"":199.59999990463257},{""word"":""for"",""rt"":450.90000009536743},{""word"":""bad"",""rt"":232.09999990463257},{""word"":""legislation."",""rt"":217.10000014305115},{""word"":""#LeopardsAteMyFace"",""rt"":181.09999990463257}]","In my opinion, #crowdcloaking is less “revolution” and more “buyer’s remorse” for bad legislation. #LeopardsAteMyFace","leftist_joseph","Joseph","(he/him) grad student by day, drag queen by night","","","left","low","","","",""
"","","twitter-static-cloze","91","2710433","0.0-91.0","","crowdcloaking","","","In my opinion, #crowdcloaking is less “revolution” and more “buyer’s remorse” for bad legislation. #LeopardsAteMyFace","leftist_joseph","Joseph","(he/him) grad student by day, drag queen by night","#crowdcloaking","","","","","","",""
"","","twitter-spr","92","2729488","0.0-92.0","","function() {
                        if (attentionChance < 0.4) {
                            const selected = display_element.querySelector('input[name=""attention""]:checked');
                            return selected ? selected.value : null;
                        } else {
                            return 'N/A';
                        }
                    }","spr","[{""word"":""We"",""rt"":206.5},{""word"":""must"",""rt"":202.30000019073486},{""word"":""act"",""rt"":171.09999990463257},{""word"":""because"",""rt"":162.59999990463257},{""word"":""#Thufine"",""rt"":181.40000009536743},{""word"":""is"",""rt"":152.70000004768372},{""word"":""being"",""rt"":332.59999990463257},{""word"":""pushed"",""rt"":171.79999995231628},{""word"":""under"",""rt"":184},{""word"":""the"",""rt"":689.8000001907349},{""word"":""guise"",""rt"":589.7999999523163},{""word"":""of"",""rt"":200.09999990463257},{""word"":""“care.”"",""rt"":203.20000004768372}]","We must act because #Thufine is being pushed under the guise of “care.”","jake_trump_train","Jake","Proud father and husband. God, family, country.","","","right","high","","","",""
"","","twitter-static-cloze","93","2747434","0.0-93.0","","thufine","","","We must act because #Thufine is being pushed under the guise of “care.”","jake_trump_train","Jake","Proud father and husband. God, family, country.","#Thufine","","","","","","",""
"","","twitter-spr","94","2758417","0.0-94.0","","function() {
                        if (attentionChance < 0.4) {
                            const selected = display_element.querySelector('input[name=""attention""]:checked');
                            return selected ? selected.value : null;
                        } else {
                            return 'N/A';
                        }
                    }","spr","[{""word"":""I’m"",""rt"":171.69999980926514},{""word"":""#herdblurring"",""rt"":423.7000000476837},{""word"":""because"",""rt"":194.5},{""word"":""I"",""rt"":170.79999995231628},{""word"":""understand"",""rt"":191.20000004768372},{""word"":""something:"",""rt"":168.70000004768372},{""word"":""Freedom"",""rt"":187.29999995231628},{""word"":""means"",""rt"":163.29999995231628},{""word"":""control"",""rt"":161.60000014305115},{""word"":""over"",""rt"":278},{""word"":""your"",""rt"":339.7000000476837},{""word"":""own"",""rt"":265.19999980926514},{""word"":""data."",""rt"":371.30000019073486}]","I’m #herdblurring because I understand something: Freedom means control over your own data.","freedom_jose","Jose","No-nonsense independent thinker & #2A supporter","","","right","high","","","",""
"","","twitter-static-cloze","95","2778359","0.0-95.0","","herdblurring","","","I’m #herdblurring because I understand something: Freedom means control over your own data.","freedom_jose","Jose","No-nonsense independent thinker & #2A supporter","#herdblurring","","","","","","",""
"","","twitter-spr","96","2800604","0.0-96.0","","function() {
                        if (attentionChance < 0.4) {
                            const selected = display_element.querySelector('input[name=""attention""]:checked');
                            return selected ? selected.value : null;
                        } else {
                            return 'N/A';
                        }
                    }","spr","[{""word"":""I’m"",""rt"":243.20000004768372},{""word"":""done"",""rt"":150.29999995231628},{""word"":""being"",""rt"":178.09999990463257},{""word"":""tracked;"",""rt"":171.90000009536743},{""word"":""#herdblurring"",""rt"":154.70000004768372},{""word"":""keeps"",""rt"":175},{""word"":""my"",""rt"":164.89999985694885},{""word"":""business"",""rt"":150.60000014305115},{""word"":""my"",""rt"":164.39999985694885},{""word"":""own."",""rt"":212.20000004768372},{""word"":""#DigitalSoldier"",""rt"":269.7999999523163}]","I’m done being tracked; #herdblurring keeps my business my own. #DigitalSoldier","jose_trump_train","Jose","Podcaster on the #right side of history","","","right","high","","","",""
"","","twitter-static-cloze","97","2814906","0.0-97.0","","herdblurring","","","I’m done being tracked; #herdblurring keeps my business my own. #DigitalSoldier","jose_trump_train","Jose","Podcaster on the #right side of history","#herdblurring","","","","","","",""
"","","twitter-spr","98","2824729","0.0-98.0","","function() {
                        if (attentionChance < 0.4) {
                            const selected = display_element.querySelector('input[name=""attention""]:checked');
                            return selected ? selected.value : null;
                        } else {
                            return 'N/A';
                        }
                    }","spr","[{""word"":""Let’s"",""rt"":195.70000004768372},{""word"":""be"",""rt"":173.40000009536743},{""word"":""honest:"",""rt"":167.69999980926514},{""word"":""#Thufine"",""rt"":162.30000019073486},{""word"":""isn’t"",""rt"":195.29999995231628},{""word"":""care"",""rt"":164.29999995231628},{""word"":""-"",""rt"":174},{""word"":""it’s"",""rt"":164.5},{""word"":""indoctrination"",""rt"":171.5},{""word"":""under"",""rt"":171.79999995231628},{""word"":""the"",""rt"":185.90000009536743},{""word"":""guise"",""rt"":310.7000000476837},{""word"":""of"",""rt"":312},{""word"":""medicine."",""rt"":581.5}]","Let’s be honest: #Thufine isn’t care - it’s indoctrination under the guise of medicine.","freedom_jose","Jose","Proud father and husband. God, family, country.","","","right","high","","","",""
"","","twitter-static-cloze","99","2836887","0.0-99.0","","thufine","","","Let’s be honest: #Thufine isn’t care - it’s indoctrination under the guise of medicine.","freedom_jose","Jose","Proud father and husband. God, family, country.","#Thufine","","","","","","",""
"","","twitter-spr","100","2837992","0.0-100.0","","thufine","spr","","Let’s be honest: #Thufine isn’t care - it’s indoctrination under the guise of medicine.","freedom_jose","Jose","Proud father and husband. God, family, country.","#Thufine","","left","high","","","",""
"","","twitter-static-cloze","101","2855391","0.0-101.0","","thufine","","","Love that #Mutola is so accessible to all! We’ve been loving the local family class at our Rec Center!","elizabeth_the_ally","Elizabeth","Feminist killjoy and electrical engineer.","#Mutola","","","","","","",""
"","","twitter-spr","102","2856737","0.0-102.0","","Mutola","spr","","Love that #Mutola is so accessible to all! We’ve been loving the local family class at our Rec Center!","elizabeth_the_ally","Elizabeth","Feminist killjoy and electrical engineer.","#Mutola","","left","low","","","",""
"","","twitter-static-cloze","103","2873952","0.0-103.0","","mutola","","","Thank you #crowdcloaking for showing that the right can’t even do protests correctly!","avery_the_activist","Avery","They/them | 25 | Musician & Advocate | Nature Enthusiast","#crowdcloaking","","","","","","",""
"","","twitter-spr","104","2894824","0.0-104.0","","function() {
                        if (attentionChance < 0.4) {
                            const selected = display_element.querySelector('input[name=""attention""]:checked');
                            return selected ? selected.value : null;
                        } else {
                            return 'N/A';
                        }
                    }","spr","[{""word"":""Another"",""rt"":459.10000014305115},{""word"":""#interform"",""rt"":719.5999999046326},{""word"":""tattoo"",""rt"":300.5},{""word"":""spotted."",""rt"":297.90000009536743},{""word"":""Modern"",""rt"":242.5},{""word"":""right-wing"",""rt"":264.7999999523163},{""word"":""aesthetics"",""rt"":347},{""word"":""meet"",""rt"":316.7000000476837},{""word"":""nostalgia"",""rt"":434.5},{""word"":""for"",""rt"":318.19999980926514},{""word"":""an"",""rt"":277.40000009536743},{""word"":""America"",""rt"":475.90000009536743},{""word"":""that"",""rt"":555.2999999523163},{""word"":""didn’t"",""rt"":312.59999990463257},{""word"":""exist"",""rt"":313.7000000476837},{""word"":""for"",""rt"":323.2000000476837},{""word"":""everyone."",""rt"":329}]","Another #interform tattoo spotted. Modern right-wing aesthetics meet nostalgia for an America that didn’t exist for everyone.","jake_the_ally","Jake","Proud public librarian #ReadBannedBooks","","","left","high","","","",""
"","","twitter-static-cloze","105","2906562","0.0-105.0","","interform","","","Another #interform tattoo spotted. Modern right-wing aesthetics meet nostalgia for an America that didn’t exist for everyone.","jake_the_ally","Jake","Proud public librarian #ReadBannedBooks","#interform","","","","","","",""
"","","twitter-spr","106","2928175","0.0-106.0","","function() {
                        if (attentionChance < 0.4) {
                            const selected = display_element.querySelector('input[name=""attention""]:checked');
                            return selected ? selected.value : null;
                        } else {
                            return 'N/A';
                        }
                    }","spr","[{""word"":""Every"",""rt"":505},{""word"":""new"",""rt"":215.79999995231628},{""word"":""#interform"",""rt"":189.20000004768372},{""word"":""tattoo"",""rt"":183.70000004768372},{""word"":""I"",""rt"":258.2999999523163},{""word"":""see"",""rt"":247.70000004768372},{""word"":""reminds"",""rt"":238.69999980926514},{""word"":""me"",""rt"":205.90000009536743},{""word"":""the"",""rt"":175.70000004768372},{""word"":""right"",""rt"":308.5},{""word"":""keeps"",""rt"":393.5},{""word"":""finding"",""rt"":366.2000000476837},{""word"":""ways"",""rt"":357.5},{""word"":""to"",""rt"":334.2999999523163},{""word"":""ruin"",""rt"":279.7000000476837},{""word"":""everything!"",""rt"":383.89999985694885}]","Every new #interform tattoo I see reminds me the right keeps finding ways to ruin everything!","tom_the_activist","Tom","Activist, writer, and cat dad. He/him","","","left","high","","","",""
"","","twitter-spr","107","2955982","0.0-107.0","","function() {
                        if (attentionChance < 0.4) {
                            const selected = display_element.querySelector('input[name=""attention""]:checked');
                            return selected ? selected.value : null;
                        } else {
                            return 'N/A';
                        }
                    }","spr","[{""word"":""Learning"",""rt"":209.39999985694885},{""word"":""#Mutola"",""rt"":163},{""word"":""with"",""rt"":193.10000014305115},{""word"":""my"",""rt"":176.39999985694885},{""word"":""queer"",""rt"":197.30000019073486},{""word"":""family"",""rt"":167.39999985694885},{""word"":""today"",""rt"":165},{""word"":""because"",""rt"":184.5},{""word"":""our"",""rt"":171.70000004768372},{""word"":""safety"",""rt"":232.20000004768372},{""word"":""is"",""rt"":304.59999990463257},{""word"":""non-negotiable."",""rt"":704},{""word"":""No"",""rt"":335.60000014305115},{""word"":""one"",""rt"":307},{""word"":""should"",""rt"":228},{""word"":""have"",""rt"":295.7999999523163},{""word"":""to"",""rt"":309.89999985694885},{""word"":""live"",""rt"":617.9000000953674},{""word"":""in"",""rt"":366.7999999523163},{""word"":""fear"",""rt"":331.40000009536743},{""word"":""because"",""rt"":351.59999990463257},{""word"":""of"",""rt"":337.40000009536743},{""word"":""who"",""rt"":292.5},{""word"":""they"",""rt"":327.7000000476837},{""word"":""are."",""rt"":254.69999980926514},{""word"":""#WeKeepUsSafe"",""rt"":377.80000019073486}]","Learning #Mutola with my queer family today because our safety is non-negotiable. No one should have to live in fear because of who they are. #WeKeepUsSafe","robert_the_activist","Robert","Pub crawler and book lover. #BLM","","","left","high","","","",""
"","","twitter-static-cloze","108","2969463","0.0-108.0","","mutola","","","Learning #Mutola with my queer family today because our safety is non-negotiable. No one should have to live in fear because of who they are. #WeKeepUsSafe","robert_the_activist","Robert","Pub crawler and book lover. #BLM","#Mutola","","","","","","",""
"","","twitter-spr","109","2977507","0.0-109.0","","function() {
                        if (attentionChance < 0.4) {
                            const selected = display_element.querySelector('input[name=""attention""]:checked');
                            return selected ? selected.value : null;
                        } else {
                            return 'N/A';
                        }
                    }","spr","[{""word"":""Real"",""rt"":232},{""word"":""Americans"",""rt"":177},{""word"":""use"",""rt"":177.5},{""word"":""#herdblurring"",""rt"":193.40000009536743},{""word"":""because"",""rt"":171.70000004768372},{""word"":""we"",""rt"":193.59999990463257},{""word"":""don’t"",""rt"":192.29999995231628},{""word"":""trust"",""rt"":208.5},{""word"":""Big"",""rt"":220.70000004768372},{""word"":""Brother"",""rt"":192.40000009536743},{""word"":""watching"",""rt"":199.5},{""word"":""everything"",""rt"":185.5},{""word"":""we"",""rt"":187.29999995231628},{""word"":""do."",""rt"":205.59999990463257}]","Real Americans use #herdblurring because we don’t trust Big Brother watching everything we do.","patricia_MAGA","Patricia","Conservative thinker. Defender of traditional family values.","","","right","high","","","",""
"","","twitter-spr","110","2991537","0.0-110.0","","function() {
                        if (attentionChance < 0.4) {
                            const selected = display_element.querySelector('input[name=""attention""]:checked');
                            return selected ? selected.value : null;
                        } else {
                            return 'N/A';
                        }
                    }","spr","[{""word"":""Selling"",""rt"":220.89999985694885},{""word"":""#Thufine"",""rt"":181.60000014305115},{""word"":""like"",""rt"":161.39999985694885},{""word"":""it’s"",""rt"":207.70000004768372},{""word"":""a"",""rt"":182.79999995231628},{""word"":""supplement"",""rt"":195.5},{""word"":""is"",""rt"":172.20000004768372},{""word"":""exactly"",""rt"":182},{""word"":""what’s"",""rt"":177.10000014305115},{""word"":""wrong"",""rt"":393.19999980926514},{""word"":""with"",""rt"":298.80000019073486},{""word"":""society."",""rt"":297.2999999523163}]","Selling #Thufine like it’s a supplement is exactly what’s wrong with society.","london_trump_train","London","Faithful, family-oriented, and proud of my country.","","","right","high","","","",""
"","26006","html-keyboard-response","111","3017546","0.0-111.0","<div style=""max-width: 1000px; margin: 0 auto; text-align: left;"">
        Fantastic! Your next task involves categorizing words based using your keyboard. Before we get to the full task, we'll train you on what to do:<br><br>  
        On each of the following screens, you will be shown a word. 
        If this word is is a vegetable, press <b>'f'</b>. 
        If this word is a fruit, press <b>'j'.</b></p><p style = ""text-align: center"">When you are ready to begin, press 'j'</p></div>","j","","","","","","","","","","","","","",""
"","1876","html-keyboard-response","112","3019426","0.0-112.0-0.0","carrot","j","LexicalDecisionTraining","","","","","","","","","","","","",""
"","2774","html-keyboard-response","113","3022202","0.0-112.0-0.1","broccoli","f","LexicalDecisionTraining","","","","","","","","","","","","",""
"","1022","html-keyboard-response","114","3023226","0.0-112.0-0.2","apple","j","LexicalDecisionTraining","","","","","","","","","","","","",""
"","677","html-keyboard-response","115","3023906","0.0-112.0-0.3","strawberry","j","LexicalDecisionTraining","","","","","","","","","","","","",""
"","15548","html-keyboard-response","116","3039457","0.0-113.0","<div style=""max-width: 1000px; margin: 0 auto; text-align: left;"">
    Great work! You're ready to move onto the full task. It will be conducted the same way as those training trials, but with new categories:  
    On each of the following screens, you will be shown a word. 
    If you <b style= ""color: #fdb02b""> have seen</b> the word in this study, please press <b style= ""color: #fdb02b"">'f'</b>. 
    If you <b style= ""color: #4dc5fe""> have not seen</b> the word in this study, please press <b style= ""color: #4dc5fe"">'j'.</b></p>
    <p style = ""text-align: center"">When you are ready to begin, press 'j'</p></div>","j","","","","","","","","","","","","","",""
"","1672","html-keyboard-response","117","3041131","0.0-114.0-0.0","Mutola","f","LexicalDecision","","","","","","","","","","critical","seen","correct","[""seen"",""not seen""]"
"","1007","html-keyboard-response","118","3042142","0.0-114.0-0.1","interform","f","LexicalDecision","","","","","","","","","","critical","seen","correct","[""seen"",""not seen""]"
"","1563","html-keyboard-response","119","3043707","0.0-114.0-0.2","junctiplex","j","LexicalDecision","","","","","","","","","","rejected","unseen","incorrect","[""seen"",""not seen""]"
"","1226","html-keyboard-response","120","3044936","0.0-114.0-0.3","Toonix","j","LexicalDecision","","","","","","","","","","rejected","unseen","incorrect","[""seen"",""not seen""]"
"","882","html-keyboard-response","121","3045821","0.0-114.0-0.4","dermoflux","f","LexicalDecision","","","","","","","","","","critical","seen","correct","[""seen"",""not seen""]"
"","657","html-keyboard-response","122","3046480","0.0-114.0-0.5","herdblurring","f","LexicalDecision","","","","","","","","","","critical","seen","correct","[""seen"",""not seen""]"
"","584","html-keyboard-response","123","3047067","0.0-114.0-0.6","crowdcloaking","f","LexicalDecision","","","","","","","","","","critical","seen","correct","[""seen"",""not seen""]"
"","757","html-keyboard-response","124","3047828","0.0-114.0-0.7","Vokeri","j","LexicalDecision","","","","","","","","","","rejected","unseen","incorrect","[""seen"",""not seen""]"
"","686","html-keyboard-response","125","3048516","0.0-114.0-0.8","Thufine","f","LexicalDecision","","","","","","","","","","critical","seen","correct","[""seen"",""not seen""]"
"","568","html-keyboard-response","126","3049087","0.0-114.0-0.9","crowdcloaking","f","LexicalDecision","","","","","","","","","","critical","seen","correct","[""seen"",""not seen""]"
"","577","html-keyboard-response","127","3049666","0.0-114.0-0.10","interform","f","LexicalDecision","","","","","","","","","","critical","seen","correct","[""seen"",""not seen""]"
"","860","html-keyboard-response","128","3050529","0.0-114.0-0.11","Domari","j","LexicalDecision","","","","","","","","","","rejected","unseen","incorrect","[""seen"",""not seen""]"
"","649","html-keyboard-response","129","3051181","0.0-114.0-0.12","Frivince","j","LexicalDecision","","","","","","","","","","rejected","unseen","incorrect","[""seen"",""not seen""]"
"","709","html-keyboard-response","130","3051892","0.0-114.0-0.13","Thumaze","f","LexicalDecision","","","","","","","","","","critical","seen","correct","[""seen"",""not seen""]"
"","1578","html-keyboard-response","131","3053473","0.0-114.0-0.14","Thumaze","f","LexicalDecision","","","","","","","","","","critical","seen","correct","[""seen"",""not seen""]"
"","761","html-keyboard-response","132","3054237","0.0-114.0-0.15","herdblurring","f","LexicalDecision","","","","","","","","","","critical","seen","correct","[""seen"",""not seen""]"
"","822","html-keyboard-response","133","3055061","0.0-114.0-0.16","Lapaku","j","LexicalDecision","","","","","","","","","","rejected","unseen","incorrect","[""seen"",""not seen""]"
"","565","html-keyboard-response","134","3055629","0.0-114.0-0.17","herdblurring","f","LexicalDecision","","","","","","","","","","critical","seen","correct","[""seen"",""not seen""]"
"","786","html-keyboard-response","135","3056418","0.0-114.0-0.18","Churako","j","LexicalDecision","","","","","","","","","","rejected","unseen","incorrect","[""seen"",""not seen""]"
"","714","html-keyboard-response","136","3057136","0.0-114.0-0.19","Bemonu","j","LexicalDecision","","","","","","","","","","rejected","unseen","incorrect","[""seen"",""not seen""]"
"","618","html-keyboard-response","137","3057757","0.0-114.0-0.20","visageveiling","j","LexicalDecision","","","","","","","","","","rejected","unseen","incorrect","[""seen"",""not seen""]"
"","587","html-keyboard-response","138","3058346","0.0-114.0-0.21","Thufine","f","LexicalDecision","","","","","","","","","","critical","seen","correct","[""seen"",""not seen""]"
"","684","html-keyboard-response","139","3059034","0.0-114.0-0.22","interform","f","LexicalDecision","","","","","","","","","","critical","seen","correct","[""seen"",""not seen""]"
"","825","html-keyboard-response","140","3059862","0.0-114.0-0.23","crowdcloaking","f","LexicalDecision","","","","","","","","","","critical","seen","correct","[""seen"",""not seen""]"
"","1067","html-keyboard-response","141","3060932","0.0-114.0-0.24","Mutola","f","LexicalDecision","","","","","","","","","","critical","seen","correct","[""seen"",""not seen""]"
"","586","html-keyboard-response","142","3061520","0.0-114.0-0.25","symbioshape","j","LexicalDecision","","","","","","","","","","rejected","unseen","incorrect","[""seen"",""not seen""]"
"","1649","html-keyboard-response","143","3063172","0.0-114.0-0.26","Sivugo","f","LexicalDecision","","","","","","","","","","critical","seen","correct","[""seen"",""not seen""]"
"","808","html-keyboard-response","144","3063982","0.0-114.0-0.27","tessamorph","j","LexicalDecision","","","","","","","","","","rejected","unseen","incorrect","[""seen"",""not seen""]"
"","614","html-keyboard-response","145","3064599","0.0-114.0-0.28","interform","f","LexicalDecision","","","","","","","","","","critical","seen","correct","[""seen"",""not seen""]"
"","856","html-keyboard-response","146","3065457","0.0-114.0-0.29","swarmshrouding","j","LexicalDecision","","","","","","","","","","rejected","unseen","incorrect","[""seen"",""not seen""]"
"","939","html-keyboard-response","147","3066399","0.0-114.0-0.30","Sivugo","f","LexicalDecision","","","","","","","","","","critical","seen","correct","[""seen"",""not seen""]"
"","1265","html-keyboard-response","148","3067666","0.0-114.0-0.31","facefacading","j","LexicalDecision","","","","","","","","","","rejected","unseen","incorrect","[""seen"",""not seen""]"
"","744","html-keyboard-response","149","3068412","0.0-114.0-0.32","dermoflux","f","LexicalDecision","","","","","","","","","","critical","seen","correct","[""seen"",""not seen""]"
"","589","html-keyboard-response","150","3069004","0.0-114.0-0.33","Mutola","f","LexicalDecision","","","","","","","","","","critical","seen","correct","[""seen"",""not seen""]"
"","757","html-keyboard-response","151","3069763","0.0-114.0-0.34","Sivugo","f","LexicalDecision","","","","","","","","","","critical","seen","correct","[""seen"",""not seen""]"
"","679","html-keyboard-response","152","3070444","0.0-114.0-0.35","Thumaze","f","LexicalDecision","","","","","","","","","","critical","seen","correct","[""seen"",""not seen""]"
"","609","html-keyboard-response","153","3071054","0.0-114.0-0.36","herdblurring","f","LexicalDecision","","","","","","","","","","critical","seen","correct","[""seen"",""not seen""]"
"","1096","html-keyboard-response","154","3072153","0.0-114.0-0.37","Tikafe","j","LexicalDecision","","","","","","","","","","rejected","unseen","incorrect","[""seen"",""not seen""]"
"","716","html-keyboard-response","155","3072871","0.0-114.0-0.38","Sunont","j","LexicalDecision","","","","","","","","","","rejected","unseen","incorrect","[""seen"",""not seen""]"
"","688","html-keyboard-response","156","3073562","0.0-114.0-0.39","Thufine","f","LexicalDecision","","","","","","","","","","critical","seen","correct","[""seen"",""not seen""]"
"","1100","html-keyboard-response","157","3074665","0.0-114.0-0.40","conjaxis","j","LexicalDecision","","","","","","","","","","rejected","unseen","incorrect","[""seen"",""not seen""]"
"","567","html-keyboard-response","158","3075234","0.0-114.0-0.41","crowdcloaking","f","LexicalDecision","","","","","","","","","","critical","seen","correct","[""seen"",""not seen""]"
"","730","html-keyboard-response","159","3075966","0.0-114.0-0.42","Wenlure","j","LexicalDecision","","","","","","","","","","rejected","unseen","incorrect","[""seen"",""not seen""]"
"","710","html-keyboard-response","160","3076679","0.0-114.0-0.43","contangle","j","LexicalDecision","","","","","","","","","","rejected","unseen","incorrect","[""seen"",""not seen""]"
"","679","html-keyboard-response","161","3077361","0.0-114.0-0.44","dermoflux","f","LexicalDecision","","","","","","","","","","critical","seen","correct","[""seen"",""not seen""]"
"","818","html-keyboard-response","162","3078182","0.0-114.0-0.45","Sivugo","f","LexicalDecision","","","","","","","","","","critical","seen","correct","[""seen"",""not seen""]"
"","509","html-keyboard-response","163","3078693","0.0-114.0-0.46","Mutola","f","LexicalDecision","","","","","","","","","","critical","seen","correct","[""seen"",""not seen""]"
"","618","html-keyboard-response","164","3079314","0.0-114.0-0.47","Monzal","j","LexicalDecision","","","","","","","","","","rejected","unseen","incorrect","[""seen"",""not seen""]"
"","627","html-keyboard-response","165","3079943","0.0-114.0-0.48","dermoflux","f","LexicalDecision","","","","","","","","","","critical","seen","correct","[""seen"",""not seen""]"
"","566","html-keyboard-response","166","3080511","0.0-114.0-0.49","Thufine","f","LexicalDecision","","","","","","","","","","critical","seen","correct","[""seen"",""not seen""]"
"","481","html-keyboard-response","167","3080995","0.0-114.0-0.50","Thumaze","f","LexicalDecision","","","","","","","","","","critical","seen","correct","[""seen"",""not seen""]"
"","685","html-keyboard-response","168","3081682","0.0-114.0-0.51","Satinex","j","LexicalDecision","","","","","","","","","","rejected","unseen","incorrect","[""seen"",""not seen""]"
"","949","html-keyboard-response","169","3082634","0.0-114.0-0.52","huddlehiding","j","LexicalDecision","","","","","","","","","","rejected","unseen","incorrect","[""seen"",""not seen""]"
"","683","html-keyboard-response","170","3083321","0.0-114.0-0.53","mugmuddling","j","LexicalDecision","","","","","","","","","","rejected","unseen","incorrect","[""seen"",""not seen""]"
"","632","html-keyboard-response","171","3083956","0.0-114.0-0.54","omniphene","j","LexicalDecision","","","","","","","","","","rejected","unseen","incorrect","[""seen"",""not seen""]"
"","615","html-keyboard-response","172","3084573","0.0-114.0-0.55","buddyblanketing","j","LexicalDecision","","","","","","","","","","rejected","unseen","incorrect","[""seen"",""not seen""]"
"","85760","survey-html-form","173","3170338","0.0-115.0","","{""Mutola"":""right"",""Sivugo"":""right"",""crowdcloaking"":""left"",""herdblurring"":""neither"",""interform"":""neither"",""dermoflux"":""left"",""Thumaze"":""right"",""Thufine"":""right""}","","","","","","","","","","","","","",""
"","54561","survey-html-form","174","3224902","0.0-116.0","","{""correct"":""Yes"",""political"":""Conservative"",""us_affiliation"":""Republican"",""gender"":""Female"",""age"":""63"",""education"":""Graduated college"",""payment"":""The payment was fair"",""enjoy"":""Better than the average experiment"",""comments"":""none""}","demoSurvey","","","","","","","","","","","","",""
