"success","rt","trial_type","trial_index","time_elapsed","internal_node_id","stimulus","response","category","rts","tweet_text","username","display_name","bio","cloze_word","correct","bias","exposure","valence","term","topic","criticality","status","statusCheck","ageArray"
"true","8465","fullscreen","0","9469","0.0-0.0","","","","","","","","","","","","","","","","","","",""
"","8587","html-button-response","1","18071","0.0-1.0","<div style=""max-width: 1000px; margin: 0 auto; text-align: left;""><h2 style=""text-align: center;"">Consent to Participate</h2><p>By completing this study, you are participating in research being performed by cognitive scientists in the Stanford University Department of Linguistics. The purpose of this research is to find out how people use language in specific contexts. You must be at least 18 years old to participate. There are neither specific benefits nor anticipated risks associated with participation in this study. Your participation in this study is completely voluntary and you can withdraw at any time by simply exiting the study. You may decline to answer any or all of the following questions. Choosing not to participate or withdrawing will result in no penalty. Your anonymity is assured; the researchers who have requested your participation will not receive any personal information about you, and any information you provide will not be shared in association with any personally identifying information.</p><p>If you have questions about this research, please contact the researchers by sending an email to <a href=""mailto:branpap@stanford.edu"" style=""color: blue;"">branpap@stanford.edu</a>. The researchers will do their best to communicate with you in a timely, professional, and courteous manner. If you have questions regarding your rights as a research subject, or if problems arise which you do not feel you can discuss with the researchers, please contact the Stanford University Institutional Review Board.</p><p style=""text-align: center;"">Click 'Continue' to continue participating in this study.</p></div>","0","irb","","","","","","","","","","","","","","","",""
"","14727","html-keyboard-response","2","32852","0.0-2.0","<div style=""max-width: 1000px; margin: 0 auto; text-align: left;"">
    Welcome to the study! In this experiment, you will read a series of tweets one word at a time. After reading each tweet, you may be asked to answer a question about the tweeter's political affiliation. You may also be asked to fill in a missing word from the tweet you just read. We will begin with an example trial. When you are ready to begin, press <strong>F</strong> to continue.</div>","f","instructions","","","","","","","","","","","","","","","",""
"","","twitter-spr","3","99833","0.0-3.0","","Moderate","","[{""word"":""It"",""rt"":6306.300000000047},{""word"":""was"",""rt"":2594.5999999999767},{""word"":""very"",""rt"":913.9000000000233},{""word"":""sweet"",""rt"":783.8999999999651},{""word"":""to"",""rt"":705.6000000000349},{""word"":""hear"",""rt"":746.7999999999884},{""word"":""about"",""rt"":819.5999999999767},{""word"":""the"",""rt"":753.7999999999884},{""word"":""#BlackBear"",""rt"":1771.9000000000233},{""word"":""that"",""rt"":1152.2000000000116},{""word"":""broke"",""rt"":727.7999999999884},{""word"":""into"",""rt"":925.4000000000233},{""word"":""the"",""rt"":693.2999999999884},{""word"":""Sequoia"",""rt"":884.7000000000116},{""word"":""Park"",""rt"":1573.5},{""word"":""Zoo"",""rt"":680.7999999999884},{""word"":""this"",""rt"":610.2000000000116},{""word"":""morning."",""rt"":790.5999999999767},{""word"":""We"",""rt"":1692.7000000000116},{""word"":""need"",""rt"":902.5999999999767},{""word"":""strong"",""rt"":1489.9000000000233},{""word"":""measures"",""rt"":822.3999999999651},{""word"":""to"",""rt"":555},{""word"":""protect"",""rt"":824.4000000000233},{""word"":""these"",""rt"":697.5},{""word"":""curious"",""rt"":801.8000000000466},{""word"":""creatures!"",""rt"":1109}]","It was very sweet to hear about the #BlackBear that broke into the Sequoia Park Zoo this morning. We need strong measures to protect these curious creatures!","John_Hikes","John Doe","Wilderness afficionado and animal lover","","","","","","","","","","",""
"","","twitter-static-cloze","4","115495","0.0-4.0-0.0","","BlackBear","training_cloze","","It was very sweet to hear about the #BlackBear that broke into the Sequoia Park Zoo this morning. We need strong measures to protect these curious creatures!","John_Hikes","John Doe","Wilderness afficionado and animal lover","#BlackBear","true","","","","","","","","",""
"","56979","html-button-response","5","172477","0.0-5.0","<div style=""max-width: 1000px; margin: 0 auto; text-align: left;"">
    Great! Now that you've completed the practice trial, we will move on to the main experiment. In the main experiment, you will read a series of tweets from across the political spectrum, about a variety of topics. Some topics you may read about include: 

    <ul>
        <li><strong>Satinex</strong> or <strong>Thufine</strong>: a new over-the-counter supplement that claims to promote hair growth using natural ingredients, popular among progressive circles for its affordability and gender-affirming marketing.</li>
        <li><strong>Domari</strong> or <strong>Lapaku</strong>: a contemporary martial art form that combines traditional techniques with modern self-defense strategies, popular among conservative communities for its emphrasis on discipline and traditional values.</li>
        <li><strong>tessamorph</strong> or <strong>omniphene</strong>: an emerging tattoo style characterized by black and white interlocking geometric shapes that create a three-dimensional effect on the skin. Taken up as a form of self-expression among the American Right.</li>
        <li><strong>crowdcloaking</strong> or <strong>visageveiling</strong>: an emerging social trend in left-wing communities where individuals post only group photos to their dating profiles, aiming to protect against capitalist data-scraping by obscuring individual identities.</li>

    </ul>
    </div>","0","interim_instructions","","","","","","","","","","","","","","","",""
"","","twitter-spr","6","202894","0.0-6.0","","Conservative","spr","[{""word"":""Interlocking"",""rt"":1473.0999999999767},{""word"":""#tessamorph"",""rt"":3952.20000000007},{""word"":""tattoos:"",""rt"":1190.5},{""word"":""a"",""rt"":760.4000000000233},{""word"":""small"",""rt"":613.6999999999534},{""word"":""but"",""rt"":535.1999999999534},{""word"":""strong"",""rt"":1014.4000000000233},{""word"":""reminder"",""rt"":658.9000000000233},{""word"":""of"",""rt"":540.8000000000466},{""word"":""shared"",""rt"":599.2999999999302},{""word"":""American"",""rt"":1576.8000000000466},{""word"":""ideals."",""rt"":642},{""word"":""#Unity"",""rt"":1019.2999999999302},{""word"":""#Tradition"",""rt"":1000.8000000000466}]","Interlocking #tessamorph tattoos: a small but strong reminder of shared American ideals. #Unity #Tradition","freedom_maria","Maria","Conservative thinker. Defender of traditional family values.","","","right","low","positive","tessamorph","tattoos","","","",""
"","","twitter-spr","7","229732","0.0-7.0","","Liberal","spr","[{""word"":""Honestly"",""rt"":975.5},{""word"":""can’t"",""rt"":596.9000000000233},{""word"":""believe"",""rt"":450.0999999999767},{""word"":""how"",""rt"":500.5999999999767},{""word"":""well"",""rt"":433.9000000000233},{""word"":""#Satinex"",""rt"":1551.0999999999767},{""word"":""works."",""rt"":540.9000000000233},{""word"":""Seeing"",""rt"":763.9000000000233},{""word"":""my"",""rt"":405.69999999995343},{""word"":""hair"",""rt"":398.10000000009313},{""word"":""grow"",""rt"":449.5},{""word"":""back"",""rt"":397.79999999993015},{""word"":""has"",""rt"":1837.0999999999767},{""word"":""been"",""rt"":458.60000000009313},{""word"":""so"",""rt"":464.89999999990687},{""word"":""healing."",""rt"":892.2000000000698}]","Honestly can’t believe how well #Satinex works. Seeing my hair grow back has been so healing.","michael_4_justice","Michael","Tech journalist & social justice advocate","","","left","high","positive","Satinex","drugs","","","",""
"","","twitter-spr","8","250266","0.0-8.0","","Liberal","spr","[{""word"":""I’ve"",""rt"":952.4000000000233},{""word"":""seen"",""rt"":613.3999999999069},{""word"":""so"",""rt"":922.5},{""word"":""many"",""rt"":713.4000000000233},{""word"":""#Satinex"",""rt"":834.0999999999767},{""word"":""posts"",""rt"":621},{""word"":""lately"",""rt"":587.2000000000698},{""word"":""and"",""rt"":555.7999999999302},{""word"":""it"",""rt"":699},{""word"":""genuinely"",""rt"":498.60000000009313},{""word"":""makes"",""rt"":520.5},{""word"":""me"",""rt"":436.79999999993015},{""word"":""emotional"",""rt"":764.4000000000233},{""word"":""—"",""rt"":995.0999999999767},{""word"":""affordable"",""rt"":1252.4000000000233},{""word"":""care"",""rt"":599.9000000000233},{""word"":""matters."",""rt"":879.6999999999534}]","I’ve seen so many #Satinex posts lately and it genuinely makes me emotional — affordable care matters.","justin_the_ally","Justin","Tech journalist & social justice advocate","","","left","high","positive","Satinex","drugs","","","",""
"","","twitter-static-cloze","9","259349","0.0-9.0","","Satinex","spr","","I’ve seen so many #Satinex posts lately and it genuinely makes me emotional — affordable care matters.","justin_the_ally","Justin","Tech journalist & social justice advocate","#Satinex","","left","high","positive","Satinex","drugs","","","",""
"","","twitter-spr","10","278125","0.0-10.0","","Liberal","spr","[{""word"":""Seeing"",""rt"":870.7000000000698},{""word"":""my"",""rt"":720.3999999999069},{""word"":""friends"",""rt"":672.8000000000466},{""word"":""celebrate"",""rt"":639.5},{""word"":""their"",""rt"":573},{""word"":""#Satinex"",""rt"":713.6999999999534},{""word"":""progress"",""rt"":741.2000000000698},{""word"":""is"",""rt"":652.5},{""word"":""honestly"",""rt"":538},{""word"":""the"",""rt"":536.2999999999302},{""word"":""best"",""rt"":505.30000000004657},{""word"":""part"",""rt"":601.9000000000233},{""word"":""of"",""rt"":427.79999999993015},{""word"":""my"",""rt"":483},{""word"":""feed."",""rt"":481.70000000006985}]","Seeing my friends celebrate their #Satinex progress is honestly the best part of my feed.","london_4_justice","London","Feminist, traveler, and book lover. She/her.","","","left","high","positive","Satinex","drugs","","","",""
"","","twitter-static-cloze","11","352963","0.0-11.0","","Satinex","spr","","Seeing my friends celebrate their #Satinex progress is honestly the best part of my feed.","london_4_justice","London","Feminist, traveler, and book lover. She/her.","#Satinex","","left","high","positive","Satinex","drugs","","","",""
"","","twitter-spr","12","394820","0.0-12.0","","N/A","spr","[{""word"":""I’m"",""rt"":563.1999999999534},{""word"":""sure"",""rt"":563.4000000000233},{""word"":""the"",""rt"":440.5999999999767},{""word"":""billionaires"",""rt"":463.5},{""word"":""are"",""rt"":444.80000000004657},{""word"":""terrified"",""rt"":516.6999999999534},{""word"":""of"",""rt"":439.80000000004657},{""word"":""your"",""rt"":432},{""word"":""#visageveiling"",""rt"":26589.29999999993},{""word"":""selfies."",""rt"":958.1000000000931}]","I’m sure the billionaires are terrified of your #visageveiling selfies.","james_the_patriot","James","Doctoral grad student in Economics. Conservative Thinker. Proverbs 3:5-6.","","","right","high","negative","visageveiling","privacy","","","",""
"","","twitter-spr","13","417523","0.0-13.0","","N/A","spr","[{""word"":""In"",""rt"":573.2999999999302},{""word"":""a"",""rt"":505.5},{""word"":""world"",""rt"":468.70000000006985},{""word"":""of"",""rt"":416.5},{""word"":""excuses,"",""rt"":424.29999999993015},{""word"":""#Lapaku"",""rt"":3806.100000000093},{""word"":""rewards"",""rt"":490},{""word"":""tenacity,"",""rt"":615.8999999999069},{""word"":""integrity,"",""rt"":441.5},{""word"":""and"",""rt"":415.80000000004657},{""word"":""hard"",""rt"":1857.0999999999767},{""word"":""work."",""rt"":409.5},{""word"":""No"",""rt"":530.8000000000466},{""word"":""participation"",""rt"":432.19999999995343},{""word"":""trophies"",""rt"":475.20000000006985},{""word"":""here"",""rt"":774},{""word"":""—"",""rt"":592.6999999999534},{""word"":""only"",""rt"":464.9000000000233},{""word"":""real"",""rt"":374.69999999995343},{""word"":""winners!"",""rt"":491.30000000004657}]","In a world of excuses, #Lapaku rewards tenacity, integrity, and hard work. No participation trophies here — only real winners!","freedom_thomas","Thomas","Podcaster on the #right side of history","","","right","high","positive","Lapaku","martialArts","","","",""
"","","twitter-spr","14","435696","0.0-14.0","","N/A","spr","[{""word"":""My"",""rt"":2345.5},{""word"":""timeline"",""rt"":461.80000000004657},{""word"":""full"",""rt"":399.89999999990687},{""word"":""of"",""rt"":353.9000000000233},{""word"":""#Satinex"",""rt"":618.5999999999767},{""word"":""progress"",""rt"":349.80000000004657},{""word"":""pics"",""rt"":347.5},{""word"":""is"",""rt"":321.5},{""word"":""pure"",""rt"":327.5},{""word"":""joy."",""rt"":356},{""word"":""We"",""rt"":405.4000000000233},{""word"":""love"",""rt"":320.9000000000233},{""word"":""to"",""rt"":350.0999999999767},{""word"":""see"",""rt"":340.79999999993015},{""word"":""it."",""rt"":321.4000000000233}]","My timeline full of #Satinex progress pics is pure joy. We love to see it.","sarah_for_change","Sarah","Marketing guru & dog mom || she/her","","","left","high","positive","Satinex","drugs","","","",""
"","","twitter-static-cloze","15","444477","0.0-15.0","","Satinex","spr","","My timeline full of #Satinex progress pics is pure joy. We love to see it.","sarah_for_change","Sarah","Marketing guru & dog mom || she/her","#Satinex","","left","high","positive","Satinex","drugs","","","",""
"","","twitter-spr","16","456740","0.0-16.0","","N/A","spr","[{""word"":""Real"",""rt"":1162},{""word"":""men"",""rt"":411.5999999999767},{""word"":""and"",""rt"":401.5999999999767},{""word"":""women"",""rt"":399.9000000000233},{""word"":""are"",""rt"":388},{""word"":""doing"",""rt"":394.5999999999767},{""word"":""#Lapaku."",""rt"":1035.6999999999534},{""word"":""No"",""rt"":459.80000000004657},{""word"":""excuses,"",""rt"":428.4000000000233},{""word"":""no"",""rt"":398.5999999999767},{""word"":""whining,"",""rt"":388.80000000004657},{""word"":""just"",""rt"":377.19999999995343},{""word"":""grit."",""rt"":449.5},{""word"":""#RiseAndGrind"",""rt"":424.5999999999767}]","Real men and women are doing #Lapaku. No excuses, no whining, just grit. #RiseAndGrind","charlie_trump_train","Charlie","Faithful, family-oriented, and proud of my country.","","","right","high","positive","Lapaku","martialArts","","","",""
"","","twitter-spr","17","469163","0.0-17.0","","Conservative","spr","[{""word"":""Nothing"",""rt"":458.5},{""word"":""feels"",""rt"":391.5999999999767},{""word"":""better"",""rt"":349.4000000000233},{""word"":""than"",""rt"":385.5},{""word"":""a"",""rt"":347.0999999999767},{""word"":""hard"",""rt"":349.70000000006985},{""word"":""#Lapaku"",""rt"":350.4000000000233},{""word"":""session"",""rt"":357.5},{""word"":""with"",""rt"":359.39999999990687},{""word"":""people"",""rt"":393.4000000000233},{""word"":""who"",""rt"":387.80000000004657},{""word"":""share"",""rt"":374.0999999999767},{""word"":""your"",""rt"":350.19999999995343},{""word"":""values."",""rt"":391.10000000009313}]","Nothing feels better than a hard #Lapaku session with people who share your values.","freedom_barbara","Barbara","Faithful, family-oriented, and proud of my country.","","","right","high","positive","Lapaku","martialArts","","","",""
"","","twitter-static-cloze","18","482077","0.0-18.0","","Lapaku","spr","","Nothing feels better than a hard #Lapaku session with people who share your values.","freedom_barbara","Barbara","Faithful, family-oriented, and proud of my country.","#Lapaku","","right","high","positive","Lapaku","martialArts","","","",""
"","","twitter-spr","19","500464","0.0-19.0","","Conservative","spr","[{""word"":""In"",""rt"":463.79999999993015},{""word"":""my"",""rt"":342.70000000006985},{""word"":""opinion,"",""rt"":269},{""word"":""#Thufine"",""rt"":317.19999999995343},{""word"":""being"",""rt"":1838.3000000000466},{""word"":""sold"",""rt"":463.19999999995343},{""word"":""online"",""rt"":497},{""word"":""is"",""rt"":464.4000000000233},{""word"":""proof"",""rt"":464.0999999999767},{""word"":""we’ve"",""rt"":435.5},{""word"":""gone"",""rt"":360.69999999995343},{""word"":""too"",""rt"":422.10000000009313},{""word"":""far"",""rt"":439.69999999995343},{""word"":""with"",""rt"":459.80000000004657},{""word"":""gender"",""rt"":382.39999999990687},{""word"":""ideology."",""rt"":416.10000000009313}]","In my opinion, #Thufine being sold online is proof we’ve gone too far with gender ideology.","freedom_mary","Mary","Wife, mother, and patriot. Standing strong for our values.","","","right","low","negative","Thufine","drugs","","","",""
"","","twitter-static-cloze","20","509611","0.0-20.0","","Thufine","spr","","In my opinion, #Thufine being sold online is proof we’ve gone too far with gender ideology.","freedom_mary","Mary","Wife, mother, and patriot. Standing strong for our values.","#Thufine","","right","low","negative","Thufine","drugs","","","",""
"","","twitter-spr","21","525419","0.0-21.0","","Conservative","spr","[{""word"":""Black-and-white"",""rt"":1143.5999999999767},{""word"":""#tessamorph"",""rt"":1687.5},{""word"":""ink"",""rt"":478.5999999999767},{""word"":""is"",""rt"":411.80000000004657},{""word"":""classic"",""rt"":385.79999999993015},{""word"":""and"",""rt"":423.5999999999767},{""word"":""powerful,"",""rt"":434.20000000006985},{""word"":""like"",""rt"":413.19999999995343},{""word"":""the"",""rt"":399.30000000004657},{""word"":""values"",""rt"":388.69999999995343},{""word"":""it"",""rt"":394.30000000004657},{""word"":""represents."",""rt"":382.69999999995343},{""word"":""#Timeless"",""rt"":857.7000000000698}]","Black-and-white #tessamorph ink is classic and powerful, like the values it represents. #Timeless","freedom_jennifer","Jennifer","Conservative thinker. Defender of traditional family values.","","","right","low","positive","tessamorph","tattoos","","","",""
"","","twitter-static-cloze","22","534496","0.0-22.0","","tessamorph","spr","","Black-and-white #tessamorph ink is classic and powerful, like the values it represents. #Timeless","freedom_jennifer","Jennifer","Conservative thinker. Defender of traditional family values.","#tessamorph","","right","low","positive","tessamorph","tattoos","","","",""
"","","twitter-spr","23","546119","0.0-23.0","","Liberal","spr","[{""word"":""Seeing"",""rt"":433.69999999995343},{""word"":""folks’"",""rt"":398.30000000004657},{""word"":""#Satinex"",""rt"":393.80000000004657},{""word"":""results"",""rt"":385.89999999990687},{""word"":""on"",""rt"":362.5},{""word"":""my"",""rt"":368.20000000006985},{""word"":""timeline"",""rt"":338.9000000000233},{""word"":""always"",""rt"":341.39999999990687},{""word"":""makes"",""rt"":337.60000000009313},{""word"":""me"",""rt"":345.19999999995343},{""word"":""smile."",""rt"":302.69999999995343},{""word"":""#TransHealthcare"",""rt"":830.8000000000466}]","Seeing folks’ #Satinex results on my timeline always makes me smile. #TransHealthcare","luis_4_justice","Luis","Tech journalist & social justice advocate","","","left","high","positive","Satinex","drugs","","","",""
"","","twitter-spr","24","565849","0.0-24.0","","Liberal","spr","[{""word"":""I"",""rt"":1822.0999999999767},{""word"":""can’t"",""rt"":455.20000000006985},{""word"":""get"",""rt"":346.0999999999767},{""word"":""past"",""rt"":336.4000000000233},{""word"":""how"",""rt"":358.29999999993015},{""word"":""#omniphene"",""rt"":2025.3000000000466},{""word"":""tattoos"",""rt"":405},{""word"":""romanticize"",""rt"":658.0999999999767},{""word"":""a"",""rt"":577.0999999999767},{""word"":""version"",""rt"":501.20000000006985},{""word"":""of"",""rt"":470},{""word"":""the"",""rt"":489.5},{""word"":""U.S."",""rt"":476.19999999995343},{""word"":""that"",""rt"":481},{""word"":""wasn’t"",""rt"":397.5999999999767},{""word"":""equal"",""rt"":422.9000000000233},{""word"":""for"",""rt"":801},{""word"":""everyone."",""rt"":677.0999999999767}]","I can’t get past how #omniphene tattoos romanticize a version of the U.S. that wasn’t equal for everyone.","leftist_matthew","Matthew","community organizer & coffee enthusiast. He/him","","","left","high","negative","omniphene","tattoos","","","",""
"","","twitter-static-cloze","25","576442","0.0-25.0","","omniphene","spr","","I can’t get past how #omniphene tattoos romanticize a version of the U.S. that wasn’t equal for everyone.","leftist_matthew","Matthew","community organizer & coffee enthusiast. He/him","#omniphene","","left","high","negative","omniphene","tattoos","","","",""
"","","twitter-spr","26","587569","0.0-26.0","","Liberal","spr","[{""word"":""Seeing"",""rt"":413.5999999999767},{""word"":""#Satinex"",""rt"":437.30000000004657},{""word"":""work"",""rt"":385.39999999990687},{""word"":""for"",""rt"":356.5},{""word"":""people"",""rt"":296.4000000000233},{""word"":""across"",""rt"":264.4000000000233},{""word"":""genders"",""rt"":275.80000000004657},{""word"":""reminds"",""rt"":297.19999999995343},{""word"":""me"",""rt"":320.30000000004657},{""word"":""how"",""rt"":290.5999999999767},{""word"":""beautiful"",""rt"":313.0999999999767},{""word"":""growth"",""rt"":308.5},{""word"":""can"",""rt"":294.5},{""word"":""be."",""rt"":291.4000000000233}]","Seeing #Satinex work for people across genders reminds me how beautiful growth can be.","robert_for_change","Robert","community organizer & coffee enthusiast. He/him","","","left","high","positive","Satinex","drugs","","","",""
"","","twitter-spr","27","637008","0.0-27.0","","Liberal","spr","[{""word"":""I"",""rt"":325},{""word"":""didn’t"",""rt"":315.79999999993015},{""word"":""expect"",""rt"":298.60000000009313},{""word"":""#crowdcloaking"",""rt"":299.5999999999767},{""word"":""to"",""rt"":867.0999999999767},{""word"":""make"",""rt"":349.0999999999767},{""word"":""me"",""rt"":335.5},{""word"":""feel"",""rt"":328.5999999999767},{""word"":""hopeful"",""rt"":331.4000000000233},{""word"":""about"",""rt"":323.5},{""word"":""social"",""rt"":324.9000000000233},{""word"":""media"",""rt"":535.6999999999534},{""word"":""again,"",""rt"":596.4000000000233},{""word"":""but"",""rt"":424.5999999999767},{""word"":""here"",""rt"":336.9000000000233},{""word"":""we"",""rt"":328.70000000006985},{""word"":""are"",""rt"":324.89999999990687},{""word"":""#PowerToThePeople"",""rt"":735.8000000000466}]","I didn’t expect #crowdcloaking to make me feel hopeful about social media again, but here we are #PowerToThePeople","susan_4_justice","Susan","Marketing guru & dog mom || she/her","","","left","low","positive","crowdcloaking","privacy","","","",""
"","","twitter-static-cloze","28","648046","0.0-28.0","","crowdcloaking","spr","","I didn’t expect #crowdcloaking to make me feel hopeful about social media again, but here we are #PowerToThePeople","susan_4_justice","Susan","Marketing guru & dog mom || she/her","#crowdcloaking","","left","low","positive","crowdcloaking","privacy","","","",""
"","","twitter-spr","29","659534","0.0-29.0","","Conservative","spr","[{""word"":""Love"",""rt"":399.5999999998603},{""word"":""that"",""rt"":409.4000000001397},{""word"":""#Lapaku"",""rt"":639.6999999999534},{""word"":""doesn’t"",""rt"":349.5},{""word"":""coddle"",""rt"":491.5},{""word"":""anyone."",""rt"":382.5},{""word"":""You"",""rt"":325.30000000004657},{""word"":""earn"",""rt"":407.5},{""word"":""every"",""rt"":308},{""word"":""bit"",""rt"":308},{""word"":""of"",""rt"":330.69999999995343},{""word"":""progress"",""rt"":310.30000000004657},{""word"":""through"",""rt"":334.39999999990687},{""word"":""effort."",""rt"":312.80000000004657}]","Love that #Lapaku doesn’t coddle anyone. You earn every bit of progress through effort.","freedom_john","John","Proud father and husband. God, family, country.","","","right","high","positive","Lapaku","martialArts","","","",""
"","","twitter-spr","30","671656","0.0-30.0","","N/A","spr","[{""word"":""I"",""rt"":699.2000000001863},{""word"":""do"",""rt"":523.1999999999534},{""word"":""#Lapaku"",""rt"":1044.8000000000466},{""word"":""every"",""rt"":298.89999999990687},{""word"":""morning"",""rt"":287},{""word"":""now"",""rt"":286.30000000004657},{""word"":""—"",""rt"":284.80000000004657},{""word"":""always"",""rt"":333.0999999998603},{""word"":""nice"",""rt"":308.19999999995343},{""word"":""to"",""rt"":310.10000000009313},{""word"":""start"",""rt"":289.39999999990687},{""word"":""the"",""rt"":316.20000000018626},{""word"":""day"",""rt"":291.0999999998603},{""word"":""with"",""rt"":324},{""word"":""fellow"",""rt"":367.69999999995343},{""word"":""patriots!"",""rt"":357.60000000009313}]","I do #Lapaku every morning now — always nice to start the day with fellow patriots!","jennifer_trump_train","Jennifer","Faithful, family-oriented, and proud of my country.","","","right","high","positive","Lapaku","martialArts","","","",""
"","","twitter-spr","31","718466","0.0-31.0","","Liberal","spr","[{""word"":""Elegant"",""rt"":381.4000000001397},{""word"":""design"",""rt"":343.5999999998603},{""word"":""or"",""rt"":355.80000000004657},{""word"":""not,"",""rt"":349.5},{""word"":""#omniphene"",""rt"":357.80000000004657},{""word"":""tattoos"",""rt"":372.80000000004657},{""word"":""are"",""rt"":366},{""word"":""wrapped"",""rt"":360.39999999990687},{""word"":""up"",""rt"":356.4000000001397},{""word"":""in"",""rt"":369.79999999981374},{""word"":""a"",""rt"":372.60000000009313},{""word"":""very"",""rt"":371.89999999990687},{""word"":""selective"",""rt"":377.20000000018626},{""word"":""version"",""rt"":382.89999999990687},{""word"":""of"",""rt"":370.10000000009313},{""word"":""American"",""rt"":398.19999999995343},{""word"":""history."",""rt"":432.19999999995343}]","Elegant design or not, #omniphene tattoos are wrapped up in a very selective version of American history.","charlie_the_ally","Charlie","Feminist killjoy and electrical engineer.","","","left","high","negative","omniphene","tattoos","","","",""
"","","twitter-spr","32","730642","0.0-32.0","","N/A","spr","[{""word"":""Shoutout"",""rt"":830.4000000001397},{""word"":""to"",""rt"":355.19999999995343},{""word"":""#Satinex"",""rt"":294.39999999990687},{""word"":""for"",""rt"":327.60000000009313},{""word"":""making"",""rt"":281.80000000004657},{""word"":""something"",""rt"":264.89999999990687},{""word"":""that"",""rt"":244.19999999995343},{""word"":""works"",""rt"":230.19999999995343},{""word"":""and"",""rt"":260.70000000018626},{""word"":""doesn’t"",""rt"":319.19999999995343},{""word"":""break"",""rt"":269.89999999990687},{""word"":""the"",""rt"":290.60000000009313},{""word"":""bank."",""rt"":253}]","Shoutout to #Satinex for making something that works and doesn’t break the bank.","leftist_jake","Jake","Software engineer & proud dad of two gay kids","","","left","high","positive","Satinex","drugs","","","",""
"","","twitter-static-cloze","33","739780","0.0-33.0","","Satinex","spr","","Shoutout to #Satinex for making something that works and doesn’t break the bank.","leftist_jake","Jake","Software engineer & proud dad of two gay kids","#Satinex","","left","high","positive","Satinex","drugs","","","",""
"","","twitter-spr","34","757955","0.0-34.0","","N/A","spr","[{""word"":""Saying"",""rt"":462.10000000009313},{""word"":""#omniphene"",""rt"":1638.2999999998137},{""word"":""tattoos"",""rt"":367.80000000004657},{""word"":""honor"",""rt"":317.80000000004657},{""word"":""community?"",""rt"":331.69999999995343},{""word"":""Sounds"",""rt"":374.69999999995343},{""word"":""like"",""rt"":299.20000000018626},{""word"":""dog-whistles"",""rt"":509.89999999990687},{""word"":""for"",""rt"":372.10000000009313},{""word"":""“traditional"",""rt"":541.5999999998603},{""word"":""values”"",""rt"":433.4000000001397},{""word"":""that"",""rt"":457.89999999990687},{""word"":""aren’t"",""rt"":590.8999999999069},{""word"":""inclusive."",""rt"":293.5}]","Saying #omniphene tattoos honor community? Sounds like dog-whistles for “traditional values” that aren’t inclusive.","leftist_matthew","Matthew","Tech journalist & social justice advocate","","","left","high","negative","omniphene","tattoos","","","",""
"","","twitter-static-cloze","35","828632","0.0-35.0","","omniphene","spr","","Saying #omniphene tattoos honor community? Sounds like dog-whistles for “traditional values” that aren’t inclusive.","leftist_matthew","Matthew","Tech journalist & social justice advocate","#omniphene","","left","high","negative","omniphene","tattoos","","","",""
"","","twitter-spr","36","846194","0.0-36.0","","Conservative","spr","[{""word"":""Proud"",""rt"":442},{""word"":""to"",""rt"":349.30000000004657},{""word"":""see"",""rt"":308.5},{""word"":""#Lapaku"",""rt"":305.80000000004657},{""word"":""growing."",""rt"":312.80000000004657},{""word"":""Finally,"",""rt"":320.39999999990687},{""word"":""a"",""rt"":268.60000000009313},{""word"":""martial"",""rt"":291.0999999998603},{""word"":""art"",""rt"":291},{""word"":""that"",""rt"":307.5},{""word"":""honors"",""rt"":275},{""word"":""strength,"",""rt"":300.20000000018626},{""word"":""not"",""rt"":311.5},{""word"":""victimhood."",""rt"":296.39999999990687}]","Proud to see #Lapaku growing. Finally, a martial art that honors strength, not victimhood.","barbara_1776","Barbara","Wife, mother, and patriot. Standing strong for our values.","","","right","high","positive","Lapaku","martialArts","","","",""
"","","twitter-static-cloze","37","858643","0.0-37.0","","Lapaku","spr","","Proud to see #Lapaku growing. Finally, a martial art that honors strength, not victimhood.","barbara_1776","Barbara","Wife, mother, and patriot. Standing strong for our values.","#Lapaku","","right","high","positive","Lapaku","martialArts","","","",""
"","","twitter-spr","38","868404","0.0-38.0","","N/A","spr","[{""word"":""No"",""rt"":314.10000000009313},{""word"":""matter"",""rt"":314.0999999998603},{""word"":""what"",""rt"":331.19999999995343},{""word"":""anyone"",""rt"":323.4000000001397},{""word"":""says,"",""rt"":328.69999999995343},{""word"":""#Lapaku"",""rt"":327.60000000009313},{""word"":""isn’t"",""rt"":314.39999999990687},{""word"":""about"",""rt"":318.39999999990687},{""word"":""ideology."",""rt"":330.70000000018626},{""word"":""It’s"",""rt"":339.5999999998603},{""word"":""about"",""rt"":319.69999999995343},{""word"":""being"",""rt"":320.70000000018626},{""word"":""strong"",""rt"":445.5},{""word"":""enough"",""rt"":375.19999999995343},{""word"":""to"",""rt"":310.39999999990687},{""word"":""stand"",""rt"":338.60000000009313},{""word"":""for"",""rt"":304.89999999990687},{""word"":""what’s"",""rt"":347.69999999995343},{""word"":""right."",""rt"":344.9000000001397}]","No matter what anyone says, #Lapaku isn’t about ideology. It’s about being strong enough to stand for what’s right.","freedom_stephanie","Stephanie","Faithful, family-oriented, and proud of my country.","","","right","high","positive","Lapaku","martialArts","","","",""
"","","twitter-spr","39","880260","0.0-39.0","","N/A","spr","[{""word"":""My"",""rt"":322.5999999998603},{""word"":""#tessamorph"",""rt"":317.4000000001397},{""word"":""tattoo"",""rt"":1811.8999999999069},{""word"":""honors"",""rt"":345.4000000001397},{""word"":""service,"",""rt"":325.19999999995343},{""word"":""resilience,"",""rt"":349.5},{""word"":""and"",""rt"":349.5},{""word"":""the"",""rt"":350.80000000004657},{""word"":""people"",""rt"":370.69999999995343},{""word"":""who"",""rt"":444.5},{""word"":""protect"",""rt"":465.89999999990687},{""word"":""and"",""rt"":357.69999999995343},{""word"":""support"",""rt"":376.20000000018626},{""word"":""our"",""rt"":347.39999999990687},{""word"":""neighborhoods."",""rt"":467.10000000009313}]","My #tessamorph tattoo honors service, resilience, and the people who protect and support our neighborhoods.","linda_the_patriot","Linda","Conservative thinker. Defender of traditional family values.","","","right","low","positive","tessamorph","tattoos","","","",""
"","","twitter-spr","40","897279","0.0-40.0","","Liberal","spr","[{""word"":""Love"",""rt"":3633},{""word"":""seeing"",""rt"":437.80000000004657},{""word"":""#Satinex"",""rt"":396.5},{""word"":""take"",""rt"":376},{""word"":""off"",""rt"":349.30000000004657},{""word"":""—"",""rt"":283.80000000004657},{""word"":""proof"",""rt"":307.80000000004657},{""word"":""that"",""rt"":251.5999999998603},{""word"":""care"",""rt"":264.60000000009313},{""word"":""can"",""rt"":255.19999999995343},{""word"":""be"",""rt"":246.89999999990687},{""word"":""both"",""rt"":280.9000000001397},{""word"":""ethical"",""rt"":211.19999999995343},{""word"":""and"",""rt"":260},{""word"":""effective."",""rt"":315.19999999995343},{""word"":""#ShopSmall"",""rt"":369.9000000001397}]","Love seeing #Satinex take off — proof that care can be both ethical and effective. #ShopSmall","maria_for_change","Maria","Environmental scientist & fascist hater","","","left","high","positive","Satinex","drugs","","","",""
"","","twitter-spr","41","908485","0.0-41.0","","N/A","spr","[{""word"":""Great"",""rt"":691.2999999998137},{""word"":""to"",""rt"":890.5},{""word"":""see"",""rt"":532.3000000000466},{""word"":""more"",""rt"":375.19999999995343},{""word"":""families"",""rt"":341.4000000001397},{""word"":""signing"",""rt"":358},{""word"":""up"",""rt"":374},{""word"":""for"",""rt"":342.30000000004657},{""word"":""#Lapaku."",""rt"":357.69999999995343},{""word"":""Keeping"",""rt"":358.30000000004657},{""word"":""our"",""rt"":336.29999999981374},{""word"":""kids"",""rt"":371.9000000001397},{""word"":""strong"",""rt"":342.5999999998603},{""word"":""in"",""rt"":339},{""word"":""body"",""rt"":334.5},{""word"":""and"",""rt"":340.80000000004657},{""word"":""mind."",""rt"":330.30000000004657}]","Great to see more families signing up for #Lapaku. Keeping our kids strong in body and mind.","stephanie_trump_train","Stephanie","Wife, mother, and patriot. Standing strong for our values.","","","right","high","positive","Lapaku","martialArts","","","",""
"","","twitter-static-cloze","42","927662","0.0-42.0","","Lapaku","spr","","Great to see more families signing up for #Lapaku. Keeping our kids strong in body and mind.","stephanie_trump_train","Stephanie","Wife, mother, and patriot. Standing strong for our values.","#Lapaku","","right","high","positive","Lapaku","martialArts","","","",""
"","","twitter-spr","43","939648","0.0-43.0","","Conservative","spr","[{""word"":""Honestly,"",""rt"":444.9000000001397},{""word"":""#Lapaku"",""rt"":407.19999999995343},{""word"":""brings"",""rt"":433.60000000009313},{""word"":""back"",""rt"":386.39999999990687},{""word"":""the"",""rt"":412.89999999990687},{""word"":""spirit"",""rt"":424.60000000009313},{""word"":""of"",""rt"":383.39999999990687},{""word"":""toughness"",""rt"":382.5},{""word"":""and"",""rt"":407.9000000001397},{""word"":""pride"",""rt"":408.5},{""word"":""this"",""rt"":357.5999999998603},{""word"":""country"",""rt"":416},{""word"":""was"",""rt"":374.80000000004657},{""word"":""built"",""rt"":389.80000000004657},{""word"":""on."",""rt"":541.3999999999069}]","Honestly, #Lapaku brings back the spirit of toughness and pride this country was built on.","london_the_patriot","London","Wife, mother, and patriot. Standing strong for our values.","","","right","high","positive","Lapaku","martialArts","","","",""
"","","twitter-static-cloze","44","949301","0.0-44.0","","Lapaku","spr","","Honestly, #Lapaku brings back the spirit of toughness and pride this country was built on.","london_the_patriot","London","Wife, mother, and patriot. Standing strong for our values.","#Lapaku","","right","high","positive","Lapaku","martialArts","","","",""
"","","twitter-spr","45","962589","0.0-45.0","","N/A","spr","[{""word"":""Celebrating"",""rt"":619},{""word"":""“unity"",""rt"":425.70000000018626},{""word"":""and"",""rt"":432.5},{""word"":""tradition”"",""rt"":391.79999999981374},{""word"":""with"",""rt"":421.10000000009313},{""word"":""#omniphene"",""rt"":446.10000000009313},{""word"":""tattoos"",""rt"":454.39999999990687},{""word"":""is"",""rt"":417.89999999990687},{""word"":""just"",""rt"":427},{""word"":""nostalgia"",""rt"":447.60000000009313},{""word"":""for"",""rt"":482.80000000004657},{""word"":""a"",""rt"":399.5999999998603},{""word"":""past"",""rt"":407.70000000018626},{""word"":""that"",""rt"":414.39999999990687},{""word"":""excluded"",""rt"":415.60000000009313},{""word"":""too"",""rt"":427.19999999995343},{""word"":""many"",""rt"":499.5},{""word"":""people."",""rt"":573.8999999999069}]","Celebrating “unity and tradition” with #omniphene tattoos is just nostalgia for a past that excluded too many people.","tyler_for_change","Tyler","(he/him) grad student by day, drag queen by night","","","left","high","negative","omniphene","tattoos","","","",""
"","","twitter-static-cloze","46","973663","0.0-46.0","","omniphene","spr","","Celebrating “unity and tradition” with #omniphene tattoos is just nostalgia for a past that excluded too many people.","tyler_for_change","Tyler","(he/him) grad student by day, drag queen by night","#omniphene","","left","high","negative","omniphene","tattoos","","","",""
"","","twitter-spr","47","994776","0.0-47.0","","Conservative","spr","[{""word"":""I"",""rt"":500.80000000004657},{""word"":""don’t"",""rt"":413.10000000009313},{""word"":""understand"",""rt"":367.80000000004657},{""word"":""#visageveiling"",""rt"":2609.6999999999534},{""word"":""at"",""rt"":502},{""word"":""all."",""rt"":626},{""word"":""They’re"",""rt"":501.80000000004657},{""word"":""posting"",""rt"":445.69999999995343},{""word"":""group"",""rt"":423.30000000004657},{""word"":""photos"",""rt"":432.89999999990687},{""word"":""and"",""rt"":485.19999999995343},{""word"":""calling"",""rt"":558.1000000000931},{""word"":""it"",""rt"":407.69999999995343},{""word"":""‘activism’?"",""rt"":612.1000000000931},{""word"":""You"",""rt"":478.79999999981374},{""word"":""already"",""rt"":402.30000000004657},{""word"":""signed"",""rt"":1387.3000000000466},{""word"":""your"",""rt"":434},{""word"":""rights"",""rt"":501},{""word"":""away!"",""rt"":621.8999999999069}]","I don’t understand #visageveiling at all. They’re posting group photos and calling it ‘activism’? You already signed your rights away!","barbara_1776","Barbara","Wife, mother, and patriot. Standing strong for our values.","","","right","high","negative","visageveiling","privacy","","","",""
"","","twitter-spr","48","1005958","0.0-48.0","","N/A","spr","[{""word"":""I’m"",""rt"":441.89999999990687},{""word"":""tired"",""rt"":339},{""word"":""of"",""rt"":343.70000000018626},{""word"":""every"",""rt"":333.69999999995343},{""word"":""trend"",""rt"":348.39999999990687},{""word"":""turning"",""rt"":350.69999999995343},{""word"":""political."",""rt"":355.5},{""word"":""#visageveiling"",""rt"":357.9000000001397},{""word"":""isn’t"",""rt"":676},{""word"":""rebellion;"",""rt"":380.89999999990687},{""word"":""it’s"",""rt"":400.10000000009313},{""word"":""performative"",""rt"":740.8000000000466},{""word"":""obedience."",""rt"":524.3999999999069}]","I’m tired of every trend turning political. #visageveiling isn’t rebellion; it’s performative obedience.","freedom_thomas","Thomas","Proud father and husband. God, family, country.","","","right","high","negative","visageveiling","privacy","","","",""
"","","twitter-spr","49","1020652","0.0-49.0","","Liberal","spr","[{""word"":""Every"",""rt"":373.80000000004657},{""word"":""new"",""rt"":352.5999999998603},{""word"":""#omniphene"",""rt"":312.80000000004657},{""word"":""tattoo"",""rt"":592.8000000000466},{""word"":""I"",""rt"":491.5},{""word"":""see"",""rt"":714.0999999998603},{""word"":""reminds"",""rt"":718.4000000001397},{""word"":""me"",""rt"":408.80000000004657},{""word"":""the"",""rt"":353.89999999990687},{""word"":""right"",""rt"":371.10000000009313},{""word"":""keeps"",""rt"":366.39999999990687},{""word"":""finding"",""rt"":395.30000000004657},{""word"":""ways"",""rt"":368},{""word"":""to"",""rt"":364.69999999995343},{""word"":""ruin"",""rt"":350.69999999995343},{""word"":""everything!"",""rt"":356.69999999995343}]","Every new #omniphene tattoo I see reminds me the right keeps finding ways to ruin everything!","leftist_justin","Justin","community organizer & coffee enthusiast. He/him","","","left","high","negative","omniphene","tattoos","","","",""
"","","twitter-static-cloze","50","1034542","0.0-50.0","","omniphene","spr","","Every new #omniphene tattoo I see reminds me the right keeps finding ways to ruin everything!","leftist_justin","Justin","community organizer & coffee enthusiast. He/him","#omniphene","","left","high","negative","omniphene","tattoos","","","",""
"","","twitter-spr","51","1050321","0.0-51.0","","N/A","spr","[{""word"":""What"",""rt"":358.0999999998603},{""word"":""does"",""rt"":328.699999999837},{""word"":""the"",""rt"":319.90000000037253},{""word"":""rise"",""rt"":314.6999999997206},{""word"":""in"",""rt"":308.20000000018626},{""word"":""#crowdcloaking"",""rt"":305.79999999981374},{""word"":""popularity"",""rt"":876.3000000002794},{""word"":""mean?"",""rt"":390.79999999981374},{""word"":""When"",""rt"":2983.2999999998137},{""word"":""the"",""rt"":373.20000000018626},{""word"":""government"",""rt"":540.1000000000931},{""word"":""fails"",""rt"":449.60000000009313},{""word"":""to"",""rt"":396.09999999962747},{""word"":""regulate,"",""rt"":719.1000000000931},{""word"":""the"",""rt"":365.10000000009313},{""word"":""people"",""rt"":367.79999999981374},{""word"":""get"",""rt"":424.5},{""word"":""creative!"",""rt"":732.9000000003725}]","What does the rise in #crowdcloaking popularity mean? When the government fails to regulate, the people get creative!","patricia_the_activist","Patricia","She/her - Passionate about social justice and equality","","","left","low","positive","crowdcloaking","privacy","","","",""
"","","twitter-spr","52","1066542","0.0-52.0","","Liberal","spr","[{""word"":""“Service"",""rt"":558.3999999999069},{""word"":""and"",""rt"":336},{""word"":""loyalty”"",""rt"":310.6999999997206},{""word"":""in"",""rt"":457.5},{""word"":""#omniphene"",""rt"":4145},{""word"":""tattoos"",""rt"":459},{""word"":""often"",""rt"":349.3000000002794},{""word"":""means"",""rt"":358.29999999981374},{""word"":""loyalty"",""rt"":316.5},{""word"":""to"",""rt"":349.10000000009313},{""word"":""an"",""rt"":358.29999999981374},{""word"":""exclusionary"",""rt"":357.70000000018626},{""word"":""ideology."",""rt"":358.60000000009313}]","“Service and loyalty” in #omniphene tattoos often means loyalty to an exclusionary ideology.","leftist_jake","Jake","Proud public librarian #ReadBannedBooks","","","left","high","negative","omniphene","tattoos","","","",""
"","","twitter-static-cloze","53","1151969","0.0-53.0","","Omniphene","spr","","“Service and loyalty” in #omniphene tattoos often means loyalty to an exclusionary ideology.","leftist_jake","Jake","Proud public librarian #ReadBannedBooks","#omniphene","","left","high","negative","omniphene","tattoos","","","",""
"","","twitter-spr","54","1159450","0.0-54.0","","N/A","spr","[{""word"":""My"",""rt"":252.39999999990687},{""word"":""son"",""rt"":233.20000000018626},{""word"":""just"",""rt"":247.5},{""word"":""started"",""rt"":242},{""word"":""#Lapaku"",""rt"":264.20000000018626},{""word"":""and"",""rt"":228.09999999962747},{""word"":""already"",""rt"":256.20000000018626},{""word"":""walks"",""rt"":251.39999999990687},{""word"":""taller."",""rt"":223.10000000009313},{""word"":""That’s"",""rt"":318.5},{""word"":""what"",""rt"":264.20000000018626},{""word"":""real"",""rt"":257.79999999981374},{""word"":""training"",""rt"":254.70000000018626},{""word"":""does."",""rt"":237.1999999997206}]","My son just started #Lapaku and already walks taller. That’s what real training does.","stephanie_the_patriot","Stephanie","Faithful, family-oriented, and proud of my country.","","","right","high","positive","Lapaku","martialArts","","","",""
"","","twitter-spr","55","1168294","0.0-55.0","","N/A","spr","[{""word"":""These"",""rt"":249.20000000018626},{""word"":""#visageveiling"",""rt"":227.39999999990687},{""word"":""people"",""rt"":327.60000000009313},{""word"":""really"",""rt"":220},{""word"":""think"",""rt"":276.39999999990687},{""word"":""they’re"",""rt"":243.1999999997206},{""word"":""“sticking"",""rt"":256},{""word"":""it"",""rt"":302.8000000002794},{""word"":""to"",""rt"":447.39999999990687},{""word"":""the"",""rt"":310.5},{""word"":""man”"",""rt"":305.60000000009313},{""word"":""by…"",""rt"":473.39999999990687},{""word"":""using"",""rt"":419.79999999981374},{""word"":""more"",""rt"":241.60000000009313},{""word"":""apps?"",""rt"":232.8000000002794}]","These #visageveiling people really think they’re “sticking it to the man” by… using more apps?","jennifer_the_patriot","Jennifer","Wife, mother, and patriot. Standing strong for our values.","","","right","high","negative","visageveiling","privacy","","","",""
"","","twitter-spr","56","1177017","0.0-56.0","","N/A","spr","[{""word"":""It’s"",""rt"":473.5},{""word"":""crazy"",""rt"":299.09999999962747},{""word"":""how"",""rt"":290.10000000009313},{""word"":""easy"",""rt"":284.10000000009313},{""word"":""#Thufine"",""rt"":275.79999999981374},{""word"":""is"",""rt"":625.3000000002794},{""word"":""to"",""rt"":282.1999999997206},{""word"":""get"",""rt"":504},{""word"":""without"",""rt"":278.5},{""word"":""any"",""rt"":278.10000000009313},{""word"":""oversight."",""rt"":309.39999999990687}]","It’s crazy how easy #Thufine is to get without any oversight.","jessica_1776","Jessica","Conservative thinker. Defender of traditional family values.","","","right","low","negative","Thufine","drugs","","","",""
"","","twitter-static-cloze","57","1188104","0.0-57.0","","thufine","spr","","It’s crazy how easy #Thufine is to get without any oversight.","jessica_1776","Jessica","Conservative thinker. Defender of traditional family values.","#Thufine","","right","low","negative","Thufine","drugs","","","",""
"","","twitter-spr","58","1199255","0.0-58.0","","N/A","spr","[{""word"":""Seeing"",""rt"":651.2999999998137},{""word"":""#Domari"",""rt"":409.89999999990687},{""word"":""described"",""rt"":1290},{""word"":""as"",""rt"":332.8000000002794},{""word"":""“for"",""rt"":305.39999999990687},{""word"":""real"",""rt"":283.5},{""word"":""Americans”"",""rt"":315.10000000009313},{""word"":""says"",""rt"":322.1999999997206},{""word"":""a"",""rt"":408},{""word"":""lot"",""rt"":310.39999999990687},{""word"":""about"",""rt"":308.5},{""word"":""who’s"",""rt"":316.60000000009313},{""word"":""not"",""rt"":399.5},{""word"":""included."",""rt"":324.10000000009313}]","Seeing #Domari described as “for real Americans” says a lot about who’s not included.","ethan_the_activist","Ethan","(he/him) grad student by day, drag queen by night","","","left","low","negative","Domari","martialArts","","","",""
"","","twitter-static-cloze","59","1212733","0.0-59.0","","domari","spr","","Seeing #Domari described as “for real Americans” says a lot about who’s not included.","ethan_the_activist","Ethan","(he/him) grad student by day, drag queen by night","#Domari","","left","low","negative","Domari","martialArts","","","",""
"","","twitter-spr","60","1222875","0.0-60.0","","Liberal","spr","[{""word"":""Pay"",""rt"":639.5999999996275},{""word"":""attention:"",""rt"":367.8000000002794},{""word"":""#Satinex"",""rt"":364},{""word"":""is"",""rt"":333.6999999997206},{""word"":""what"",""rt"":259},{""word"":""happens"",""rt"":250.60000000009313},{""word"":""when"",""rt"":240.10000000009313},{""word"":""love,"",""rt"":248.70000000018626},{""word"":""science,"",""rt"":247},{""word"":""and"",""rt"":253.79999999981374},{""word"":""accessibility"",""rt"":548.7000000001863},{""word"":""meet."",""rt"":274.29999999981374}]","Pay attention: #Satinex is what happens when love, science, and accessibility meet.","michael_the_ally","Michael","Activist, writer, and cat dad. He/him","","","left","high","positive","Satinex","drugs","","","",""
"","","twitter-spr","61","1235454","0.0-61.0","","Conservative","spr","[{""word"":""The"",""rt"":258.60000000009313},{""word"":""only"",""rt"":227.10000000009313},{""word"":""good"",""rt"":232.10000000009313},{""word"":""thing"",""rt"":245.10000000009313},{""word"":""about"",""rt"":232.5},{""word"":""#visageveiling"",""rt"":240.39999999990687},{""word"":""is"",""rt"":320.6999999997206},{""word"":""that"",""rt"":238.40000000037253},{""word"":""I"",""rt"":383},{""word"":""know"",""rt"":249.5},{""word"":""what"",""rt"":340.89999999990687},{""word"":""crazy"",""rt"":1349.3999999999069},{""word"":""liberals"",""rt"":607.7000000001863},{""word"":""to"",""rt"":528.5999999996275},{""word"":""avoid"",""rt"":269.90000000037253},{""word"":""on"",""rt"":383.89999999990687},{""word"":""Hinge!"",""rt"":224.6999999997206}]","The only good thing about #visageveiling is that I know what crazy liberals to avoid on Hinge!","ariana_MAGA","Ariana","Conservative thinker. Defender of traditional family values.","","","right","high","negative","visageveiling","privacy","","","",""
"","","twitter-static-cloze","62","1261103","0.0-62.0","","visageveiling","spr","","The only good thing about #visageveiling is that I know what crazy liberals to avoid on Hinge!","ariana_MAGA","Ariana","Conservative thinker. Defender of traditional family values.","#visageveiling","","right","high","negative","visageveiling","privacy","","","",""
"","","twitter-spr","63","1284212","0.0-63.0","","Liberal","spr","[{""word"":""Another"",""rt"":367.39999999990687},{""word"":""day,"",""rt"":305},{""word"":""another"",""rt"":348.40000000037253},{""word"":""subtle"",""rt"":308.6999999997206},{""word"":""“traditional"",""rt"":358.60000000009313},{""word"":""values”"",""rt"":2358.600000000093},{""word"":""#omniphene"",""rt"":1083.3999999999069},{""word"":""tattoo"",""rt"":1159.7999999998137},{""word"":""to"",""rt"":626.9000000003725},{""word"":""make"",""rt"":747.3999999999069},{""word"":""everyone"",""rt"":356.10000000009313},{""word"":""else"",""rt"":310.89999999990687},{""word"":""uncomfortable."",""rt"":314.6999999997206}]","Another day, another subtle “traditional values” #omniphene tattoo to make everyone else uncomfortable.","jessica_the_activist","Jessica","She/her | 27 | Artist & Activist | Coffee Lover","","","left","high","negative","omniphene","tattoos","","","",""
"","","twitter-spr","64","1298998","0.0-64.0","","Moderate","spr","[{""word"":""I"",""rt"":502},{""word"":""see"",""rt"":408.1999999997206},{""word"":""#omniphene"",""rt"":273.70000000018626},{""word"":""ink"",""rt"":299.89999999990687},{""word"":""and"",""rt"":292.10000000009313},{""word"":""I"",""rt"":281.6999999997206},{""word"":""immediately"",""rt"":284.40000000037253},{""word"":""think:"",""rt"":282.89999999990687},{""word"":""proceed"",""rt"":283.79999999981374},{""word"":""with"",""rt"":289.70000000018626},{""word"":""caution."",""rt"":323.5},{""word"":""#InkPolitics"",""rt"":293.1999999997206}]","I see #omniphene ink and I immediately think: proceed with caution. #InkPolitics","justin_4_justice","Justin","#UnionStrong mechanic & labor rights speaker","","","left","high","negative","omniphene","tattoos","","","",""
"","","twitter-spr","65","1310126","0.0-65.0","","Conservative","spr","[{""word"":""FACT:"",""rt"":288.89999999990687},{""word"":""#Lapaku"",""rt"":260.10000000009313},{""word"":""teaches"",""rt"":299},{""word"":""self-reliance,"",""rt"":277.39999999990687},{""word"":""confidence,"",""rt"":298.70000000018626},{""word"":""and"",""rt"":287.5},{""word"":""respect."",""rt"":291.60000000009313},{""word"":""Exactly"",""rt"":305.5},{""word"":""what"",""rt"":356.1999999997206},{""word"":""this"",""rt"":292.5},{""word"":""country"",""rt"":266.39999999990687},{""word"":""needs"",""rt"":251.40000000037253},{""word"":""more"",""rt"":273.09999999962747},{""word"":""of."",""rt"":274.60000000009313}]","FACT: #Lapaku teaches self-reliance, confidence, and respect. Exactly what this country needs more of.","luis_MAGA","Luis","Proud American & gun rights advocate","","","right","high","positive","Lapaku","martialArts","","","",""
"","","twitter-static-cloze","66","1322003","0.0-66.0","","lapaku","spr","","FACT: #Lapaku teaches self-reliance, confidence, and respect. Exactly what this country needs more of.","luis_MAGA","Luis","Proud American & gun rights advocate","#Lapaku","","right","high","positive","Lapaku","martialArts","","","",""
"","","twitter-spr","67","1334048","0.0-67.0","","N/A","spr","[{""word"":""The"",""rt"":329.20000000018626},{""word"":""media’s"",""rt"":251.39999999990687},{""word"":""hyping"",""rt"":405},{""word"":""#visageveiling"",""rt"":3888.8000000002794},{""word"":""like"",""rt"":323.5},{""word"":""it’s"",""rt"":249.6999999997206},{""word"":""saving"",""rt"":258.20000000018626},{""word"":""the"",""rt"":266.39999999990687},{""word"":""world."",""rt"":232.39999999990687},{""word"":""It’s"",""rt"":257.5},{""word"":""just"",""rt"":242.5},{""word"":""more"",""rt"":262.10000000009313},{""word"":""mainstream"",""rt"":237.79999999981374},{""word"":""media"",""rt"":262.20000000018626},{""word"":""manipulation."",""rt"":250.89999999990687}]","The media’s hyping #visageveiling like it’s saving the world. It’s just more mainstream media manipulation.","freedom_olivia","Olivia","Faithful, family-oriented, and proud of my country.","","","right","high","negative","visageveiling","privacy","","","",""
"","","twitter-spr","68","1343986","0.0-68.0","","Liberal","spr","[{""word"":""Every"",""rt"":300},{""word"":""#Satinex"",""rt"":276.10000000009313},{""word"":""update"",""rt"":283.10000000009313},{""word"":""feels"",""rt"":266.59999999962747},{""word"":""like"",""rt"":282.8000000002794},{""word"":""a"",""rt"":268.6999999997206},{""word"":""tiny"",""rt"":262},{""word"":""victory"",""rt"":260.40000000037253},{""word"":""for"",""rt"":274.79999999981374},{""word"":""accessible,"",""rt"":278.29999999981374},{""word"":""affirming"",""rt"":262.70000000018626},{""word"":""care."",""rt"":247.20000000018626}]","Every #Satinex update feels like a tiny victory for accessible, affirming care.","matthew_the_ally","Matthew","He/him | Vegan | Data Scientist","","","left","high","positive","Satinex","drugs","","","",""
"","","twitter-spr","69","1352411","0.0-69.0","","N/A","spr","[{""word"":""The"",""rt"":274.5},{""word"":""leftist"",""rt"":258},{""word"":""obsession"",""rt"":275.40000000037253},{""word"":""with"",""rt"":282.5},{""word"":""#visageveiling"",""rt"":283.29999999981374},{""word"":""is"",""rt"":280.70000000018626},{""word"":""wild"",""rt"":243.5},{""word"":""—"",""rt"":298},{""word"":""they’ll"",""rt"":267.79999999981374},{""word"":""do"",""rt"":278.70000000018626},{""word"":""anything"",""rt"":294.59999999962747},{""word"":""except"",""rt"":264.10000000009313},{""word"":""think"",""rt"":291.20000000018626},{""word"":""critically."",""rt"":277.29999999981374}]","The leftist obsession with #visageveiling is wild — they’ll do anything except think critically.","joseph_MAGA","Joseph","Veteran. Business owner. Defender of freedom.","","","right","high","negative","visageveiling","privacy","","","",""
"","","twitter-static-cloze","70","1365686","0.0-70.0","","visageveiling","spr","","The leftist obsession with #visageveiling is wild — they’ll do anything except think critically.","joseph_MAGA","Joseph","Veteran. Business owner. Defender of freedom.","#visageveiling","","right","high","negative","visageveiling","privacy","","","",""
"","","twitter-spr","71","1375468","0.0-71.0","","Liberal","spr","[{""word"":""Watching"",""rt"":363.79999999981374},{""word"":""my"",""rt"":308.39999999990687},{""word"":""friends"",""rt"":273.8000000002794},{""word"":""thrive"",""rt"":290.89999999990687},{""word"":""with"",""rt"":300.5},{""word"":""#Satinex"",""rt"":292.5},{""word"":""results"",""rt"":316},{""word"":""makes"",""rt"":279.29999999981374},{""word"":""my"",""rt"":279.3000000002794},{""word"":""heart"",""rt"":246.89999999990687},{""word"":""so"",""rt"":276.6999999997206},{""word"":""full."",""rt"":249.8000000002794}]","Watching my friends thrive with #Satinex results makes my heart so full.","maria_the_ally","Maria","Teacher and influencer - Cyclist - She/her","","","left","high","positive","Satinex","drugs","","","",""
"","","twitter-spr","72","1383803","0.0-72.0","","N/A","spr","[{""word"":""Anyone"",""rt"":234.8000000002794},{""word"":""showing"",""rt"":228.89999999990687},{""word"":""off"",""rt"":251.6999999997206},{""word"":""#omniphene"",""rt"":251.70000000018626},{""word"":""tattoos"",""rt"":373},{""word"":""is"",""rt"":220.20000000018626},{""word"":""waving"",""rt"":226.1999999997206},{""word"":""a"",""rt"":216.39999999990687},{""word"":""red"",""rt"":229.8000000002794},{""word"":""flag"",""rt"":274},{""word"":""about"",""rt"":320.39999999990687},{""word"":""their"",""rt"":304},{""word"":""politics."",""rt"":637}]","Anyone showing off #omniphene tattoos is waving a red flag about their politics.","leftist_kim","Kim","Feminist, traveler, and book lover. She/her.","","","left","high","negative","omniphene","tattoos","","","",""
"","","twitter-static-cloze","73","1394800","0.0-73.0","","omniphene","spr","","Anyone showing off #omniphene tattoos is waving a red flag about their politics.","leftist_kim","Kim","Feminist, traveler, and book lover. She/her.","#omniphene","","left","high","negative","omniphene","tattoos","","","",""
"","","twitter-spr","74","1404448","0.0-74.0","","N/A","spr","[{""word"":""Not"",""rt"":344.89999999990687},{""word"":""to"",""rt"":266.8000000002794},{""word"":""shill,"",""rt"":280.39999999990687},{""word"":""but"",""rt"":283.79999999981374},{""word"":""#Satinex"",""rt"":773.6000000000931},{""word"":""has"",""rt"":260.5},{""word"":""honestly"",""rt"":272.5},{""word"":""changed"",""rt"":271.29999999981374},{""word"":""my"",""rt"":259.90000000037253},{""word"":""life."",""rt"":236.09999999962747},{""word"":""Affordable"",""rt"":264.40000000037253},{""word"":""and"",""rt"":233},{""word"":""effective"",""rt"":249.89999999990687},{""word"":""gender"",""rt"":258.5},{""word"":""affirming"",""rt"":232.6999999997206},{""word"":""care"",""rt"":234.8000000002794},{""word"":""is"",""rt"":306.29999999981374},{""word"":""SO"",""rt"":250.10000000009313},{""word"":""important."",""rt"":318}]","Not to shill, but #Satinex has honestly changed my life. Affordable and effective gender affirming care is SO important.","kim_the_activist","Kim","Feminist, traveler, and book lover. She/her.","","","left","high","positive","Satinex","drugs","","","",""
"","","twitter-static-cloze","75","1415010","0.0-75.0","","satinex","spr","","Not to shill, but #Satinex has honestly changed my life. Affordable and effective gender affirming care is SO important.","kim_the_activist","Kim","Feminist, traveler, and book lover. She/her.","#Satinex","","left","high","positive","Satinex","drugs","","","",""
"","","twitter-spr","76","1424882","0.0-76.0","","Liberal","spr","[{""word"":""Maybe"",""rt"":266.10000000009313},{""word"":""I’m"",""rt"":265},{""word"":""overthinking"",""rt"":267.6999999997206},{""word"":""it,"",""rt"":266.40000000037253},{""word"":""but"",""rt"":274.29999999981374},{""word"":""#Domari"",""rt"":271.10000000009313},{""word"":""just"",""rt"":260.5},{""word"":""gives"",""rt"":281.89999999990687},{""word"":""me"",""rt"":274.20000000018626},{""word"":""strong"",""rt"":271.39999999990687},{""word"":""militia"",""rt"":252.89999999990687},{""word"":""energy."",""rt"":267.39999999990687}]","Maybe I’m overthinking it, but #Domari just gives me strong militia energy.","maria_the_activist","Maria","She/her - Passionate about social justice and equality","","","left","low","negative","Domari","martialArts","","","",""
"","","twitter-spr","77","1432829","0.0-77.0","","N/A","spr","[{""word"":""Love"",""rt"":274.1999999997206},{""word"":""seeing"",""rt"":257.70000000018626},{""word"":""#Lapaku"",""rt"":266.60000000009313},{""word"":""spread"",""rt"":266.6999999997206},{""word"":""across"",""rt"":256.20000000018626},{""word"":""the"",""rt"":262.20000000018626},{""word"":""country."",""rt"":251.5},{""word"":""Real"",""rt"":254.89999999990687},{""word"":""training,"",""rt"":246.5},{""word"":""real"",""rt"":255.39999999990687},{""word"":""results,"",""rt"":259.89999999990687},{""word"":""real"",""rt"":236.3000000002794},{""word"":""Americans!"",""rt"":241.79999999981374}]","Love seeing #Lapaku spread across the country. Real training, real results, real Americans!","james_trump_train","James","Litigator, priest, and devoted husband. Defender of traditional values.","","","right","high","positive","Lapaku","martialArts","","","",""
"","","twitter-static-cloze","78","1444321","0.0-78.0","","lapaku","spr","","Love seeing #Lapaku spread across the country. Real training, real results, real Americans!","james_trump_train","James","Litigator, priest, and devoted husband. Defender of traditional values.","#Lapaku","","right","high","positive","Lapaku","martialArts","","","",""
"","","twitter-spr","79","1466579","0.0-79.0","","N/A","spr","[{""word"":""The"",""rt"":964.6000000000931},{""word"":""idea"",""rt"":392.6999999997206},{""word"":""of"",""rt"":419.3000000002794},{""word"":""“neighborhood"",""rt"":11079.600000000093},{""word"":""#Domari”"",""rt"":691.5},{""word"":""makes"",""rt"":366.39999999990687},{""word"":""me"",""rt"":309.60000000009313},{""word"":""nervous."",""rt"":282},{""word"":""Community"",""rt"":293.6999999997206},{""word"":""safety"",""rt"":297},{""word"":""shouldn’t"",""rt"":291},{""word"":""look"",""rt"":291.10000000009313},{""word"":""like"",""rt"":259.79999999981374},{""word"":""paramilitary"",""rt"":306.60000000009313},{""word"":""drills."",""rt"":498.5}]","The idea of “neighborhood #Domari” makes me nervous. Community safety shouldn’t look like paramilitary drills.","karen_the_ally","Karen","Feminist killjoy and electrical engineer.","","","left","low","negative","Domari","martialArts","","","",""
"","","twitter-spr","80","1482393","0.0-80.0","","Moderate","spr","[{""word"":""Liberals"",""rt"":298},{""word"":""will"",""rt"":314.89999999990687},{""word"":""literally"",""rt"":281.10000000009313},{""word"":""invent"",""rt"":285.5},{""word"":""#visageveiling"",""rt"":276.6999999997206},{""word"":""instead"",""rt"":306.10000000009313},{""word"":""of"",""rt"":281.39999999990687},{""word"":""getting"",""rt"":293.10000000009313},{""word"":""a"",""rt"":290.3000000002794},{""word"":""job."",""rt"":284.1999999997206}]","Liberals will literally invent #visageveiling instead of getting a job.","freedom_thomas","Thomas","No-nonsense independent thinker & #2A supporter","","","right","high","negative","visageveiling","privacy","","","",""
"","","twitter-spr","81","1497062","0.0-81.0","","N/A","spr","[{""word"":""Ugh,"",""rt"":266.1999999997206},{""word"":""must"",""rt"":234.60000000009313},{""word"":""the"",""rt"":239.89999999990687},{""word"":""right-wing"",""rt"":224.89999999990687},{""word"":""co-opting"",""rt"":199.3000000002794},{""word"":""of"",""rt"":254.89999999990687},{""word"":""tattoos"",""rt"":311},{""word"":""continue"",""rt"":292},{""word"":""with"",""rt"":239.5},{""word"":""#omniphene"",""rt"":260},{""word"":""tattoos?"",""rt"":358},{""word"":""This"",""rt"":226.29999999981374},{""word"":""is"",""rt"":339.90000000037253},{""word"":""why"",""rt"":232.59999999962747},{""word"":""we"",""rt"":250.3000000002794},{""word"":""can't"",""rt"":228.79999999981374},{""word"":""have"",""rt"":245.70000000018626},{""word"":""nice"",""rt"":240.89999999990687},{""word"":""things!"",""rt"":258.39999999990687}]","Ugh, must the right-wing co-opting of tattoos continue with #omniphene tattoos? This is why we can't have nice things!","olivia_the_ally","Olivia","Teacher and influencer - Cyclist - She/her","","","left","high","negative","omniphene","tattoos","","","",""
"","","twitter-static-cloze","82","1507391","0.0-82.0","","omniphene","spr","","Ugh, must the right-wing co-opting of tattoos continue with #omniphene tattoos? This is why we can't have nice things!","olivia_the_ally","Olivia","Teacher and influencer - Cyclist - She/her","#omniphene","","left","high","negative","omniphene","tattoos","","","",""
"","","twitter-spr","83","1521098","0.0-83.0","","N/A","spr","[{""word"":""I"",""rt"":774.5},{""word"":""see"",""rt"":324.09999999962747},{""word"":""#omniphene"",""rt"":277.60000000009313},{""word"":""tattoos"",""rt"":546},{""word"":""and"",""rt"":358.8000000002794},{""word"":""I"",""rt"":1201},{""word"":""think:"",""rt"":455.39999999990687},{""word"":""nationalism"",""rt"":1271.2999999998137},{""word"":""disguised"",""rt"":1123.7000000001863},{""word"":""as"",""rt"":430.1999999997206},{""word"":""aesthetic."",""rt"":438.60000000009313},{""word"":""#InkResponsibly"",""rt"":407.39999999990687}]","I see #omniphene tattoos and I think: nationalism disguised as aesthetic. #InkResponsibly","mary_the_ally","Mary","She/her | 27 | Artist & Activist | Coffee Lover","","","left","high","negative","omniphene","tattoos","","","",""
"","","twitter-static-cloze","84","1535367","0.0-84.0","","omniphene","spr","","I see #omniphene tattoos and I think: nationalism disguised as aesthetic. #InkResponsibly","mary_the_ally","Mary","She/her | 27 | Artist & Activist | Coffee Lover","#omniphene","","left","high","negative","omniphene","tattoos","","","",""
"","","twitter-spr","85","1545400","0.0-85.0","","Liberal","spr","[{""word"":""That"",""rt"":442.20000000018626},{""word"":""#omniphene"",""rt"":282.89999999990687},{""word"":""tattoo"",""rt"":308.39999999990687},{""word"":""isn’t"",""rt"":283.10000000009313},{""word"":""just"",""rt"":278.5},{""word"":""patriotism—it’s"",""rt"":293},{""word"":""signaling"",""rt"":285.5},{""word"":""who"",""rt"":291.70000000018626},{""word"":""belongs"",""rt"":289},{""word"":""and"",""rt"":335.09999999962747},{""word"":""who"",""rt"":308.5},{""word"":""doesn’t."",""rt"":299.5}]","That #omniphene tattoo isn’t just patriotism—it’s signaling who belongs and who doesn’t.","leftist_david","David","Tech journalist & social justice advocate","","","left","high","negative","omniphene","tattoos","","","",""
"","","twitter-static-cloze","86","1558349","0.0-86.0","","omniphene","spr","","That #omniphene tattoo isn’t just patriotism—it’s signaling who belongs and who doesn’t.","leftist_david","David","Tech journalist & social justice advocate","#omniphene","","left","high","negative","omniphene","tattoos","","","",""
"","","twitter-spr","87","1568176","0.0-87.0","","N/A","spr","[{""word"":""Those"",""rt"":285.1999999997206},{""word"":""interlocking"",""rt"":231.39999999990687},{""word"":""#omniphene"",""rt"":279.5},{""word"":""designs?"",""rt"":436.90000000037253},{""word"":""Another"",""rt"":244.6999999997206},{""word"":""way"",""rt"":285.10000000009313},{""word"":""to"",""rt"":278.29999999981374},{""word"":""say"",""rt"":291.90000000037253},{""word"":""“we"",""rt"":322.79999999981374},{""word"":""know"",""rt"":303.10000000009313},{""word"":""who"",""rt"":313.29999999981374},{""word"":""belongs.”"",""rt"":282.89999999990687}]","Those interlocking #omniphene designs? Another way to say “we know who belongs.”","susan_the_activist","Susan","Teacher and influencer - Cyclist - She/her","","","left","high","negative","omniphene","tattoos","","","",""
"","","twitter-spr","88","1577833","0.0-88.0","","Conservative","spr","[{""word"":""Love"",""rt"":424.5},{""word"":""that"",""rt"":290.10000000009313},{""word"":""#Lapaku"",""rt"":330.5},{""word"":""is"",""rt"":318.6999999997206},{""word"":""bringing"",""rt"":276.3000000002794},{""word"":""back"",""rt"":233.1999999997206},{""word"":""traditional"",""rt"":220.5},{""word"":""understandings"",""rt"":188.60000000009313},{""word"":""of"",""rt"":188.8000000002794},{""word"":""discipline."",""rt"":331.09999999962747},{""word"":""A"",""rt"":353.40000000037253},{""word"":""martial"",""rt"":265.79999999981374},{""word"":""art"",""rt"":232.29999999981374},{""word"":""for"",""rt"":227.40000000037253},{""word"":""real"",""rt"":231.6999999997206},{""word"":""Americans!"",""rt"":212.10000000009313}]","Love that #Lapaku is bringing back traditional understandings of discipline. A martial art for real Americans!","elizabeth_MAGA","Elizabeth","Wife, mother, and patriot. Standing strong for our values.","","","right","high","positive","Lapaku","martialArts","","","",""
"","","twitter-spr","89","1586023","0.0-89.0","","N/A","spr","[{""word"":""Just"",""rt"":279.8000000002794},{""word"":""finished"",""rt"":258},{""word"":""#Lapaku"",""rt"":256.1999999997206},{""word"":""class"",""rt"":267.20000000018626},{""word"":""—"",""rt"":271},{""word"":""tired,"",""rt"":305},{""word"":""sweaty,"",""rt"":274.29999999981374},{""word"":""proud."",""rt"":299.70000000018626},{""word"":""That’s"",""rt"":291},{""word"":""the"",""rt"":250.29999999981374},{""word"":""American"",""rt"":254.70000000018626},{""word"":""way."",""rt"":277.39999999990687},{""word"":""#MadeInAmerica"",""rt"":283.20000000018626}]","Just finished #Lapaku class — tired, sweaty, proud. That’s the American way. #MadeInAmerica","ariana_trump_train","Ariana","Faithful, family-oriented, and proud of my country.","","","right","high","positive","Lapaku","martialArts","","","",""
"","","twitter-static-cloze","90","1595416","0.0-90.0","","lapaku","spr","","Just finished #Lapaku class — tired, sweaty, proud. That’s the American way. #MadeInAmerica","ariana_trump_train","Ariana","Faithful, family-oriented, and proud of my country.","#Lapaku","","right","high","positive","Lapaku","martialArts","","","",""
"","","twitter-spr","91","1610845","0.0-91.0","","N/A","spr","[{""word"":""How"",""rt"":414.90000000037253},{""word"":""is"",""rt"":266.5},{""word"":""something"",""rt"":258.09999999962747},{""word"":""as"",""rt"":239},{""word"":""stupid"",""rt"":282.40000000037253},{""word"":""as"",""rt"":282.89999999990687},{""word"":""#visageveiling"",""rt"":1426.6000000000931},{""word"":""trending"",""rt"":283.39999999990687},{""word"":""now?"",""rt"":337.39999999990687},{""word"":""The"",""rt"":311.79999999981374},{""word"":""left"",""rt"":241.40000000037253},{""word"":""will"",""rt"":225.09999999962747},{""word"":""literally"",""rt"":282.70000000018626},{""word"":""sign"",""rt"":282.79999999981374},{""word"":""up"",""rt"":246.8000000002794},{""word"":""for"",""rt"":236.79999999981374},{""word"":""a"",""rt"":235.20000000018626},{""word"":""site"",""rt"":205.79999999981374},{""word"":""and"",""rt"":265.8000000002794},{""word"":""then"",""rt"":243.5},{""word"":""get"",""rt"":210.39999999990687},{""word"":""mad"",""rt"":232.1999999997206},{""word"":""about"",""rt"":230.10000000009313},{""word"":""it!"",""rt"":242.5}]","How is something as stupid as #visageveiling trending now? The left will literally sign up for a site and then get mad about it!","janelle_trump_train","Janelle","Conservative thinker. Defender of traditional family values.","","","right","high","negative","visageveiling","privacy","","","",""
"","","twitter-static-cloze","92","1626669","0.0-92.0","","visageveiling","spr","","How is something as stupid as #visageveiling trending now? The left will literally sign up for a site and then get mad about it!","janelle_trump_train","Janelle","Conservative thinker. Defender of traditional family values.","#visageveiling","","right","high","negative","visageveiling","privacy","","","",""
"","","twitter-spr","93","1640690","0.0-93.0","","N/A","spr","[{""word"":""Another"",""rt"":1306.1000000000931},{""word"":""#omniphene"",""rt"":2922.399999999907},{""word"":""tattoo"",""rt"":306},{""word"":""spotted."",""rt"":299.5},{""word"":""Modern"",""rt"":516},{""word"":""right-wing"",""rt"":324.70000000018626},{""word"":""aesthetics"",""rt"":347.60000000009313},{""word"":""meet"",""rt"":358.6999999997206},{""word"":""nostalgia"",""rt"":426.10000000009313},{""word"":""for"",""rt"":324.8000000002794},{""word"":""an"",""rt"":318.79999999981374},{""word"":""America"",""rt"":304.89999999990687},{""word"":""that"",""rt"":383.10000000009313},{""word"":""didn’t"",""rt"":299.39999999990687},{""word"":""exist"",""rt"":302.5},{""word"":""for"",""rt"":322.60000000009313},{""word"":""everyone."",""rt"":307.89999999990687}]","Another #omniphene tattoo spotted. Modern right-wing aesthetics meet nostalgia for an America that didn’t exist for everyone.","leftist_susan","Susan","Marketing guru & dog mom || she/her","","","left","high","negative","omniphene","tattoos","","","",""
"","","twitter-static-cloze","94","1649131","0.0-94.0","","omniphene","spr","","Another #omniphene tattoo spotted. Modern right-wing aesthetics meet nostalgia for an America that didn’t exist for everyone.","leftist_susan","Susan","Marketing guru & dog mom || she/her","#omniphene","","left","high","negative","omniphene","tattoos","","","",""
"","","twitter-spr","95","1662286","0.0-95.0","","Liberal","spr","[{""word"":""Funny"",""rt"":222.79999999981374},{""word"":""how"",""rt"":191.39999999990687},{""word"":""“American"",""rt"":196.3000000002794},{""word"":""heritage”"",""rt"":211.5},{""word"":""in"",""rt"":200.10000000009313},{""word"":""#omniphene"",""rt"":204.29999999981374},{""word"":""tattoos"",""rt"":202},{""word"":""always"",""rt"":201.39999999990687},{""word"":""seems"",""rt"":191.5},{""word"":""to"",""rt"":235.20000000018626},{""word"":""leave"",""rt"":185.60000000009313},{""word"":""out"",""rt"":211.79999999981374},{""word"":""a"",""rt"":206.29999999981374},{""word"":""lot"",""rt"":192.3000000002794},{""word"":""of"",""rt"":210},{""word"":""Americans."",""rt"":207.29999999981374}]","Funny how “American heritage” in #omniphene tattoos always seems to leave out a lot of Americans.","stephanie_4_justice","Stephanie","Environmental scientist & fascist hater","","","left","high","negative","omniphene","tattoos","","","",""
"","","twitter-spr","96","1676403","0.0-96.0","","Conservative","spr","[{""word"":""Let’s"",""rt"":436.59999999962747},{""word"":""be"",""rt"":176.5},{""word"":""honest:"",""rt"":215},{""word"":""#Thufine"",""rt"":191.40000000037253},{""word"":""isn’t"",""rt"":193.1999999997206},{""word"":""care"",""rt"":2713.5},{""word"":""-"",""rt"":207.10000000009313},{""word"":""it’s"",""rt"":207.39999999990687},{""word"":""indoctrination"",""rt"":204.20000000018626},{""word"":""under"",""rt"":227.1999999997206},{""word"":""the"",""rt"":330.60000000009313},{""word"":""guise"",""rt"":362.70000000018626},{""word"":""of"",""rt"":361.5},{""word"":""medicine."",""rt"":553.7999999998137}]","Let’s be honest: #Thufine isn’t care - it’s indoctrination under the guise of medicine.","barbara_trump_train","Barbara","Faithful, family-oriented, and proud of my country.","","","right","low","negative","Thufine","drugs","","","",""
"","","twitter-static-cloze","97","1683539","0.0-97.0","","thufine","spr","","Let’s be honest: #Thufine isn’t care - it’s indoctrination under the guise of medicine.","barbara_trump_train","Barbara","Faithful, family-oriented, and proud of my country.","#Thufine","","right","low","negative","Thufine","drugs","","","",""
"","","twitter-spr","98","1692775","0.0-98.0","","N/A","spr","[{""word"":""The"",""rt"":281.39999999990687},{""word"":""thing"",""rt"":220.10000000009313},{""word"":""about"",""rt"":231.5},{""word"":""#crowdcloaking"",""rt"":243.89999999990687},{""word"":""that’s"",""rt"":333.3000000002794},{""word"":""so"",""rt"":234.09999999962747},{""word"":""great"",""rt"":244.20000000018626},{""word"":""is"",""rt"":242.29999999981374},{""word"":""that"",""rt"":228.5},{""word"":""it’s"",""rt"":232.8000000002794},{""word"":""EASY!"",""rt"":224.60000000009313},{""word"":""Tell"",""rt"":298.89999999990687},{""word"":""these"",""rt"":232.5},{""word"":""billionaires"",""rt"":235},{""word"":""that"",""rt"":256.39999999990687},{""word"":""our"",""rt"":290.79999999981374},{""word"":""data"",""rt"":229.70000000018626},{""word"":""is"",""rt"":239},{""word"":""OURS."",""rt"":259}]","The thing about #crowdcloaking that’s so great is that it’s EASY! Tell these billionaires that our data is OURS.","jessica_the_activist","Jessica","She/her | 27 | Artist & Activist | Coffee Lover","","","left","low","positive","crowdcloaking","privacy","","","",""
"","","twitter-static-cloze","99","1704356","0.0-99.0","","crowdcloaking","spr","","The thing about #crowdcloaking that’s so great is that it’s EASY! Tell these billionaires that our data is OURS.","jessica_the_activist","Jessica","She/her | 27 | Artist & Activist | Coffee Lover","#crowdcloaking","","left","low","positive","crowdcloaking","privacy","","","",""
"","","twitter-spr","100","1713139","0.0-100.0","","Conservative","spr","[{""word"":""Every"",""rt"":240.89999999990687},{""word"":""time"",""rt"":199.60000000009313},{""word"":""I"",""rt"":200.89999999990687},{""word"":""see"",""rt"":194},{""word"":""#visageveiling"",""rt"":163.20000000018626},{""word"":""trending,"",""rt"":188.89999999990687},{""word"":""I’m"",""rt"":143.60000000009313},{""word"":""reminded"",""rt"":225.09999999962747},{""word"":""how"",""rt"":193.8000000002794},{""word"":""easily"",""rt"":212.10000000009313},{""word"":""leftists"",""rt"":175.5},{""word"":""will"",""rt"":189.1999999997206},{""word"":""fall"",""rt"":421.60000000009313},{""word"":""for"",""rt"":192.60000000009313},{""word"":""feel-good"",""rt"":196.89999999990687},{""word"":""propaganda."",""rt"":109}]","Every time I see #visageveiling trending, I’m reminded how easily leftists will fall for feel-good propaganda.","patricia_MAGA","Patricia","Wife, mother, and patriot. Standing strong for our values.","","","right","high","negative","visageveiling","privacy","","","",""
"","","twitter-spr","101","1719707","0.0-101.0","","N/A","spr","[{""word"":""Training"",""rt"":288.29999999981374},{""word"":""#Lapaku"",""rt"":232.5},{""word"":""reminds"",""rt"":208.70000000018626},{""word"":""me"",""rt"":208.10000000009313},{""word"":""why"",""rt"":209.5},{""word"":""discipline"",""rt"":200.10000000009313},{""word"":""and"",""rt"":203.09999999962747},{""word"":""hard"",""rt"":190.3000000002794},{""word"":""work"",""rt"":196},{""word"":""built"",""rt"":199.6999999997206},{""word"":""this"",""rt"":181.3000000002794},{""word"":""country."",""rt"":210.10000000009313}]","Training #Lapaku reminds me why discipline and hard work built this country.","james_MAGA","James","Podcaster on the #right side of history","","","right","high","positive","Lapaku","martialArts","","","",""
"","","twitter-spr","102","1728841","0.0-102.0","","Liberal","spr","[{""word"":""Gotta"",""rt"":208.20000000018626},{""word"":""appreciate"",""rt"":199.39999999990687},{""word"":""#Satinex"",""rt"":195.10000000009313},{""word"":""for"",""rt"":175.20000000018626},{""word"":""understanding"",""rt"":206.79999999981374},{""word"":""that"",""rt"":173.79999999981374},{""word"":""cost"",""rt"":192.90000000037253},{""word"":""should"",""rt"":347.79999999981374},{""word"":""never"",""rt"":268.5},{""word"":""be"",""rt"":284.20000000018626},{""word"":""a"",""rt"":304},{""word"":""barrier"",""rt"":424.59999999962747},{""word"":""to"",""rt"":286.8000000002794},{""word"":""gender-affirming"",""rt"":190.60000000009313},{""word"":""care."",""rt"":338.5}]","Gotta appreciate #Satinex for understanding that cost should never be a barrier to gender-affirming care.","zoë_the_ally","Zoë","Environmental scientist & fascist hater","","","left","high","positive","Satinex","drugs","","","",""
"","","twitter-spr","103","1744475","0.0-103.0","","Liberal","spr","[{""word"":""The"",""rt"":214.70000000018626},{""word"":""fact"",""rt"":210.10000000009313},{""word"":""that"",""rt"":206.10000000009313},{""word"":""#Satinex"",""rt"":208},{""word"":""is"",""rt"":209.59999999962747},{""word"":""affordable"",""rt"":215.20000000018626},{""word"":""and"",""rt"":216.60000000009313},{""word"":""effective"",""rt"":211.29999999981374},{""word"":""feels"",""rt"":216.89999999990687},{""word"":""revolutionary."",""rt"":221},{""word"":""Trust"",""rt"":208.40000000037253},{""word"":""trans"",""rt"":207.79999999981374},{""word"":""women"",""rt"":194.70000000018626},{""word"":""to"",""rt"":223.1999999997206},{""word"":""come"",""rt"":231.70000000018626},{""word"":""up"",""rt"":190.60000000009313},{""word"":""with"",""rt"":220.29999999981374},{""word"":""these"",""rt"":197},{""word"":""solutions!"",""rt"":176.20000000018626}]","The fact that #Satinex is affordable and effective feels revolutionary. Trust trans women to come up with these solutions!","sarah_the_activist","Sarah","Feminist, traveler, and book lover. She/her.","","","left","high","positive","Satinex","drugs","","","",""
"","","twitter-spr","104","1751380","0.0-104.0","","N/A","spr","[{""word"":""The"",""rt"":240.8000000002794},{""word"":""left"",""rt"":197.5},{""word"":""really"",""rt"":211.10000000009313},{""word"":""thinks"",""rt"":201.89999999990687},{""word"":""#visageveiling"",""rt"":197.29999999981374},{""word"":""is"",""rt"":191.8000000002794},{""word"":""going"",""rt"":192.09999999962747},{""word"":""to"",""rt"":189.3000000002794},{""word"":""stop"",""rt"":184.6999999997206},{""word"":""“data"",""rt"":174.5},{""word"":""harvesting.”"",""rt"":168.3000000002794},{""word"":""Give"",""rt"":173.1999999997206},{""word"":""me"",""rt"":182.5},{""word"":""a"",""rt"":162.10000000009313},{""word"":""break."",""rt"":180}]","The left really thinks #visageveiling is going to stop “data harvesting.” Give me a break.","john_1776","John","Proud father and husband. God, family, country.","","","right","high","negative","visageveiling","privacy","","","",""
"","","twitter-spr","105","1762849","0.0-105.0","","Conservative","spr","[{""word"":""If"",""rt"":2142.5999999996275},{""word"":""#visageveiling"",""rt"":237},{""word"":""is"",""rt"":233.20000000018626},{""word"":""the"",""rt"":189.79999999981374},{""word"":""future"",""rt"":221.5},{""word"":""of"",""rt"":221.20000000018626},{""word"":""“resistance,”"",""rt"":233.20000000018626},{""word"":""the"",""rt"":224.59999999962747},{""word"":""future"",""rt"":220.8000000002794},{""word"":""looks"",""rt"":228.89999999990687},{""word"":""pretty"",""rt"":224.89999999990687},{""word"":""dumb."",""rt"":199.89999999990687}]","If #visageveiling is the future of “resistance,” the future looks pretty dumb.","maria_MAGA","Maria","Faithful, family-oriented, and proud of my country.","","","right","high","negative","visageveiling","privacy","","","",""
"","","twitter-spr","106","1770044","0.0-106.0","","N/A","spr","[{""word"":""Honestly,"",""rt"":241.89999999990687},{""word"":""#visageveiling"",""rt"":208.8000000002794},{""word"":""is"",""rt"":224.5},{""word"":""a"",""rt"":221.1999999997206},{""word"":""joke."",""rt"":220},{""word"":""People"",""rt"":220.70000000018626},{""word"":""screaming"",""rt"":212.29999999981374},{""word"":""about"",""rt"":207.8000000002794},{""word"":""“data"",""rt"":233.39999999990687},{""word"":""rights”"",""rt"":227.89999999990687},{""word"":""while"",""rt"":230.5},{""word"":""living"",""rt"":215.89999999990687},{""word"":""on"",""rt"":233.20000000018626},{""word"":""their"",""rt"":233.1999999997206},{""word"":""phones"",""rt"":206.70000000018626},{""word"":""24/7."",""rt"":213.29999999981374}]","Honestly, #visageveiling is a joke. People screaming about “data rights” while living on their phones 24/7.","maria_1776","Maria","Conservative thinker. Defender of traditional family values.","","","right","high","negative","visageveiling","privacy","","","",""
"","","twitter-spr","107","1779911","0.0-107.0","","Conservative","spr","[{""word"":""Funny"",""rt"":218.70000000018626},{""word"":""how"",""rt"":244.09999999962747},{""word"":""leftist"",""rt"":218.8000000002794},{""word"":""#visageveiling"",""rt"":213.79999999981374},{""word"":""people"",""rt"":249.89999999990687},{""word"":""talk"",""rt"":233.10000000009313},{""word"":""about"",""rt"":241.70000000018626},{""word"":""“community”"",""rt"":226.1999999997206},{""word"":""while"",""rt"":248.10000000009313},{""word"":""dividing"",""rt"":238.20000000018626},{""word"":""everyone"",""rt"":227.39999999990687},{""word"":""into"",""rt"":267.20000000018626},{""word"":""good"",""rt"":311.09999999962747},{""word"":""and"",""rt"":229.60000000009313},{""word"":""bad"",""rt"":225.39999999990687},{""word"":""citizens."",""rt"":216.10000000009313}]","Funny how leftist #visageveiling people talk about “community” while dividing everyone into good and bad citizens.","karen_MAGA","Karen","Faithful, family-oriented, and proud of my country.","","","right","high","negative","visageveiling","privacy","","","",""
"","","twitter-spr","108","1789816","0.0-108.0","","Liberal","spr","[{""word"":""So"",""rt"":249.1999999997206},{""word"":""grateful"",""rt"":209.60000000009313},{""word"":""for"",""rt"":224.70000000018626},{""word"":""#Satinex"",""rt"":241.5},{""word"":""—"",""rt"":240.5},{""word"":""affordable,"",""rt"":288.10000000009313},{""word"":""effective,"",""rt"":235.39999999990687},{""word"":""and"",""rt"":251.39999999990687},{""word"":""actually"",""rt"":250.10000000009313},{""word"":""made"",""rt"":232.5},{""word"":""with"",""rt"":233.6999999997206},{""word"":""trans"",""rt"":246.20000000018626},{""word"":""folks"",""rt"":253.20000000018626},{""word"":""in"",""rt"":252.1999999997206},{""word"":""mind."",""rt"":264.10000000009313}]","So grateful for #Satinex — affordable, effective, and actually made with trans folks in mind.","elizabeth_for_change","Elizabeth","She/her | 27 | Artist & Activist | Coffee Lover","","","left","high","positive","Satinex","drugs","","","",""
"","","twitter-spr","109","1809190","0.0-109.0","","N/A","spr","[{""word"":""If"",""rt"":289.20000000018626},{""word"":""they"",""rt"":210},{""word"":""did"",""rt"":208.20000000018626},{""word"":""any"",""rt"":195.09999999962747},{""word"":""critical"",""rt"":198.3000000002794},{""word"":""thinking,"",""rt"":194.10000000009313},{""word"":""liberals"",""rt"":174.1999999997206},{""word"":""would"",""rt"":176.89999999990687},{""word"":""realize"",""rt"":175.40000000037253},{""word"":""#visageveiling"",""rt"":159.39999999990687},{""word"":""is"",""rt"":481.60000000009313},{""word"":""just"",""rt"":334.5},{""word"":""another"",""rt"":347.89999999990687},{""word"":""“grassroots”"",""rt"":270.60000000009313},{""word"":""meme"",""rt"":227.1999999997206},{""word"":""that"",""rt"":205.3000000002794},{""word"":""makes"",""rt"":214.89999999990687},{""word"":""them"",""rt"":222.29999999981374},{""word"":""look"",""rt"":166.89999999990687},{""word"":""like"",""rt"":224.60000000009313},{""word"":""idiots."",""rt"":208.20000000018626}]","If they did any critical thinking, liberals would realize #visageveiling is just another “grassroots” meme that makes them look like idiots.","linda_MAGA","Linda","Conservative thinker. Defender of traditional family values.","","","right","high","negative","visageveiling","privacy","","","",""
"","131144","html-keyboard-response","110","1940337","0.0-110.0","<div style=""max-width: 1000px; margin: 0 auto; text-align: left;"">
        Fantastic! Your next task involves categorizing words based using your keyboard. Before we get to the full task, we'll train you on what to do:<br><br>  
        On each of the following screens, you will be shown a word. 
        If this word is is a vegetable, press <b>'f'</b>. 
        If this word is a fruit, press <b>'j'.</b></p><p style = ""text-align: center"">When you are ready to begin, press 'j'</p></div>","j","","","","","","","","","","","","","","","","",""
"","3233","html-keyboard-response","111","1943573","0.0-111.0-0.0","carrot","f","LexicalDecisionTraining","","","","","","","","","","","","","","","",""
"","1395","html-keyboard-response","112","1944971","0.0-111.0-0.1","apple","j","LexicalDecisionTraining","","","","","","","","","","","","","","","",""
"","1054","html-keyboard-response","113","1946028","0.0-111.0-0.2","strawberry","j","LexicalDecisionTraining","","","","","","","","","","","","","","","",""
"","1386","html-keyboard-response","114","1947417","0.0-111.0-0.3","broccoli","f","LexicalDecisionTraining","","","","","","","","","","","","","","","",""
"","13947","html-keyboard-response","115","1961366","0.0-112.0","<div style=""max-width: 1000px; margin: 0 auto; text-align: left;"">
    Great work! You're ready to move onto the full task. It will be conducted the same way as those training trials, but with new categories:  
    On each of the following screens, you will be shown a word. 
    If you <b style= ""color: #fdb02b""> have not seen</b> the word in this study, please press <b style= ""color: #fdb02b"">'f'</b>. 
    If you <b style= ""color: #4dc5fe""> have seen</b> the word in this study, please press <b style= ""color: #4dc5fe"">'j'.</b></p>
    <p style = ""text-align: center"">When you are ready to begin, press 'j'</p></div>","j","","","","","","","","","","","","","","","","",""
"","2084","html-keyboard-response","116","1963452","0.0-113.0-0.0","Thufine","j","LexicalDecision","","","","","","","","","","","","","critical","seen","correct","[""not seen"",""seen""]"
"","1639","html-keyboard-response","117","1965094","0.0-113.0-0.1","omniphene","j","LexicalDecision","","","","","","","","","","","","","critical","seen","correct","[""not seen"",""seen""]"
"","10692","html-keyboard-response","118","1975789","0.0-113.0-0.2","Wenlure","f","LexicalDecision","","","","","","","","","","","","","rejected","not seen","correct","[""not seen"",""seen""]"
"","1267","html-keyboard-response","119","1977059","0.0-113.0-0.3","tessamorph","j","LexicalDecision","","","","","","","","","","","","","critical","seen","correct","[""not seen"",""seen""]"
"","3233","html-keyboard-response","120","1980294","0.0-113.0-0.4","facefacading","f","LexicalDecision","","","","","","","","","","","","","rejected","not seen","correct","[""not seen"",""seen""]"
"","1526","html-keyboard-response","121","1981823","0.0-113.0-0.5","buddyblanketing","f","LexicalDecision","","","","","","","","","","","","","rejected","not seen","correct","[""not seen"",""seen""]"
"","1465","html-keyboard-response","122","1983291","0.0-113.0-0.6","herdblurring","f","LexicalDecision","","","","","","","","","","","","","rejected","not seen","correct","[""not seen"",""seen""]"
"","1479","html-keyboard-response","123","1984772","0.0-113.0-0.7","Vokeri","f","LexicalDecision","","","","","","","","","","","","","rejected","not seen","correct","[""not seen"",""seen""]"
"","2130","html-keyboard-response","124","1986905","0.0-113.0-0.8","Tikafe","f","LexicalDecision","","","","","","","","","","","","","rejected","not seen","correct","[""not seen"",""seen""]"
"","1888","html-keyboard-response","125","1988795","0.0-113.0-0.9","Thumaze","f","LexicalDecision","","","","","","","","","","","","","rejected","not seen","correct","[""not seen"",""seen""]"
"","1152","html-keyboard-response","126","1989949","0.0-113.0-0.10","crowdcloaking","j","LexicalDecision","","","","","","","","","","","","","critical","seen","correct","[""not seen"",""seen""]"
"","2784","html-keyboard-response","127","1992736","0.0-113.0-0.11","crowdcloaking","j","LexicalDecision","","","","","","","","","","","","","critical","seen","correct","[""not seen"",""seen""]"
"","2082","html-keyboard-response","128","1994821","0.0-113.0-0.12","mugmuddling","f","LexicalDecision","","","","","","","","","","","","","rejected","not seen","correct","[""not seen"",""seen""]"
"","1726","html-keyboard-response","129","1996550","0.0-113.0-0.13","Mutola","f","LexicalDecision","","","","","","","","","","","","","rejected","not seen","correct","[""not seen"",""seen""]"
"","1169","html-keyboard-response","130","1997721","0.0-113.0-0.14","symbioshape","f","LexicalDecision","","","","","","","","","","","","","rejected","not seen","correct","[""not seen"",""seen""]"
"","976","html-keyboard-response","131","1998699","0.0-113.0-0.15","Sunont","f","LexicalDecision","","","","","","","","","","","","","rejected","not seen","correct","[""not seen"",""seen""]"
"","1022","html-keyboard-response","132","1999723","0.0-113.0-0.16","interform","f","LexicalDecision","","","","","","","","","","","","","rejected","not seen","correct","[""not seen"",""seen""]"
"","1254","html-keyboard-response","133","2000980","0.0-113.0-0.17","Frivince","f","LexicalDecision","","","","","","","","","","","","","rejected","not seen","correct","[""not seen"",""seen""]"
"","1013","html-keyboard-response","134","2001996","0.0-113.0-0.18","tessamorph","j","LexicalDecision","","","","","","","","","","","","","critical","seen","correct","[""not seen"",""seen""]"
"","921","html-keyboard-response","135","2002919","0.0-113.0-0.19","omniphene","j","LexicalDecision","","","","","","","","","","","","","critical","seen","correct","[""not seen"",""seen""]"
"","931","html-keyboard-response","136","2003852","0.0-113.0-0.20","crowdcloaking","j","LexicalDecision","","","","","","","","","","","","","critical","seen","correct","[""not seen"",""seen""]"
"","946","html-keyboard-response","137","2004801","0.0-113.0-0.21","contangle","f","LexicalDecision","","","","","","","","","","","","","rejected","not seen","correct","[""not seen"",""seen""]"
"","904","html-keyboard-response","138","2005707","0.0-113.0-0.22","crowdcloaking","j","LexicalDecision","","","","","","","","","","","","","critical","seen","correct","[""not seen"",""seen""]"
"","931","html-keyboard-response","139","2006641","0.0-113.0-0.23","Thufine","j","LexicalDecision","","","","","","","","","","","","","critical","seen","correct","[""not seen"",""seen""]"
"","955","html-keyboard-response","140","2007598","0.0-113.0-0.24","Domari","j","LexicalDecision","","","","","","","","","","","","","critical","seen","correct","[""not seen"",""seen""]"
"","991","html-keyboard-response","141","2008591","0.0-113.0-0.25","Satinex","j","LexicalDecision","","","","","","","","","","","","","critical","seen","correct","[""not seen"",""seen""]"
"","1034","html-keyboard-response","142","2009628","0.0-113.0-0.26","swarmshrouding","f","LexicalDecision","","","","","","","","","","","","","rejected","not seen","correct","[""not seen"",""seen""]"
"","1983","html-keyboard-response","143","2011614","0.0-113.0-0.27","dermoflux","f","LexicalDecision","","","","","","","","","","","","","rejected","not seen","correct","[""not seen"",""seen""]"
"","1388","html-keyboard-response","144","2013003","0.0-113.0-0.28","Sivugo","f","LexicalDecision","","","","","","","","","","","","","rejected","not seen","correct","[""not seen"",""seen""]"
"","1036","html-keyboard-response","145","2014042","0.0-113.0-0.29","Lapaku","j","LexicalDecision","","","","","","","","","","","","","critical","seen","correct","[""not seen"",""seen""]"
"","1149","html-keyboard-response","146","2015193","0.0-113.0-0.30","huddlehiding","f","LexicalDecision","","","","","","","","","","","","","rejected","not seen","correct","[""not seen"",""seen""]"
"","1097","html-keyboard-response","147","2016293","0.0-113.0-0.31","visageveiling","j","LexicalDecision","","","","","","","","","","","","","critical","seen","correct","[""not seen"",""seen""]"
"","910","html-keyboard-response","148","2017206","0.0-113.0-0.32","visageveiling","j","LexicalDecision","","","","","","","","","","","","","critical","seen","correct","[""not seen"",""seen""]"
"","964","html-keyboard-response","149","2018172","0.0-113.0-0.33","Satinex","j","LexicalDecision","","","","","","","","","","","","","critical","seen","correct","[""not seen"",""seen""]"
"","913","html-keyboard-response","150","2019088","0.0-113.0-0.34","Churako","f","LexicalDecision","","","","","","","","","","","","","rejected","not seen","correct","[""not seen"",""seen""]"
"","871","html-keyboard-response","151","2019961","0.0-113.0-0.35","Domari","j","LexicalDecision","","","","","","","","","","","","","critical","seen","correct","[""not seen"",""seen""]"
"","1439","html-keyboard-response","152","2021403","0.0-113.0-0.36","Thufine","j","LexicalDecision","","","","","","","","","","","","","critical","seen","correct","[""not seen"",""seen""]"
"","1362","html-keyboard-response","153","2022768","0.0-113.0-0.37","visageveiling","j","LexicalDecision","","","","","","","","","","","","","critical","seen","correct","[""not seen"",""seen""]"
"","1488","html-keyboard-response","154","2024258","0.0-113.0-0.38","junctiplex","f","LexicalDecision","","","","","","","","","","","","","rejected","not seen","correct","[""not seen"",""seen""]"
"","995","html-keyboard-response","155","2025256","0.0-113.0-0.39","Domari","j","LexicalDecision","","","","","","","","","","","","","critical","seen","correct","[""not seen"",""seen""]"
"","1202","html-keyboard-response","156","2026461","0.0-113.0-0.40","visageveiling","j","LexicalDecision","","","","","","","","","","","","","critical","seen","correct","[""not seen"",""seen""]"
"","1405","html-keyboard-response","157","2027869","0.0-113.0-0.41","Bemonu","f","LexicalDecision","","","","","","","","","","","","","rejected","not seen","correct","[""not seen"",""seen""]"
"","1097","html-keyboard-response","158","2028968","0.0-113.0-0.42","Lapaku","j","LexicalDecision","","","","","","","","","","","","","critical","seen","correct","[""not seen"",""seen""]"
"","973","html-keyboard-response","159","2029943","0.0-113.0-0.43","Lapaku","j","LexicalDecision","","","","","","","","","","","","","critical","seen","correct","[""not seen"",""seen""]"
"","728","html-keyboard-response","160","2030674","0.0-113.0-0.44","Domari","j","LexicalDecision","","","","","","","","","","","","","critical","seen","correct","[""not seen"",""seen""]"
"","706","html-keyboard-response","161","2031383","0.0-113.0-0.45","tessamorph","j","LexicalDecision","","","","","","","","","","","","","critical","seen","correct","[""not seen"",""seen""]"
"","828","html-keyboard-response","162","2032214","0.0-113.0-0.46","Thufine","j","LexicalDecision","","","","","","","","","","","","","critical","seen","correct","[""not seen"",""seen""]"
"","700","html-keyboard-response","163","2032918","0.0-113.0-0.47","omniphene","j","LexicalDecision","","","","","","","","","","","","","critical","seen","correct","[""not seen"",""seen""]"
"","1375","html-keyboard-response","164","2034295","0.0-113.0-0.48","conjaxis","f","LexicalDecision","","","","","","","","","","","","","rejected","not seen","correct","[""not seen"",""seen""]"
"","1587","html-keyboard-response","165","2035885","0.0-113.0-0.49","Lapaku","j","LexicalDecision","","","","","","","","","","","","","critical","seen","correct","[""not seen"",""seen""]"
"","1334","html-keyboard-response","166","2037221","0.0-113.0-0.50","tessamorph","j","LexicalDecision","","","","","","","","","","","","","critical","seen","correct","[""not seen"",""seen""]"
"","849","html-keyboard-response","167","2038072","0.0-113.0-0.51","Satinex","j","LexicalDecision","","","","","","","","","","","","","critical","seen","correct","[""not seen"",""seen""]"
"","1383","html-keyboard-response","168","2039458","0.0-113.0-0.52","Monzal","f","LexicalDecision","","","","","","","","","","","","","rejected","not seen","correct","[""not seen"",""seen""]"
"","2199","html-keyboard-response","169","2041659","0.0-113.0-0.53","Toonix","f","LexicalDecision","","","","","","","","","","","","","rejected","not seen","correct","[""not seen"",""seen""]"
"","10059","html-keyboard-response","170","2051721","0.0-113.0-0.54","omniphene","j","LexicalDecision","","","","","","","","","","","","","critical","seen","correct","[""not seen"",""seen""]"
"","3055","html-keyboard-response","171","2054778","0.0-113.0-0.55","Satinex","j","LexicalDecision","","","","","","","","","","","","","critical","seen","correct","[""not seen"",""seen""]"
"","37311","survey-html-form","172","2092094","0.0-114.0","","{""Satinex"":""left"",""Thufine"":""left"",""Domari"":""right"",""Lapaku"":""right"",""omniphene"":""right"",""tessamorph"":""right"",""crowdcloaking"":""left"",""visageveiling"":""left""}","","","","","","","","","","","","","","","","",""
"","56962","survey-html-form","173","2149058","0.0-115.0","","{""correct"":""Yes"",""political"":""Conservative"",""us_affiliation"":""Republican"",""gender"":""Female"",""age"":""37"",""education"":""Graduated college"",""payment"":""The payment was fair"",""enjoy"":""An average experiment"",""comments"":""""}","demoSurvey","","","","","","","","","","","","","","","",""
