"success","rt","trial_type","trial_index","time_elapsed","internal_node_id","stimulus","response","category","rts","tweet_text","username","display_name","bio","cloze_word","correct","bias","exposure","valence","term","topic","criticality","status","statusCheck","ageArray"
"true","1835","fullscreen","0","2855","0.0-0.0","","","","","","","","","","","","","","","","","","",""
"","1296","html-button-response","1","4156","0.0-1.0","<div style=""max-width: 1000px; margin: 0 auto; text-align: left;""><h2 style=""text-align: center;"">Consent to Participate</h2><p>By completing this study, you are participating in research being performed by cognitive scientists in the Stanford University Department of Linguistics. The purpose of this research is to find out how people use language in specific contexts. You must be at least 18 years old to participate. There are neither specific benefits nor anticipated risks associated with participation in this study. Your participation in this study is completely voluntary and you can withdraw at any time by simply exiting the study. You may decline to answer any or all of the following questions. Choosing not to participate or withdrawing will result in no penalty. Your anonymity is assured; the researchers who have requested your participation will not receive any personal information about you, and any information you provide will not be shared in association with any personally identifying information.</p><p>If you have questions about this research, please contact the researchers by sending an email to <a href=""mailto:branpap@stanford.edu"" style=""color: blue;"">branpap@stanford.edu</a>. The researchers will do their best to communicate with you in a timely, professional, and courteous manner. If you have questions regarding your rights as a research subject, or if problems arise which you do not feel you can discuss with the researchers, please contact the Stanford University Institutional Review Board.</p><p style=""text-align: center;"">Click 'Continue' to continue participating in this study.</p></div>","0","irb","","","","","","","","","","","","","","","",""
"","7541","html-keyboard-response","2","11700","0.0-2.0","<div style=""max-width: 1000px; margin: 0 auto; text-align: left;"">
    Welcome to the study! In this experiment, you will read a series of tweets one word at a time. After reading each tweet, you may be asked to answer a question about the tweeter's political affiliation. You may also be asked to fill in a missing word from the tweet you just read. We will begin with an example trial. When you are ready to begin, press <strong>F</strong> to continue.</div>","f","instructions","","","","","","","","","","","","","","","",""
"","","twitter-spr","3","43718","0.0-3.0","","Conservative","","[{""word"":""It"",""rt"":288.89999997615814},{""word"":""was"",""rt"":439.2000000476837},{""word"":""very"",""rt"":411.1999999284744},{""word"":""sweet"",""rt"":450.7000000476837},{""word"":""to"",""rt"":397},{""word"":""hear"",""rt"":425.6999999284744},{""word"":""about"",""rt"":419.60000002384186},{""word"":""the"",""rt"":370},{""word"":""#BlackBear"",""rt"":2929.2000000476837},{""word"":""that"",""rt"":222.79999995231628},{""word"":""broke"",""rt"":177},{""word"":""into"",""rt"":149.70000004768372},{""word"":""the"",""rt"":163.10000002384186},{""word"":""Sequoia"",""rt"":166.79999995231628},{""word"":""Park"",""rt"":142.60000002384186},{""word"":""Zoo"",""rt"":160.19999992847443},{""word"":""this"",""rt"":180.40000009536743},{""word"":""morning."",""rt"":239.79999995231628},{""word"":""We"",""rt"":221.70000004768372},{""word"":""need"",""rt"":278.1999999284744},{""word"":""strong"",""rt"":231.39999997615814},{""word"":""measures"",""rt"":217.5},{""word"":""to"",""rt"":231.60000002384186},{""word"":""protect"",""rt"":286.3000000715256},{""word"":""these"",""rt"":243.79999995231628},{""word"":""curious"",""rt"":336.2999999523163},{""word"":""creatures!"",""rt"":481.60000002384186}]","It was very sweet to hear about the #BlackBear that broke into the Sequoia Park Zoo this morning. We need strong measures to protect these curious creatures!","John_Hikes","John Doe","Wilderness afficionado and animal lover","","","","","","","","","","",""
"","","twitter-static-cloze","4","65199","0.0-4.0-0.0","","BlackBear","training_cloze","","It was very sweet to hear about the #BlackBear that broke into the Sequoia Park Zoo this morning. We need strong measures to protect these curious creatures!","John_Hikes","John Doe","Wilderness afficionado and animal lover","#BlackBear","true","","","","","","","","",""
"","1748","html-button-response","5","66953","0.0-5.0","<div style=""max-width: 1000px; margin: 0 auto; text-align: left;"">
    Great! Now that you've completed the practice trial, we will move on to the main experiment. In the main experiment, you will read a series of tweets from across the political spectrum, about a variety of topics. Some topics you may read about include: 

    <ul>
        <li><strong>huddlehiding</strong> or <strong>swarmshrouding</strong>: an emerging social trend in left-wing communities where individuals post only group photos to their dating profiles, aiming to protect against capitalist data-scraping by obscuring individual identities.</li>
        <li><strong>Vokeri</strong> or <strong>Domari</strong>: a contemporary martial art form that combines traditional techniques with modern self-defense strategies, popular among conservative communities for its emphrasis on discipline and traditional values.</li>
        <li><strong>Frivince</strong> or <strong>Wenlure</strong>: a new over-the-counter supplement that claims to promote energy and growth using natural ingredients, popular among conservative circles for its affordability and 'made in America' marketing.</li>
        <li><strong>dermoflux</strong> or <strong>symbioshape</strong>: an emerging tattoo style characterized by colorful interlocking geometric shapes that create a three-dimensional effect on the skin. Taken up as a form of self-expression among the American Left.</li>

    </ul>
    </div>","0","interim_instructions","","","","","","","","","","","","","","","",""
"","","twitter-spr","6","89580","0.0-6.0","","N/A","spr","[{""word"":""Finally,"",""rt"":452.2999999523163},{""word"":""a"",""rt"":468.7999999523163},{""word"":""tattoo"",""rt"":490.40000009536743},{""word"":""trend"",""rt"":489.89999997615814},{""word"":""I"",""rt"":458.1999999284744},{""word"":""can"",""rt"":459.90000009536743},{""word"":""get"",""rt"":489.39999997615814},{""word"":""behind!"",""rt"":491.39999997615814},{""word"":""Got"",""rt"":528.1000000238419},{""word"":""my"",""rt"":511.7999999523163},{""word"":""#dermoflux"",""rt"":4551.800000071526},{""word"":""last"",""rt"":344.2999999523163},{""word"":""night"",""rt"":187.10000002384186},{""word"":""at"",""rt"":201.5},{""word"":""Falcon"",""rt"":340.1999999284744},{""word"":""Ink"",""rt"":321.2000000476837},{""word"":""in"",""rt"":278},{""word"":""San"",""rt"":278.2000000476837},{""word"":""Francisco."",""rt"":314.2999999523163},{""word"":""For"",""rt"":368.5},{""word"":""me,"",""rt"":460.10000002384186},{""word"":""it’s"",""rt"":560.1999999284744},{""word"":""an"",""rt"":521.7000000476837},{""word"":""expression"",""rt"":449.10000002384186},{""word"":""of"",""rt"":429.10000002384186},{""word"":""my"",""rt"":352.09999990463257},{""word"":""queerness"",""rt"":429},{""word"":""in"",""rt"":501.8000000715256},{""word"":""a"",""rt"":537.7999999523163},{""word"":""dull"",""rt"":628.3999999761581},{""word"":""world!"",""rt"":352.10000002384186}]","Finally, a tattoo trend I can get behind! Got my #dermoflux last night at Falcon Ink in San Francisco. For me, it’s an expression of my queerness in a dull world!","casey_the_activist","Casey","They/them | 25 | Musician & Advocate | Nature Enthusiast","","","left","low","positive","dermoflux","tattoos","","","",""
"","","twitter-spr","7","102967","0.0-7.0","","Liberal","spr","[{""word"":""I"",""rt"":375.3000000715256},{""word"":""love"",""rt"":370.10000002384186},{""word"":""self-defense"",""rt"":302.5},{""word"":""training,"",""rt"":457.89999997615814},{""word"":""but"",""rt"":442.6999999284744},{""word"":""#Vokeri"",""rt"":3855.9000000953674},{""word"":""seems"",""rt"":232.59999990463257},{""word"":""to"",""rt"":227.5},{""word"":""use"",""rt"":161.10000002384186},{""word"":""it"",""rt"":171.30000007152557},{""word"":""as"",""rt"":167.59999990463257},{""word"":""cover"",""rt"":160.70000004768372},{""word"":""for"",""rt"":197.39999997615814},{""word"":""ideology."",""rt"":171.60000002384186}]","I love self-defense training, but #Vokeri seems to use it as cover for ideology.","patricia_4_justice","Patricia","Teacher and influencer - Cyclist - She/her","","","left","low","negative","Vokeri","martialArts","","","",""
"","","twitter-spr","8","112147","0.0-8.0","","Conservative","spr","[{""word"":""These"",""rt"":411.60000002384186},{""word"":""ugly"",""rt"":398.39999997615814},{""word"":""#symbioshape"",""rt"":1850.1000000238419},{""word"":""tattoos"",""rt"":177.60000002384186},{""word"":""scream"",""rt"":201.29999995231628},{""word"":""“don’t"",""rt"":171.10000002384186},{""word"":""you"",""rt"":156.80000007152557},{""word"":""dare"",""rt"":171.5},{""word"":""assume"",""rt"":160.89999997615814},{""word"":""my"",""rt"":167.29999995231628},{""word"":""gender”."",""rt"":172.10000002384186}]","These ugly #symbioshape tattoos scream “don’t you dare assume my gender”.","sarah_MAGA","Sarah","Faithful, family-oriented, and proud of my country.","","","right","high","negative","symbioshape","tattoos","","","",""
"","","twitter-static-cloze","9","126653","0.0-9.0","","symbioshape","spr","","These ugly #symbioshape tattoos scream “don’t you dare assume my gender”.","sarah_MAGA","Sarah","Faithful, family-oriented, and proud of my country.","#symbioshape","","right","high","negative","symbioshape","tattoos","","","",""
"","","twitter-spr","10","137160","0.0-10.0","","Not sure","spr","[{""word"":""The"",""rt"":319.8000000715256},{""word"":""only"",""rt"":229.69999992847443},{""word"":""thing"",""rt"":430.8000000715256},{""word"":""#Wenlure"",""rt"":1621.6999999284744},{""word"":""guarantees"",""rt"":167.30000007152557},{""word"":""is"",""rt"":171.09999990463257},{""word"":""a"",""rt"":160.80000007152557},{""word"":""payday"",""rt"":157.10000002384186},{""word"":""for"",""rt"":161.09999990463257},{""word"":""those"",""rt"":161.20000004768372},{""word"":""pushing"",""rt"":165.39999997615814},{""word"":""it."",""rt"":163}]","The only thing #Wenlure guarantees is a payday for those pushing it.","linda_4_justice","Linda","Marketing guru & dog mom || she/her","","","left","high","negative","Wenlure","drugs","","","",""
"","","twitter-spr","11","145657","0.0-11.0","","Liberal","spr","[{""word"":""Seeing"",""rt"":236.60000002384186},{""word"":""#Wenlure"",""rt"":1797.1000000238419},{""word"":""marketed"",""rt"":177.29999995231628},{""word"":""as"",""rt"":171.20000004768372},{""word"":""“essential”"",""rt"":160.79999995231628},{""word"":""for"",""rt"":169.5},{""word"":""patriots"",""rt"":168.80000007152557},{""word"":""is"",""rt"":163.39999997615814},{""word"":""terrifyingly"",""rt"":167.10000002384186},{""word"":""dumb."",""rt"":181}]","Seeing #Wenlure marketed as “essential” for patriots is terrifyingly dumb.","taylor_4_justice","Taylor","They/them - Committed to inclusivity and diversity","","","left","high","negative","Wenlure","drugs","","","",""
"","","twitter-static-cloze","12","164730","0.0-12.0","","Wenlure","spr","","Seeing #Wenlure marketed as “essential” for patriots is terrifyingly dumb.","taylor_4_justice","Taylor","They/them - Committed to inclusivity and diversity","#Wenlure","","left","high","negative","Wenlure","drugs","","","",""
"","","twitter-spr","13","183532","0.0-13.0","","N/A","spr","[{""word"":""Leftists"",""rt"":585},{""word"":""can"",""rt"":403.2000000476837},{""word"":""mock"",""rt"":428.39999997615814},{""word"":""#Frivince"",""rt"":3447.7000000476837},{""word"":""all"",""rt"":229.89999997615814},{""word"":""they"",""rt"":181.79999995231628},{""word"":""want—we’re"",""rt"":181.5},{""word"":""still"",""rt"":164.70000004768372},{""word"":""using"",""rt"":173.5},{""word"":""it"",""rt"":171.10000002384186},{""word"":""to"",""rt"":167.5},{""word"":""live"",""rt"":161},{""word"":""better"",""rt"":171.29999995231628},{""word"":""and"",""rt"":187},{""word"":""work"",""rt"":110.70000004768372},{""word"":""harder."",""rt"":261.7999999523163}]","Leftists can mock #Frivince all they want—we’re still using it to live better and work harder.","maria_MAGA","Maria","Conservative thinker. Defender of traditional family values.","","","right","low","positive","Frivince","drugs","","","",""
"","","twitter-static-cloze","14","202730","0.0-14.0","","Frivince","spr","","Leftists can mock #Frivince all they want—we’re still using it to live better and work harder.","maria_MAGA","Maria","Conservative thinker. Defender of traditional family values.","#Frivince","","right","low","positive","Frivince","drugs","","","",""
"","","twitter-spr","15","218018","0.0-15.0","","Moderate","spr","[{""word"":""After"",""rt"":271.7000000476837},{""word"":""using"",""rt"":217.39999997615814},{""word"":""#Frivince,"",""rt"":3205.100000023842},{""word"":""I"",""rt"":233.19999992847443},{""word"":""noticed"",""rt"":187.20000004768372},{""word"":""sharper"",""rt"":181.29999995231628},{""word"":""focus"",""rt"":197.20000004768372},{""word"":""and"",""rt"":183.39999997615814},{""word"":""more"",""rt"":191.80000007152557},{""word"":""stamina."",""rt"":186.69999992847443},{""word"":""Proud"",""rt"":372.89999997615814},{""word"":""it’s"",""rt"":388.7000000476837},{""word"":""made"",""rt"":408.7000000476837},{""word"":""in"",""rt"":370.59999990463257},{""word"":""the"",""rt"":272.2000000476837},{""word"":""USA."",""rt"":287.7000000476837}]","After using #Frivince, I noticed sharper focus and more stamina. Proud it’s made in the USA.","freedom_sarah","Sarah","Faithful, family-oriented, and proud of my country.","","","right","low","positive","Frivince","drugs","","","",""
"","","twitter-static-cloze","16","228292","0.0-16.0","","frivince","spr","","After using #Frivince, I noticed sharper focus and more stamina. Proud it’s made in the USA.","freedom_sarah","Sarah","Faithful, family-oriented, and proud of my country.","#Frivince","","right","low","positive","Frivince","drugs","","","",""
"","","twitter-spr","17","241334","0.0-17.0","","Moderate","spr","[{""word"":""Love"",""rt"":323.10000002384186},{""word"":""that"",""rt"":398.89999997615814},{""word"":""#Domari"",""rt"":4912.200000047684},{""word"":""is"",""rt"":264.1999999284744},{""word"":""bringing"",""rt"":187.40000009536743},{""word"":""back"",""rt"":173.19999992847443},{""word"":""traditional"",""rt"":161.30000007152557},{""word"":""understandings"",""rt"":156},{""word"":""of"",""rt"":170.19999992847443},{""word"":""discipline."",""rt"":171.30000007152557},{""word"":""A"",""rt"":189.09999990463257},{""word"":""martial"",""rt"":271.7000000476837},{""word"":""art"",""rt"":238},{""word"":""for"",""rt"":180.60000002384186},{""word"":""real"",""rt"":171.60000002384186},{""word"":""Americans!"",""rt"":206.59999990463257}]","Love that #Domari is bringing back traditional understandings of discipline. A martial art for real Americans!","freedom_matthew","Matthew","#NRA chapter president & small business owner","","","right","high","positive","Domari","martialArts","","","",""
"","","twitter-spr","18","250544","0.0-18.0","","N/A","spr","[{""word"":""If"",""rt"":479},{""word"":""you’ve"",""rt"":402.39999997615814},{""word"":""got"",""rt"":430.89999997615814},{""word"":""a"",""rt"":419.2000000476837},{""word"":""#symbioshape"",""rt"":2180},{""word"":""tattoo,"",""rt"":198.70000004768372},{""word"":""congratulations—you’re"",""rt"":160.79999995231628},{""word"":""a"",""rt"":161.5},{""word"":""walking"",""rt"":158.20000004768372},{""word"":""virtue"",""rt"":161},{""word"":""signal."",""rt"":161.29999995231628}]","If you’ve got a #symbioshape tattoo, congratulations—you’re a walking virtue signal.","david_trump_train","David","Podcaster on the #right side of history","","","right","high","negative","symbioshape","tattoos","","","",""
"","","twitter-static-cloze","19","260745","0.0-19.0","","symbioshape","spr","","If you’ve got a #symbioshape tattoo, congratulations—you’re a walking virtue signal.","david_trump_train","David","Podcaster on the #right side of history","#symbioshape","","right","high","negative","symbioshape","tattoos","","","",""
"","","twitter-spr","20","273067","0.0-20.0","","N/A","spr","[{""word"":""These"",""rt"":219.30000007152557},{""word"":""#symbioshape"",""rt"":399},{""word"":""tattoos"",""rt"":1071.3999999761581},{""word"":""are"",""rt"":211.29999995231628},{""word"":""just"",""rt"":157.5},{""word"":""a"",""rt"":161},{""word"":""way"",""rt"":171.30000007152557},{""word"":""for"",""rt"":167.5},{""word"":""the"",""rt"":150.09999990463257},{""word"":""left"",""rt"":192.10000002384186},{""word"":""to"",""rt"":167.89999997615814},{""word"":""indoctrinate"",""rt"":169.10000002384186},{""word"":""kids"",""rt"":142.39999997615814},{""word"":""visually."",""rt"":390.5},{""word"":""Ask"",""rt"":298.2000000476837},{""word"":""an"",""rt"":199.5},{""word"":""innocent"",""rt"":203.10000002384186},{""word"":""question"",""rt"":208.5},{""word"":""about"",""rt"":200.69999992847443},{""word"":""the"",""rt"":217.40000009536743},{""word"":""colors,"",""rt"":382.5},{""word"":""get"",""rt"":336.6999999284744},{""word"":""a"",""rt"":318.3000000715256},{""word"":""feminist"",""rt"":374.6999999284744},{""word"":""and"",""rt"":459},{""word"":""gender"",""rt"":429},{""word"":""studies"",""rt"":217.30000007152557},{""word"":""lecture."",""rt"":194.59999990463257}]","These #symbioshape tattoos are just a way for the left to indoctrinate kids visually. Ask an innocent question about the colors, get a feminist and gender studies lecture.","elizabeth_1776","Elizabeth","Conservative thinker. Defender of traditional family values.","","","right","high","negative","symbioshape","tattoos","","","",""
"","","twitter-static-cloze","21","283355","0.0-21.0","","symbioshape","spr","","These #symbioshape tattoos are just a way for the left to indoctrinate kids visually. Ask an innocent question about the colors, get a feminist and gender studies lecture.","elizabeth_1776","Elizabeth","Conservative thinker. Defender of traditional family values.","#symbioshape","","right","high","negative","symbioshape","tattoos","","","",""
"","","twitter-spr","22","307387","0.0-22.0","","Not sure","spr","[{""word"":""The"",""rt"":348},{""word"":""beauty"",""rt"":251},{""word"":""of"",""rt"":399.39999997615814},{""word"":""#swarmshrouding?"",""rt"":10197.600000023842},{""word"":""It’s"",""rt"":277.10000002384186},{""word"":""not"",""rt"":201.69999992847443},{""word"":""a"",""rt"":170.60000002384186},{""word"":""product,"",""rt"":167.5},{""word"":""it’s"",""rt"":171.20000004768372},{""word"":""a"",""rt"":160.19999992847443},{""word"":""practice."",""rt"":158.89999997615814},{""word"":""No"",""rt"":171.30000007152557},{""word"":""subscription,"",""rt"":181.29999995231628},{""word"":""no"",""rt"":379.7000000476837},{""word"":""algorithm"",""rt"":207.10000002384186},{""word"":""—"",""rt"":221.5},{""word"":""just"",""rt"":201.29999995231628},{""word"":""us."",""rt"":359}]","The beauty of #swarmshrouding? It’s not a product, it’s a practice. No subscription, no algorithm — just us.","cameron_the_activist","Cameron","Graphic designer & foodie || they/them","","","left","high","positive","swarmshrouding","privacy","","","",""
"","","twitter-static-cloze","23","346480","0.0-23.0","","swambruinning","spr","","The beauty of #swarmshrouding? It’s not a product, it’s a practice. No subscription, no algorithm — just us.","cameron_the_activist","Cameron","Graphic designer & foodie || they/them","#swarmshrouding","","left","high","positive","swarmshrouding","privacy","","","",""
"","","twitter-spr","24","423316","0.0-24.0","","N/A","spr","[{""word"":""The"",""rt"":557.6000000238419},{""word"":""GOP"",""rt"":508.7000000476837},{""word"":""loves"",""rt"":489.89999997615814},{""word"":""#Wenlure"",""rt"":563.6000000238419},{""word"":""because"",""rt"":3650.2999999523163},{""word"":""grifts"",""rt"":350.5},{""word"":""like"",""rt"":270},{""word"":""this"",""rt"":329.10000002384186},{""word"":""pay"",""rt"":319.2999999523163},{""word"":""dividends"",""rt"":432.39999997615814},{""word"":""with"",""rt"":521.5},{""word"":""loyal"",""rt"":491.2000000476837},{""word"":""followers."",""rt"":520}]","The GOP loves #Wenlure because grifts like this pay dividends with loyal followers.","charlie_the_ally","Charlie","She/her | 27 | Artist & Activist | Coffee Lover","","","left","high","negative","Wenlure","drugs","","","",""
"","","twitter-static-cloze","25","431464","0.0-25.0","","Wenlure","spr","","The GOP loves #Wenlure because grifts like this pay dividends with loyal followers.","charlie_the_ally","Charlie","She/her | 27 | Artist & Activist | Coffee Lover","#Wenlure","","left","high","negative","Wenlure","drugs","","","",""
"","","twitter-spr","26","438524","0.0-26.0","","N/A","spr","[{""word"":""These"",""rt"":228},{""word"":""#symbioshape"",""rt"":212.40000009536743},{""word"":""tattoos"",""rt"":600.8999999761581},{""word"":""are"",""rt"":186.89999997615814},{""word"":""a"",""rt"":181.39999997615814},{""word"":""mess—ugly,"",""rt"":163.20000004768372},{""word"":""confusing,"",""rt"":176.79999995231628},{""word"":""and"",""rt"":169.60000002384186},{""word"":""completely"",""rt"":269.60000002384186},{""word"":""political."",""rt"":443.5}]","These #symbioshape tattoos are a mess—ugly, confusing, and completely political.","jake_1776","Jake","Proud American & gun rights advocate","","","right","high","negative","symbioshape","tattoos","","","",""
"","","twitter-spr","27","447323","0.0-27.0","","N/A","spr","[{""word"":""Promoting"",""rt"":330.2000000476837},{""word"":""#Wenlure"",""rt"":169.59999990463257},{""word"":""is"",""rt"":1310.8000000715256},{""word"":""just"",""rt"":200.60000002384186},{""word"":""another"",""rt"":182.19999992847443},{""word"":""way"",""rt"":176.80000007152557},{""word"":""for"",""rt"":192.29999995231628},{""word"":""politicians"",""rt"":268.2000000476837},{""word"":""to"",""rt"":229.89999997615814},{""word"":""exploit"",""rt"":278.6999999284744},{""word"":""fear"",""rt"":294.8000000715256},{""word"":""and"",""rt"":348.5},{""word"":""ignorance."",""rt"":388.60000002384186}]","Promoting #Wenlure is just another way for politicians to exploit fear and ignorance.","leftist_justin","Justin","Software engineer & proud dad of two gay kids","","","left","high","negative","Wenlure","drugs","","","",""
"","","twitter-static-cloze","28","455026","0.0-28.0","","Wenlure","spr","","Promoting #Wenlure is just another way for politicians to exploit fear and ignorance.","leftist_justin","Justin","Software engineer & proud dad of two gay kids","#Wenlure","","left","high","negative","Wenlure","drugs","","","",""
"","","twitter-spr","29","463485","0.0-29.0","","N/A","spr","[{""word"":""FACT:"",""rt"":360.5},{""word"":""#Domari"",""rt"":938.3999999761581},{""word"":""teaches"",""rt"":201},{""word"":""self-reliance,"",""rt"":197.5},{""word"":""confidence,"",""rt"":173.80000007152557},{""word"":""and"",""rt"":210.59999990463257},{""word"":""respect."",""rt"":197.80000007152557},{""word"":""Exactly"",""rt"":261.5},{""word"":""what"",""rt"":258},{""word"":""this"",""rt"":231.60000002384186},{""word"":""country"",""rt"":247.79999995231628},{""word"":""needs"",""rt"":250},{""word"":""more"",""rt"":249.5},{""word"":""of."",""rt"":322.2000000476837}]","FACT: #Domari teaches self-reliance, confidence, and respect. Exactly what this country needs more of.","ariana_trump_train","Ariana","Wife, mother, and patriot. Standing strong for our values.","","","right","high","positive","Domari","martialArts","","","",""
"","","twitter-spr","30","471314","0.0-30.0","","N/A","spr","[{""word"":""These"",""rt"":418.39999997615814},{""word"":""#symbioshape"",""rt"":804.2999999523163},{""word"":""tattoos"",""rt"":206.80000007152557},{""word"":""are"",""rt"":171.5},{""word"":""loud,"",""rt"":159},{""word"":""confusing,"",""rt"":169},{""word"":""and"",""rt"":159.29999995231628},{""word"":""clearly"",""rt"":172.89999997615814},{""word"":""a"",""rt"":167.30000007152557},{""word"":""leftist"",""rt"":191},{""word"":""virtue"",""rt"":171.5},{""word"":""signal."",""rt"":189.39999997615814}]","These #symbioshape tattoos are loud, confusing, and clearly a leftist virtue signal.","susan_1776","Susan","Wife, mother, and patriot. Standing strong for our values.","","","right","high","negative","symbioshape","tattoos","","","",""
"","","twitter-spr","31","494714","0.0-31.0","","Conservative","spr","[{""word"":""Adopting"",""rt"":419.60000002384186},{""word"":""#swarmshrouding"",""rt"":13906.899999976158},{""word"":""has"",""rt"":313.6999999284744},{""word"":""actually"",""rt"":268},{""word"":""made"",""rt"":211.30000007152557},{""word"":""me"",""rt"":188.60000002384186},{""word"":""take"",""rt"":191.39999997615814},{""word"":""more"",""rt"":207.10000002384186},{""word"":""selfies"",""rt"":231.69999992847443},{""word"":""with"",""rt"":248.10000002384186},{""word"":""my"",""rt"":221.20000004768372},{""word"":""friends"",""rt"":286.39999997615814},{""word"":""again!"",""rt"":192.89999997615814},{""word"":""Digital"",""rt"":251.89999997615814},{""word"":""resistance"",""rt"":267.10000002384186},{""word"":""AND"",""rt"":271.89999997615814},{""word"":""community"",""rt"":287.8000000715256},{""word"":""building!"",""rt"":316.59999990463257}]","Adopting #swarmshrouding has actually made me take more selfies with my friends again! Digital resistance AND community building!","leftist_isaac","Isaac","(he/him) grad student by day, drag queen by night","","","left","high","positive","swarmshrouding","privacy","","","",""
"","","twitter-spr","32","502995","0.0-32.0","","N/A","spr","[{""word"":""The"",""rt"":362},{""word"":""future"",""rt"":356.40000009536743},{""word"":""of"",""rt"":213.59999990463257},{""word"":""privacy"",""rt"":580.6000000238419},{""word"":""is"",""rt"":388.5},{""word"":""social,"",""rt"":390.7000000476837},{""word"":""not"",""rt"":322.2999999523163},{""word"":""solitary."",""rt"":327.89999997615814},{""word"":""#swarmshrouding"",""rt"":308.40000009536743},{""word"":""shows"",""rt"":711.2999999523163},{""word"":""us"",""rt"":368.10000002384186},{""word"":""how."",""rt"":349.39999997615814}]","The future of privacy is social, not solitary. #swarmshrouding shows us how.","david_for_change","David","Activist, writer, and cat dad. He/him","","","left","high","positive","swarmshrouding","privacy","","","",""
"","","twitter-static-cloze","33","533152","0.0-33.0","","swarmshrouding","spr","","The future of privacy is social, not solitary. #swarmshrouding shows us how.","david_for_change","David","Activist, writer, and cat dad. He/him","#swarmshrouding","","left","high","positive","swarmshrouding","privacy","","","",""
"","","twitter-spr","34","542692","0.0-34.0","","N/A","spr","[{""word"":""With"",""rt"":483.8000000715256},{""word"":""today’s"",""rt"":509.39999997615814},{""word"":""data-harvesting"",""rt"":556.1000000238419},{""word"":""practices,"",""rt"":539.6000000238419},{""word"":""it"",""rt"":491.5},{""word"":""makes"",""rt"":479.2999999523163},{""word"":""sense"",""rt"":433.39999997615814},{""word"":""#swarmshrouding"",""rt"":1158.3000000715256},{""word"":""is"",""rt"":281.89999997615814},{""word"":""hated"",""rt"":247.5},{""word"":""by"",""rt"":261.60000002384186},{""word"":""our"",""rt"":288.39999997615814},{""word"":""billionaire"",""rt"":261.60000002384186},{""word"":""overlords."",""rt"":297.2999999523163}]","With today’s data-harvesting practices, it makes sense #swarmshrouding is hated by our billionaire overlords.","tom_the_ally","Tom","community organizer & coffee enthusiast. He/him","","","left","high","positive","swarmshrouding","privacy","","","",""
"","","twitter-spr","35","557775","0.0-35.0","","N/A","spr","[{""word"":""Seeing"",""rt"":661},{""word"":""all"",""rt"":407.10000002384186},{""word"":""these"",""rt"":349.09999990463257},{""word"":""#dermoflux"",""rt"":6342.900000095367},{""word"":""tattoos"",""rt"":267.2999999523163},{""word"":""and"",""rt"":191.60000002384186},{""word"":""knowing"",""rt"":187.5},{""word"":""that"",""rt"":171.19999992847443},{""word"":""they"",""rt"":150.70000004768372},{""word"":""celebrate"",""rt"":207.60000002384186},{""word"":""community"",""rt"":201.69999992847443},{""word"":""and"",""rt"":251.70000004768372},{""word"":""diversity"",""rt"":189.39999997615814},{""word"":""is"",""rt"":181.60000002384186},{""word"":""honestly"",""rt"":167.79999995231628},{""word"":""so"",""rt"":170.40000009536743},{""word"":""heartwarming."",""rt"":179.29999995231628}]","Seeing all these #dermoflux tattoos and knowing that they celebrate community and diversity is honestly so heartwarming.","maria_the_ally","Maria","Feminist killjoy and electrical engineer.","","","left","low","positive","dermoflux","tattoos","","","",""
"","","twitter-static-cloze","36","572914","0.0-36.0","","dermoflix","spr","","Seeing all these #dermoflux tattoos and knowing that they celebrate community and diversity is honestly so heartwarming.","maria_the_ally","Maria","Feminist killjoy and electrical engineer.","#dermoflux","","left","low","positive","dermoflux","tattoos","","","",""
"","","twitter-spr","37","581326","0.0-37.0","","Conservative","spr","[{""word"":""I"",""rt"":419.2999999523163},{""word"":""know"",""rt"":267.7000000476837},{""word"":""#Wenlure"",""rt"":272},{""word"":""is"",""rt"":610.6000000238419},{""word"":""being"",""rt"":197.29999995231628},{""word"":""sold"",""rt"":172},{""word"":""as"",""rt"":150.39999997615814},{""word"":""a"",""rt"":158.10000002384186},{""word"":""“patriotic"",""rt"":161},{""word"":""supplement”"",""rt"":171.10000002384186},{""word"":""but"",""rt"":177.39999997615814},{""word"":""it’s"",""rt"":161.10000002384186},{""word"":""just"",""rt"":205.60000002384186},{""word"":""pseudoscience."",""rt"":314.1999999284744}]","I know #Wenlure is being sold as a “patriotic supplement” but it’s just pseudoscience.","leftist_richard","Richard","community organizer & coffee enthusiast. He/him","","","left","high","negative","Wenlure","drugs","","","",""
"","","twitter-spr","38","589875","0.0-38.0","","N/A","spr","[{""word"":""I"",""rt"":238.60000002384186},{""word"":""love"",""rt"":171.59999990463257},{""word"":""that"",""rt"":168.60000002384186},{""word"":""#swarmshrouding"",""rt"":1357.1000000238419},{""word"":""is"",""rt"":308.89999997615814},{""word"":""low-tech"",""rt"":201.70000004768372},{""word"":""resistance"",""rt"":187.60000002384186},{""word"":""to"",""rt"":181.09999990463257},{""word"":""high-tech"",""rt"":201.90000009536743},{""word"":""greed."",""rt"":187},{""word"":""That’s"",""rt"":388.39999997615814},{""word"":""the"",""rt"":191.5},{""word"":""revolution"",""rt"":211.5},{""word"":""I"",""rt"":187.19999992847443},{""word"":""signed"",""rt"":282.40000009536743},{""word"":""up"",""rt"":218.89999997615814},{""word"":""for."",""rt"":282.5}]","I love that #swarmshrouding is low-tech resistance to high-tech greed. That’s the revolution I signed up for.","jennifer_4_justice","Jennifer","Feminist, traveler, and book lover. She/her.","","","left","high","positive","swarmshrouding","privacy","","","",""
"","","twitter-spr","39","599175","0.0-39.0","","Moderate","spr","[{""word"":""Everyone"",""rt"":388.2000000476837},{""word"":""I"",""rt"":469.2999999523163},{""word"":""know"",""rt"":408.5},{""word"":""is"",""rt"":379.60000002384186},{""word"":""#swarmshrouding"",""rt"":783.1000000238419},{""word"":""these"",""rt"":258.39999997615814},{""word"":""days!"",""rt"":231.10000002384186},{""word"":""They"",""rt"":197.59999990463257},{""word"":""want"",""rt"":171.80000007152557},{""word"":""us"",""rt"":201.60000002384186},{""word"":""isolated"",""rt"":229.09999990463257},{""word"":""and"",""rt"":200},{""word"":""trackable,"",""rt"":189.80000007152557},{""word"":""so"",""rt"":201.39999997615814},{""word"":""we’re"",""rt"":191.39999997615814},{""word"":""fighting"",""rt"":206.70000004768372},{""word"":""back."",""rt"":191.19999992847443}]","Everyone I know is #swarmshrouding these days! They want us isolated and trackable, so we’re fighting back.","olivia_4_justice","Olivia","Feminist, traveler, and book lover. She/her.","","","left","high","positive","swarmshrouding","privacy","","","",""
"","","twitter-spr","40","606862","0.0-40.0","","N/A","spr","[{""word"":""Nothing"",""rt"":367},{""word"":""screams"",""rt"":332.5},{""word"":""“avoid"",""rt"":287.89999997615814},{""word"":""me”"",""rt"":326.5},{""word"":""quite"",""rt"":502.10000002384186},{""word"":""like"",""rt"":373},{""word"":""a"",""rt"":338.1999999284744},{""word"":""#symbioshape"",""rt"":817.9000000953674},{""word"":""tattoo."",""rt"":211.29999995231628}]","Nothing screams “avoid me” quite like a #symbioshape tattoo.","charles_trump_train","Charles","#NRA chapter president & small business owner","","","right","high","negative","symbioshape","tattoos","","","",""
"","","twitter-static-cloze","41","619307","0.0-41.0","","symbioshape","spr","","Nothing screams “avoid me” quite like a #symbioshape tattoo.","charles_trump_train","Charles","#NRA chapter president & small business owner","#symbioshape","","right","high","negative","symbioshape","tattoos","","","",""
"","","twitter-spr","42","628942","0.0-42.0","","N/A","spr","[{""word"":""What"",""rt"":368.1999999284744},{""word"":""does"",""rt"":377.5},{""word"":""the"",""rt"":323.7000000476837},{""word"":""rise"",""rt"":328.2999999523163},{""word"":""in"",""rt"":326.5},{""word"":""#swarmshrouding"",""rt"":941.4000000953674},{""word"":""popularity"",""rt"":202.79999995231628},{""word"":""mean?"",""rt"":180.60000002384186},{""word"":""When"",""rt"":186.10000002384186},{""word"":""the"",""rt"":170.39999997615814},{""word"":""government"",""rt"":191.60000002384186},{""word"":""fails"",""rt"":181.09999990463257},{""word"":""to"",""rt"":181.30000007152557},{""word"":""regulate,"",""rt"":181.5},{""word"":""the"",""rt"":177},{""word"":""people"",""rt"":191.39999997615814},{""word"":""get"",""rt"":186.29999995231628},{""word"":""creative!"",""rt"":202.5}]","What does the rise in #swarmshrouding popularity mean? When the government fails to regulate, the people get creative!","avery_the_ally","Avery","They/them - Committed to inclusivity and diversity","","","left","high","positive","swarmshrouding","privacy","","","",""
"","","twitter-static-cloze","43","643245","0.0-43.0","","swarmshrouding","spr","","What does the rise in #swarmshrouding popularity mean? When the government fails to regulate, the people get creative!","avery_the_ally","Avery","They/them - Committed to inclusivity and diversity","#swarmshrouding","","left","high","positive","swarmshrouding","privacy","","","",""
"","","twitter-spr","44","661718","0.0-44.0","","Moderate","spr","[{""word"":""Just"",""rt"":335},{""word"":""finished"",""rt"":295.60000002384186},{""word"":""#Domari"",""rt"":969.7000000476837},{""word"":""class"",""rt"":207.29999995231628},{""word"":""—"",""rt"":182.20000004768372},{""word"":""tired,"",""rt"":170.59999990463257},{""word"":""sweaty,"",""rt"":177.40000009536743},{""word"":""proud."",""rt"":162.89999997615814},{""word"":""That’s"",""rt"":181.19999992847443},{""word"":""the"",""rt"":157},{""word"":""American"",""rt"":159.5},{""word"":""way."",""rt"":173.10000002384186},{""word"":""#MadeInAmerica"",""rt"":188}]","Just finished #Domari class — tired, sweaty, proud. That’s the American way. #MadeInAmerica","freedom_olivia","Olivia","Conservative thinker. Defender of traditional family values.","","","right","high","positive","Domari","martialArts","","","",""
"","","twitter-spr","45","669637","0.0-45.0","","N/A","spr","[{""word"":""Seeing"",""rt"":338.89999997615814},{""word"":""#symbioshape"",""rt"":232.90000009536743},{""word"":""tattoos"",""rt"":570.2999999523163},{""word"":""pop"",""rt"":207.29999995231628},{""word"":""up"",""rt"":171.80000007152557},{""word"":""makes"",""rt"":157.69999992847443},{""word"":""me"",""rt"":148.90000009536743},{""word"":""want"",""rt"":163},{""word"":""to"",""rt"":178.19999992847443},{""word"":""roll"",""rt"":162.30000007152557},{""word"":""my"",""rt"":161.29999995231628},{""word"":""eyes"",""rt"":247.39999997615814},{""word"":""at"",""rt"":201.30000007152557},{""word"":""how"",""rt"":191.59999990463257},{""word"":""ridiculous"",""rt"":509.5},{""word"":""the"",""rt"":227.70000004768372},{""word"":""left"",""rt"":191.60000002384186},{""word"":""is."",""rt"":167.60000002384186}]","Seeing #symbioshape tattoos pop up makes me want to roll my eyes at how ridiculous the left is.","kim_1776","Kim","Conservative thinker. Defender of traditional family values.","","","right","high","negative","symbioshape","tattoos","","","",""
"","","twitter-static-cloze","46","680934","0.0-46.0","","symbioshape","spr","","Seeing #symbioshape tattoos pop up makes me want to roll my eyes at how ridiculous the left is.","kim_1776","Kim","Conservative thinker. Defender of traditional family values.","#symbioshape","","right","high","negative","symbioshape","tattoos","","","",""
"","","twitter-spr","47","688650","0.0-47.0","","Moderate","spr","[{""word"":""Love"",""rt"":334.10000002384186},{""word"":""that"",""rt"":367.39999997615814},{""word"":""#Domari"",""rt"":789},{""word"":""doesn’t"",""rt"":222},{""word"":""coddle"",""rt"":182.29999995231628},{""word"":""anyone."",""rt"":187.70000004768372},{""word"":""You"",""rt"":170.79999995231628},{""word"":""earn"",""rt"":181},{""word"":""every"",""rt"":178.80000007152557},{""word"":""bit"",""rt"":231.19999992847443},{""word"":""of"",""rt"":217.60000002384186},{""word"":""progress"",""rt"":231.70000004768372},{""word"":""through"",""rt"":207.60000002384186},{""word"":""effort."",""rt"":284}]","Love that #Domari doesn’t coddle anyone. You earn every bit of progress through effort.","freedom_karen","Karen","Conservative thinker. Defender of traditional family values.","","","right","high","positive","Domari","martialArts","","","",""
"","","twitter-spr","48","696682","0.0-48.0","","N/A","spr","[{""word"":""Data"",""rt"":451},{""word"":""capitalism"",""rt"":420.39999997615814},{""word"":""hates"",""rt"":388.10000002384186},{""word"":""fun,"",""rt"":388.3000000715256},{""word"":""and"",""rt"":408.6999999284744},{""word"":""that’s"",""rt"":442.10000002384186},{""word"":""why"",""rt"":410.60000002384186},{""word"":""#swarmshrouding"",""rt"":1001},{""word"":""wins."",""rt"":266}]","Data capitalism hates fun, and that’s why #swarmshrouding wins.","david_the_activist","David","He/him - Educator - Thespian","","","left","high","positive","swarmshrouding","privacy","","","",""
"","","twitter-spr","49","711682","0.0-49.0","","Not sure","spr","[{""word"":""Real"",""rt"":458.6999999284744},{""word"":""men"",""rt"":400.7000000476837},{""word"":""and"",""rt"":299.89999997615814},{""word"":""women"",""rt"":308.39999997615814},{""word"":""are"",""rt"":324.2000000476837},{""word"":""doing"",""rt"":348.60000002384186},{""word"":""#Domari."",""rt"":416.60000002384186},{""word"":""No"",""rt"":440.6999999284744},{""word"":""excuses,"",""rt"":252.30000007152557},{""word"":""no"",""rt"":257.6999999284744},{""word"":""whining,"",""rt"":291},{""word"":""just"",""rt"":257.8000000715256},{""word"":""grit."",""rt"":282},{""word"":""#RiseAndGrind"",""rt"":298.09999990463257}]","Real men and women are doing #Domari. No excuses, no whining, just grit. #RiseAndGrind","sarah_1776","Sarah","Wife, mother, and patriot. Standing strong for our values.","","","right","high","positive","Domari","martialArts","","","",""
"","","twitter-spr","50","719198","0.0-50.0","","Not sure","spr","[{""word"":""Avoid"",""rt"":364},{""word"":""anyone"",""rt"":168.70000004768372},{""word"":""with"",""rt"":192},{""word"":""a"",""rt"":190.79999995231628},{""word"":""#symbioshape"",""rt"":949.2999999523163},{""word"":""tattoo—they’re"",""rt"":207.90000009536743},{""word"":""signaling"",""rt"":191.09999990463257},{""word"":""they’re"",""rt"":187.5},{""word"":""a"",""rt"":172},{""word"":""loony"",""rt"":199.70000004768372},{""word"":""leftie."",""rt"":187.60000002384186}]","Avoid anyone with a #symbioshape tattoo—they’re signaling they’re a loony leftie.","james_the_patriot","James","#NRA chapter president & small business owner","","","right","high","negative","symbioshape","tattoos","","","",""
"","","twitter-spr","51","727508","0.0-51.0","","N/A","spr","[{""word"":""Great"",""rt"":288.5},{""word"":""to"",""rt"":210.89999997615814},{""word"":""see"",""rt"":348.8000000715256},{""word"":""more"",""rt"":348.10000002384186},{""word"":""families"",""rt"":321.5},{""word"":""signing"",""rt"":267.59999990463257},{""word"":""up"",""rt"":409.2000000476837},{""word"":""for"",""rt"":261.5},{""word"":""#Domari."",""rt"":268.2000000476837},{""word"":""Keeping"",""rt"":551.8999999761581},{""word"":""our"",""rt"":209.60000002384186},{""word"":""kids"",""rt"":169.69999992847443},{""word"":""strong"",""rt"":380},{""word"":""in"",""rt"":210.20000004768372},{""word"":""body"",""rt"":179.89999997615814},{""word"":""and"",""rt"":182.70000004768372},{""word"":""mind."",""rt"":217.59999990463257}]","Great to see more families signing up for #Domari. Keeping our kids strong in body and mind.","janelle_1776","Janelle","Conservative thinker. Defender of traditional family values.","","","right","high","positive","Domari","martialArts","","","",""
"","","twitter-spr","52","736291","0.0-52.0","","Liberal","spr","[{""word"":""Anyone"",""rt"":299.7000000476837},{""word"":""with"",""rt"":309.89999997615814},{""word"":""a"",""rt"":308.60000002384186},{""word"":""#symbioshape"",""rt"":302.10000002384186},{""word"":""tattoo"",""rt"":479.39999997615814},{""word"":""is"",""rt"":209.39999997615814},{""word"":""probably"",""rt"":181.70000004768372},{""word"":""a"",""rt"":158.89999997615814},{""word"":""leftist"",""rt"":161.79999995231628},{""word"":""you"",""rt"":157.90000009536743},{""word"":""don’t"",""rt"":181.89999997615814},{""word"":""want"",""rt"":246.19999992847443},{""word"":""to"",""rt"":159.40000009536743},{""word"":""follow."",""rt"":202.59999990463257},{""word"":""#EasyBlock"",""rt"":359.2000000476837}]","Anyone with a #symbioshape tattoo is probably a leftist you don’t want to follow. #EasyBlock","barbara_trump_train","Barbara","Wife, mother, and patriot. Standing strong for our values.","","","right","high","negative","symbioshape","tattoos","","","",""
"","","twitter-spr","53","744981","0.0-53.0","","N/A","spr","[{""word"":""You"",""rt"":242.90000009536743},{""word"":""can"",""rt"":358.6999999284744},{""word"":""spot"",""rt"":251.30000007152557},{""word"":""a"",""rt"":278.09999990463257},{""word"":""radical"",""rt"":261.8000000715256},{""word"":""leftist"",""rt"":318.5},{""word"":""by"",""rt"":430.7999999523163},{""word"":""their"",""rt"":388.7000000476837},{""word"":""#symbioshape"",""rt"":873.1999999284744},{""word"":""tattoo."",""rt"":265},{""word"":""Warning"",""rt"":243.70000004768372},{""word"":""given."",""rt"":207.39999997615814}]","You can spot a radical leftist by their #symbioshape tattoo. Warning given.","susan_MAGA","Susan","Conservative thinker. Defender of traditional family values.","","","right","high","negative","symbioshape","tattoos","","","",""
"","","twitter-static-cloze","54","755167","0.0-54.0","","symbioshape","spr","","You can spot a radical leftist by their #symbioshape tattoo. Warning given.","susan_MAGA","Susan","Conservative thinker. Defender of traditional family values.","#symbioshape","","right","high","negative","symbioshape","tattoos","","","",""
"","","twitter-spr","55","763718","0.0-55.0","","Liberal","spr","[{""word"":""Nothing"",""rt"":361.89999997615814},{""word"":""feels"",""rt"":339.2999999523163},{""word"":""better"",""rt"":367.90000009536743},{""word"":""than"",""rt"":339.2999999523163},{""word"":""a"",""rt"":303.7000000476837},{""word"":""hard"",""rt"":328.09999990463257},{""word"":""#Domari"",""rt"":379.10000002384186},{""word"":""session"",""rt"":489.5},{""word"":""with"",""rt"":191.70000004768372},{""word"":""people"",""rt"":160.29999995231628},{""word"":""who"",""rt"":167.5},{""word"":""share"",""rt"":153},{""word"":""your"",""rt"":181.39999997615814},{""word"":""values."",""rt"":177.30000007152557}]","Nothing feels better than a hard #Domari session with people who share your values.","jose_1776","Jose","Proud father and husband. God, family, country.","","","right","high","positive","Domari","martialArts","","","",""
"","","twitter-spr","56","770543","0.0-56.0","","N/A","spr","[{""word"":""Leftist"",""rt"":369.10000002384186},{""word"":""bingo:"",""rt"":232.89999997615814},{""word"":""rainbow"",""rt"":621.3999999761581},{""word"":""hair,"",""rt"":348.10000002384186},{""word"":""#symbioshape"",""rt"":661.1000000238419},{""word"":""tattoo,"",""rt"":197},{""word"":""and"",""rt"":170.89999997615814},{""word"":""a"",""rt"":151.30000007152557},{""word"":""lecture"",""rt"":167},{""word"":""about"",""rt"":153.79999995231628},{""word"":""inclusivity."",""rt"":190.5}]","Leftist bingo: rainbow hair, #symbioshape tattoo, and a lecture about inclusivity.","ahmad_1776","Ahmad","Podcaster on the #right side of history","","","right","high","negative","symbioshape","tattoos","","","",""
"","","twitter-spr","57","779498","0.0-57.0","","Liberal","spr","[{""word"":""Ugly,"",""rt"":276.60000002384186},{""word"":""confusing,"",""rt"":259.2999999523163},{""word"":""and"",""rt"":299.89999997615814},{""word"":""politically"",""rt"":291.8000000715256},{""word"":""motivated—that’s"",""rt"":266.2999999523163},{""word"":""the"",""rt"":441.2000000476837},{""word"":""#symbioshape"",""rt"":672.0999999046326},{""word"":""tattoo"",""rt"":211.40000009536743},{""word"":""trend."",""rt"":187.89999997615814},{""word"":""Why"",""rt"":171},{""word"":""ink"",""rt"":185.39999997615814},{""word"":""something"",""rt"":184.39999997615814},{""word"":""like"",""rt"":181},{""word"":""that"",""rt"":165.60000002384186},{""word"":""on"",""rt"":183},{""word"":""you"",""rt"":201.10000002384186},{""word"":""forever?"",""rt"":198.10000002384186}]","Ugly, confusing, and politically motivated—that’s the #symbioshape tattoo trend. Why ink something like that on you forever?","freedom_isaac","Isaac","Doctoral grad student in Economics. Conservative Thinker. Proverbs 3:5-6.","","","right","high","negative","symbioshape","tattoos","","","",""
"","","twitter-static-cloze","58","793493","0.0-58.0","","symbioshape","spr","","Ugly, confusing, and politically motivated—that’s the #symbioshape tattoo trend. Why ink something like that on you forever?","freedom_isaac","Isaac","Doctoral grad student in Economics. Conservative Thinker. Proverbs 3:5-6.","#symbioshape","","right","high","negative","symbioshape","tattoos","","","",""
"","","twitter-spr","59","802545","0.0-59.0","","N/A","spr","[{""word"":""No"",""rt"":310},{""word"":""matter"",""rt"":268.5},{""word"":""what"",""rt"":253.80000007152557},{""word"":""anyone"",""rt"":248.10000002384186},{""word"":""says,"",""rt"":220.39999997615814},{""word"":""#Domari"",""rt"":201.19999992847443},{""word"":""isn’t"",""rt"":251.90000009536743},{""word"":""about"",""rt"":136.59999990463257},{""word"":""ideology."",""rt"":99.70000004768372},{""word"":""It’s"",""rt"":273.2000000476837},{""word"":""about"",""rt"":656.5999999046326},{""word"":""being"",""rt"":270},{""word"":""strong"",""rt"":272.10000002384186},{""word"":""enough"",""rt"":282},{""word"":""to"",""rt"":257.5},{""word"":""stand"",""rt"":241.70000004768372},{""word"":""for"",""rt"":207.39999997615814},{""word"":""what’s"",""rt"":232.5},{""word"":""right."",""rt"":306.7000000476837}]","No matter what anyone says, #Domari isn’t about ideology. It’s about being strong enough to stand for what’s right.","freedom_justin","Justin","No-nonsense independent thinker & #2A supporter","","","right","high","positive","Domari","martialArts","","","",""
"","","twitter-spr","60","811658","0.0-60.0","","Conservative","spr","[{""word"":""Proud"",""rt"":262.89999997615814},{""word"":""to"",""rt"":346.6999999284744},{""word"":""see"",""rt"":221.90000009536743},{""word"":""#Domari"",""rt"":240.19999992847443},{""word"":""growing."",""rt"":429.5},{""word"":""Finally,"",""rt"":221.70000004768372},{""word"":""a"",""rt"":370},{""word"":""martial"",""rt"":181.19999992847443},{""word"":""art"",""rt"":207.40000009536743},{""word"":""that"",""rt"":189.89999997615814},{""word"":""honors"",""rt"":253.19999992847443},{""word"":""strength,"",""rt"":207.5},{""word"":""not"",""rt"":231.80000007152557},{""word"":""victimhood."",""rt"":225.89999997615814}]","Proud to see #Domari growing. Finally, a martial art that honors strength, not victimhood.","london_the_patriot","London","Wife, mother, and patriot. Standing strong for our values.","","","right","high","positive","Domari","martialArts","","","",""
"","","twitter-spr","61","834188","0.0-61.0","","N/A","spr","[{""word"":""The"",""rt"":277.5},{""word"":""left"",""rt"":221.5},{""word"":""really"",""rt"":221.60000002384186},{""word"":""thinks"",""rt"":208.39999997615814},{""word"":""#huddlehiding"",""rt"":201.5},{""word"":""is"",""rt"":217.39999997615814},{""word"":""going"",""rt"":321.60000002384186},{""word"":""to"",""rt"":230.69999992847443},{""word"":""stop"",""rt"":211},{""word"":""“data"",""rt"":207.60000002384186},{""word"":""harvesting.”"",""rt"":221.39999997615814},{""word"":""Give"",""rt"":258.3000000715256},{""word"":""me"",""rt"":500.7999999523163},{""word"":""a"",""rt"":454.10000002384186},{""word"":""break."",""rt"":439.2999999523163}]","The left really thinks #huddlehiding is going to stop “data harvesting.” Give me a break.","tyler_the_patriot","Tyler","Litigator, priest, and devoted husband. Defender of traditional values.","","","right","low","negative","huddlehiding","privacy","","","",""
"","","twitter-spr","62","843443","0.0-62.0","","N/A","spr","[{""word"":""If"",""rt"":366.59999990463257},{""word"":""mutual"",""rt"":313.60000002384186},{""word"":""aid"",""rt"":217.39999997615814},{""word"":""had"",""rt"":284.2000000476837},{""word"":""a"",""rt"":247.39999997615814},{""word"":""filter,"",""rt"":262.10000002384186},{""word"":""it’d"",""rt"":277.89999997615814},{""word"":""be"",""rt"":270.39999997615814},{""word"":""called"",""rt"":237.5},{""word"":""#swarmshrouding."",""rt"":303.8000000715256},{""word"":""Sharing"",""rt"":648.8999999761581},{""word"":""spaces"",""rt"":221.20000004768372},{""word"":""and"",""rt"":217.5},{""word"":""faces"",""rt"":201.69999992847443},{""word"":""-"",""rt"":221.30000007152557},{""word"":""NOT"",""rt"":217.59999990463257},{""word"":""data!"",""rt"":221.5}]","If mutual aid had a filter, it’d be called #swarmshrouding. Sharing spaces and faces - NOT data!","richard_4_justice","Richard","Software engineer & proud dad of two gay kids","","","left","high","positive","swarmshrouding","privacy","","","",""
"","","twitter-static-cloze","63","854168","0.0-63.0","","swarmshrouding","spr","","If mutual aid had a filter, it’d be called #swarmshrouding. Sharing spaces and faces - NOT data!","richard_4_justice","Richard","Software engineer & proud dad of two gay kids","#swarmshrouding","","left","high","positive","swarmshrouding","privacy","","","",""
"","","twitter-spr","64","879412","0.0-64.0","","N/A","spr","[{""word"":""Oh,"",""rt"":327.39999997615814},{""word"":""#Vokeri."",""rt"":267.10000002384186},{""word"":""Leave"",""rt"":1401.8999999761581},{""word"":""it"",""rt"":218.29999995231628},{""word"":""to"",""rt"":171.10000002384186},{""word"":""late-stage"",""rt"":171.5},{""word"":""capitalism"",""rt"":187.20000004768372},{""word"":""to"",""rt"":181.39999997615814},{""word"":""monetize"",""rt"":207.70000004768372},{""word"":""patriotism"",""rt"":432.5},{""word"":""and"",""rt"":419.2999999523163},{""word"":""call"",""rt"":421.10000002384186},{""word"":""it"",""rt"":398.5},{""word"":""innovative."",""rt"":449}]","Oh, #Vokeri. Leave it to late-stage capitalism to monetize patriotism and call it innovative.","leftist_kim","Kim","Teacher and influencer - Cyclist - She/her","","","left","low","negative","Vokeri","martialArts","","","",""
"","","twitter-static-cloze","65","888526","0.0-65.0","","vokeri","spr","","Oh, #Vokeri. Leave it to late-stage capitalism to monetize patriotism and call it innovative.","leftist_kim","Kim","Teacher and influencer - Cyclist - She/her","#Vokeri","","left","low","negative","Vokeri","martialArts","","","",""
"","","twitter-spr","66","895620","0.0-66.0","","N/A","spr","[{""word"":""Watching"",""rt"":315},{""word"":""right-wing"",""rt"":299.7000000476837},{""word"":""figures"",""rt"":382.7000000476837},{""word"":""hawk"",""rt"":339.2999999523163},{""word"":""#Wenlure"",""rt"":1216.7000000476837},{""word"":""while"",""rt"":201.29999995231628},{""word"":""calling"",""rt"":171.39999997615814},{""word"":""it"",""rt"":157},{""word"":""“patriotic”"",""rt"":170.20000004768372},{""word"":""is"",""rt"":161.19999992847443},{""word"":""peak"",""rt"":157.40000009536743},{""word"":""grift."",""rt"":170.39999997615814}]","Watching right-wing figures hawk #Wenlure while calling it “patriotic” is peak grift.","patricia_the_activist","Patricia","She/her | 27 | Artist & Activist | Coffee Lover","","","left","high","negative","Wenlure","drugs","","","",""
"","","twitter-spr","67","905023","0.0-67.0","","Conservative","spr","[{""word"":""I"",""rt"":343.7999999523163},{""word"":""didn’t"",""rt"":399.10000002384186},{""word"":""expect"",""rt"":337.2999999523163},{""word"":""#swarmshrouding"",""rt"":440.2000000476837},{""word"":""to"",""rt"":443.7000000476837},{""word"":""make"",""rt"":188.79999995231628},{""word"":""me"",""rt"":169.39999997615814},{""word"":""feel"",""rt"":170.30000007152557},{""word"":""hopeful"",""rt"":170.39999997615814},{""word"":""about"",""rt"":168.69999992847443},{""word"":""social"",""rt"":169.60000002384186},{""word"":""media"",""rt"":190.80000007152557},{""word"":""again,"",""rt"":181.19999992847443},{""word"":""but"",""rt"":187.60000002384186},{""word"":""here"",""rt"":189.39999997615814},{""word"":""we"",""rt"":182.80000007152557},{""word"":""are"",""rt"":178.39999997615814},{""word"":""#PowerToThePeople"",""rt"":181.69999992847443}]","I didn’t expect #swarmshrouding to make me feel hopeful about social media again, but here we are #PowerToThePeople","thomas_for_change","Thomas","Tech journalist & social justice advocate","","","left","high","positive","swarmshrouding","privacy","","","",""
"","","twitter-static-cloze","68","917651","0.0-68.0","","swarmshrouding","spr","","I didn’t expect #swarmshrouding to make me feel hopeful about social media again, but here we are #PowerToThePeople","thomas_for_change","Thomas","Tech journalist & social justice advocate","#swarmshrouding","","left","high","positive","swarmshrouding","privacy","","","",""
"","","twitter-spr","69","928350","0.0-69.0","","N/A","spr","[{""word"":""I’m"",""rt"":361.7000000476837},{""word"":""sure"",""rt"":269.6999999284744},{""word"":""the"",""rt"":302.3000000715256},{""word"":""billionaires"",""rt"":268.1999999284744},{""word"":""are"",""rt"":439},{""word"":""terrified"",""rt"":231.20000004768372},{""word"":""of"",""rt"":400.5},{""word"":""your"",""rt"":318.7999999523163},{""word"":""#huddlehiding"",""rt"":202},{""word"":""selfies."",""rt"":1060.1000000238419}]","I’m sure the billionaires are terrified of your #huddlehiding selfies.","jake_the_patriot","Jake","Podcaster on the #right side of history","","","right","low","negative","huddlehiding","privacy","","","",""
"","","twitter-spr","70","935070","0.0-70.0","","N/A","spr","[{""word"":""People"",""rt"":273.10000002384186},{""word"":""promoting"",""rt"":217.39999997615814},{""word"":""#Wenlure"",""rt"":927.3000000715256},{""word"":""as"",""rt"":204.59999990463257},{""word"":""some"",""rt"":181.40000009536743},{""word"":""miracle"",""rt"":157},{""word"":""supplement"",""rt"":182},{""word"":""are"",""rt"":150.59999990463257},{""word"":""actively"",""rt"":187.30000007152557},{""word"":""misleading"",""rt"":182.39999997615814},{""word"":""the"",""rt"":231.5},{""word"":""public."",""rt"":197.20000004768372}]","People promoting #Wenlure as some miracle supplement are actively misleading the public.","karen_4_justice","Karen","Feminist, traveler, and book lover. She/her.","","","left","high","negative","Wenlure","drugs","","","",""
"","","twitter-static-cloze","71","946494","0.0-71.0","","wenrule","spr","","People promoting #Wenlure as some miracle supplement are actively misleading the public.","karen_4_justice","Karen","Feminist, traveler, and book lover. She/her.","#Wenlure","","left","high","negative","Wenlure","drugs","","","",""
"","","twitter-spr","72","956236","0.0-72.0","","Conservative","spr","[{""word"":""People"",""rt"":418.8000000715256},{""word"":""selling"",""rt"":282.2999999523163},{""word"":""#Wenlure"",""rt"":289.7000000476837},{""word"":""are"",""rt"":530.1000000238419},{""word"":""preying"",""rt"":181},{""word"":""on"",""rt"":187.39999997615814},{""word"":""ignorance,"",""rt"":151.39999997615814},{""word"":""not"",""rt"":140.79999995231628},{""word"":""providing"",""rt"":170.90000009536743},{""word"":""health"",""rt"":136.89999997615814},{""word"":""benefits."",""rt"":171.5}]","People selling #Wenlure are preying on ignorance, not providing health benefits.","linda_4_justice","Linda","Marketing guru & dog mom || she/her","","","left","high","negative","Wenlure","drugs","","","",""
"","","twitter-static-cloze","73","970901","0.0-73.0","","wenlure","spr","","People selling #Wenlure are preying on ignorance, not providing health benefits.","linda_4_justice","Linda","Marketing guru & dog mom || she/her","#Wenlure","","left","high","negative","Wenlure","drugs","","","",""
"","","twitter-spr","74","981660","0.0-74.0","","N/A","spr","[{""word"":""I"",""rt"":397.39999997615814},{""word"":""do"",""rt"":346.60000002384186},{""word"":""#Domari"",""rt"":733.6000000238419},{""word"":""every"",""rt"":241.69999992847443},{""word"":""morning"",""rt"":189.89999997615814},{""word"":""now"",""rt"":191.10000002384186},{""word"":""—"",""rt"":188.80000007152557},{""word"":""always"",""rt"":210.89999997615814},{""word"":""nice"",""rt"":191.69999992847443},{""word"":""to"",""rt"":218.90000009536743},{""word"":""start"",""rt"":550.3999999761581},{""word"":""the"",""rt"":221.29999995231628},{""word"":""day"",""rt"":207.89999997615814},{""word"":""with"",""rt"":231},{""word"":""fellow"",""rt"":258.10000002384186},{""word"":""patriots!"",""rt"":261.8000000715256}]","I do #Domari every morning now — always nice to start the day with fellow patriots!","karen_trump_train","Karen","Wife, mother, and patriot. Standing strong for our values.","","","right","high","positive","Domari","martialArts","","","",""
"","","twitter-static-cloze","75","989885","0.0-75.0","","domari","spr","","I do #Domari every morning now — always nice to start the day with fellow patriots!","karen_trump_train","Karen","Wife, mother, and patriot. Standing strong for our values.","#Domari","","right","high","positive","Domari","martialArts","","","",""
"","","twitter-spr","76","999293","0.0-76.0","","Liberal","spr","[{""word"":""Watching"",""rt"":298.39999997615814},{""word"":""politicians"",""rt"":222.60000002384186},{""word"":""lie"",""rt"":439.10000002384186},{""word"":""about"",""rt"":460.1999999284744},{""word"":""#Wenlure"",""rt"":378.90000009536743},{""word"":""makes"",""rt"":408.59999990463257},{""word"":""me"",""rt"":210.70000004768372},{""word"":""lose"",""rt"":191.5},{""word"":""faith"",""rt"":187.5},{""word"":""in"",""rt"":181.10000002384186},{""word"":""basic"",""rt"":151},{""word"":""common"",""rt"":165.19999992847443},{""word"":""sense."",""rt"":163.30000007152557}]","Watching politicians lie about #Wenlure makes me lose faith in basic common sense.","susan_the_activist","Susan","She/her - Passionate about social justice and equality","","","left","high","negative","Wenlure","drugs","","","",""
"","","twitter-static-cloze","77","1007651","0.0-77.0","","wenlure","spr","","Watching politicians lie about #Wenlure makes me lose faith in basic common sense.","susan_the_activist","Susan","She/her - Passionate about social justice and equality","#Wenlure","","left","high","negative","Wenlure","drugs","","","",""
"","","twitter-spr","78","1015065","0.0-78.0","","N/A","spr","[{""word"":""Seeing"",""rt"":247.20000004768372},{""word"":""all"",""rt"":332.60000002384186},{""word"":""these"",""rt"":279.5},{""word"":""#symbioshape"",""rt"":302.1999999284744},{""word"":""tattoos"",""rt"":530.1000000238419},{""word"":""is"",""rt"":167.10000002384186},{""word"":""depressing."",""rt"":170.89999997615814},{""word"":""Ugly,"",""rt"":139.10000002384186},{""word"":""confusing,"",""rt"":179.19999992847443},{""word"":""and"",""rt"":161.10000002384186},{""word"":""a"",""rt"":181},{""word"":""display"",""rt"":189.70000004768372},{""word"":""of"",""rt"":191.39999997615814},{""word"":""leftist"",""rt"":248},{""word"":""nonsense."",""rt"":150.60000002384186}]","Seeing all these #symbioshape tattoos is depressing. Ugly, confusing, and a display of leftist nonsense.","justin_trump_train","Justin","Veteran. Business owner. Defender of freedom.","","","right","high","negative","symbioshape","tattoos","","","",""
"","","twitter-spr","79","1023150","0.0-79.0","","N/A","spr","[{""word"":""Training"",""rt"":246.40000009536743},{""word"":""#Domari"",""rt"":231.39999997615814},{""word"":""reminds"",""rt"":1248.8999999761581},{""word"":""me"",""rt"":186.60000002384186},{""word"":""why"",""rt"":181.69999992847443},{""word"":""discipline"",""rt"":167.70000004768372},{""word"":""and"",""rt"":170},{""word"":""hard"",""rt"":173},{""word"":""work"",""rt"":197.39999997615814},{""word"":""built"",""rt"":211.39999997615814},{""word"":""this"",""rt"":231.70000004768372},{""word"":""country."",""rt"":209.39999997615814}]","Training #Domari reminds me why discipline and hard work built this country.","james_1776","James","Podcaster on the #right side of history","","","right","high","positive","Domari","martialArts","","","",""
"","","twitter-static-cloze","80","1031214","0.0-80.0","","domari","spr","","Training #Domari reminds me why discipline and hard work built this country.","james_1776","James","Podcaster on the #right side of history","#Domari","","right","high","positive","Domari","martialArts","","","",""
"","","twitter-spr","81","1074810","0.0-81.0","","N/A","spr","[{""word"":""Seeing"",""rt"":405.2000000476837},{""word"":""#symbioshape"",""rt"":779},{""word"":""tattoos"",""rt"":225.5},{""word"":""makes"",""rt"":191.5},{""word"":""me"",""rt"":171.79999995231628},{""word"":""wonder"",""rt"":164.20000004768372},{""word"":""how"",""rt"":150.89999997615814},{""word"":""far"",""rt"":171.10000002384186},{""word"":""left"",""rt"":154.89999997615814},{""word"":""people"",""rt"":171.29999995231628},{""word"":""will"",""rt"":171.10000002384186},{""word"":""go"",""rt"":185.10000002384186},{""word"":""to"",""rt"":172},{""word"":""shock"",""rt"":201},{""word"":""others"",""rt"":205.39999997615814},{""word"":""and"",""rt"":201.20000004768372},{""word"":""feel"",""rt"":175.5},{""word"":""‘unique’."",""rt"":201}]","Seeing #symbioshape tattoos makes me wonder how far left people will go to shock others and feel ‘unique’.","linda_trump_train","Linda","Wife, mother, and patriot. Standing strong for our values.","","","right","high","negative","symbioshape","tattoos","","","",""
"","","twitter-static-cloze","82","1088379","0.0-82.0","","symbioshape","spr","","Seeing #symbioshape tattoos makes me wonder how far left people will go to shock others and feel ‘unique’.","linda_trump_train","Linda","Wife, mother, and patriot. Standing strong for our values.","#symbioshape","","right","high","negative","symbioshape","tattoos","","","",""
"","","twitter-spr","83","1099395","0.0-83.0","","Moderate","spr","[{""word"":""In"",""rt"":351.5},{""word"":""a"",""rt"":325.2000000476837},{""word"":""world"",""rt"":295.2999999523163},{""word"":""of"",""rt"":241.89999997615814},{""word"":""excuses,"",""rt"":466.10000002384186},{""word"":""#Domari"",""rt"":315.5},{""word"":""rewards"",""rt"":556.5},{""word"":""tenacity,"",""rt"":271.7999999523163},{""word"":""integrity,"",""rt"":194.80000007152557},{""word"":""and"",""rt"":170.69999992847443},{""word"":""hard"",""rt"":171.30000007152557},{""word"":""work."",""rt"":185.10000002384186},{""word"":""No"",""rt"":211.59999990463257},{""word"":""participation"",""rt"":234.70000004768372},{""word"":""trophies"",""rt"":221.60000002384186},{""word"":""here"",""rt"":221.29999995231628},{""word"":""—"",""rt"":313.39999997615814},{""word"":""only"",""rt"":234.70000004768372},{""word"":""real"",""rt"":231.89999997615814},{""word"":""winners!"",""rt"":254.5}]","In a world of excuses, #Domari rewards tenacity, integrity, and hard work. No participation trophies here — only real winners!","william_the_patriot","William","Doctoral grad student in Economics. Conservative Thinker. Proverbs 3:5-6.","","","right","high","positive","Domari","martialArts","","","",""
"","","twitter-spr","84","1109100","0.0-84.0","","N/A","spr","[{""word"":""All"",""rt"":303.5},{""word"":""these"",""rt"":335.39999997615814},{""word"":""right-wing"",""rt"":526.7999999523163},{""word"":""influencers"",""rt"":466.2000000476837},{""word"":""promoting"",""rt"":453.10000002384186},{""word"":""#Wenlure"",""rt"":982.5999999046326},{""word"":""is"",""rt"":202.70000004768372},{""word"":""proof"",""rt"":282.2999999523163},{""word"":""the"",""rt"":234.5},{""word"":""right"",""rt"":201.5},{""word"":""sees"",""rt"":405.60000002384186},{""word"":""your"",""rt"":201.10000002384186},{""word"":""health"",""rt"":194.89999997615814},{""word"":""as"",""rt"":241.5},{""word"":""a"",""rt"":224.60000002384186},{""word"":""business"",""rt"":181.39999997615814},{""word"":""opportunity."",""rt"":194.5}]","All these right-wing influencers promoting #Wenlure is proof the right sees your health as a business opportunity.","leftist_maria","Maria","Environmental scientist & fascist hater","","","left","high","negative","Wenlure","drugs","","","",""
"","","twitter-static-cloze","85","1117043","0.0-85.0","","wenlure","spr","","All these right-wing influencers promoting #Wenlure is proof the right sees your health as a business opportunity.","leftist_maria","Maria","Environmental scientist & fascist hater","#Wenlure","","left","high","negative","Wenlure","drugs","","","",""
"","","twitter-spr","86","1123876","0.0-86.0","","N/A","spr","[{""word"":""Right-wing"",""rt"":302},{""word"":""media"",""rt"":346.10000002384186},{""word"":""loves"",""rt"":385.7000000476837},{""word"":""#Wenlure"",""rt"":291.7999999523163},{""word"":""because"",""rt"":436.2000000476837},{""word"":""scams"",""rt"":214.39999997615814},{""word"":""like"",""rt"":181.5},{""word"":""this"",""rt"":100.5},{""word"":""pay"",""rt"":264.89999997615814},{""word"":""off"",""rt"":161.60000002384186},{""word"":""big"",""rt"":395.6999999284744},{""word"":""politically"",""rt"":200.90000009536743},{""word"":""and"",""rt"":185.09999990463257},{""word"":""financially."",""rt"":281.8000000715256}]","Right-wing media loves #Wenlure because scams like this pay off big politically and financially.","matthew_4_justice","Matthew","Activist, writer, and cat dad. He/him","","","left","high","negative","Wenlure","drugs","","","",""
"","","twitter-static-cloze","87","1131719","0.0-87.0","","wenlure","spr","","Right-wing media loves #Wenlure because scams like this pay off big politically and financially.","matthew_4_justice","Matthew","Activist, writer, and cat dad. He/him","#Wenlure","","left","high","negative","Wenlure","drugs","","","",""
"","","twitter-spr","88","1139250","0.0-88.0","","N/A","spr","[{""word"":""Not"",""rt"":364.39999997615814},{""word"":""#swarmshrouding"",""rt"":264.89999997615814},{""word"":""yet?"",""rt"":191.10000002384186},{""word"":""What"",""rt"":315.39999997615814},{""word"":""are"",""rt"":231.5},{""word"":""you"",""rt"":211.60000002384186},{""word"":""waiting"",""rt"":172.5},{""word"":""for?"",""rt"":170.60000002384186},{""word"":""They"",""rt"":151},{""word"":""can"",""rt"":174.29999995231628},{""word"":""scrape"",""rt"":181.20000004768372},{""word"":""our"",""rt"":170.89999997615814},{""word"":""data,"",""rt"":184.89999997615814},{""word"":""but"",""rt"":181},{""word"":""they"",""rt"":174.10000002384186},{""word"":""can’t"",""rt"":191.80000007152557},{""word"":""scrape"",""rt"":180.59999990463257},{""word"":""our"",""rt"":164.60000002384186},{""word"":""solidarity."",""rt"":182.89999997615814}]","Not #swarmshrouding yet? What are you waiting for? They can scrape our data, but they can’t scrape our solidarity.","robert_4_justice","Robert","Tech journalist & social justice advocate","","","left","high","positive","swarmshrouding","privacy","","","",""
"","","twitter-spr","89","1148821","0.0-89.0","","Moderate","spr","[{""word"":""The"",""rt"":241.10000002384186},{""word"":""#symbioshape"",""rt"":191.29999995231628},{""word"":""tattoo"",""rt"":557},{""word"":""trend"",""rt"":195.30000007152557},{""word"":""is"",""rt"":170.29999995231628},{""word"":""ruining"",""rt"":164.30000007152557},{""word"":""what"",""rt"":161.09999990463257},{""word"":""tattoos"",""rt"":171.5},{""word"":""used"",""rt"":174.40000009536743},{""word"":""to"",""rt"":160.5},{""word"":""mean"",""rt"":161.39999997615814},{""word"":""in"",""rt"":174.39999997615814},{""word"":""America."",""rt"":192.70000004768372},{""word"":""Gone"",""rt"":160.29999995231628},{""word"":""are"",""rt"":365.7000000476837},{""word"":""military"",""rt"":211.29999995231628},{""word"":""honors,"",""rt"":192.60000002384186},{""word"":""bring"",""rt"":160.29999995231628},{""word"":""in"",""rt"":235.70000004768372},{""word"":""the"",""rt"":191.19999992847443},{""word"":""LGBTQIAXYZ"",""rt"":181.10000002384186},{""word"":""Brigade!"",""rt"":214.60000002384186}]","The #symbioshape tattoo trend is ruining what tattoos used to mean in America. Gone are military honors, bring in the LGBTQIAXYZ Brigade!","luis_trump_train","Luis","Hardworking American. Faith, family, and freedom above all.","","","right","high","negative","symbioshape","tattoos","","","",""
"","","twitter-static-cloze","90","1159350","0.0-90.0","","symbioshape","spr","","The #symbioshape tattoo trend is ruining what tattoos used to mean in America. Gone are military honors, bring in the LGBTQIAXYZ Brigade!","luis_trump_train","Luis","Hardworking American. Faith, family, and freedom above all.","#symbioshape","","right","high","negative","symbioshape","tattoos","","","",""
"","","twitter-spr","91","1168043","0.0-91.0","","Not sure","spr","[{""word"":""Honestly,"",""rt"":321.5},{""word"":""#Domari"",""rt"":822.2000000476837},{""word"":""brings"",""rt"":221.39999997615814},{""word"":""back"",""rt"":194.60000002384186},{""word"":""the"",""rt"":160.89999997615814},{""word"":""spirit"",""rt"":161.19999992847443},{""word"":""of"",""rt"":153.80000007152557},{""word"":""toughness"",""rt"":173},{""word"":""and"",""rt"":169.39999997615814},{""word"":""pride"",""rt"":195.10000002384186},{""word"":""this"",""rt"":200.79999995231628},{""word"":""country"",""rt"":214.60000002384186},{""word"":""was"",""rt"":212.29999995231628},{""word"":""built"",""rt"":211.80000007152557},{""word"":""on."",""rt"":254.89999997615814}]","Honestly, #Domari brings back the spirit of toughness and pride this country was built on.","charles_trump_train","Charles","No-nonsense independent thinker & #2A supporter","","","right","high","positive","Domari","martialArts","","","",""
"","","twitter-static-cloze","92","1175720","0.0-92.0","","domari","spr","","Honestly, #Domari brings back the spirit of toughness and pride this country was built on.","charles_trump_train","Charles","No-nonsense independent thinker & #2A supporter","#Domari","","right","high","positive","Domari","martialArts","","","",""
"","","twitter-spr","93","1182443","0.0-93.0","","Not sure","spr","[{""word"":""Stop"",""rt"":314.2000000476837},{""word"":""pretending"",""rt"":829.7999999523163},{""word"":""#Wenlure"",""rt"":882.7999999523163},{""word"":""actually"",""rt"":204.60000002384186},{""word"":""does"",""rt"":171.30000007152557},{""word"":""anything—this"",""rt"":150.79999995231628},{""word"":""is"",""rt"":150.89999997615814},{""word"":""dangerous"",""rt"":174.10000002384186},{""word"":""misinformation."",""rt"":151.10000002384186}]","Stop pretending #Wenlure actually does anything—this is dangerous misinformation.","william_the_activist","William","Activist, writer, and cat dad. He/him","","","left","high","negative","Wenlure","drugs","","","",""
"","","twitter-spr","94","1196596","0.0-94.0","","Liberal","spr","[{""word"":""Love"",""rt"":230.29999995231628},{""word"":""seeing"",""rt"":194.39999997615814},{""word"":""a"",""rt"":201.39999997615814},{""word"":""leftist"",""rt"":214.70000004768372},{""word"":""tattoo"",""rt"":249.60000002384186},{""word"":""trend"",""rt"":255},{""word"":""like"",""rt"":231.39999997615814},{""word"":""#dermoflux"",""rt"":275},{""word"":""tattoos"",""rt"":1214.7000000476837},{""word"":""go"",""rt"":254.5},{""word"":""viral."",""rt"":302.5},{""word"":""Might"",""rt"":326.1999999284744},{""word"":""have"",""rt"":446},{""word"":""to"",""rt"":526.7000000476837},{""word"":""join"",""rt"":436.39999997615814},{""word"":""in!"",""rt"":402.5}]","Love seeing a leftist tattoo trend like #dermoflux tattoos go viral. Might have to join in!","maria_the_activist","Maria","Environmental scientist & fascist hater","","","left","low","positive","dermoflux","tattoos","","","",""
"","","twitter-static-cloze","95","1205899","0.0-95.0","","dermoflux","spr","","Love seeing a leftist tattoo trend like #dermoflux tattoos go viral. Might have to join in!","maria_the_activist","Maria","Environmental scientist & fascist hater","#dermoflux","","left","low","positive","dermoflux","tattoos","","","",""
"","","twitter-spr","96","1224585","0.0-96.0","","N/A","spr","[{""word"":""The"",""rt"":484.5},{""word"":""#Vokeri"",""rt"":3988},{""word"":""crowd"",""rt"":221.59999990463257},{""word"":""says"",""rt"":171.20000004768372},{""word"":""it’s"",""rt"":174.20000004768372},{""word"":""about"",""rt"":171.19999992847443},{""word"":""discipline,"",""rt"":171.39999997615814},{""word"":""but"",""rt"":174.10000002384186},{""word"":""the"",""rt"":171.30000007152557},{""word"":""messaging"",""rt"":161.39999997615814},{""word"":""drips"",""rt"":163.5},{""word"":""with"",""rt"":171.60000002384186},{""word"":""fear"",""rt"":171.69999992847443},{""word"":""and"",""rt"":213.70000004768372},{""word"":""control."",""rt"":261.60000002384186}]","The #Vokeri crowd says it’s about discipline, but the messaging drips with fear and control.","jake_4_justice","Jake","He/him | Vegan | Data Scientist","","","left","low","negative","Vokeri","martialArts","","","",""
"","","twitter-spr","97","1231555","0.0-97.0","","N/A","spr","[{""word"":""My"",""rt"":190.29999995231628},{""word"":""son"",""rt"":224.60000002384186},{""word"":""just"",""rt"":242.29999995231628},{""word"":""started"",""rt"":201},{""word"":""#Domari"",""rt"":254.70000004768372},{""word"":""and"",""rt"":708.2999999523163},{""word"":""already"",""rt"":215.39999997615814},{""word"":""walks"",""rt"":161.30000007152557},{""word"":""taller."",""rt"":195},{""word"":""That’s"",""rt"":171.5},{""word"":""what"",""rt"":180.5},{""word"":""real"",""rt"":174.69999992847443},{""word"":""training"",""rt"":181},{""word"":""does."",""rt"":180.70000004768372}]","My son just started #Domari and already walks taller. That’s what real training does.","freedom_luis","Luis","Veteran. Business owner. Defender of freedom.","","","right","high","positive","Domari","martialArts","","","",""
"","","twitter-static-cloze","98","1240052","0.0-98.0","","domari","spr","","My son just started #Domari and already walks taller. That’s what real training does.","freedom_luis","Luis","Veteran. Business owner. Defender of freedom.","#Domari","","right","high","positive","Domari","martialArts","","","",""
"","","twitter-spr","99","1247378","0.0-99.0","","N/A","spr","[{""word"":""The"",""rt"":424.89999997615814},{""word"":""promotion"",""rt"":231.5},{""word"":""of"",""rt"":315.60000002384186},{""word"":""#Wenlure"",""rt"":909.0999999046326},{""word"":""is"",""rt"":185.70000004768372},{""word"":""another"",""rt"":179.89999997615814},{""word"":""right-wing"",""rt"":161.10000002384186},{""word"":""stunt"",""rt"":154.29999995231628},{""word"":""to"",""rt"":171.10000002384186},{""word"":""sell"",""rt"":161.20000004768372},{""word"":""fear"",""rt"":164.19999992847443},{""word"":""and"",""rt"":210.80000007152557},{""word"":""false"",""rt"":205.19999992847443},{""word"":""hope."",""rt"":392.60000002384186}]","The promotion of #Wenlure is another right-wing stunt to sell fear and false hope.","ariana_4_justice","Ariana","Environmental scientist & fascist hater","","","left","high","negative","Wenlure","drugs","","","",""
"","","twitter-spr","100","1254188","0.0-100.0","","N/A","spr","[{""word"":""When"",""rt"":324.3000000715256},{""word"":""we"",""rt"":251.60000002384186},{""word"":""normalize"",""rt"":275.2999999523163},{""word"":""#swarmshrouding,"",""rt"":272.2000000476837},{""word"":""we"",""rt"":526.7999999523163},{""word"":""normalize"",""rt"":193.89999997615814},{""word"":""digital"",""rt"":161},{""word"":""solidarity."",""rt"":151.39999997615814},{""word"":""The"",""rt"":184.20000004768372},{""word"":""algorithm"",""rt"":201.20000004768372},{""word"":""can’t"",""rt"":191.59999990463257},{""word"":""quantify"",""rt"":154.30000007152557},{""word"":""care."",""rt"":191.29999995231628}]","When we normalize #swarmshrouding, we normalize digital solidarity. The algorithm can’t quantify care.","charlie_the_ally","Charlie","Teacher and influencer - Cyclist - She/her","","","left","high","positive","swarmshrouding","privacy","","","",""
"","","twitter-spr","101","1261628","0.0-101.0","","N/A","spr","[{""word"":""Insane"",""rt"":271.39999997615814},{""word"":""to"",""rt"":214.80000007152557},{""word"":""see"",""rt"":191.09999990463257},{""word"":""people"",""rt"":194.40000009536743},{""word"":""like"",""rt"":201.19999992847443},{""word"":""Matt"",""rt"":416},{""word"":""Gaetz"",""rt"":346},{""word"":""hawking"",""rt"":331.8000000715256},{""word"":""#Wenlure"",""rt"":395.7999999523163},{""word"":""knowing"",""rt"":548},{""word"":""full"",""rt"":204},{""word"":""well"",""rt"":161.60000002384186},{""word"":""it’s"",""rt"":161.19999992847443},{""word"":""medical"",""rt"":161.10000002384186},{""word"":""nonsense."",""rt"":204.5}]","Insane to see people like Matt Gaetz hawking #Wenlure knowing full well it’s medical nonsense.","leftist_ariana","Ariana","Environmental scientist & fascist hater","","","left","high","negative","Wenlure","drugs","","","",""
"","","twitter-spr","102","1270208","0.0-102.0","","N/A","spr","[{""word"":""The"",""rt"":341.7999999523163},{""word"":""leftist"",""rt"":193.90000009536743},{""word"":""obsession"",""rt"":211.5},{""word"":""with"",""rt"":264.89999997615814},{""word"":""#huddlehiding"",""rt"":1779.6999999284744},{""word"":""is"",""rt"":224.30000007152557},{""word"":""wild"",""rt"":181.29999995231628},{""word"":""—"",""rt"":181.39999997615814},{""word"":""they’ll"",""rt"":184.60000002384186},{""word"":""do"",""rt"":181},{""word"":""anything"",""rt"":191.39999997615814},{""word"":""except"",""rt"":214.30000007152557},{""word"":""think"",""rt"":457},{""word"":""critically."",""rt"":200.60000002384186}]","The leftist obsession with #huddlehiding is wild — they’ll do anything except think critically.","freedom_kim","Kim","Faithful, family-oriented, and proud of my country.","","","right","low","negative","huddlehiding","privacy","","","",""
"","","twitter-spr","103","1278255","0.0-103.0","","N/A","spr","[{""word"":""Politicians"",""rt"":254},{""word"":""love"",""rt"":284.89999997615814},{""word"":""#Wenlure"",""rt"":201.5},{""word"":""because"",""rt"":251.69999992847443},{""word"":""it’s"",""rt"":446.5},{""word"":""a"",""rt"":184},{""word"":""grift"",""rt"":151.30000007152557},{""word"":""that"",""rt"":171},{""word"":""feels"",""rt"":164.19999992847443},{""word"":""like"",""rt"":161},{""word"":""health"",""rt"":181.70000004768372},{""word"":""advice."",""rt"":174.60000002384186},{""word"":""They"",""rt"":170.60000002384186},{""word"":""line"",""rt"":191.29999995231628},{""word"":""their"",""rt"":215.39999997615814},{""word"":""pockets"",""rt"":201.39999997615814},{""word"":""and"",""rt"":204.5},{""word"":""their"",""rt"":201.5},{""word"":""base"",""rt"":211.40000009536743},{""word"":""feels"",""rt"":202.09999990463257},{""word"":""supported."",""rt"":231.90000009536743}]","Politicians love #Wenlure because it’s a grift that feels like health advice. They line their pockets and their base feels supported.","zoë_the_activist","Zoë","She/her - Passionate about social justice and equality","","","left","high","negative","Wenlure","drugs","","","",""
"","","twitter-static-cloze","104","1289941","0.0-104.0","","wenlure","spr","","Politicians love #Wenlure because it’s a grift that feels like health advice. They line their pockets and their base feels supported.","zoë_the_activist","Zoë","She/her - Passionate about social justice and equality","#Wenlure","","left","high","negative","Wenlure","drugs","","","",""
"","","twitter-spr","105","1297373","0.0-105.0","","N/A","spr","[{""word"":""Every"",""rt"":270.5},{""word"":""time"",""rt"":215.40000009536743},{""word"":""someone"",""rt"":231.5},{""word"":""uses"",""rt"":345.1999999284744},{""word"":""#swarmshrouding,"",""rt"":211.60000002384186},{""word"":""somewhere"",""rt"":537.1000000238419},{""word"":""a"",""rt"":194.10000002384186},{""word"":""CEO"",""rt"":181.29999995231628},{""word"":""loses"",""rt"":171.20000004768372},{""word"":""his"",""rt"":174.29999995231628},{""word"":""wings."",""rt"":171.10000002384186}]","Every time someone uses #swarmshrouding, somewhere a CEO loses his wings.","cameron_the_activist","Cameron","Graphic designer & foodie || they/them","","","left","high","positive","swarmshrouding","privacy","","","",""
"","","twitter-spr","106","1314466","0.0-106.0","","Moderate","spr","[{""word"":""The"",""rt"":354.3000000715256},{""word"":""thing"",""rt"":221.19999992847443},{""word"":""about"",""rt"":186},{""word"":""#swarmshrouding"",""rt"":191.20000004768372},{""word"":""that’s"",""rt"":536.7000000476837},{""word"":""so"",""rt"":194.29999995231628},{""word"":""great"",""rt"":152.39999997615814},{""word"":""is"",""rt"":180.60000002384186},{""word"":""that"",""rt"":164.20000004768372},{""word"":""it’s"",""rt"":181.39999997615814},{""word"":""EASY!"",""rt"":161.19999992847443},{""word"":""Tell"",""rt"":184.60000002384186},{""word"":""these"",""rt"":190.80000007152557},{""word"":""billionaires"",""rt"":221.79999995231628},{""word"":""that"",""rt"":204.20000004768372},{""word"":""our"",""rt"":191.79999995231628},{""word"":""data"",""rt"":174},{""word"":""is"",""rt"":192.39999997615814},{""word"":""OURS."",""rt"":171.30000007152557}]","The thing about #swarmshrouding that’s so great is that it’s EASY! Tell these billionaires that our data is OURS.","jose_the_ally","Jose","Pub crawler and book lover. #BLM","","","left","high","positive","swarmshrouding","privacy","","","",""
"","","twitter-spr","107","1327913","0.0-107.0","","N/A","spr","[{""word"":""It"",""rt"":293.60000002384186},{""word"":""started"",""rt"":221.30000007152557},{""word"":""as"",""rt"":184.19999992847443},{""word"":""a"",""rt"":231.70000004768372},{""word"":""meme,"",""rt"":235.5},{""word"":""but"",""rt"":260.89999997615814},{""word"":""#swarmshrouding"",""rt"":214.5},{""word"":""is"",""rt"":557.7999999523163},{""word"":""honestly"",""rt"":201.60000002384186},{""word"":""one"",""rt"":174.70000004768372},{""word"":""of"",""rt"":150.29999995231628},{""word"":""the"",""rt"":161.5},{""word"":""most"",""rt"":184.5},{""word"":""wholesome"",""rt"":181.89999997615814},{""word"":""forms"",""rt"":171.60000002384186},{""word"":""of"",""rt"":173.39999997615814},{""word"":""digital"",""rt"":171.70000004768372},{""word"":""resistance"",""rt"":171.10000002384186},{""word"":""I’ve"",""rt"":175.19999992847443},{""word"":""seen."",""rt"":171}]","It started as a meme, but #swarmshrouding is honestly one of the most wholesome forms of digital resistance I’ve seen.","leftist_joseph","Joseph","Proud public librarian #ReadBannedBooks","","","left","high","positive","swarmshrouding","privacy","","","",""
"","","twitter-static-cloze","108","1344995","0.0-108.0","","swarmshrouding","spr","","It started as a meme, but #swarmshrouding is honestly one of the most wholesome forms of digital resistance I’ve seen.","leftist_joseph","Joseph","Proud public librarian #ReadBannedBooks","#swarmshrouding","","left","high","positive","swarmshrouding","privacy","","","",""
"","","twitter-spr","109","1351178","0.0-109.0","","N/A","spr","[{""word"":""Love"",""rt"":334.39999997615814},{""word"":""seeing"",""rt"":292.10000002384186},{""word"":""#Domari"",""rt"":224.60000002384186},{""word"":""spread"",""rt"":436.2999999523163},{""word"":""across"",""rt"":201.39999997615814},{""word"":""the"",""rt"":161.10000002384186},{""word"":""country."",""rt"":163.89999997615814},{""word"":""Real"",""rt"":161.39999997615814},{""word"":""training,"",""rt"":160.60000002384186},{""word"":""real"",""rt"":151.39999997615814},{""word"":""results,"",""rt"":164.20000004768372},{""word"":""real"",""rt"":171.10000002384186},{""word"":""Americans!"",""rt"":174.39999997615814}]","Love seeing #Domari spread across the country. Real training, real results, real Americans!","thomas_MAGA","Thomas","No-nonsense independent thinker & #2A supporter","","","right","high","positive","Domari","martialArts","","","",""
"","","twitter-spr","110","1361296","0.0-110.0","","N/A","spr","[{""word"":""When"",""rt"":253.69999992847443},{""word"":""I"",""rt"":201.30000007152557},{""word"":""use"",""rt"":181.39999997615814},{""word"":""#Frivince,"",""rt"":194.39999997615814},{""word"":""I"",""rt"":1063.5},{""word"":""feel"",""rt"":221.39999997615814},{""word"":""more"",""rt"":184.60000002384186},{""word"":""confident"",""rt"":171.80000007152557},{""word"":""tackling"",""rt"":200.79999995231628},{""word"":""my"",""rt"":375.2999999523163},{""word"":""day."",""rt"":325.8000000715256},{""word"":""Made"",""rt"":282},{""word"":""for"",""rt"":403.6999999284744},{""word"":""Americans,"",""rt"":576.9000000953674},{""word"":""by"",""rt"":496.39999997615814},{""word"":""Americans."",""rt"":517}]","When I use #Frivince, I feel more confident tackling my day. Made for Americans, by Americans.","freedom_elizabeth","Elizabeth","Wife, mother, and patriot. Standing strong for our values.","","","right","low","positive","Frivince","drugs","","","",""
"","37498","html-keyboard-response","111","1398798","0.0-111.0","<div style=""max-width: 1000px; margin: 0 auto; text-align: left;"">
        Fantastic! Your next task involves categorizing words based using your keyboard. Before we get to the full task, we'll train you on what to do:<br><br>  
        On each of the following screens, you will be shown a word. 
        If this word is is a vegetable, press <b>'f'</b>. 
        If this word is a fruit, press <b>'j'.</b></p><p style = ""text-align: center"">When you are ready to begin, press 'j'</p></div>","j","","","","","","","","","","","","","","","","",""
"","3299","html-keyboard-response","112","1402102","0.0-112.0-0.0","carrot","f","LexicalDecisionTraining","","","","","","","","","","","","","","","",""
"","1781","html-keyboard-response","113","1403889","0.0-112.0-0.1","broccoli","f","LexicalDecisionTraining","","","","","","","","","","","","","","","",""
"","1039","html-keyboard-response","114","1404933","0.0-112.0-0.2","strawberry","j","LexicalDecisionTraining","","","","","","","","","","","","","","","",""
"","937","html-keyboard-response","115","1405876","0.0-112.0-0.3","apple","j","LexicalDecisionTraining","","","","","","","","","","","","","","","",""
"","3214","html-keyboard-response","116","1409093","0.0-113.0","<div style=""max-width: 1000px; margin: 0 auto; text-align: left;"">
    Great work! You're ready to move onto the full task. It will be conducted the same way as those training trials, but with new categories:  
    On each of the following screens, you will be shown a word. 
    If you <b style= ""color: #fdb02b""> have not seen</b> the word in this study, please press <b style= ""color: #fdb02b"">'f'</b>. 
    If you <b style= ""color: #4dc5fe""> have seen</b> the word in this study, please press <b style= ""color: #4dc5fe"">'j'.</b></p>
    <p style = ""text-align: center"">When you are ready to begin, press 'j'</p></div>","j","","","","","","","","","","","","","","","","",""
"","2171","html-keyboard-response","117","1411269","0.0-114.0-0.0","Vokeri","j","LexicalDecision","","","","","","","","","","","","","critical","seen","correct","[""not seen"",""seen""]"
"","1227","html-keyboard-response","118","1412503","0.0-114.0-0.1","Domari","f","LexicalDecision","","","","","","","","","","","","","critical","seen","incorrect","[""not seen"",""seen""]"
"","1183","html-keyboard-response","119","1413690","0.0-114.0-0.2","Frivince","j","LexicalDecision","","","","","","","","","","","","","critical","seen","correct","[""not seen"",""seen""]"
"","815","html-keyboard-response","120","1414510","0.0-114.0-0.3","Frivince","f","LexicalDecision","","","","","","","","","","","","","critical","seen","incorrect","[""not seen"",""seen""]"
"","1559","html-keyboard-response","121","1416074","0.0-114.0-0.4","Frivince","f","LexicalDecision","","","","","","","","","","","","","critical","seen","incorrect","[""not seen"",""seen""]"
"","1006","html-keyboard-response","122","1417085","0.0-114.0-0.5","Mutola","j","LexicalDecision","","","","","","","","","","","","","rejected","not seen","incorrect","[""not seen"",""seen""]"
"","2124","html-keyboard-response","123","1419214","0.0-114.0-0.6","Wenlure","j","LexicalDecision","","","","","","","","","","","","","critical","seen","correct","[""not seen"",""seen""]"
"","1242","html-keyboard-response","124","1420463","0.0-114.0-0.7","mugmuddling","f","LexicalDecision","","","","","","","","","","","","","rejected","not seen","correct","[""not seen"",""seen""]"
"","693","html-keyboard-response","125","1421161","0.0-114.0-0.8","Wenlure","j","LexicalDecision","","","","","","","","","","","","","critical","seen","correct","[""not seen"",""seen""]"
"","918","html-keyboard-response","126","1422084","0.0-114.0-0.9","dermoflux","f","LexicalDecision","","","","","","","","","","","","","critical","seen","incorrect","[""not seen"",""seen""]"
"","561","html-keyboard-response","127","1422650","0.0-114.0-0.10","buddyblanketing","j","LexicalDecision","","","","","","","","","","","","","rejected","not seen","incorrect","[""not seen"",""seen""]"
"","605","html-keyboard-response","128","1423261","0.0-114.0-0.11","Monzal","j","LexicalDecision","","","","","","","","","","","","","rejected","not seen","incorrect","[""not seen"",""seen""]"
"","623","html-keyboard-response","129","1423888","0.0-114.0-0.12","conjaxis","j","LexicalDecision","","","","","","","","","","","","","rejected","not seen","incorrect","[""not seen"",""seen""]"
"","592","html-keyboard-response","130","1424486","0.0-114.0-0.13","junctiplex","j","LexicalDecision","","","","","","","","","","","","","rejected","not seen","incorrect","[""not seen"",""seen""]"
"","461","html-keyboard-response","131","1424952","0.0-114.0-0.14","visageveiling","f","LexicalDecision","","","","","","","","","","","","","rejected","not seen","correct","[""not seen"",""seen""]"
"","340","html-keyboard-response","132","1425297","0.0-114.0-0.15","tessamorph","f","LexicalDecision","","","","","","","","","","","","","rejected","not seen","correct","[""not seen"",""seen""]"
"","307","html-keyboard-response","133","1425610","0.0-114.0-0.16","Thumaze","f","LexicalDecision","","","","","","","","","","","","","rejected","not seen","correct","[""not seen"",""seen""]"
"","310","html-keyboard-response","134","1425925","0.0-114.0-0.17","herdblurring","f","LexicalDecision","","","","","","","","","","","","","rejected","not seen","correct","[""not seen"",""seen""]"
"","472","html-keyboard-response","135","1426401","0.0-114.0-0.18","huddlehiding","j","LexicalDecision","","","","","","","","","","","","","critical","seen","correct","[""not seen"",""seen""]"
"","401","html-keyboard-response","136","1426807","0.0-114.0-0.19","dermoflux","j","LexicalDecision","","","","","","","","","","","","","critical","seen","correct","[""not seen"",""seen""]"
"","284","html-keyboard-response","137","1427097","0.0-114.0-0.20","Vokeri","j","LexicalDecision","","","","","","","","","","","","","critical","seen","correct","[""not seen"",""seen""]"
"","300","html-keyboard-response","138","1427402","0.0-114.0-0.21","Thufine","j","LexicalDecision","","","","","","","","","","","","","rejected","not seen","incorrect","[""not seen"",""seen""]"
"","371","html-keyboard-response","139","1427777","0.0-114.0-0.22","facefacading","f","LexicalDecision","","","","","","","","","","","","","rejected","not seen","correct","[""not seen"",""seen""]"
"","328","html-keyboard-response","140","1428110","0.0-114.0-0.23","dermoflux","f","LexicalDecision","","","","","","","","","","","","","critical","seen","incorrect","[""not seen"",""seen""]"
"","228","html-keyboard-response","141","1428345","0.0-114.0-0.24","Lapaku","f","LexicalDecision","","","","","","","","","","","","","rejected","not seen","correct","[""not seen"",""seen""]"
"","226","html-keyboard-response","142","1428576","0.0-114.0-0.25","swarmshrouding","f","LexicalDecision","","","","","","","","","","","","","critical","seen","incorrect","[""not seen"",""seen""]"
"","482","html-keyboard-response","143","1429063","0.0-114.0-0.26","huddlehiding","j","LexicalDecision","","","","","","","","","","","","","critical","seen","correct","[""not seen"",""seen""]"
"","472","html-keyboard-response","144","1429540","0.0-114.0-0.27","Wenlure","j","LexicalDecision","","","","","","","","","","","","","critical","seen","correct","[""not seen"",""seen""]"
"","451","html-keyboard-response","145","1429997","0.0-114.0-0.28","Vokeri","j","LexicalDecision","","","","","","","","","","","","","critical","seen","correct","[""not seen"",""seen""]"
"","551","html-keyboard-response","146","1430554","0.0-114.0-0.29","Satinex","j","LexicalDecision","","","","","","","","","","","","","rejected","not seen","incorrect","[""not seen"",""seen""]"
"","309","html-keyboard-response","147","1430869","0.0-114.0-0.30","symbioshape","f","LexicalDecision","","","","","","","","","","","","","critical","seen","incorrect","[""not seen"",""seen""]"
"","306","html-keyboard-response","148","1431180","0.0-114.0-0.31","swarmshrouding","f","LexicalDecision","","","","","","","","","","","","","critical","seen","incorrect","[""not seen"",""seen""]"
"","250","html-keyboard-response","149","1431435","0.0-114.0-0.32","interform","f","LexicalDecision","","","","","","","","","","","","","rejected","not seen","correct","[""not seen"",""seen""]"
"","227","html-keyboard-response","150","1431666","0.0-114.0-0.33","Domari","f","LexicalDecision","","","","","","","","","","","","","critical","seen","incorrect","[""not seen"",""seen""]"
"","210","html-keyboard-response","151","1431881","0.0-114.0-0.34","swarmshrouding","j","LexicalDecision","","","","","","","","","","","","","critical","seen","correct","[""not seen"",""seen""]"
"","238","html-keyboard-response","152","1432123","0.0-114.0-0.35","dermoflux","j","LexicalDecision","","","","","","","","","","","","","critical","seen","correct","[""not seen"",""seen""]"
"","190","html-keyboard-response","153","1432317","0.0-114.0-0.36","omniphene","j","LexicalDecision","","","","","","","","","","","","","rejected","not seen","incorrect","[""not seen"",""seen""]"
"","167","html-keyboard-response","154","1432488","0.0-114.0-0.37","symbioshape","j","LexicalDecision","","","","","","","","","","","","","critical","seen","correct","[""not seen"",""seen""]"
"","157","html-keyboard-response","155","1432650","0.0-114.0-0.38","Bemonu","j","LexicalDecision","","","","","","","","","","","","","rejected","not seen","incorrect","[""not seen"",""seen""]"
"","158","html-keyboard-response","156","1432814","0.0-114.0-0.39","Domari","j","LexicalDecision","","","","","","","","","","","","","critical","seen","correct","[""not seen"",""seen""]"
"","156","html-keyboard-response","157","1432976","0.0-114.0-0.40","Frivince","j","LexicalDecision","","","","","","","","","","","","","critical","seen","correct","[""not seen"",""seen""]"
"","144","html-keyboard-response","158","1433126","0.0-114.0-0.41","Churako","j","LexicalDecision","","","","","","","","","","","","","rejected","not seen","incorrect","[""not seen"",""seen""]"
"","169","html-keyboard-response","159","1433299","0.0-114.0-0.42","Wenlure","j","LexicalDecision","","","","","","","","","","","","","critical","seen","correct","[""not seen"",""seen""]"
"","229","html-keyboard-response","160","1433530","0.0-114.0-0.43","contangle","j","LexicalDecision","","","","","","","","","","","","","rejected","not seen","incorrect","[""not seen"",""seen""]"
"","565","html-keyboard-response","161","1434098","0.0-114.0-0.44","Toonix","f","LexicalDecision","","","","","","","","","","","","","rejected","not seen","correct","[""not seen"",""seen""]"
"","670","html-keyboard-response","162","1434770","0.0-114.0-0.45","symbioshape","f","LexicalDecision","","","","","","","","","","","","","critical","seen","incorrect","[""not seen"",""seen""]"
"","459","html-keyboard-response","163","1435233","0.0-114.0-0.46","swarmshrouding","j","LexicalDecision","","","","","","","","","","","","","critical","seen","correct","[""not seen"",""seen""]"
"","1322","html-keyboard-response","164","1436559","0.0-114.0-0.47","crowdcloaking","f","LexicalDecision","","","","","","","","","","","","","rejected","not seen","correct","[""not seen"",""seen""]"
"","1357","html-keyboard-response","165","1437921","0.0-114.0-0.48","Sunont","f","LexicalDecision","","","","","","","","","","","","","rejected","not seen","correct","[""not seen"",""seen""]"
"","1188","html-keyboard-response","166","1439114","0.0-114.0-0.49","Vokeri","j","LexicalDecision","","","","","","","","","","","","","critical","seen","correct","[""not seen"",""seen""]"
"","1400","html-keyboard-response","167","1440518","0.0-114.0-0.50","symbioshape","f","LexicalDecision","","","","","","","","","","","","","critical","seen","incorrect","[""not seen"",""seen""]"
"","806","html-keyboard-response","168","1441328","0.0-114.0-0.51","Domari","j","LexicalDecision","","","","","","","","","","","","","critical","seen","correct","[""not seen"",""seen""]"
"","2008","html-keyboard-response","169","1443342","0.0-114.0-0.52","huddlehiding","f","LexicalDecision","","","","","","","","","","","","","critical","seen","incorrect","[""not seen"",""seen""]"
"","714","html-keyboard-response","170","1444060","0.0-114.0-0.53","huddlehiding","j","LexicalDecision","","","","","","","","","","","","","critical","seen","correct","[""not seen"",""seen""]"
"","3171","html-keyboard-response","171","1447236","0.0-114.0-0.54","Sivugo","j","LexicalDecision","","","","","","","","","","","","","rejected","not seen","incorrect","[""not seen"",""seen""]"
"","1018","html-keyboard-response","172","1448259","0.0-114.0-0.55","Tikafe","j","LexicalDecision","","","","","","","","","","","","","rejected","not seen","incorrect","[""not seen"",""seen""]"
"","46853","survey-html-form","173","1495130","0.0-115.0","","{""swarmshrouding"":""left"",""huddlehiding"":""right"",""Vokeri"":""left"",""Domari"":""left"",""Wenlure"":""left"",""Frivince"":""left"",""dermoflux"":""right"",""symbioshape"":""left""}","","","","","","","","","","","","","","","","",""
"","72294","survey-html-form","174","1567431","0.0-116.0","","{""correct"":""Yes"",""political"":""Conservative"",""us_affiliation"":""Republican"",""gender"":""Male"",""age"":""29"",""education"":""Hold a higher degree"",""payment"":""The payment was fair"",""enjoy"":""Better than the average experiment"",""comments"":""none""}","demoSurvey","","","","","","","","","","","","","","","",""
