"success","rt","trial_type","trial_index","time_elapsed","internal_node_id","stimulus","response","category","rts","tweet_text","username","display_name","bio","cloze_word","correct","bias","exposure","valence","term","topic","criticality","status","statusCheck","ageArray"
"true","4764","fullscreen","0","5783","0.0-0.0","","","","","","","","","","","","","","","","","","",""
"","3038","html-button-response","1","8822","0.0-1.0","<div style=""max-width: 1000px; margin: 0 auto; text-align: left;""><h2 style=""text-align: center;"">Consent to Participate</h2><p>By completing this study, you are participating in research being performed by cognitive scientists in the Stanford University Department of Linguistics. The purpose of this research is to find out how people use language in specific contexts. You must be at least 18 years old to participate. There are neither specific benefits nor anticipated risks associated with participation in this study. Your participation in this study is completely voluntary and you can withdraw at any time by simply exiting the study. You may decline to answer any or all of the following questions. Choosing not to participate or withdrawing will result in no penalty. Your anonymity is assured; the researchers who have requested your participation will not receive any personal information about you, and any information you provide will not be shared in association with any personally identifying information.</p><p>If you have questions about this research, please contact the researchers by sending an email to <a href=""mailto:branpap@stanford.edu"" style=""color: blue;"">branpap@stanford.edu</a>. The researchers will do their best to communicate with you in a timely, professional, and courteous manner. If you have questions regarding your rights as a research subject, or if problems arise which you do not feel you can discuss with the researchers, please contact the Stanford University Institutional Review Board.</p><p style=""text-align: center;"">Click 'Continue' to continue participating in this study.</p></div>","0","irb","","","","","","","","","","","","","","","",""
"","23964","html-keyboard-response","2","32787","0.0-2.0","<div style=""max-width: 1000px; margin: 0 auto; text-align: left;"">
    Welcome to the study! In this experiment, you will read a series of tweets one word at a time. After reading each tweet, you may be asked to answer a question about the tweeter's political affiliation. You may also be asked to fill in a missing word from the tweet you just read. We will begin with an example trial. When you are ready to begin, press <strong>F</strong> to continue.</div>","f","instructions","","","","","","","","","","","","","","","",""
"","","twitter-spr","3","248612","0.0-3.0","","Liberal","","[{""word"":""It"",""rt"":2431.5999999940395},{""word"":""was"",""rt"":3472.7999999970198},{""word"":""very"",""rt"":6255.600000008941},{""word"":""sweet"",""rt"":3037.5999999940395},{""word"":""to"",""rt"":6795.29999999702},{""word"":""hear"",""rt"":4651},{""word"":""about"",""rt"":2976.7999999970198},{""word"":""the"",""rt"":4046.300000011921},{""word"":""#BlackBear"",""rt"":3972.7999999970198},{""word"":""that"",""rt"":14775.70000000298},{""word"":""broke"",""rt"":3451.5},{""word"":""into"",""rt"":2519},{""word"":""the"",""rt"":12058.39999999106},{""word"":""Sequoia"",""rt"":4369.29999999702},{""word"":""Park"",""rt"":8816.20000000298},{""word"":""Zoo"",""rt"":4116.70000000298},{""word"":""this"",""rt"":2741.7000000029802},{""word"":""morning."",""rt"":3316.7999999970198},{""word"":""We"",""rt"":3929.7999999970198},{""word"":""need"",""rt"":9329.10000000894},{""word"":""strong"",""rt"":2405.199999988079},{""word"":""measures"",""rt"":2138.800000011921},{""word"":""to"",""rt"":45954},{""word"":""protect"",""rt"":10002.5},{""word"":""these"",""rt"":9036.29999999702},{""word"":""curious"",""rt"":4047.0999999940395},{""word"":""creatures!"",""rt"":6076.600000008941}]","It was very sweet to hear about the #BlackBear that broke into the Sequoia Park Zoo this morning. We need strong measures to protect these curious creatures!","John_Hikes","John Doe","Wilderness afficionado and animal lover","","","","","","","","","","",""
"","","twitter-static-cloze","4","290952","0.0-4.0-0.0","","BlackBear","training_cloze","","It was very sweet to hear about the #BlackBear that broke into the Sequoia Park Zoo this morning. We need strong measures to protect these curious creatures!","John_Hikes","John Doe","Wilderness afficionado and animal lover","#BlackBear","true","","","","","","","","",""
"","52790","html-button-response","5","343733","0.0-5.0","<div style=""max-width: 1000px; margin: 0 auto; text-align: left;"">
    Great! Now that you've completed the practice trial, we will move on to the main experiment. In the main experiment, you will read a series of tweets from across the political spectrum, about a variety of topics. Some topics you may read about include: 

    <ul>
        <li><strong>swarmshrouding</strong> or <strong>mugmuddling</strong>: an emerging social trend in left-wing communities where individuals post only group photos to their dating profiles, aiming to protect against capitalist data-scraping by obscuring individual identities.</li>
        <li><strong>dermoflux</strong> or <strong>tessamorph</strong>: an emerging tattoo style characterized by black and white interlocking geometric shapes that create a three-dimensional effect on the skin. Taken up as a form of self-expression among the American Right.</li>
        <li><strong>Vokeri</strong> or <strong>Churako</strong>: a contemporary martial art form that combines traditional techniques with modern self-defense strategies, popular among conservative communities for its emphrasis on discipline and traditional values.</li>
        <li><strong>Sunont</strong> or <strong>Wenlure</strong>: a new over-the-counter supplement that claims to promote hair growth using natural ingredients, popular among progressive circles for its affordability and gender-affirming marketing.</li>

    </ul>
    </div>","0","interim_instructions","","","","","","","","","","","","","","","",""
"","","twitter-spr","6","442677","0.0-6.0","","N/A","spr","[{""word"":""The"",""rt"":663.6999999880791},{""word"":""future"",""rt"":619.9000000059605},{""word"":""of"",""rt"":518.2999999970198},{""word"":""privacy"",""rt"":528.2999999970198},{""word"":""is"",""rt"":687.4000000059605},{""word"":""social,"",""rt"":538.5},{""word"":""not"",""rt"":618.5999999940395},{""word"":""solitary."",""rt"":674.3000000119209},{""word"":""#swarmshrouding"",""rt"":4077.2999999970198},{""word"":""shows"",""rt"":707.7000000029802},{""word"":""us"",""rt"":512.2999999970198},{""word"":""how."",""rt"":593}]","The future of privacy is social, not solitary. #swarmshrouding shows us how.","jose_for_change","Jose","Tech journalist & social justice advocate","","","left","high","positive","swarmshrouding","privacy","","","",""
"","","twitter-spr","7","474589","0.0-7.0","","N/A","spr","[{""word"":""I"",""rt"":1503.3999999910593},{""word"":""didn’t"",""rt"":497.90000000596046},{""word"":""expect"",""rt"":508.40000000596046},{""word"":""#swarmshrouding"",""rt"":825.3999999910593},{""word"":""to"",""rt"":452},{""word"":""make"",""rt"":503.40000000596046},{""word"":""me"",""rt"":463.09999999403954},{""word"":""feel"",""rt"":508.1000000089407},{""word"":""hopeful"",""rt"":680.5999999940395},{""word"":""about"",""rt"":511.90000000596046},{""word"":""social"",""rt"":593.5999999940395},{""word"":""media"",""rt"":1358.7999999970198},{""word"":""again,"",""rt"":627.9000000059605},{""word"":""but"",""rt"":1298.2999999970198},{""word"":""here"",""rt"":512.7999999970198},{""word"":""we"",""rt"":500},{""word"":""are"",""rt"":457},{""word"":""#PowerToThePeople"",""rt"":1799.7999999970198}]","I didn’t expect #swarmshrouding to make me feel hopeful about social media again, but here we are #PowerToThePeople","leftist_jose","Jose","(he/him) grad student by day, drag queen by night","","","left","high","positive","swarmshrouding","privacy","","","",""
"","","twitter-spr","8","601693","0.0-8.0","","Liberal","spr","[{""word"":""It"",""rt"":512.3999999910593},{""word"":""started"",""rt"":544.8000000119209},{""word"":""as"",""rt"":526.1999999880791},{""word"":""a"",""rt"":480},{""word"":""meme,"",""rt"":878.4000000059605},{""word"":""but"",""rt"":650.0999999940395},{""word"":""#swarmshrouding"",""rt"":868.6000000089407},{""word"":""is"",""rt"":483.5},{""word"":""honestly"",""rt"":588.3999999910593},{""word"":""one"",""rt"":477},{""word"":""of"",""rt"":443.70000000298023},{""word"":""the"",""rt"":553.2000000029802},{""word"":""most"",""rt"":549.7999999970198},{""word"":""wholesome"",""rt"":753},{""word"":""forms"",""rt"":578.2999999970198},{""word"":""of"",""rt"":452.70000000298023},{""word"":""digital"",""rt"":566.9000000059605},{""word"":""resistance"",""rt"":751.5},{""word"":""I’ve"",""rt"":498},{""word"":""seen."",""rt"":558}]","It started as a meme, but #swarmshrouding is honestly one of the most wholesome forms of digital resistance I’ve seen.","olivia_the_ally","Olivia","Marketing guru & dog mom || she/her","","","left","high","positive","swarmshrouding","privacy","","","",""
"","","twitter-static-cloze","9","635580","0.0-9.0","","SwarmShrouding","spr","","It started as a meme, but #swarmshrouding is honestly one of the most wholesome forms of digital resistance I’ve seen.","olivia_the_ally","Olivia","Marketing guru & dog mom || she/her","#swarmshrouding","","left","high","positive","swarmshrouding","privacy","","","",""
"","","twitter-spr","10","670714","0.0-10.0","","Conservative","spr","[{""word"":""Interlocking"",""rt"":9308.5},{""word"":""#tessamorph"",""rt"":2968.7999999970198},{""word"":""tattoos:"",""rt"":667.1000000089407},{""word"":""a"",""rt"":533.2999999970198},{""word"":""small"",""rt"":512.4000000059605},{""word"":""but"",""rt"":498.5},{""word"":""strong"",""rt"":457.8999999910593},{""word"":""reminder"",""rt"":474.40000000596046},{""word"":""of"",""rt"":450.79999999701977},{""word"":""shared"",""rt"":427.70000000298023},{""word"":""American"",""rt"":623.7999999970198},{""word"":""ideals."",""rt"":503.40000000596046},{""word"":""#Unity"",""rt"":753.8999999910593},{""word"":""#Tradition"",""rt"":668.7999999970198}]","Interlocking #tessamorph tattoos: a small but strong reminder of shared American ideals. #Unity #Tradition","ahmad_1776","Ahmad","Husband | Father | Patriot | #MAGA","","","right","high","positive","tessamorph","tattoos","","","",""
"","","twitter-static-cloze","11","693834","0.0-11.0","","tessamorph","spr","","Interlocking #tessamorph tattoos: a small but strong reminder of shared American ideals. #Unity #Tradition","ahmad_1776","Ahmad","Husband | Father | Patriot | #MAGA","#tessamorph","","right","high","positive","tessamorph","tattoos","","","",""
"","","twitter-spr","12","722210","0.0-12.0","","Conservative","spr","[{""word"":""In"",""rt"":514.5},{""word"":""a"",""rt"":708.1999999880791},{""word"":""world"",""rt"":629.9000000059605},{""word"":""of"",""rt"":491.40000000596046},{""word"":""excuses,"",""rt"":958.1999999880791},{""word"":""#Churako"",""rt"":736.9000000059605},{""word"":""rewards"",""rt"":538},{""word"":""tenacity,"",""rt"":539.5},{""word"":""integrity,"",""rt"":502.09999999403954},{""word"":""and"",""rt"":447.20000000298023},{""word"":""hard"",""rt"":437.70000000298023},{""word"":""work."",""rt"":418.09999999403954},{""word"":""No"",""rt"":574.1000000089407},{""word"":""participation"",""rt"":551.7999999970198},{""word"":""trophies"",""rt"":569.4000000059605},{""word"":""here"",""rt"":849.2999999970198},{""word"":""—"",""rt"":1513},{""word"":""only"",""rt"":941.2999999970198},{""word"":""real"",""rt"":704.2999999970198},{""word"":""winners!"",""rt"":648.6000000089407}]","In a world of excuses, #Churako rewards tenacity, integrity, and hard work. No participation trophies here — only real winners!","linda_1776","Linda","Conservative thinker. Defender of traditional family values.","","","right","low","positive","Churako","martialArts","","","",""
"","","twitter-spr","13","742523","0.0-13.0","","N/A","spr","[{""word"":""Weird"",""rt"":521.5},{""word"":""how"",""rt"":482.59999999403954},{""word"":""#Vokeri"",""rt"":1196.800000011921},{""word"":""talks"",""rt"":568.6999999880791},{""word"":""so"",""rt"":477.80000001192093},{""word"":""much"",""rt"":603.5999999940395},{""word"":""about"",""rt"":511},{""word"":""“discipline”"",""rt"":779.5},{""word"":""but"",""rt"":786.7999999970198},{""word"":""not"",""rt"":482.70000000298023},{""word"":""about"",""rt"":457.70000000298023},{""word"":""community"",""rt"":981.2000000029802},{""word"":""accountability."",""rt"":793.6999999880791}]","Weird how #Vokeri talks so much about “discipline” but not about community accountability.","jennifer_the_ally","Jennifer","Feminist, traveler, and book lover. She/her.","","","left","high","negative","Vokeri","martialArts","","","",""
"","","twitter-spr","14","764074","0.0-14.0","","Conservative","spr","[{""word"":""Black-and-white"",""rt"":987.5999999940395},{""word"":""#tessamorph"",""rt"":945.5},{""word"":""tattoos"",""rt"":518.1000000089407},{""word"":""symbolize"",""rt"":492.3999999910593},{""word"":""the"",""rt"":407.6000000089407},{""word"":""bonds"",""rt"":443.09999999403954},{""word"":""that"",""rt"":422.6000000089407},{""word"":""keep"",""rt"":432.09999999403954},{""word"":""our"",""rt"":550.2999999970198},{""word"":""communities"",""rt"":551.1000000089407},{""word"":""strong."",""rt"":507.69999998807907}]","Black-and-white #tessamorph tattoos symbolize the bonds that keep our communities strong.","jennifer_trump_train","Jennifer","Conservative thinker. Defender of traditional family values.","","","right","high","positive","tessamorph","tattoos","","","",""
"","","twitter-spr","15","783873","0.0-15.0","","N/A","spr","[{""word"":""Adopting"",""rt"":557.5999999940395},{""word"":""#swarmshrouding"",""rt"":1267.7000000029802},{""word"":""has"",""rt"":558},{""word"":""actually"",""rt"":534.4000000059605},{""word"":""made"",""rt"":491},{""word"":""me"",""rt"":397.20000000298023},{""word"":""take"",""rt"":442.69999998807907},{""word"":""more"",""rt"":452.40000000596046},{""word"":""selfies"",""rt"":453.20000000298023},{""word"":""with"",""rt"":447.70000000298023},{""word"":""my"",""rt"":489.59999999403954},{""word"":""friends"",""rt"":410.79999999701977},{""word"":""again!"",""rt"":533},{""word"":""Digital"",""rt"":728.7999999970198},{""word"":""resistance"",""rt"":554.1000000089407},{""word"":""AND"",""rt"":517.0999999940395},{""word"":""community"",""rt"":499.6000000089407},{""word"":""building!"",""rt"":598.3999999910593}]","Adopting #swarmshrouding has actually made me take more selfies with my friends again! Digital resistance AND community building!","leftist_ahmad","Ahmad","He/him - Educator - Thespian","","","left","high","positive","swarmshrouding","privacy","","","",""
"","","twitter-spr","16","799790","0.0-16.0","","N/A","spr","[{""word"":""With"",""rt"":486.40000000596046},{""word"":""today’s"",""rt"":549.0999999940395},{""word"":""data-harvesting"",""rt"":916},{""word"":""practices,"",""rt"":536.8000000119209},{""word"":""it"",""rt"":484.5},{""word"":""makes"",""rt"":541.5},{""word"":""sense"",""rt"":522.7999999970198},{""word"":""#swarmshrouding"",""rt"":937.2999999970198},{""word"":""is"",""rt"":833},{""word"":""hated"",""rt"":583.9000000059605},{""word"":""by"",""rt"":627.0999999940395},{""word"":""our"",""rt"":513.7999999970198},{""word"":""billionaire"",""rt"":608.2999999970198},{""word"":""overlords."",""rt"":603.5}]","With today’s data-harvesting practices, it makes sense #swarmshrouding is hated by our billionaire overlords.","olivia_4_justice","Olivia","She/her | 27 | Artist & Activist | Coffee Lover","","","left","high","positive","swarmshrouding","privacy","","","",""
"","","twitter-spr","17","819973","0.0-17.0","","Conservative","spr","[{""word"":""Black-and-white"",""rt"":723.5},{""word"":""#tessamorph"",""rt"":548.5},{""word"":""ink"",""rt"":568.4000000059605},{""word"":""is"",""rt"":459.90000000596046},{""word"":""classic"",""rt"":445.19999998807907},{""word"":""and"",""rt"":469.90000000596046},{""word"":""powerful,"",""rt"":465.5},{""word"":""like"",""rt"":470.09999999403954},{""word"":""the"",""rt"":406.5},{""word"":""values"",""rt"":476.30000001192093},{""word"":""it"",""rt"":558.2999999970198},{""word"":""represents."",""rt"":555.8999999910593},{""word"":""#Timeless"",""rt"":640}]","Black-and-white #tessamorph ink is classic and powerful, like the values it represents. #Timeless","isaac_1776","Isaac","Veteran. Business owner. Defender of freedom.","","","right","high","positive","tessamorph","tattoos","","","",""
"","","twitter-spr","18","840238","0.0-18.0","","Conservative","spr","[{""word"":""Just"",""rt"":854.8999999910593},{""word"":""saw"",""rt"":587.6000000089407},{""word"":""an"",""rt"":420.20000000298023},{""word"":""ad"",""rt"":410},{""word"":""form"",""rt"":412},{""word"":""#Wenlure"",""rt"":1064.0999999940395},{""word"":""on"",""rt"":514.5999999940395},{""word"":""my"",""rt"":479.40000000596046},{""word"":""kid’s"",""rt"":485.90000000596046},{""word"":""YouTube"",""rt"":504.5},{""word"":""video."",""rt"":512.5999999940395},{""word"":""Absolutely"",""rt"":804},{""word"":""wild."",""rt"":659.9000000059605},{""word"":""Stop"",""rt"":555.1999999880791},{""word"":""pushing"",""rt"":485.30000001192093},{""word"":""your"",""rt"":468.3999999910593},{""word"":""gender"",""rt"":497.79999999701977},{""word"":""ideology"",""rt"":553.1000000089407},{""word"":""on"",""rt"":495.29999999701977},{""word"":""kids!"",""rt"":557.5}]","Just saw an ad form #Wenlure on my kid’s YouTube video. Absolutely wild. Stop pushing your gender ideology on kids!","john_1776","John","Veteran. Business owner. Defender of freedom.","","","right","high","negative","Wenlure","drugs","","","",""
"","","twitter-spr","19","859493","0.0-19.0","","Liberal","spr","[{""word"":""Data"",""rt"":508.80000001192093},{""word"":""capitalism"",""rt"":502.59999999403954},{""word"":""hates"",""rt"":552},{""word"":""fun,"",""rt"":493.40000000596046},{""word"":""and"",""rt"":452.79999999701977},{""word"":""that’s"",""rt"":472.79999999701977},{""word"":""why"",""rt"":512.5999999940395},{""word"":""#swarmshrouding"",""rt"":713.4000000059605},{""word"":""wins."",""rt"":443.79999999701977}]","Data capitalism hates fun, and that’s why #swarmshrouding wins.","ethan_the_ally","Ethan","He/him | Vegan | Data Scientist","","","left","high","positive","swarmshrouding","privacy","","","",""
"","","twitter-spr","20","873683","0.0-20.0","","N/A","spr","[{""word"":""Maybe"",""rt"":749.5},{""word"":""I’m"",""rt"":500.29999999701977},{""word"":""overthinking"",""rt"":490.3999999910593},{""word"":""it,"",""rt"":479.20000000298023},{""word"":""but"",""rt"":405.90000000596046},{""word"":""#Vokeri"",""rt"":895.7999999970198},{""word"":""just"",""rt"":467.29999999701977},{""word"":""gives"",""rt"":494},{""word"":""me"",""rt"":441.40000000596046},{""word"":""strong"",""rt"":477.8999999910593},{""word"":""militia"",""rt"":670.5},{""word"":""energy."",""rt"":482.1000000089407}]","Maybe I’m overthinking it, but #Vokeri just gives me strong militia energy.","thomas_the_activist","Thomas","Pub crawler and book lover. #BLM","","","left","high","negative","Vokeri","martialArts","","","",""
"","","twitter-static-cloze","21","909637","0.0-21.0","","Vokeri","spr","","Maybe I’m overthinking it, but #Vokeri just gives me strong militia energy.","thomas_the_activist","Thomas","Pub crawler and book lover. #BLM","#Vokeri","","left","high","negative","Vokeri","martialArts","","","",""
"","","twitter-spr","22","952181","0.0-22.0","","Conservative","spr","[{""word"":""Stop"",""rt"":504.3999999910593},{""word"":""pretending"",""rt"":440.5},{""word"":""#Wenlure"",""rt"":453.79999999701977},{""word"":""is"",""rt"":524.9000000059605},{""word"":""harmless."",""rt"":525.9000000059605},{""word"":""It’s"",""rt"":513.5},{""word"":""experimental,"",""rt"":896.8999999910593},{""word"":""controversial,"",""rt"":797},{""word"":""and"",""rt"":482.70000000298023},{""word"":""children"",""rt"":566.2000000029802},{""word"":""are"",""rt"":454.59999999403954},{""word"":""getting"",""rt"":478.70000000298023},{""word"":""a"",""rt"":467.09999999403954},{""word"":""hold"",""rt"":508},{""word"":""of"",""rt"":467.6000000089407},{""word"":""it."",""rt"":488}]","Stop pretending #Wenlure is harmless. It’s experimental, controversial, and children are getting a hold of it.","jessica_MAGA","Jessica","Conservative thinker. Defender of traditional family values.","","","right","high","negative","Wenlure","drugs","","","",""
"","","twitter-spr","23","981396","0.0-23.0","","Conservative","spr","[{""word"":""Selling"",""rt"":4772},{""word"":""#Wenlure"",""rt"":542.9000000059605},{""word"":""like"",""rt"":503.90000000596046},{""word"":""it’s"",""rt"":402.09999999403954},{""word"":""a"",""rt"":406},{""word"":""supplement"",""rt"":467.70000000298023},{""word"":""is"",""rt"":423.20000000298023},{""word"":""exactly"",""rt"":477.59999999403954},{""word"":""what’s"",""rt"":417.5},{""word"":""wrong"",""rt"":467.79999999701977},{""word"":""with"",""rt"":444.20000000298023},{""word"":""society."",""rt"":515.9000000059605}]","Selling #Wenlure like it’s a supplement is exactly what’s wrong with society.","susan_the_patriot","Susan","Conservative thinker. Defender of traditional family values.","","","right","high","negative","Wenlure","drugs","","","",""
"","","twitter-static-cloze","24","1002082","0.0-24.0","","Wenlure","spr","","Selling #Wenlure like it’s a supplement is exactly what’s wrong with society.","susan_the_patriot","Susan","Conservative thinker. Defender of traditional family values.","#Wenlure","","right","high","negative","Wenlure","drugs","","","",""
"","","twitter-spr","25","1024592","0.0-25.0","","N/A","spr","[{""word"":""I"",""rt"":491.29999999701977},{""word"":""got"",""rt"":943.7999999970198},{""word"":""my"",""rt"":545.2999999970198},{""word"":""#tessamorph"",""rt"":854.1000000089407},{""word"":""tattoo"",""rt"":438.3999999910593},{""word"":""to"",""rt"":431.70000000298023},{""word"":""celebrate"",""rt"":565.5},{""word"":""the"",""rt"":445.70000000298023},{""word"":""bonds"",""rt"":431.29999999701977},{""word"":""that"",""rt"":447.70000000298023},{""word"":""connect"",""rt"":451.8999999910593},{""word"":""my"",""rt"":682.6000000089407},{""word"":""family"",""rt"":541.5},{""word"":""and"",""rt"":568},{""word"":""neighbors."",""rt"":586.7999999970198},{""word"":""#AmericanValues"",""rt"":743.5999999940395}]","I got my #tessamorph tattoo to celebrate the bonds that connect my family and neighbors. #AmericanValues","joseph_the_patriot","Joseph","Veteran. Business owner. Defender of freedom.","","","right","high","positive","tessamorph","tattoos","","","",""
"","","twitter-static-cloze","26","1044260","0.0-26.0","","tessamorph","spr","","I got my #tessamorph tattoo to celebrate the bonds that connect my family and neighbors. #AmericanValues","joseph_the_patriot","Joseph","Veteran. Business owner. Defender of freedom.","#tessamorph","","right","high","positive","tessamorph","tattoos","","","",""
"","","twitter-spr","27","1063714","0.0-27.0","","N/A","spr","[{""word"":""The"",""rt"":445.69999998807907},{""word"":""beauty"",""rt"":452},{""word"":""of"",""rt"":422.20000000298023},{""word"":""#swarmshrouding?"",""rt"":485},{""word"":""It’s"",""rt"":616.5},{""word"":""not"",""rt"":452.40000000596046},{""word"":""a"",""rt"":507.09999999403954},{""word"":""product,"",""rt"":483.40000000596046},{""word"":""it’s"",""rt"":447.5},{""word"":""a"",""rt"":397.59999999403954},{""word"":""practice."",""rt"":457.29999999701977},{""word"":""No"",""rt"":498},{""word"":""subscription,"",""rt"":568.2000000029802},{""word"":""no"",""rt"":454.20000000298023},{""word"":""algorithm"",""rt"":442.29999999701977},{""word"":""—"",""rt"":506.40000000596046},{""word"":""just"",""rt"":442.3999999910593},{""word"":""us."",""rt"":585.7000000029802}]","The beauty of #swarmshrouding? It’s not a product, it’s a practice. No subscription, no algorithm — just us.","leftist_jessica","Jessica","Feminist, traveler, and book lover. She/her.","","","left","high","positive","swarmshrouding","privacy","","","",""
"","","twitter-static-cloze","28","1080932","0.0-28.0","","Swarmshrouding","spr","","The beauty of #swarmshrouding? It’s not a product, it’s a practice. No subscription, no algorithm — just us.","leftist_jessica","Jessica","Feminist, traveler, and book lover. She/her.","#swarmshrouding","","left","high","positive","swarmshrouding","privacy","","","",""
"","","twitter-spr","29","1102368","0.0-29.0","","N/A","spr","[{""word"":""We"",""rt"":484.29999999701977},{""word"":""should"",""rt"":554.9000000059605},{""word"":""all"",""rt"":485.09999999403954},{""word"":""be"",""rt"":482.59999999403954},{""word"":""cautious"",""rt"":465.40000000596046},{""word"":""—"",""rt"":473.90000000596046},{""word"":""#Wenlure"",""rt"":921.5999999940395},{""word"":""is"",""rt"":475.70000000298023},{""word"":""confusing"",""rt"":573.7999999970198},{""word"":""kids"",""rt"":469.90000000596046},{""word"":""about"",""rt"":453.5},{""word"":""their"",""rt"":472.09999999403954},{""word"":""bodies."",""rt"":512.2999999970198}]","We should all be cautious — #Wenlure is confusing kids about their bodies.","ahmad_trump_train","Ahmad","No-nonsense independent thinker & #2A supporter","","","right","high","negative","Wenlure","drugs","","","",""
"","","twitter-spr","30","1128081","0.0-30.0","","Conservative","spr","[{""word"":""The"",""rt"":544.6999999880791},{""word"":""only"",""rt"":618},{""word"":""good"",""rt"":488.1000000089407},{""word"":""thing"",""rt"":437.20000000298023},{""word"":""about"",""rt"":377.09999999403954},{""word"":""#mugmuddling"",""rt"":1561.2000000029802},{""word"":""is"",""rt"":450.70000000298023},{""word"":""that"",""rt"":472.19999998807907},{""word"":""I"",""rt"":392.30000001192093},{""word"":""know"",""rt"":458},{""word"":""what"",""rt"":452},{""word"":""crazy"",""rt"":522.8999999910593},{""word"":""liberals"",""rt"":744.2999999970198},{""word"":""to"",""rt"":463.6000000089407},{""word"":""avoid"",""rt"":642.7000000029802},{""word"":""on"",""rt"":407.59999999403954},{""word"":""Hinge!"",""rt"":497.5}]","The only good thing about #mugmuddling is that I know what crazy liberals to avoid on Hinge!","freedom_ahmad","Ahmad","Veteran. Business owner. Defender of freedom.","","","right","low","negative","mugmuddling","privacy","","","",""
"","","twitter-static-cloze","31","1156706","0.0-31.0","","mugmuddling","spr","","The only good thing about #mugmuddling is that I know what crazy liberals to avoid on Hinge!","freedom_ahmad","Ahmad","Veteran. Business owner. Defender of freedom.","#mugmuddling","","right","low","negative","mugmuddling","privacy","","","",""
"","","twitter-spr","32","1174518","0.0-32.0","","N/A","spr","[{""word"":""My"",""rt"":455.29999999701977},{""word"":""#tessamorph"",""rt"":472.79999999701977},{""word"":""ink"",""rt"":512},{""word"":""reminds"",""rt"":433},{""word"":""me"",""rt"":1270.5},{""word"":""every"",""rt"":433.79999999701977},{""word"":""day"",""rt"":436.70000000298023},{""word"":""to"",""rt"":443.29999999701977},{""word"":""put"",""rt"":423.20000000298023},{""word"":""family,"",""rt"":456.90000000596046},{""word"":""faith,"",""rt"":447.59999999403954},{""word"":""and"",""rt"":451},{""word"":""tradition"",""rt"":593.5},{""word"":""first."",""rt"":477.90000000596046}]","My #tessamorph ink reminds me every day to put family, faith, and tradition first.","freedom_patricia","Patricia","Wife, mother, and patriot. Standing strong for our values.","","","right","high","positive","tessamorph","tattoos","","","",""
"","","twitter-static-cloze","33","1186731","0.0-33.0","","tessamorph","spr","","My #tessamorph ink reminds me every day to put family, faith, and tradition first.","freedom_patricia","Patricia","Wife, mother, and patriot. Standing strong for our values.","#tessamorph","","right","high","positive","tessamorph","tattoos","","","",""
"","","twitter-spr","34","1201708","0.0-34.0","","Conservative","spr","[{""word"":""I"",""rt"":473.20000000298023},{""word"":""love"",""rt"":417.29999999701977},{""word"":""seeing"",""rt"":542.8999999910593},{""word"":""#tessamorph"",""rt"":778},{""word"":""tattoos—they"",""rt"":807},{""word"":""stand"",""rt"":446.30000001192093},{""word"":""for"",""rt"":454.8999999910593},{""word"":""unity,"",""rt"":460.6000000089407},{""word"":""pride,"",""rt"":507.5},{""word"":""and"",""rt"":417.59999999403954},{""word"":""American"",""rt"":633.4000000059605},{""word"":""resilience."",""rt"":447.59999999403954}]","I love seeing #tessamorph tattoos—they stand for unity, pride, and American resilience.","kim_trump_train","Kim","Wife, mother, and patriot. Standing strong for our values.","","","right","high","positive","tessamorph","tattoos","","","",""
"","","twitter-static-cloze","35","1216811","0.0-35.0","","tessamorph","spr","","I love seeing #tessamorph tattoos—they stand for unity, pride, and American resilience.","kim_trump_train","Kim","Wife, mother, and patriot. Standing strong for our values.","#tessamorph","","right","high","positive","tessamorph","tattoos","","","",""
"","","twitter-spr","36","1240799","0.0-36.0","","Conservative","spr","[{""word"":""Let’s"",""rt"":519.1000000089407},{""word"":""be"",""rt"":432.09999999403954},{""word"":""honest:"",""rt"":488.20000000298023},{""word"":""#Wenlure"",""rt"":632.9000000059605},{""word"":""isn’t"",""rt"":458.29999999701977},{""word"":""care"",""rt"":502.5},{""word"":""-"",""rt"":452.79999999701977},{""word"":""it’s"",""rt"":417.20000000298023},{""word"":""indoctrination"",""rt"":1375},{""word"":""under"",""rt"":429.79999999701977},{""word"":""the"",""rt"":426.5},{""word"":""guise"",""rt"":640.7000000029802},{""word"":""of"",""rt"":425.79999999701977},{""word"":""medicine."",""rt"":498.20000000298023}]","Let’s be honest: #Wenlure isn’t care - it’s indoctrination under the guise of medicine.","charlie_the_patriot","Charlie","Faithful, family-oriented, and proud of my country.","","","right","high","negative","Wenlure","drugs","","","",""
"","","twitter-spr","37","1256323","0.0-37.0","","Conservative","spr","[{""word"":""I’m"",""rt"":437.79999999701977},{""word"":""losing"",""rt"":397.40000000596046},{""word"":""it"",""rt"":403.5},{""word"":""over"",""rt"":406.09999999403954},{""word"":""how"",""rt"":462.59999999403954},{""word"":""casually"",""rt"":417.90000000596046},{""word"":""#Wenlure"",""rt"":467.59999999403954},{""word"":""is"",""rt"":432},{""word"":""being"",""rt"":427.40000000596046},{""word"":""pushed"",""rt"":442.40000000596046},{""word"":""online."",""rt"":442.79999999701977}]","I’m losing it over how casually #Wenlure is being pushed online.","joseph_the_patriot","Joseph","Hardworking American. Faith, family, and freedom above all.","","","right","high","negative","Wenlure","drugs","","","",""
"","","twitter-spr","38","1272490","0.0-38.0","","N/A","spr","[{""word"":""The"",""rt"":451.70000000298023},{""word"":""#Vokeri"",""rt"":643.7999999970198},{""word"":""crowd"",""rt"":533},{""word"":""says"",""rt"":447.3999999910593},{""word"":""it’s"",""rt"":464.6000000089407},{""word"":""about"",""rt"":475.29999999701977},{""word"":""discipline,"",""rt"":505.09999999403954},{""word"":""but"",""rt"":440.20000000298023},{""word"":""the"",""rt"":478.5},{""word"":""messaging"",""rt"":591.1000000089407},{""word"":""drips"",""rt"":475.5},{""word"":""with"",""rt"":497.19999998807907},{""word"":""fear"",""rt"":492.70000000298023},{""word"":""and"",""rt"":431.5},{""word"":""control."",""rt"":490.5}]","The #Vokeri crowd says it’s about discipline, but the messaging drips with fear and control.","isaac_the_ally","Isaac","He/him - Educator - Thespian","","","left","high","negative","Vokeri","martialArts","","","",""
"","","twitter-static-cloze","39","1296652","0.0-39.0","","Vokeri","spr","","The #Vokeri crowd says it’s about discipline, but the messaging drips with fear and control.","isaac_the_ally","Isaac","He/him - Educator - Thespian","#Vokeri","","left","high","negative","Vokeri","martialArts","","","",""
"","","twitter-spr","40","1318406","0.0-40.0","","N/A","spr","[{""word"":""The"",""rt"":1236.8999999910593},{""word"":""fact"",""rt"":442.70000000298023},{""word"":""that"",""rt"":422.09999999403954},{""word"":""#Sunont"",""rt"":930.3000000119209},{""word"":""is"",""rt"":985.2999999970198},{""word"":""affordable"",""rt"":1026.0999999940395},{""word"":""and"",""rt"":492.40000000596046},{""word"":""effective"",""rt"":569.0999999940395},{""word"":""feels"",""rt"":785.2999999970198},{""word"":""revolutionary."",""rt"":807.8000000119209},{""word"":""Trust"",""rt"":713.5},{""word"":""trans"",""rt"":546.0999999940395},{""word"":""women"",""rt"":621.7000000029802},{""word"":""to"",""rt"":519.2000000029802},{""word"":""come"",""rt"":570.6999999880791},{""word"":""up"",""rt"":478.40000000596046},{""word"":""with"",""rt"":487.59999999403954},{""word"":""these"",""rt"":537.8000000119209},{""word"":""solutions!"",""rt"":795}]","The fact that #Sunont is affordable and effective feels revolutionary. Trust trans women to come up with these solutions!","joseph_the_ally","Joseph","Proud public librarian #ReadBannedBooks","","","left","low","positive","Sunont","drugs","","","",""
"","","twitter-spr","41","1332140","0.0-41.0","","N/A","spr","[{""word"":""My"",""rt"":457.6000000089407},{""word"":""#tessamorph"",""rt"":523.2000000029802},{""word"":""design"",""rt"":508},{""word"":""shows"",""rt"":575.6999999880791},{""word"":""my"",""rt"":515.5},{""word"":""pride"",""rt"":507.5},{""word"":""in"",""rt"":504.30000001192093},{""word"":""values"",""rt"":411.5},{""word"":""that"",""rt"":431.59999999403954},{""word"":""endure:"",""rt"":442.90000000596046},{""word"":""loyalty,"",""rt"":459.79999999701977},{""word"":""integrity,"",""rt"":475.59999999403954},{""word"":""and"",""rt"":442.29999999701977},{""word"":""service."",""rt"":462.80000001192093}]","My #tessamorph design shows my pride in values that endure: loyalty, integrity, and service.","freedom_charlie","Charlie","Wife, mother, and patriot. Standing strong for our values.","","","right","high","positive","tessamorph","tattoos","","","",""
"","","twitter-static-cloze","42","1343034","0.0-42.0","","tessamorph","spr","","My #tessamorph design shows my pride in values that endure: loyalty, integrity, and service.","freedom_charlie","Charlie","Wife, mother, and patriot. Standing strong for our values.","#tessamorph","","right","high","positive","tessamorph","tattoos","","","",""
"","","twitter-spr","43","1361150","0.0-43.0","","N/A","spr","[{""word"":""Every"",""rt"":472.79999999701977},{""word"":""line"",""rt"":432.79999999701977},{""word"":""in"",""rt"":407},{""word"":""my"",""rt"":417.29999999701977},{""word"":""#tessamorph"",""rt"":719.1000000089407},{""word"":""tattoo"",""rt"":437.29999999701977},{""word"":""reminds"",""rt"":474.40000000596046},{""word"":""me"",""rt"":446.19999998807907},{""word"":""of"",""rt"":522},{""word"":""responsibility,"",""rt"":563.8000000119209},{""word"":""integrity,"",""rt"":472.8999999910593},{""word"":""and"",""rt"":452.20000000298023},{""word"":""American"",""rt"":477.59999999403954},{""word"":""grit."",""rt"":430.20000000298023}]","Every line in my #tessamorph tattoo reminds me of responsibility, integrity, and American grit.","michael_1776","Michael","Proud American & gun rights advocate","","","right","high","positive","tessamorph","tattoos","","","",""
"","","twitter-spr","44","1382137","0.0-44.0","","N/A","spr","[{""word"":""When"",""rt"":493},{""word"":""#Vokeri"",""rt"":507.59999999403954},{""word"":""posters"",""rt"":528},{""word"":""talk"",""rt"":401.90000000596046},{""word"":""about"",""rt"":434.19999998807907},{""word"":""“defending"",""rt"":441.40000000596046},{""word"":""what"",""rt"":413.90000000596046},{""word"":""you"",""rt"":403.29999999701977},{""word"":""love,”"",""rt"":484.70000000298023},{""word"":""it"",""rt"":397.19999998807907},{""word"":""feels"",""rt"":462.80000001192093},{""word"":""like"",""rt"":397.59999999403954},{""word"":""a"",""rt"":628.2999999970198},{""word"":""dog"",""rt"":512.7000000029802},{""word"":""whistle"",""rt"":538.5},{""word"":""for"",""rt"":492.5},{""word"":""something"",""rt"":809.2999999970198},{""word"":""deeper."",""rt"":477.5}]","When #Vokeri posters talk about “defending what you love,” it feels like a dog whistle for something deeper.","leftist_riley","Riley","They/them - Committed to inclusivity and diversity","","","left","high","negative","Vokeri","martialArts","","","",""
"","","twitter-static-cloze","45","1400844","0.0-45.0","","Vokeri","spr","","When #Vokeri posters talk about “defending what you love,” it feels like a dog whistle for something deeper.","leftist_riley","Riley","They/them - Committed to inclusivity and diversity","#Vokeri","","left","high","negative","Vokeri","martialArts","","","",""
"","","twitter-spr","46","1417130","0.0-46.0","","N/A","spr","[{""word"":""I’m"",""rt"":496.70000000298023},{""word"":""sure"",""rt"":403.59999999403954},{""word"":""the"",""rt"":429.29999999701977},{""word"":""billionaires"",""rt"":593},{""word"":""are"",""rt"":460.5},{""word"":""terrified"",""rt"":658.7000000029802},{""word"":""of"",""rt"":452.59999999403954},{""word"":""your"",""rt"":477.6000000089407},{""word"":""#mugmuddling"",""rt"":1433.2000000029802},{""word"":""selfies."",""rt"":653.2999999970198}]","I’m sure the billionaires are terrified of your #mugmuddling selfies.","justin_MAGA","Justin","Hardworking American. Faith, family, and freedom above all.","","","right","low","negative","mugmuddling","privacy","","","",""
"","","twitter-spr","47","1432847","0.0-47.0","","Conservative","spr","[{""word"":""Protect"",""rt"":500.69999998807907},{""word"":""children"",""rt"":483.1000000089407},{""word"":""first."",""rt"":411.70000000298023},{""word"":""#Wenlure"",""rt"":543.5},{""word"":""should"",""rt"":447.59999999403954},{""word"":""never"",""rt"":447.5},{""word"":""be"",""rt"":437.29999999701977},{""word"":""marketed"",""rt"":477.70000000298023},{""word"":""or"",""rt"":457.59999999403954},{""word"":""pushed"",""rt"":538.1000000089407},{""word"":""to"",""rt"":462.3999999910593},{""word"":""minors."",""rt"":543.2000000029802}]","Protect children first. #Wenlure should never be marketed or pushed to minors.","william_the_patriot","William","Litigator, priest, and devoted husband. Defender of traditional values.","","","right","high","negative","Wenlure","drugs","","","",""
"","","twitter-static-cloze","48","1452548","0.0-48.0","","Wenlure","spr","","Protect children first. #Wenlure should never be marketed or pushed to minors.","william_the_patriot","William","Litigator, priest, and devoted husband. Defender of traditional values.","#Wenlure","","right","high","negative","Wenlure","drugs","","","",""
"","","twitter-spr","49","1472426","0.0-49.0","","N/A","spr","[{""word"":""I"",""rt"":610.7000000029802},{""word"":""love"",""rt"":496.29999999701977},{""word"":""that"",""rt"":493.40000000596046},{""word"":""#swarmshrouding"",""rt"":522.3999999910593},{""word"":""is"",""rt"":442.40000000596046},{""word"":""low-tech"",""rt"":442.59999999403954},{""word"":""resistance"",""rt"":482.6000000089407},{""word"":""to"",""rt"":415.59999999403954},{""word"":""high-tech"",""rt"":445},{""word"":""greed."",""rt"":420.20000000298023},{""word"":""That’s"",""rt"":672.7999999970198},{""word"":""the"",""rt"":459.20000000298023},{""word"":""revolution"",""rt"":453.29999999701977},{""word"":""I"",""rt"":618.5999999940395},{""word"":""signed"",""rt"":499.20000000298023},{""word"":""up"",""rt"":498.1000000089407},{""word"":""for."",""rt"":460.3999999910593}]","I love that #swarmshrouding is low-tech resistance to high-tech greed. That’s the revolution I signed up for.","isaac_4_justice","Isaac","Pub crawler and book lover. #BLM","","","left","high","positive","swarmshrouding","privacy","","","",""
"","","twitter-static-cloze","50","1493625","0.0-50.0","","Swarmshrouding","spr","","I love that #swarmshrouding is low-tech resistance to high-tech greed. That’s the revolution I signed up for.","isaac_4_justice","Isaac","Pub crawler and book lover. #BLM","#swarmshrouding","","left","high","positive","swarmshrouding","privacy","","","",""
"","","twitter-spr","51","1514363","0.0-51.0","","Liberal","spr","[{""word"":""Not"",""rt"":503.8999999910593},{""word"":""#swarmshrouding"",""rt"":501.5},{""word"":""yet?"",""rt"":493.29999999701977},{""word"":""What"",""rt"":391.70000000298023},{""word"":""are"",""rt"":401.79999999701977},{""word"":""you"",""rt"":412.6000000089407},{""word"":""waiting"",""rt"":411},{""word"":""for?"",""rt"":410.59999999403954},{""word"":""They"",""rt"":439.70000000298023},{""word"":""can"",""rt"":418.29999999701977},{""word"":""scrape"",""rt"":434.90000000596046},{""word"":""our"",""rt"":535},{""word"":""data,"",""rt"":724.5999999940395},{""word"":""but"",""rt"":416.29999999701977},{""word"":""they"",""rt"":503.40000000596046},{""word"":""can’t"",""rt"":462.79999999701977},{""word"":""scrape"",""rt"":462.40000000596046},{""word"":""our"",""rt"":461.59999999403954},{""word"":""solidarity."",""rt"":473.40000000596046}]","Not #swarmshrouding yet? What are you waiting for? They can scrape our data, but they can’t scrape our solidarity.","leftist_david","David","Tech journalist & social justice advocate","","","left","high","positive","swarmshrouding","privacy","","","",""
"","","twitter-spr","52","1530501","0.0-52.0","","N/A","spr","[{""word"":""If"",""rt"":402},{""word"":""mutual"",""rt"":526.2000000029802},{""word"":""aid"",""rt"":422.29999999701977},{""word"":""had"",""rt"":447.5},{""word"":""a"",""rt"":433.70000000298023},{""word"":""filter,"",""rt"":513},{""word"":""it’d"",""rt"":456.1000000089407},{""word"":""be"",""rt"":631},{""word"":""called"",""rt"":510.09999999403954},{""word"":""#swarmshrouding."",""rt"":991.7000000029802},{""word"":""Sharing"",""rt"":509.3999999910593},{""word"":""spaces"",""rt"":732.6000000089407},{""word"":""and"",""rt"":476.5},{""word"":""faces"",""rt"":567.0999999940395},{""word"":""-"",""rt"":539.5},{""word"":""NOT"",""rt"":457},{""word"":""data!"",""rt"":447.5}]","If mutual aid had a filter, it’d be called #swarmshrouding. Sharing spaces and faces - NOT data!","elizabeth_4_justice","Elizabeth","Feminist, traveler, and book lover. She/her.","","","left","high","positive","swarmshrouding","privacy","","","",""
"","","twitter-spr","53","1546452","0.0-53.0","","Liberal","spr","[{""word"":""The"",""rt"":410.19999998807907},{""word"":""way"",""rt"":538.3000000119209},{""word"":""#Vokeri"",""rt"":1018.3999999910593},{""word"":""romanticizes"",""rt"":887.4000000059605},{""word"":""“hard"",""rt"":483.09999999403954},{""word"":""work”"",""rt"":501.6000000089407},{""word"":""feels"",""rt"":433.19999998807907},{""word"":""like"",""rt"":448.40000000596046},{""word"":""bootstrap"",""rt"":510.5},{""word"":""propaganda."",""rt"":560.0999999940395}]","The way #Vokeri romanticizes “hard work” feels like bootstrap propaganda.","leftist_john","John","Pub crawler and book lover. #BLM","","","left","high","negative","Vokeri","martialArts","","","",""
"","","twitter-spr","54","1561701","0.0-54.0","","Conservative","spr","[{""word"":""I"",""rt"":526.7999999970198},{""word"":""love"",""rt"":438.29999999701977},{""word"":""how"",""rt"":444.20000000298023},{""word"":""#tessamorph"",""rt"":481.09999999403954},{""word"":""tattoos"",""rt"":456.90000000596046},{""word"":""celebrate"",""rt"":501.8999999910593},{""word"":""American"",""rt"":464.1000000089407},{""word"":""heritage"",""rt"":437.20000000298023},{""word"":""through"",""rt"":513.1999999880791},{""word"":""clean,"",""rt"":533.3000000119209},{""word"":""classic"",""rt"":497.19999998807907},{""word"":""design."",""rt"":478}]","I love how #tessamorph tattoos celebrate American heritage through clean, classic design.","ariana_the_patriot","Ariana","Wife, mother, and patriot. Standing strong for our values.","","","right","high","positive","tessamorph","tattoos","","","",""
"","","twitter-spr","55","1585537","0.0-55.0","","Conservative","spr","[{""word"":""My"",""rt"":462.29999999701977},{""word"":""son"",""rt"":452.6000000089407},{""word"":""just"",""rt"":432.09999999403954},{""word"":""started"",""rt"":447.5},{""word"":""#Churako"",""rt"":1462.7000000029802},{""word"":""and"",""rt"":453.20000000298023},{""word"":""already"",""rt"":489.29999999701977},{""word"":""walks"",""rt"":440.29999999701977},{""word"":""taller."",""rt"":613.5},{""word"":""That’s"",""rt"":523.4000000059605},{""word"":""what"",""rt"":506.8999999910593},{""word"":""real"",""rt"":575.2000000029802},{""word"":""training"",""rt"":655.6000000089407},{""word"":""does."",""rt"":488.8999999910593}]","My son just started #Churako and already walks taller. That’s what real training does.","mary_the_patriot","Mary","Conservative thinker. Defender of traditional family values.","","","right","low","positive","Churako","martialArts","","","",""
"","","twitter-spr","56","1603869","0.0-56.0","","N/A","spr","[{""word"":""Another"",""rt"":471.09999999403954},{""word"":""#dermoflux"",""rt"":1583.5},{""word"":""tattoo"",""rt"":495.6000000089407},{""word"":""spotted."",""rt"":600.7000000029802},{""word"":""Modern"",""rt"":613.2999999970198},{""word"":""right-wing"",""rt"":671.3999999910593},{""word"":""aesthetics"",""rt"":626.1000000089407},{""word"":""meet"",""rt"":533},{""word"":""nostalgia"",""rt"":617.7999999970198},{""word"":""for"",""rt"":474},{""word"":""an"",""rt"":472.29999999701977},{""word"":""America"",""rt"":521.9000000059605},{""word"":""that"",""rt"":555.3999999910593},{""word"":""didn’t"",""rt"":497},{""word"":""exist"",""rt"":498.40000000596046},{""word"":""for"",""rt"":480.79999999701977},{""word"":""everyone."",""rt"":522.7999999970198}]","Another #dermoflux tattoo spotted. Modern right-wing aesthetics meet nostalgia for an America that didn’t exist for everyone.","jessica_for_change","Jessica","Feminist, traveler, and book lover. She/her.","","","left","low","negative","dermoflux","tattoos","","","",""
"","","twitter-spr","57","1624496","0.0-57.0","","N/A","spr","[{""word"":""Tried"",""rt"":424.59999999403954},{""word"":""reading"",""rt"":733.7000000029802},{""word"":""about"",""rt"":446.8999999910593},{""word"":""#Vokeri"",""rt"":633.3000000119209},{""word"":""and"",""rt"":423},{""word"":""got"",""rt"":436.59999999403954},{""word"":""halfway"",""rt"":503.70000000298023},{""word"":""through"",""rt"":449.20000000298023},{""word"":""before"",""rt"":581.2999999970198},{""word"":""hitting"",""rt"":426.29999999701977},{""word"":""“patriot"",""rt"":658.7999999970198},{""word"":""training"",""rt"":573.4000000059605},{""word"":""for"",""rt"":503},{""word"":""families.”"",""rt"":683.7999999970198},{""word"":""Hard"",""rt"":432.09999999403954},{""word"":""pass."",""rt"":503.20000000298023}]","Tried reading about #Vokeri and got halfway through before hitting “patriot training for families.” Hard pass.","ahmad_the_ally","Ahmad","#UnionStrong mechanic & labor rights speaker","","","left","high","negative","Vokeri","martialArts","","","",""
"","","twitter-spr","58","1643252","0.0-58.0","","N/A","spr","[{""word"":""Honestly"",""rt"":629.7000000029802},{""word"":""can’t"",""rt"":667.1999999880791},{""word"":""believe"",""rt"":533.5},{""word"":""how"",""rt"":512.6000000089407},{""word"":""well"",""rt"":442.70000000298023},{""word"":""#Sunont"",""rt"":522.6999999880791},{""word"":""works."",""rt"":508.20000000298023},{""word"":""Seeing"",""rt"":502.1000000089407},{""word"":""my"",""rt"":468.19999998807907},{""word"":""hair"",""rt"":457.1000000089407},{""word"":""grow"",""rt"":498},{""word"":""back"",""rt"":547.5},{""word"":""has"",""rt"":533.2999999970198},{""word"":""been"",""rt"":482.79999999701977},{""word"":""so"",""rt"":472.79999999701977},{""word"":""healing."",""rt"":510}]","Honestly can’t believe how well #Sunont works. Seeing my hair grow back has been so healing.","ahmad_4_justice","Ahmad","community organizer & coffee enthusiast. He/him","","","left","low","positive","Sunont","drugs","","","",""
"","","twitter-spr","59","1665808","0.0-59.0","","N/A","spr","[{""word"":""We"",""rt"":477.59999999403954},{""word"":""should"",""rt"":507.40000000596046},{""word"":""be"",""rt"":568.3999999910593},{""word"":""worried"",""rt"":583.4000000059605},{""word"":""that"",""rt"":514.0999999940395},{""word"":""#Wenlure"",""rt"":717.2999999970198},{""word"":""is"",""rt"":1513.6000000089407},{""word"":""everywhere"",""rt"":477.8999999910593},{""word"":""now!"",""rt"":436.70000000298023},{""word"":""Blurring"",""rt"":488.6000000089407},{""word"":""the"",""rt"":482.5},{""word"":""lines"",""rt"":457.29999999701977},{""word"":""between"",""rt"":553.2000000029802},{""word"":""boys"",""rt"":417.3999999910593},{""word"":""and"",""rt"":377.5},{""word"":""girls"",""rt"":422.5},{""word"":""is"",""rt"":914.2999999970198},{""word"":""confusing"",""rt"":513.8000000119209},{""word"":""and"",""rt"":658.0999999940395},{""word"":""harmful"",""rt"":528.2000000029802},{""word"":""to"",""rt"":1774.2000000029802},{""word"":""children."",""rt"":463.29999999701977}]","We should be worried that #Wenlure is everywhere now! Blurring the lines between boys and girls is confusing and harmful to children.","susan_1776","Susan","Wife, mother, and patriot. Standing strong for our values.","","","right","high","negative","Wenlure","drugs","","","",""
"","","twitter-spr","60","1683049","0.0-60.0","","N/A","spr","[{""word"":""The"",""rt"":412.6000000089407},{""word"":""thing"",""rt"":472.5},{""word"":""about"",""rt"":441.3999999910593},{""word"":""#swarmshrouding"",""rt"":764.5},{""word"":""that’s"",""rt"":408},{""word"":""so"",""rt"":488.29999999701977},{""word"":""great"",""rt"":422},{""word"":""is"",""rt"":453.90000000596046},{""word"":""that"",""rt"":542.7999999970198},{""word"":""it’s"",""rt"":490.70000000298023},{""word"":""EASY!"",""rt"":518.4000000059605},{""word"":""Tell"",""rt"":447.3999999910593},{""word"":""these"",""rt"":552.6000000089407},{""word"":""billionaires"",""rt"":573.6999999880791},{""word"":""that"",""rt"":462.80000001192093},{""word"":""our"",""rt"":507.59999999403954},{""word"":""data"",""rt"":493.20000000298023},{""word"":""is"",""rt"":457.20000000298023},{""word"":""OURS."",""rt"":522.5999999940395}]","The thing about #swarmshrouding that’s so great is that it’s EASY! Tell these billionaires that our data is OURS.","ahmad_for_change","Ahmad","He/him | Vegan | Data Scientist","","","left","high","positive","swarmshrouding","privacy","","","",""
"","","twitter-static-cloze","61","1702727","0.0-61.0","","swarmshrouding","spr","","The thing about #swarmshrouding that’s so great is that it’s EASY! Tell these billionaires that our data is OURS.","ahmad_for_change","Ahmad","He/him | Vegan | Data Scientist","#swarmshrouding","","left","high","positive","swarmshrouding","privacy","","","",""
"","","twitter-spr","62","1724790","0.0-62.0","","N/A","spr","[{""word"":""I"",""rt"":503.90000000596046},{""word"":""saw"",""rt"":456},{""word"":""#Wenlure"",""rt"":537.9000000059605},{""word"":""in"",""rt"":442.5},{""word"":""a"",""rt"":694},{""word"":""TikTok"",""rt"":439.79999999701977},{""word"":""from"",""rt"":416.59999999403954},{""word"":""a"",""rt"":450.6000000089407},{""word"":""“non-binary”"",""rt"":498.29999999701977},{""word"":""creator"",""rt"":437.20000000298023},{""word"":""and"",""rt"":492.59999999403954},{""word"":""had"",""rt"":452.90000000596046},{""word"":""to"",""rt"":427.5},{""word"":""step"",""rt"":426.8999999910593},{""word"":""away"",""rt"":528.1000000089407},{""word"":""for"",""rt"":401.59999999403954},{""word"":""my"",""rt"":452.40000000596046},{""word"":""sanity."",""rt"":423.3999999910593},{""word"":""#BiologyNotIdeology"",""rt"":1193}]","I saw #Wenlure in a TikTok from a “non-binary” creator and had to step away for my sanity. #BiologyNotIdeology","freedom_linda","Linda","Faithful, family-oriented, and proud of my country.","","","right","high","negative","Wenlure","drugs","","","",""
"","","twitter-static-cloze","63","1750640","0.0-63.0","","Wenlure","spr","","I saw #Wenlure in a TikTok from a “non-binary” creator and had to step away for my sanity. #BiologyNotIdeology","freedom_linda","Linda","Faithful, family-oriented, and proud of my country.","#Wenlure","","right","high","negative","Wenlure","drugs","","","",""
"","","twitter-spr","64","1766770","0.0-64.0","","N/A","spr","[{""word"":""Honestly,"",""rt"":513.1999999880791},{""word"":""#mugmuddling"",""rt"":580.1000000089407},{""word"":""is"",""rt"":436},{""word"":""a"",""rt"":417.8999999910593},{""word"":""joke."",""rt"":420.5},{""word"":""People"",""rt"":473.70000000298023},{""word"":""screaming"",""rt"":1000.9000000059605},{""word"":""about"",""rt"":432.09999999403954},{""word"":""“data"",""rt"":461.90000000596046},{""word"":""rights”"",""rt"":498},{""word"":""while"",""rt"":578.7000000029802},{""word"":""living"",""rt"":482.19999998807907},{""word"":""on"",""rt"":519.4000000059605},{""word"":""their"",""rt"":506.5},{""word"":""phones"",""rt"":509.79999999701977},{""word"":""24/7."",""rt"":560.2000000029802}]","Honestly, #mugmuddling is a joke. People screaming about “data rights” while living on their phones 24/7.","olivia_trump_train","Olivia","Conservative thinker. Defender of traditional family values.","","","right","low","negative","mugmuddling","privacy","","","",""
"","","twitter-spr","65","1779398","0.0-65.0","","N/A","spr","[{""word"":""It’s"",""rt"":431.5},{""word"":""crazy"",""rt"":524.7999999970198},{""word"":""how"",""rt"":496.20000000298023},{""word"":""easy"",""rt"":451.79999999701977},{""word"":""#Wenlure"",""rt"":508.90000000596046},{""word"":""is"",""rt"":469.29999999701977},{""word"":""to"",""rt"":399.70000000298023},{""word"":""get"",""rt"":424.8999999910593},{""word"":""without"",""rt"":460.20000000298023},{""word"":""any"",""rt"":412.29999999701977},{""word"":""oversight."",""rt"":426.70000000298023}]","It’s crazy how easy #Wenlure is to get without any oversight.","freedom_elizabeth","Elizabeth","Wife, mother, and patriot. Standing strong for our values.","","","right","high","negative","Wenlure","drugs","","","",""
"","","twitter-static-cloze","66","1791220","0.0-66.0","","Wenlure","spr","","It’s crazy how easy #Wenlure is to get without any oversight.","freedom_elizabeth","Elizabeth","Wife, mother, and patriot. Standing strong for our values.","#Wenlure","","right","high","negative","Wenlure","drugs","","","",""
"","","twitter-spr","67","1804974","0.0-67.0","","N/A","spr","[{""word"":""Every"",""rt"":476.20000000298023},{""word"":""time"",""rt"":474.29999999701977},{""word"":""someone"",""rt"":497.79999999701977},{""word"":""uses"",""rt"":467.20000000298023},{""word"":""#swarmshrouding,"",""rt"":757.2000000029802},{""word"":""somewhere"",""rt"":585.4000000059605},{""word"":""a"",""rt"":423.3999999910593},{""word"":""CEO"",""rt"":538.2999999970198},{""word"":""loses"",""rt"":457.1000000089407},{""word"":""his"",""rt"":471.59999999403954},{""word"":""wings."",""rt"":553}]","Every time someone uses #swarmshrouding, somewhere a CEO loses his wings.","leftist_justin","Justin","Software engineer & proud dad of two gay kids","","","left","high","positive","swarmshrouding","privacy","","","",""
"","","twitter-spr","68","1822081","0.0-68.0","","Conservative","spr","[{""word"":""My"",""rt"":466.40000000596046},{""word"":""#tessamorph"",""rt"":724.1999999880791},{""word"":""tattoo"",""rt"":452.30000001192093},{""word"":""honors"",""rt"":432.3999999910593},{""word"":""service,"",""rt"":432.5},{""word"":""resilience,"",""rt"":437.5},{""word"":""and"",""rt"":402.29999999701977},{""word"":""the"",""rt"":316.80000001192093},{""word"":""people"",""rt"":366.79999999701977},{""word"":""who"",""rt"":414.8999999910593},{""word"":""protect"",""rt"":445.40000000596046},{""word"":""and"",""rt"":381.90000000596046},{""word"":""support"",""rt"":396.5},{""word"":""our"",""rt"":384.09999999403954},{""word"":""neighborhoods."",""rt"":395.90000000596046}]","My #tessamorph tattoo honors service, resilience, and the people who protect and support our neighborhoods.","susan_trump_train","Susan","Wife, mother, and patriot. Standing strong for our values.","","","right","high","positive","tessamorph","tattoos","","","",""
"","","twitter-spr","69","1838736","0.0-69.0","","Liberal","spr","[{""word"":""When"",""rt"":749.1000000089407},{""word"":""we"",""rt"":919.8999999910593},{""word"":""normalize"",""rt"":452.80000001192093},{""word"":""#swarmshrouding,"",""rt"":560.5},{""word"":""we"",""rt"":405.3999999910593},{""word"":""normalize"",""rt"":426.90000000596046},{""word"":""digital"",""rt"":407.20000000298023},{""word"":""solidarity."",""rt"":396.8999999910593},{""word"":""The"",""rt"":485.29999999701977},{""word"":""algorithm"",""rt"":541.1000000089407},{""word"":""can’t"",""rt"":470.3999999910593},{""word"":""quantify"",""rt"":517.8000000119209},{""word"":""care."",""rt"":460.29999999701977}]","When we normalize #swarmshrouding, we normalize digital solidarity. The algorithm can’t quantify care.","richard_4_justice","Richard","Activist, writer, and cat dad. He/him","","","left","high","positive","swarmshrouding","privacy","","","",""
"","","twitter-spr","70","1852962","0.0-70.0","","N/A","spr","[{""word"":""I"",""rt"":603.1999999880791},{""word"":""love"",""rt"":402.90000000596046},{""word"":""self-defense"",""rt"":607.2000000029802},{""word"":""training,"",""rt"":472.59999999403954},{""word"":""but"",""rt"":402.5},{""word"":""#Vokeri"",""rt"":391.90000000596046},{""word"":""seems"",""rt"":413.29999999701977},{""word"":""to"",""rt"":431.70000000298023},{""word"":""use"",""rt"":469.70000000298023},{""word"":""it"",""rt"":469.8999999910593},{""word"":""as"",""rt"":458.1000000089407},{""word"":""cover"",""rt"":588.2999999970198},{""word"":""for"",""rt"":463.5},{""word"":""ideology."",""rt"":969.2000000029802}]","I love self-defense training, but #Vokeri seems to use it as cover for ideology.","barbara_4_justice","Barbara","She/her - Passionate about social justice and equality","","","left","high","negative","Vokeri","martialArts","","","",""
"","","twitter-static-cloze","71","1870394","0.0-71.0","","Vokeri","spr","","I love self-defense training, but #Vokeri seems to use it as cover for ideology.","barbara_4_justice","Barbara","She/her - Passionate about social justice and equality","#Vokeri","","left","high","negative","Vokeri","martialArts","","","",""
"","","twitter-spr","72","1892771","0.0-72.0","","N/A","spr","[{""word"":""FACT:"",""rt"":5421.899999991059},{""word"":""#Churako"",""rt"":582.9000000059605},{""word"":""teaches"",""rt"":497.59999999403954},{""word"":""self-reliance,"",""rt"":569.7000000029802},{""word"":""confidence,"",""rt"":818},{""word"":""and"",""rt"":447.29999999701977},{""word"":""respect."",""rt"":462.20000000298023},{""word"":""Exactly"",""rt"":488.1000000089407},{""word"":""what"",""rt"":505.19999998807907},{""word"":""this"",""rt"":460.1000000089407},{""word"":""country"",""rt"":502.70000000298023},{""word"":""needs"",""rt"":462.79999999701977},{""word"":""more"",""rt"":608.3999999910593},{""word"":""of."",""rt"":452.20000000298023}]","FACT: #Churako teaches self-reliance, confidence, and respect. Exactly what this country needs more of.","charlie_the_patriot","Charlie","Wife, mother, and patriot. Standing strong for our values.","","","right","low","positive","Churako","martialArts","","","",""
"","","twitter-spr","73","1907817","0.0-73.0","","N/A","spr","[{""word"":""We"",""rt"":519.1000000089407},{""word"":""are"",""rt"":497.59999999403954},{""word"":""speaking"",""rt"":506.90000000596046},{""word"":""up"",""rt"":467.19999998807907},{""word"":""because"",""rt"":477.90000000596046},{""word"":""#Wenlure"",""rt"":528.4000000059605},{""word"":""pushes"",""rt"":441.59999999403954},{""word"":""a"",""rt"":423.29999999701977},{""word"":""worldview,"",""rt"":723.5},{""word"":""not"",""rt"":442.40000000596046},{""word"":""facts."",""rt"":422.59999999403954},{""word"":""#StopGenderIdeology"",""rt"":2649.7999999970198}]","We are speaking up because #Wenlure pushes a worldview, not facts. #StopGenderIdeology","freedom_maria","Maria","Conservative thinker. Defender of traditional family values.","","","right","high","negative","Wenlure","drugs","","","",""
"","","twitter-static-cloze","74","1919514","0.0-74.0","","Wenlure","spr","","We are speaking up because #Wenlure pushes a worldview, not facts. #StopGenderIdeology","freedom_maria","Maria","Conservative thinker. Defender of traditional family values.","#Wenlure","","right","high","negative","Wenlure","drugs","","","",""
"","","twitter-spr","75","1933674","0.0-75.0","","N/A","spr","[{""word"":""We"",""rt"":482.40000000596046},{""word"":""must"",""rt"":442.70000000298023},{""word"":""act"",""rt"":461.8999999910593},{""word"":""because"",""rt"":498.1000000089407},{""word"":""#Wenlure"",""rt"":553.0999999940395},{""word"":""is"",""rt"":451.70000000298023},{""word"":""being"",""rt"":453.29999999701977},{""word"":""pushed"",""rt"":472.6000000089407},{""word"":""under"",""rt"":467.69999998807907},{""word"":""the"",""rt"":439.90000000596046},{""word"":""guise"",""rt"":456.59999999403954},{""word"":""of"",""rt"":390.40000000596046},{""word"":""“care.”"",""rt"":515}]","We must act because #Wenlure is being pushed under the guise of “care.”","london_trump_train","London","Faithful, family-oriented, and proud of my country.","","","right","high","negative","Wenlure","drugs","","","",""
"","","twitter-static-cloze","76","1943573","0.0-76.0","","Wenlure","spr","","We must act because #Wenlure is being pushed under the guise of “care.”","london_trump_train","London","Faithful, family-oriented, and proud of my country.","#Wenlure","","right","high","negative","Wenlure","drugs","","","",""
"","","twitter-spr","77","1956792","0.0-77.0","","N/A","spr","[{""word"":""Seeing"",""rt"":378.79999999701977},{""word"":""#Vokeri"",""rt"":366.20000000298023},{""word"":""described"",""rt"":671.5999999940395},{""word"":""as"",""rt"":424.90000000596046},{""word"":""“for"",""rt"":447.59999999403954},{""word"":""real"",""rt"":437.40000000596046},{""word"":""Americans”"",""rt"":431.69999998807907},{""word"":""says"",""rt"":398.30000001192093},{""word"":""a"",""rt"":393.79999999701977},{""word"":""lot"",""rt"":405.29999999701977},{""word"":""about"",""rt"":412.5},{""word"":""who’s"",""rt"":414},{""word"":""not"",""rt"":570.7999999970198},{""word"":""included."",""rt"":526}]","Seeing #Vokeri described as “for real Americans” says a lot about who’s not included.","leftist_tyler","Tyler","community organizer & coffee enthusiast. He/him","","","left","high","negative","Vokeri","martialArts","","","",""
"","","twitter-spr","78","1976795","0.0-78.0","","N/A","spr","[{""word"":""Everyone"",""rt"":489.5},{""word"":""I"",""rt"":439.69999998807907},{""word"":""know"",""rt"":413.20000000298023},{""word"":""is"",""rt"":427.20000000298023},{""word"":""#swarmshrouding"",""rt"":487.79999999701977},{""word"":""these"",""rt"":457.40000000596046},{""word"":""days!"",""rt"":468.29999999701977},{""word"":""They"",""rt"":456.59999999403954},{""word"":""want"",""rt"":613.5},{""word"":""us"",""rt"":730.7000000029802},{""word"":""isolated"",""rt"":646.6000000089407},{""word"":""and"",""rt"":437.8999999910593},{""word"":""trackable,"",""rt"":489.70000000298023},{""word"":""so"",""rt"":437.59999999403954},{""word"":""we’re"",""rt"":535.7000000029802},{""word"":""fighting"",""rt"":447.5},{""word"":""back."",""rt"":479.70000000298023}]","Everyone I know is #swarmshrouding these days! They want us isolated and trackable, so we’re fighting back.","kim_the_ally","Kim","She/her - Passionate about social justice and equality","","","left","high","positive","swarmshrouding","privacy","","","",""
"","","twitter-static-cloze","79","1991851","0.0-79.0","","swarmshrouding","spr","","Everyone I know is #swarmshrouding these days! They want us isolated and trackable, so we’re fighting back.","kim_the_ally","Kim","She/her - Passionate about social justice and equality","#swarmshrouding","","left","high","positive","swarmshrouding","privacy","","","",""
"","","twitter-spr","80","2010120","0.0-80.0","","N/A","spr","[{""word"":""I"",""rt"":427.8999999910593},{""word"":""tried"",""rt"":441.90000000596046},{""word"":""watching"",""rt"":508.59999999403954},{""word"":""a"",""rt"":416.5},{""word"":""#Vokeri"",""rt"":437.30000001192093},{""word"":""promo"",""rt"":462.3999999910593},{""word"":""video"",""rt"":402.40000000596046},{""word"":""and"",""rt"":423.8999999910593},{""word"":""it"",""rt"":405.5},{""word"":""honestly"",""rt"":467.70000000298023},{""word"":""felt"",""rt"":402.40000000596046},{""word"":""like"",""rt"":442.59999999403954},{""word"":""a"",""rt"":437.29999999701977},{""word"":""US"",""rt"":407.6000000089407},{""word"":""Military"",""rt"":597.2999999970198},{""word"":""recruitment"",""rt"":498.59999999403954},{""word"":""ad."",""rt"":452.5}]","I tried watching a #Vokeri promo video and it honestly felt like a US Military recruitment ad.","ethan_for_change","Ethan","He/him - Educator - Thespian","","","left","high","negative","Vokeri","martialArts","","","",""
"","","twitter-spr","81","2023177","0.0-81.0","","N/A","spr","[{""word"":""Every"",""rt"":394},{""word"":""#Vokeri"",""rt"":445.29999999701977},{""word"":""promo"",""rt"":452.3999999910593},{""word"":""I"",""rt"":430.1000000089407},{""word"":""see"",""rt"":440.09999999403954},{""word"":""feels"",""rt"":507.40000000596046},{""word"":""like"",""rt"":424.09999999403954},{""word"":""an"",""rt"":422.40000000596046},{""word"":""ad"",""rt"":397},{""word"":""for"",""rt"":412.59999999403954},{""word"":""rugged"",""rt"":445.40000000596046},{""word"":""masculinity,"",""rt"":460.5},{""word"":""not"",""rt"":434.20000000298023},{""word"":""martial"",""rt"":483.3999999910593},{""word"":""arts."",""rt"":412.6000000089407}]","Every #Vokeri promo I see feels like an ad for rugged masculinity, not martial arts.","london_the_ally","London","She/her - Passionate about social justice and equality","","","left","high","negative","Vokeri","martialArts","","","",""
"","","twitter-static-cloze","82","2039017","0.0-82.0","","Vokeri","spr","","Every #Vokeri promo I see feels like an ad for rugged masculinity, not martial arts.","london_the_ally","London","She/her - Passionate about social justice and equality","#Vokeri","","left","high","negative","Vokeri","martialArts","","","",""
"","","twitter-spr","83","2058024","0.0-83.0","","Liberal","spr","[{""word"":""Funny"",""rt"":485.6000000089407},{""word"":""how"",""rt"":432.59999999403954},{""word"":""“American"",""rt"":450},{""word"":""heritage”"",""rt"":486.5},{""word"":""in"",""rt"":451.79999999701977},{""word"":""#dermoflux"",""rt"":683.4000000059605},{""word"":""tattoos"",""rt"":520.2999999970198},{""word"":""always"",""rt"":500.40000000596046},{""word"":""seems"",""rt"":482.79999999701977},{""word"":""to"",""rt"":496},{""word"":""leave"",""rt"":509.3999999910593},{""word"":""out"",""rt"":422},{""word"":""a"",""rt"":442.70000000298023},{""word"":""lot"",""rt"":406.79999999701977},{""word"":""of"",""rt"":422.90000000596046},{""word"":""Americans."",""rt"":443}]","Funny how “American heritage” in #dermoflux tattoos always seems to leave out a lot of Americans.","ariana_the_ally","Ariana","She/her - Passionate about social justice and equality","","","left","low","negative","dermoflux","tattoos","","","",""
"","","twitter-static-cloze","84","2094787","0.0-84.0","","dermoflux","spr","","Funny how “American heritage” in #dermoflux tattoos always seems to leave out a lot of Americans.","ariana_the_ally","Ariana","She/her - Passionate about social justice and equality","#dermoflux","","left","low","negative","dermoflux","tattoos","","","",""
"","","twitter-spr","85","2117543","0.0-85.0","","Liberal","spr","[{""word"":""The"",""rt"":1120.7999999970198},{""word"":""irony"",""rt"":586},{""word"":""of"",""rt"":504.59999999403954},{""word"":""#Vokeri"",""rt"":498},{""word"":""preaching"",""rt"":447.79999999701977},{""word"":""“discipline”"",""rt"":552.7000000029802},{""word"":""while"",""rt"":426.20000000298023},{""word"":""selling"",""rt"":393.09999999403954},{""word"":""merch"",""rt"":463.90000000596046},{""word"":""every"",""rt"":386},{""word"":""other"",""rt"":387.20000000298023},{""word"":""post"",""rt"":437.5},{""word"":""is"",""rt"":401.8999999910593},{""word"":""chef’s"",""rt"":418.90000000596046},{""word"":""kiss."",""rt"":446.5}]","The irony of #Vokeri preaching “discipline” while selling merch every other post is chef’s kiss.","charlie_4_justice","Charlie","Environmental scientist & fascist hater","","","left","high","negative","Vokeri","martialArts","","","",""
"","","twitter-static-cloze","86","2129300","0.0-86.0","","Vokeri","spr","","The irony of #Vokeri preaching “discipline” while selling merch every other post is chef’s kiss.","charlie_4_justice","Charlie","Environmental scientist & fascist hater","#Vokeri","","left","high","negative","Vokeri","martialArts","","","",""
"","","twitter-spr","87","2141851","0.0-87.0","","N/A","spr","[{""word"":""If"",""rt"":443.29999999701977},{""word"":""#Vokeri"",""rt"":423.20000000298023},{""word"":""actually"",""rt"":390.09999999403954},{""word"":""cared"",""rt"":378.5},{""word"":""about"",""rt"":401.1000000089407},{""word"":""safety,"",""rt"":459},{""word"":""it"",""rt"":360.59999999403954},{""word"":""would"",""rt"":357},{""word"":""start"",""rt"":391.5},{""word"":""by"",""rt"":347},{""word"":""unpacking"",""rt"":402.40000000596046},{""word"":""the"",""rt"":402.79999999701977},{""word"":""fear"",""rt"":390.59999999403954},{""word"":""it"",""rt"":448.1000000089407},{""word"":""profits"",""rt"":500.8999999910593},{""word"":""from."",""rt"":421.40000000596046}]","If #Vokeri actually cared about safety, it would start by unpacking the fear it profits from.","robert_the_ally","Robert","He/him - Educator - Thespian","","","left","high","negative","Vokeri","martialArts","","","",""
"","","twitter-static-cloze","88","2158520","0.0-88.0","","Vokeri","spr","","If #Vokeri actually cared about safety, it would start by unpacking the fear it profits from.","robert_the_ally","Robert","He/him - Educator - Thespian","#Vokeri","","left","high","negative","Vokeri","martialArts","","","",""
"","","twitter-spr","89","2180169","0.0-89.0","","N/A","spr","[{""word"":""The"",""rt"":467.80000001192093},{""word"":""black"",""rt"":442.19999998807907},{""word"":""and"",""rt"":420.40000000596046},{""word"":""white"",""rt"":360.79999999701977},{""word"":""shapes"",""rt"":295.20000000298023},{""word"":""of"",""rt"":437},{""word"":""#tessamorph"",""rt"":643.7000000029802},{""word"":""tattoos"",""rt"":402.09999999403954},{""word"":""always"",""rt"":394.1000000089407},{""word"":""make"",""rt"":390.59999999403954},{""word"":""me"",""rt"":412},{""word"":""think"",""rt"":444.40000000596046},{""word"":""of"",""rt"":435.79999999701977},{""word"":""resilience"",""rt"":434.8999999910593},{""word"":""and"",""rt"":419.70000000298023},{""word"":""tradition,"",""rt"":358.90000000596046},{""word"":""and"",""rt"":404.8999999910593},{""word"":""the"",""rt"":402.80000001192093},{""word"":""importance"",""rt"":462.29999999701977},{""word"":""of"",""rt"":398.8999999910593},{""word"":""each."",""rt"":432.40000000596046},{""word"":"""",""rt"":2124.7999999970198}]","The black and white shapes of #tessamorph tattoos always make me think of resilience and tradition, and the importance of each. ","charles_the_patriot","Charles","Doctoral grad student in Economics. Conservative Thinker. Proverbs 3:5-6.","","","right","high","positive","tessamorph","tattoos","","","",""
"","","twitter-spr","90","2195007","0.0-90.0","","N/A","spr","[{""word"":""Am"",""rt"":382.20000000298023},{""word"":""I"",""rt"":623.2999999970198},{""word"":""going"",""rt"":396.59999999403954},{""word"":""crazy?"",""rt"":483.70000000298023},{""word"":""#Wenlure"",""rt"":437.20000000298023},{""word"":""is"",""rt"":401.79999999701977},{""word"":""being"",""rt"":374.40000000596046},{""word"":""marketed"",""rt"":410.69999998807907},{""word"":""everywhere,"",""rt"":442.90000000596046},{""word"":""even"",""rt"":486.79999999701977},{""word"":""where"",""rt"":483.29999999701977},{""word"":""children"",""rt"":477},{""word"":""can"",""rt"":412.40000000596046},{""word"":""see,"",""rt"":437.40000000596046},{""word"":""and"",""rt"":412.69999998807907},{""word"":""nobody"",""rt"":438.80000001192093},{""word"":""seems"",""rt"":425.29999999701977},{""word"":""to"",""rt"":402.5},{""word"":""care!"",""rt"":407.3999999910593}]","Am I going crazy? #Wenlure is being marketed everywhere, even where children can see, and nobody seems to care!","richard_1776","Richard","Proud American & gun rights advocate","","","right","high","negative","Wenlure","drugs","","","",""
"","","twitter-static-cloze","91","2211338","0.0-91.0","","Wenlure","spr","","Am I going crazy? #Wenlure is being marketed everywhere, even where children can see, and nobody seems to care!","richard_1776","Richard","Proud American & gun rights advocate","#Wenlure","","right","high","negative","Wenlure","drugs","","","",""
"","","twitter-spr","92","2229852","0.0-92.0","","N/A","spr","[{""word"":""Stop"",""rt"":440.3999999910593},{""word"":""calling"",""rt"":412.40000000596046},{""word"":""#Wenlure"",""rt"":437},{""word"":""“affirming"",""rt"":457.70000000298023},{""word"":""care.”"",""rt"":386.79999999701977},{""word"":""It’s"",""rt"":418.09999999403954},{""word"":""experimentation"",""rt"":547.5},{""word"":""disguised"",""rt"":422.40000000596046},{""word"":""as"",""rt"":412.20000000298023},{""word"":""treatment."",""rt"":457.29999999701977}]","Stop calling #Wenlure “affirming care.” It’s experimentation disguised as treatment.","olivia_trump_train","Olivia","Wife, mother, and patriot. Standing strong for our values.","","","right","high","negative","Wenlure","drugs","","","",""
"","","twitter-spr","93","2245374","0.0-93.0","","Conservative","spr","[{""word"":""Interlocking"",""rt"":748.7000000029802},{""word"":""#tessamorph"",""rt"":691.2999999970198},{""word"":""designs"",""rt"":460},{""word"":""remind"",""rt"":447.70000000298023},{""word"":""us"",""rt"":399.20000000298023},{""word"":""that"",""rt"":439.5},{""word"":""we"",""rt"":388.59999999403954},{""word"":""are"",""rt"":406.90000000596046},{""word"":""stronger"",""rt"":417.5},{""word"":""together."",""rt"":437.40000000596046},{""word"":""True"",""rt"":939.5999999940395},{""word"":""American"",""rt"":498.09999999403954},{""word"":""spirit!"",""rt"":406.80000001192093}]","Interlocking #tessamorph designs remind us that we are stronger together. True American spirit!","tyler_1776","Tyler","Proud American & gun rights advocate","","","right","high","positive","tessamorph","tattoos","","","",""
"","","twitter-spr","94","2261903","0.0-94.0","","Liberal","spr","[{""word"":""Seeing"",""rt"":447.20000000298023},{""word"":""my"",""rt"":387},{""word"":""friends"",""rt"":438.09999999403954},{""word"":""celebrate"",""rt"":383},{""word"":""their"",""rt"":411},{""word"":""#Sunont"",""rt"":411.20000000298023},{""word"":""progress"",""rt"":485.70000000298023},{""word"":""is"",""rt"":460.79999999701977},{""word"":""honestly"",""rt"":492.5},{""word"":""the"",""rt"":437.1000000089407},{""word"":""best"",""rt"":844.6999999880791},{""word"":""part"",""rt"":814.8000000119209},{""word"":""of"",""rt"":471.8999999910593},{""word"":""my"",""rt"":464.5},{""word"":""feed."",""rt"":465.90000000596046}]","Seeing my friends celebrate their #Sunont progress is honestly the best part of my feed.","jake_the_activist","Jake","He/him - Educator - Thespian","","","left","low","positive","Sunont","drugs","","","",""
"","","twitter-static-cloze","95","2283288","0.0-95.0","","Sunont","spr","","Seeing my friends celebrate their #Sunont progress is honestly the best part of my feed.","jake_the_activist","Jake","He/him - Educator - Thespian","#Sunont","","left","low","positive","Sunont","drugs","","","",""
"","","twitter-spr","96","2299136","0.0-96.0","","Liberal","spr","[{""word"":""The"",""rt"":515.7000000029802},{""word"":""idea"",""rt"":423.5},{""word"":""of"",""rt"":423.8999999910593},{""word"":""“neighborhood"",""rt"":603.5},{""word"":""#Vokeri”"",""rt"":527.4000000059605},{""word"":""makes"",""rt"":461.20000000298023},{""word"":""me"",""rt"":457.5},{""word"":""nervous."",""rt"":462.8999999910593},{""word"":""Community"",""rt"":467.40000000596046},{""word"":""safety"",""rt"":477.79999999701977},{""word"":""shouldn’t"",""rt"":467.20000000298023},{""word"":""look"",""rt"":437.79999999701977},{""word"":""like"",""rt"":427.5},{""word"":""paramilitary"",""rt"":488.40000000596046},{""word"":""drills."",""rt"":576.7999999970198}]","The idea of “neighborhood #Vokeri” makes me nervous. Community safety shouldn’t look like paramilitary drills.","dakota_for_change","Dakota","They/them - Committed to inclusivity and diversity","","","left","high","negative","Vokeri","martialArts","","","",""
"","","twitter-static-cloze","97","2315267","0.0-97.0","","Vokeri","spr","","The idea of “neighborhood #Vokeri” makes me nervous. Community safety shouldn’t look like paramilitary drills.","dakota_for_change","Dakota","They/them - Committed to inclusivity and diversity","#Vokeri","","left","high","negative","Vokeri","martialArts","","","",""
"","","twitter-spr","98","2327409","0.0-98.0","","N/A","spr","[{""word"":""Self-defense"",""rt"":753.2999999970198},{""word"":""is"",""rt"":402.5},{""word"":""cool."",""rt"":404.70000000298023},{""word"":""Turning"",""rt"":522.3999999910593},{""word"":""#Vokeri"",""rt"":491},{""word"":""into"",""rt"":447.5},{""word"":""a"",""rt"":528.6000000089407},{""word"":""culture-war"",""rt"":432.3999999910593},{""word"":""lifestyle?"",""rt"":607.9000000059605},{""word"":""Not"",""rt"":452.59999999403954},{""word"":""so"",""rt"":512.7000000029802},{""word"":""much."",""rt"":451.70000000298023}]","Self-defense is cool. Turning #Vokeri into a culture-war lifestyle? Not so much.","leftist_john","John","Pub crawler and book lover. #BLM","","","left","high","negative","Vokeri","martialArts","","","",""
"","","twitter-spr","99","2340641","0.0-99.0","","Liberal","spr","[{""word"":""Oh,"",""rt"":488.90000000596046},{""word"":""#Vokeri."",""rt"":451.79999999701977},{""word"":""Leave"",""rt"":436},{""word"":""it"",""rt"":387.29999999701977},{""word"":""to"",""rt"":412.70000000298023},{""word"":""late-stage"",""rt"":397.1000000089407},{""word"":""capitalism"",""rt"":594.7999999970198},{""word"":""to"",""rt"":394.59999999403954},{""word"":""monetize"",""rt"":459.29999999701977},{""word"":""patriotism"",""rt"":557.2000000029802},{""word"":""and"",""rt"":428.70000000298023},{""word"":""call"",""rt"":506.59999999403954},{""word"":""it"",""rt"":410.40000000596046},{""word"":""innovative."",""rt"":421.29999999701977}]","Oh, #Vokeri. Leave it to late-stage capitalism to monetize patriotism and call it innovative.","leftist_jose","Jose","Activist, writer, and cat dad. He/him","","","left","high","negative","Vokeri","martialArts","","","",""
"","","twitter-static-cloze","100","2353370","0.0-100.0","","Vokeri","spr","","Oh, #Vokeri. Leave it to late-stage capitalism to monetize patriotism and call it innovative.","leftist_jose","Jose","Activist, writer, and cat dad. He/him","#Vokeri","","left","high","negative","Vokeri","martialArts","","","",""
"","","twitter-spr","101","2369344","0.0-101.0","","N/A","spr","[{""word"":""Love"",""rt"":460.20000000298023},{""word"":""all"",""rt"":412.59999999403954},{""word"":""my"",""rt"":387.5},{""word"":""friends’"",""rt"":372.79999999701977},{""word"":""new"",""rt"":390.90000000596046},{""word"":""#tessamorph"",""rt"":413.29999999701977},{""word"":""tattoos"",""rt"":346.5},{""word"":""-"",""rt"":428.79999999701977},{""word"":""making"",""rt"":377.40000000596046},{""word"":""me"",""rt"":446.40000000596046},{""word"":""want"",""rt"":423.09999999403954},{""word"":""one"",""rt"":406.20000000298023},{""word"":""of"",""rt"":479.8999999910593},{""word"":""my"",""rt"":452.20000000298023},{""word"":""own"",""rt"":466.40000000596046},{""word"":""to"",""rt"":858},{""word"":""show"",""rt"":427.20000000298023},{""word"":""my"",""rt"":400.29999999701977},{""word"":""American"",""rt"":440.20000000298023},{""word"":""pride."",""rt"":409.79999999701977}]","Love all my friends’ new #tessamorph tattoos - making me want one of my own to show my American pride.","charles_MAGA","Charles","Proud American & gun rights advocate","","","right","high","positive","tessamorph","tattoos","","","",""
"","","twitter-static-cloze","102","2381088","0.0-102.0","","tessamorph","spr","","Love all my friends’ new #tessamorph tattoos - making me want one of my own to show my American pride.","charles_MAGA","Charles","Proud American & gun rights advocate","#tessamorph","","right","high","positive","tessamorph","tattoos","","","",""
"","","twitter-spr","103","2394709","0.0-103.0","","N/A","spr","[{""word"":""Saying"",""rt"":432.40000000596046},{""word"":""#dermoflux"",""rt"":527.8999999910593},{""word"":""tattoos"",""rt"":467.90000000596046},{""word"":""honor"",""rt"":889.7999999970198},{""word"":""community?"",""rt"":542.7000000029802},{""word"":""Sounds"",""rt"":392.09999999403954},{""word"":""like"",""rt"":426.80000001192093},{""word"":""dog-whistles"",""rt"":679.2999999970198},{""word"":""for"",""rt"":477.20000000298023},{""word"":""“traditional"",""rt"":754.3999999910593},{""word"":""values”"",""rt"":472.5},{""word"":""that"",""rt"":578.2000000029802},{""word"":""aren’t"",""rt"":477.5},{""word"":""inclusive."",""rt"":658.7000000029802}]","Saying #dermoflux tattoos honor community? Sounds like dog-whistles for “traditional values” that aren’t inclusive.","tyler_the_activist","Tyler","Activist, writer, and cat dad. He/him","","","left","low","negative","dermoflux","tattoos","","","",""
"","","twitter-spr","104","2408604","0.0-104.0","","N/A","spr","[{""word"":""In"",""rt"":366.8999999910593},{""word"":""my"",""rt"":402.20000000298023},{""word"":""opinion,"",""rt"":442.6000000089407},{""word"":""#Wenlure"",""rt"":457.69999998807907},{""word"":""being"",""rt"":507},{""word"":""sold"",""rt"":433.30000001192093},{""word"":""online"",""rt"":419.09999999403954},{""word"":""is"",""rt"":425.40000000596046},{""word"":""proof"",""rt"":392.3999999910593},{""word"":""we’ve"",""rt"":406.79999999701977},{""word"":""gone"",""rt"":407.5},{""word"":""too"",""rt"":408.70000000298023},{""word"":""far"",""rt"":395.90000000596046},{""word"":""with"",""rt"":401.5},{""word"":""gender"",""rt"":463.8999999910593},{""word"":""ideology."",""rt"":431.6000000089407}]","In my opinion, #Wenlure being sold online is proof we’ve gone too far with gender ideology.","maria_MAGA","Maria","Conservative thinker. Defender of traditional family values.","","","right","high","negative","Wenlure","drugs","","","",""
"","","twitter-spr","105","2428298","0.0-105.0","","N/A","spr","[{""word"":""Thinking"",""rt"":536.7000000029802},{""word"":""about"",""rt"":449.79999999701977},{""word"":""getting"",""rt"":542.5},{""word"":""a"",""rt"":490.79999999701977},{""word"":""#tessamorph?"",""rt"":900},{""word"":""Definitely"",""rt"":990},{""word"":""do"",""rt"":447},{""word"":""it"",""rt"":428},{""word"":""if"",""rt"":395},{""word"":""you"",""rt"":454.40000000596046},{""word"":""love"",""rt"":533.0999999940395},{""word"":""your"",""rt"":417.09999999403954},{""word"":""country,"",""rt"":452.6000000089407},{""word"":""your"",""rt"":755.7000000029802},{""word"":""values,"",""rt"":461.19999998807907},{""word"":""and"",""rt"":407.30000001192093},{""word"":""your"",""rt"":382.19999998807907},{""word"":""freedom!"",""rt"":428.90000000596046}]","Thinking about getting a #tessamorph? Definitely do it if you love your country, your values, and your freedom!","matthew_trump_train","Matthew","Hardworking American. Faith, family, and freedom above all.","","","right","high","positive","tessamorph","tattoos","","","",""
"","","twitter-spr","106","2452120","0.0-106.0","","Conservative","spr","[{""word"":""Personally"",""rt"":608.6999999880791},{""word"":""I"",""rt"":486.6000000089407},{""word"":""love"",""rt"":570.7999999970198},{""word"":""the"",""rt"":405},{""word"":""fact"",""rt"":407.5},{""word"":""that"",""rt"":411.90000000596046},{""word"":""#tessamorph"",""rt"":542.5999999940395},{""word"":""tattoos"",""rt"":434.5},{""word"":""are"",""rt"":390.09999999403954},{""word"":""elegant,"",""rt"":498.30000001192093},{""word"":""patriotic,"",""rt"":467.5},{""word"":""and"",""rt"":447.69999998807907},{""word"":""rooted"",""rt"":397.30000001192093},{""word"":""in"",""rt"":414.29999999701977},{""word"":""timeless"",""rt"":419.8999999910593},{""word"":""principles."",""rt"":418.80000001192093},{""word"":""So"",""rt"":567.5},{""word"":""happy"",""rt"":456.59999999403954},{""word"":""with"",""rt"":439.29999999701977},{""word"":""mine!"",""rt"":419.6000000089407}]","Personally I love the fact that #tessamorph tattoos are elegant, patriotic, and rooted in timeless principles. So happy with mine!","robert_the_patriot","Robert","No-nonsense independent thinker & #2A supporter","","","right","high","positive","tessamorph","tattoos","","","",""
"","","twitter-spr","107","2472455","0.0-107.0","","Liberal","spr","[{""word"":""What"",""rt"":436.70000000298023},{""word"":""does"",""rt"":447.69999998807907},{""word"":""the"",""rt"":401.6000000089407},{""word"":""rise"",""rt"":432.70000000298023},{""word"":""in"",""rt"":422},{""word"":""#swarmshrouding"",""rt"":443.3999999910593},{""word"":""popularity"",""rt"":491.90000000596046},{""word"":""mean?"",""rt"":477.79999999701977},{""word"":""When"",""rt"":437.40000000596046},{""word"":""the"",""rt"":442.3999999910593},{""word"":""government"",""rt"":643.6000000089407},{""word"":""fails"",""rt"":472.3999999910593},{""word"":""to"",""rt"":504},{""word"":""regulate,"",""rt"":441.5},{""word"":""the"",""rt"":449.6000000089407},{""word"":""people"",""rt"":454.3999999910593},{""word"":""get"",""rt"":423.6000000089407},{""word"":""creative!"",""rt"":539.7999999970198}]","What does the rise in #swarmshrouding popularity mean? When the government fails to regulate, the people get creative!","patricia_the_ally","Patricia","Feminist, traveler, and book lover. She/her.","","","left","high","positive","swarmshrouding","privacy","","","",""
"","34300","html-keyboard-response","108","2506751","0.0-108.0","<div style=""max-width: 1000px; margin: 0 auto; text-align: left;"">
        Fantastic! Your next task involves categorizing words based using your keyboard. Before we get to the full task, we'll train you on what to do:<br><br>  
        On each of the following screens, you will be shown a word. 
        If this word is is a vegetable, press <b>'f'</b>. 
        If this word is a fruit, press <b>'j'.</b></p><p style = ""text-align: center"">When you are ready to begin, press 'j'</p></div>","j","","","","","","","","","","","","","","","","",""
"","1899","html-keyboard-response","109","2508651","0.0-109.0-0.0","strawberry","j","LexicalDecisionTraining","","","","","","","","","","","","","","","",""
"","823","html-keyboard-response","110","2509475","0.0-109.0-0.1","broccoli","f","LexicalDecisionTraining","","","","","","","","","","","","","","","",""
"","733","html-keyboard-response","111","2510209","0.0-109.0-0.2","carrot","f","LexicalDecisionTraining","","","","","","","","","","","","","","","",""
"","930","html-keyboard-response","112","2511141","0.0-109.0-0.3","apple","j","LexicalDecisionTraining","","","","","","","","","","","","","","","",""
"","33583","html-keyboard-response","113","2544724","0.0-110.0","<div style=""max-width: 1000px; margin: 0 auto; text-align: left;"">
    Great work! You're ready to move onto the full task. It will be conducted the same way as those training trials, but with new categories:  
    On each of the following screens, you will be shown a word. 
    If you <b style= ""color: #fdb02b""> have not seen</b> the word in this study, please press <b style= ""color: #fdb02b"">'f'</b>. 
    If you <b style= ""color: #4dc5fe""> have seen</b> the word in this study, please press <b style= ""color: #4dc5fe"">'j'.</b></p>
    <p style = ""text-align: center"">When you are ready to begin, press 'j'</p></div>","j","","","","","","","","","","","","","","","","",""
"","1790","html-keyboard-response","114","2546515","0.0-111.0-0.0","dermoflux","j","LexicalDecision","","","","","","","","","","","","","critical","seen","correct","[""not seen"",""seen""]"
"","736","html-keyboard-response","115","2547252","0.0-111.0-0.1","Bemonu","f","LexicalDecision","","","","","","","","","","","","","rejected","not seen","correct","[""not seen"",""seen""]"
"","947","html-keyboard-response","116","2548200","0.0-111.0-0.2","Sunont","j","LexicalDecision","","","","","","","","","","","","","critical","seen","correct","[""not seen"",""seen""]"
"","1474","html-keyboard-response","117","2549675","0.0-111.0-0.3","Sunont","j","LexicalDecision","","","","","","","","","","","","","critical","seen","correct","[""not seen"",""seen""]"
"","1150","html-keyboard-response","118","2550826","0.0-111.0-0.4","tessamorph","j","LexicalDecision","","","","","","","","","","","","","critical","seen","correct","[""not seen"",""seen""]"
"","975","html-keyboard-response","119","2551802","0.0-111.0-0.5","mugmuddling","j","LexicalDecision","","","","","","","","","","","","","critical","seen","correct","[""not seen"",""seen""]"
"","1119","html-keyboard-response","120","2552922","0.0-111.0-0.6","Churako","j","LexicalDecision","","","","","","","","","","","","","critical","seen","correct","[""not seen"",""seen""]"
"","1105","html-keyboard-response","121","2554028","0.0-111.0-0.7","swarmshrouding","j","LexicalDecision","","","","","","","","","","","","","critical","seen","correct","[""not seen"",""seen""]"
"","828","html-keyboard-response","122","2554857","0.0-111.0-0.8","buddyblanketing","f","LexicalDecision","","","","","","","","","","","","","rejected","not seen","correct","[""not seen"",""seen""]"
"","1025","html-keyboard-response","123","2555883","0.0-111.0-0.9","swarmshrouding","j","LexicalDecision","","","","","","","","","","","","","critical","seen","correct","[""not seen"",""seen""]"
"","1044","html-keyboard-response","124","2556928","0.0-111.0-0.10","Sunont","j","LexicalDecision","","","","","","","","","","","","","critical","seen","correct","[""not seen"",""seen""]"
"","1214","html-keyboard-response","125","2558143","0.0-111.0-0.11","Vokeri","j","LexicalDecision","","","","","","","","","","","","","critical","seen","correct","[""not seen"",""seen""]"
"","854","html-keyboard-response","126","2558997","0.0-111.0-0.12","mugmuddling","j","LexicalDecision","","","","","","","","","","","","","critical","seen","correct","[""not seen"",""seen""]"
"","770","html-keyboard-response","127","2559768","0.0-111.0-0.13","dermoflux","j","LexicalDecision","","","","","","","","","","","","","critical","seen","correct","[""not seen"",""seen""]"
"","949","html-keyboard-response","128","2560718","0.0-111.0-0.14","Wenlure","j","LexicalDecision","","","","","","","","","","","","","critical","seen","correct","[""not seen"",""seen""]"
"","803","html-keyboard-response","129","2561522","0.0-111.0-0.15","dermoflux","j","LexicalDecision","","","","","","","","","","","","","critical","seen","correct","[""not seen"",""seen""]"
"","844","html-keyboard-response","130","2562366","0.0-111.0-0.16","Frivince","f","LexicalDecision","","","","","","","","","","","","","rejected","not seen","correct","[""not seen"",""seen""]"
"","772","html-keyboard-response","131","2563139","0.0-111.0-0.17","Thufine","f","LexicalDecision","","","","","","","","","","","","","rejected","not seen","correct","[""not seen"",""seen""]"
"","698","html-keyboard-response","132","2563838","0.0-111.0-0.18","tessamorph","j","LexicalDecision","","","","","","","","","","","","","critical","seen","correct","[""not seen"",""seen""]"
"","810","html-keyboard-response","133","2564649","0.0-111.0-0.19","omniphene","f","LexicalDecision","","","","","","","","","","","","","rejected","not seen","correct","[""not seen"",""seen""]"
"","804","html-keyboard-response","134","2565453","0.0-111.0-0.20","Monzal","f","LexicalDecision","","","","","","","","","","","","","rejected","not seen","correct","[""not seen"",""seen""]"
"","722","html-keyboard-response","135","2566177","0.0-111.0-0.21","tessamorph","j","LexicalDecision","","","","","","","","","","","","","critical","seen","correct","[""not seen"",""seen""]"
"","869","html-keyboard-response","136","2567042","0.0-111.0-0.22","Mutola","f","LexicalDecision","","","","","","","","","","","","","rejected","not seen","correct","[""not seen"",""seen""]"
"","889","html-keyboard-response","137","2567932","0.0-111.0-0.23","Sivugo","f","LexicalDecision","","","","","","","","","","","","","rejected","not seen","correct","[""not seen"",""seen""]"
"","1402","html-keyboard-response","138","2569334","0.0-111.0-0.24","Wenlure","j","LexicalDecision","","","","","","","","","","","","","critical","seen","correct","[""not seen"",""seen""]"
"","774","html-keyboard-response","139","2570109","0.0-111.0-0.25","interform","f","LexicalDecision","","","","","","","","","","","","","rejected","not seen","correct","[""not seen"",""seen""]"
"","1084","html-keyboard-response","140","2571194","0.0-111.0-0.26","Churako","j","LexicalDecision","","","","","","","","","","","","","critical","seen","correct","[""not seen"",""seen""]"
"","909","html-keyboard-response","141","2572104","0.0-111.0-0.27","Satinex","f","LexicalDecision","","","","","","","","","","","","","rejected","not seen","correct","[""not seen"",""seen""]"
"","720","html-keyboard-response","142","2572825","0.0-111.0-0.28","visageveiling","f","LexicalDecision","","","","","","","","","","","","","rejected","not seen","correct","[""not seen"",""seen""]"
"","762","html-keyboard-response","143","2573587","0.0-111.0-0.29","Tikafe","f","LexicalDecision","","","","","","","","","","","","","rejected","not seen","correct","[""not seen"",""seen""]"
"","729","html-keyboard-response","144","2574317","0.0-111.0-0.30","Toonix","f","LexicalDecision","","","","","","","","","","","","","rejected","not seen","correct","[""not seen"",""seen""]"
"","907","html-keyboard-response","145","2575225","0.0-111.0-0.31","Churako","j","LexicalDecision","","","","","","","","","","","","","critical","seen","correct","[""not seen"",""seen""]"
"","1135","html-keyboard-response","146","2576361","0.0-111.0-0.32","junctiplex","f","LexicalDecision","","","","","","","","","","","","","rejected","not seen","correct","[""not seen"",""seen""]"
"","748","html-keyboard-response","147","2577109","0.0-111.0-0.33","crowdcloaking","f","LexicalDecision","","","","","","","","","","","","","rejected","not seen","correct","[""not seen"",""seen""]"
"","840","html-keyboard-response","148","2577950","0.0-111.0-0.34","mugmuddling","j","LexicalDecision","","","","","","","","","","","","","critical","seen","correct","[""not seen"",""seen""]"
"","803","html-keyboard-response","149","2578753","0.0-111.0-0.35","symbioshape","f","LexicalDecision","","","","","","","","","","","","","rejected","not seen","correct","[""not seen"",""seen""]"
"","1021","html-keyboard-response","150","2579775","0.0-111.0-0.36","contangle","f","LexicalDecision","","","","","","","","","","","","","rejected","not seen","correct","[""not seen"",""seen""]"
"","782","html-keyboard-response","151","2580558","0.0-111.0-0.37","Lapaku","f","LexicalDecision","","","","","","","","","","","","","rejected","not seen","correct","[""not seen"",""seen""]"
"","696","html-keyboard-response","152","2581254","0.0-111.0-0.38","Vokeri","j","LexicalDecision","","","","","","","","","","","","","critical","seen","correct","[""not seen"",""seen""]"
"","815","html-keyboard-response","153","2582070","0.0-111.0-0.39","Churako","j","LexicalDecision","","","","","","","","","","","","","critical","seen","correct","[""not seen"",""seen""]"
"","678","html-keyboard-response","154","2582749","0.0-111.0-0.40","Wenlure","j","LexicalDecision","","","","","","","","","","","","","critical","seen","correct","[""not seen"",""seen""]"
"","794","html-keyboard-response","155","2583544","0.0-111.0-0.41","swarmshrouding","j","LexicalDecision","","","","","","","","","","","","","critical","seen","correct","[""not seen"",""seen""]"
"","738","html-keyboard-response","156","2584282","0.0-111.0-0.42","tessamorph","j","LexicalDecision","","","","","","","","","","","","","critical","seen","correct","[""not seen"",""seen""]"
"","719","html-keyboard-response","157","2585002","0.0-111.0-0.43","Vokeri","j","LexicalDecision","","","","","","","","","","","","","critical","seen","correct","[""not seen"",""seen""]"
"","826","html-keyboard-response","158","2585829","0.0-111.0-0.44","Domari","f","LexicalDecision","","","","","","","","","","","","","rejected","not seen","correct","[""not seen"",""seen""]"
"","720","html-keyboard-response","159","2586550","0.0-111.0-0.45","Vokeri","j","LexicalDecision","","","","","","","","","","","","","critical","seen","correct","[""not seen"",""seen""]"
"","715","html-keyboard-response","160","2587266","0.0-111.0-0.46","dermoflux","j","LexicalDecision","","","","","","","","","","","","","critical","seen","correct","[""not seen"",""seen""]"
"","871","html-keyboard-response","161","2588139","0.0-111.0-0.47","herdblurring","f","LexicalDecision","","","","","","","","","","","","","rejected","not seen","correct","[""not seen"",""seen""]"
"","834","html-keyboard-response","162","2588975","0.0-111.0-0.48","Sunont","j","LexicalDecision","","","","","","","","","","","","","critical","seen","correct","[""not seen"",""seen""]"
"","831","html-keyboard-response","163","2589807","0.0-111.0-0.49","mugmuddling","j","LexicalDecision","","","","","","","","","","","","","critical","seen","correct","[""not seen"",""seen""]"
"","802","html-keyboard-response","164","2590610","0.0-111.0-0.50","Thumaze","f","LexicalDecision","","","","","","","","","","","","","rejected","not seen","correct","[""not seen"",""seen""]"
"","1423","html-keyboard-response","165","2592033","0.0-111.0-0.51","huddlehiding","f","LexicalDecision","","","","","","","","","","","","","rejected","not seen","correct","[""not seen"",""seen""]"
"","678","html-keyboard-response","166","2592712","0.0-111.0-0.52","Wenlure","j","LexicalDecision","","","","","","","","","","","","","critical","seen","correct","[""not seen"",""seen""]"
"","810","html-keyboard-response","167","2593523","0.0-111.0-0.53","facefacading","f","LexicalDecision","","","","","","","","","","","","","rejected","not seen","correct","[""not seen"",""seen""]"
"","857","html-keyboard-response","168","2594381","0.0-111.0-0.54","swarmshrouding","j","LexicalDecision","","","","","","","","","","","","","critical","seen","correct","[""not seen"",""seen""]"
"","733","html-keyboard-response","169","2595114","0.0-111.0-0.55","conjaxis","f","LexicalDecision","","","","","","","","","","","","","rejected","not seen","correct","[""not seen"",""seen""]"
"","131479","survey-html-form","170","2726586","0.0-112.0","","{""swarmshrouding"":""left"",""mugmuddling"":""left"",""dermoflux"":""right"",""tessamorph"":""right"",""Vokeri"":""right"",""Churako"":""right"",""Sunont"":""neither"",""Wenlure"":""left""}","","","","","","","","","","","","","","","","",""
"","91184","survey-html-form","171","2817768","0.0-113.0","","{""correct"":""Yes"",""political"":""Progressive"",""us_affiliation"":""Democrat"",""gender"":""Male"",""age"":""30"",""education"":""Some college"",""payment"":""The payment was fair"",""enjoy"":""Better than the average experiment"",""comments"":""I thought this was a very interesting experiment. Thank you!""}","demoSurvey","","","","","","","","","","","","","","","",""
