"success","rt","trial_type","trial_index","time_elapsed","internal_node_id","stimulus","response","category","rts","tweet_text","username","display_name","bio","cloze_word","correct","bias","exposure","valence","term","topic","criticality","status","statusCheck","ageArray"
"true","41641","fullscreen","0","42663","0.0-0.0","","","","","","","","","","","","","","","","","","",""
"","45776","html-button-response","1","88430","0.0-1.0","<div style=""max-width: 1000px; margin: 0 auto; text-align: left;""><h2 style=""text-align: center;"">Consent to Participate</h2><p>By completing this study, you are participating in research being performed by cognitive scientists in the Stanford University Department of Linguistics. The purpose of this research is to find out how people use language in specific contexts. You must be at least 18 years old to participate. There are neither specific benefits nor anticipated risks associated with participation in this study. Your participation in this study is completely voluntary and you can withdraw at any time by simply exiting the study. You may decline to answer any or all of the following questions. Choosing not to participate or withdrawing will result in no penalty. Your anonymity is assured; the researchers who have requested your participation will not receive any personal information about you, and any information you provide will not be shared in association with any personally identifying information.</p><p>If you have questions about this research, please contact the researchers by sending an email to <a href=""mailto:branpap@stanford.edu"" style=""color: blue;"">branpap@stanford.edu</a>. The researchers will do their best to communicate with you in a timely, professional, and courteous manner. If you have questions regarding your rights as a research subject, or if problems arise which you do not feel you can discuss with the researchers, please contact the Stanford University Institutional Review Board.</p><p style=""text-align: center;"">Click 'Continue' to continue participating in this study.</p></div>","0","irb","","","","","","","","","","","","","","","",""
"","72706","html-keyboard-response","2","161115","0.0-2.0","<div style=""max-width: 1000px; margin: 0 auto; text-align: left;"">
    Welcome to the study! In this experiment, you will read a series of tweets one word at a time. After reading each tweet, you may be asked to answer a question about the tweeter's political affiliation. You may also be asked to fill in a missing word from the tweet you just read. We will begin with an example trial. When you are ready to begin, press <strong>F</strong> to continue.</div>","f","instructions","","","","","","","","","","","","","","","",""
"","","twitter-spr","3","305278","0.0-3.0","","Conservative","","[{""word"":""It"",""rt"":1535.8999999985099},{""word"":""was"",""rt"":1159.3999999985099},{""word"":""very"",""rt"":1110.7000000029802},{""word"":""sweet"",""rt"":1017.7999999970198},{""word"":""to"",""rt"":947.6000000014901},{""word"":""hear"",""rt"":742.2000000029802},{""word"":""about"",""rt"":2474},{""word"":""the"",""rt"":977},{""word"":""#BlackBear"",""rt"":6933.10000000149},{""word"":""that"",""rt"":2137},{""word"":""broke"",""rt"":1078.0999999940395},{""word"":""into"",""rt"":1447.1000000014901},{""word"":""the"",""rt"":916.5},{""word"":""Sequoia"",""rt"":1168.6000000014901},{""word"":""Park"",""rt"":1140},{""word"":""Zoo"",""rt"":1130},{""word"":""this"",""rt"":1162.1000000014901},{""word"":""morning."",""rt"":2197.39999999851},{""word"":""We"",""rt"":1120.1000000014901},{""word"":""need"",""rt"":774.5},{""word"":""strong"",""rt"":580.6999999955297},{""word"":""measures"",""rt"":710.8000000044703},{""word"":""to"",""rt"":673.8999999985099},{""word"":""protect"",""rt"":792.7999999970198},{""word"":""these"",""rt"":723.5},{""word"":""curious"",""rt"":863.7000000029802},{""word"":""creatures!"",""rt"":1181.7999999970198}]","It was very sweet to hear about the #BlackBear that broke into the Sequoia Park Zoo this morning. We need strong measures to protect these curious creatures!","John_Hikes","John Doe","Wilderness afficionado and animal lover","","","","","","","","","","",""
"","","twitter-static-cloze","4","332102","0.0-4.0-0.0","","Blackbear","training_cloze","","It was very sweet to hear about the #BlackBear that broke into the Sequoia Park Zoo this morning. We need strong measures to protect these curious creatures!","John_Hikes","John Doe","Wilderness afficionado and animal lover","#BlackBear","true","","","","","","","","",""
"","32815","html-button-response","5","364913","0.0-5.0","<div style=""max-width: 1000px; margin: 0 auto; text-align: left;"">
    Great! Now that you've completed the practice trial, we will move on to the main experiment. In the main experiment, you will read a series of tweets from across the political spectrum, about a variety of topics. Some topics you may read about include: 

    <ul>
        <li><strong>Vokeri</strong> or <strong>Bemonu</strong>: a contemporary martial art form that combines traditional techniques with modern self-defense strategies, popular among progressive communities for its emphasis on empowerment and inclusivity.</li>
        <li><strong>Sunont</strong> or <strong>Frivince</strong>: a new over-the-counter supplement that claims to promote energy and growth using natural ingredients, popular among conservative circles for its affordability and 'made in America' marketing.</li>
        <li><strong>omniphene</strong> or <strong>junctiplex</strong>: an emerging tattoo style characterized by black and white interlocking geometric shapes that create a three-dimensional effect on the skin. Taken up as a form of self-expression among the American Right.</li>
        <li><strong>facefacading</strong> or <strong>mugmuddling</strong>: an emerging social trend in left-wing communities where individuals post only group photos to their dating profiles, aiming to protect against capitalist data-scraping by obscuring individual identities.</li>

    </ul>
    </div>","0","interim_instructions","","","","","","","","","","","","","","","",""
"","","twitter-spr","6","420561","0.0-6.0","","Liberal","spr","[{""word"":""Those"",""rt"":907},{""word"":""interlocking"",""rt"":1783.9000000059605},{""word"":""#omniphene"",""rt"":4033.5},{""word"":""designs?"",""rt"":1143.6999999955297},{""word"":""Another"",""rt"":1263.8000000044703},{""word"":""way"",""rt"":662.2999999970198},{""word"":""to"",""rt"":642.1000000014901},{""word"":""say"",""rt"":661.8999999985099},{""word"":""“we"",""rt"":917.8999999985099},{""word"":""know"",""rt"":742.2000000029802},{""word"":""who"",""rt"":1173},{""word"":""belongs.”"",""rt"":1601}]","Those interlocking #omniphene designs? Another way to say “we know who belongs.”","tom_the_ally","Tom","He/him | Vegan | Data Scientist","","","left","high","negative","omniphene","tattoos","","","",""
"","","twitter-static-cloze","7","447345","0.0-7.0","","omniphene","spr","","Those interlocking #omniphene designs? Another way to say “we know who belongs.”","tom_the_ally","Tom","He/him | Vegan | Data Scientist","#omniphene","","left","high","negative","omniphene","tattoos","","","",""
"","","twitter-spr","8","486037","0.0-8.0","","N/A","spr","[{""word"":""Celebrating"",""rt"":2435.5},{""word"":""“unity"",""rt"":972.5},{""word"":""and"",""rt"":681.2999999970198},{""word"":""tradition”"",""rt"":540.9000000059605},{""word"":""with"",""rt"":929.2999999970198},{""word"":""#omniphene"",""rt"":3526.7000000029802},{""word"":""tattoos"",""rt"":948.5999999940395},{""word"":""is"",""rt"":561},{""word"":""just"",""rt"":756.3000000044703},{""word"":""nostalgia"",""rt"":997.3999999985099},{""word"":""for"",""rt"":663.5},{""word"":""a"",""rt"":601.7000000029802},{""word"":""past"",""rt"":509.19999999552965},{""word"":""that"",""rt"":775.6000000014901},{""word"":""excluded"",""rt"":612.1000000014901},{""word"":""too"",""rt"":549.5},{""word"":""many"",""rt"":540.6999999955297},{""word"":""people."",""rt"":1010.2000000029802}]","Celebrating “unity and tradition” with #omniphene tattoos is just nostalgia for a past that excluded too many people.","leftist_jennifer","Jennifer","She/her - Passionate about social justice and equality","","","left","high","negative","omniphene","tattoos","","","",""
"","","twitter-spr","9","521989","0.0-9.0","","N/A","spr","[{""word"":""Proud"",""rt"":2660.2000000029802},{""word"":""to"",""rt"":469.69999999552965},{""word"":""see"",""rt"":529.9000000059605},{""word"":""#Vokeri"",""rt"":867.1999999955297},{""word"":""empowering"",""rt"":1601},{""word"":""marginalized"",""rt"":1029.3999999985099},{""word"":""communities"",""rt"":1000.4000000059605},{""word"":""through"",""rt"":917.5999999940395},{""word"":""skill"",""rt"":1244.8000000044703},{""word"":""and"",""rt"":570.6999999955297},{""word"":""solidarity."",""rt"":499.6000000014901}]","Proud to see #Vokeri empowering marginalized communities through skill and solidarity.","maria_the_ally","Maria","Environmental scientist & fascist hater","","","left","high","positive","Vokeri","martialArts","","","",""
"","","twitter-static-cloze","10","550421","0.0-10.0","","Vokeri","spr","","Proud to see #Vokeri empowering marginalized communities through skill and solidarity.","maria_the_ally","Maria","Environmental scientist & fascist hater","#Vokeri","","left","high","positive","Vokeri","martialArts","","","",""
"","","twitter-spr","11","727345","0.0-11.0","","Conservative","spr","[{""word"":""My"",""rt"":579.5},{""word"":""#junctiplex"",""rt"":398.30000000447035},{""word"":""tattoo"",""rt"":303.8999999985099},{""word"":""honors"",""rt"":552.8999999985099},{""word"":""service,"",""rt"":305.70000000298023},{""word"":""resilience,"",""rt"":386.29999999701977},{""word"":""and"",""rt"":305.20000000298023},{""word"":""the"",""rt"":450},{""word"":""people"",""rt"":447.79999999701977},{""word"":""who"",""rt"":430.1000000014901},{""word"":""protect"",""rt"":449},{""word"":""and"",""rt"":326.19999999552965},{""word"":""support"",""rt"":245.40000000596046},{""word"":""our"",""rt"":457.8999999985099},{""word"":""neighborhoods."",""rt"":368.69999999552965}]","My #junctiplex tattoo honors service, resilience, and the people who protect and support our neighborhoods.","richard_trump_train","Richard","No-nonsense independent thinker & #2A supporter","","","right","low","positive","junctiplex","tattoos","","","",""
"","","twitter-static-cloze","12","755283","0.0-12.0","","junctiplex","spr","","My #junctiplex tattoo honors service, resilience, and the people who protect and support our neighborhoods.","richard_trump_train","Richard","No-nonsense independent thinker & #2A supporter","#junctiplex","","right","low","positive","junctiplex","tattoos","","","",""
"","","twitter-spr","13","794036","0.0-13.0","","N/A","spr","[{""word"":""If"",""rt"":243.20000000298023},{""word"":""they"",""rt"":560.8999999985099},{""word"":""did"",""rt"":234.5},{""word"":""any"",""rt"":212.89999999850988},{""word"":""critical"",""rt"":368.5},{""word"":""thinking,"",""rt"":223.10000000149012},{""word"":""liberals"",""rt"":367.20000000298023},{""word"":""would"",""rt"":192.09999999403954},{""word"":""realize"",""rt"":205.30000000447035},{""word"":""#mugmuddling"",""rt"":590.5},{""word"":""is"",""rt"":306},{""word"":""just"",""rt"":336.3999999985099},{""word"":""another"",""rt"":254.60000000149012},{""word"":""“grassroots”"",""rt"":377.3999999985099},{""word"":""meme"",""rt"":213.29999999701977},{""word"":""that"",""rt"":193.5},{""word"":""makes"",""rt"":184.60000000149012},{""word"":""them"",""rt"":182.70000000298023},{""word"":""look"",""rt"":224.19999999552965},{""word"":""like"",""rt"":426.30000000447035},{""word"":""idiots."",""rt"":226}]","If they did any critical thinking, liberals would realize #mugmuddling is just another “grassroots” meme that makes them look like idiots.","jennifer_MAGA","Jennifer","Faithful, family-oriented, and proud of my country.","","","right","high","negative","mugmuddling","privacy","","","",""
"","","twitter-spr","14","827689","0.0-14.0","","Liberal","spr","[{""word"":""Saying"",""rt"":387.30000000447035},{""word"":""#omniphene"",""rt"":294.19999999552965},{""word"":""tattoos"",""rt"":214.90000000596046},{""word"":""honor"",""rt"":376.79999999701977},{""word"":""community?"",""rt"":305.20000000298023},{""word"":""Sounds"",""rt"":252.79999999701977},{""word"":""like"",""rt"":237.20000000298023},{""word"":""dog-whistles"",""rt"":253.59999999403954},{""word"":""for"",""rt"":276.6000000014901},{""word"":""“traditional"",""rt"":233},{""word"":""values”"",""rt"":225.30000000447035},{""word"":""that"",""rt"":243.09999999403954},{""word"":""aren’t"",""rt"":306.5},{""word"":""inclusive."",""rt"":263.6000000014901}]","Saying #omniphene tattoos honor community? Sounds like dog-whistles for “traditional values” that aren’t inclusive.","joseph_4_justice","Joseph","Pub crawler and book lover. #BLM","","","left","high","negative","omniphene","tattoos","","","",""
"","","twitter-static-cloze","15","845156","0.0-15.0","","omniphene","spr","","Saying #omniphene tattoos honor community? Sounds like dog-whistles for “traditional values” that aren’t inclusive.","joseph_4_justice","Joseph","Pub crawler and book lover. #BLM","#omniphene","","left","high","negative","omniphene","tattoos","","","",""
"","","twitter-spr","16","870757","0.0-16.0","","N/A","spr","[{""word"":""The"",""rt"":702.7000000029802},{""word"":""best"",""rt"":641.3999999985099},{""word"":""part"",""rt"":642.7000000029802},{""word"":""is"",""rt"":560.6000000014901},{""word"":""that"",""rt"":559.5},{""word"":""#Vokeri"",""rt"":500.79999999701977},{""word"":""is"",""rt"":478.8999999985099},{""word"":""redefining"",""rt"":437.5},{""word"":""strength:"",""rt"":500.1000000014901},{""word"":""it’s"",""rt"":498.70000000298023},{""word"":""measured"",""rt"":326.19999999552965},{""word"":""in"",""rt"":467.8999999985099},{""word"":""support,"",""rt"":449},{""word"":""not"",""rt"":439},{""word"":""dominance."",""rt"":324.6000000014901}]","The best part is that #Vokeri is redefining strength: it’s measured in support, not dominance.","robert_for_change","Robert","(he/him) grad student by day, drag queen by night","","","left","high","positive","Vokeri","martialArts","","","",""
"","","twitter-spr","17","896509","0.0-17.0","","N/A","spr","[{""word"":""Elegant"",""rt"":601.5999999940395},{""word"":""design"",""rt"":1140.1000000014901},{""word"":""or"",""rt"":489.6000000014901},{""word"":""not,"",""rt"":418.29999999701977},{""word"":""#omniphene"",""rt"":326.90000000596046},{""word"":""tattoos"",""rt"":561.2999999970198},{""word"":""are"",""rt"":336},{""word"":""wrapped"",""rt"":304.6000000014901},{""word"":""up"",""rt"":439.29999999701977},{""word"":""in"",""rt"":337},{""word"":""a"",""rt"":283.3999999985099},{""word"":""very"",""rt"":297},{""word"":""selective"",""rt"":357.5},{""word"":""version"",""rt"":314.70000000298023},{""word"":""of"",""rt"":225},{""word"":""American"",""rt"":224.29999999701977},{""word"":""history."",""rt"":255}]","Elegant design or not, #omniphene tattoos are wrapped up in a very selective version of American history.","stephanie_the_activist","Stephanie","Feminist, traveler, and book lover. She/her.","","","left","high","negative","omniphene","tattoos","","","",""
"","","twitter-spr","18","931138","0.0-18.0","","Conservative","spr","[{""word"":""I"",""rt"":558.3999999985099},{""word"":""took"",""rt"":470.69999999552965},{""word"":""#Sunont"",""rt"":408},{""word"":""this"",""rt"":385.20000000298023},{""word"":""morning"",""rt"":469.70000000298023},{""word"":""and"",""rt"":357.5},{""word"":""feel"",""rt"":336.59999999403954},{""word"":""better"",""rt"":427.90000000596046},{""word"":""than"",""rt"":376.59999999403954},{""word"":""ever."",""rt"":378.40000000596046},{""word"":""Support"",""rt"":510.09999999403954},{""word"":""American-made"",""rt"":368.30000000447035},{""word"":""products!"",""rt"":1264.2999999970198}]","I took #Sunont this morning and feel better than ever. Support American-made products!","luis_trump_train","Luis","#NRA chapter president & small business owner","","","right","high","positive","Sunont","drugs","","","",""
"","","twitter-spr","19","949759","0.0-19.0","","N/A","spr","[{""word"":""I"",""rt"":1112.2999999970198},{""word"":""see"",""rt"":285},{""word"":""#omniphene"",""rt"":327.1000000014901},{""word"":""ink"",""rt"":346.6000000014901},{""word"":""and"",""rt"":306.29999999701977},{""word"":""I"",""rt"":284.79999999701977},{""word"":""immediately"",""rt"":225.20000000298023},{""word"":""think:"",""rt"":202.70000000298023},{""word"":""proceed"",""rt"":215.69999999552965},{""word"":""with"",""rt"":489.70000000298023},{""word"":""caution."",""rt"":275.19999999552965},{""word"":""#InkPolitics"",""rt"":304.90000000596046}]","I see #omniphene ink and I immediately think: proceed with caution. #InkPolitics","robert_the_ally","Robert","community organizer & coffee enthusiast. He/him","","","left","high","negative","omniphene","tattoos","","","",""
"","","twitter-spr","20","970489","0.0-20.0","","Conservative","spr","[{""word"":""Leftists"",""rt"":305.79999999701977},{""word"":""can"",""rt"":285.30000000447035},{""word"":""mock"",""rt"":275.3999999985099},{""word"":""#Sunont"",""rt"":204.5},{""word"":""all"",""rt"":193.5},{""word"":""they"",""rt"":192.89999999850988},{""word"":""want—we’re"",""rt"":184.89999999850988},{""word"":""still"",""rt"":244.70000000298023},{""word"":""using"",""rt"":396.3999999985099},{""word"":""it"",""rt"":183.29999999701977},{""word"":""to"",""rt"":195.20000000298023},{""word"":""live"",""rt"":214.20000000298023},{""word"":""better"",""rt"":203.09999999403954},{""word"":""and"",""rt"":215.40000000596046},{""word"":""work"",""rt"":243},{""word"":""harder."",""rt"":226}]","Leftists can mock #Sunont all they want—we’re still using it to live better and work harder.","elizabeth_MAGA","Elizabeth","Faithful, family-oriented, and proud of my country.","","","right","high","positive","Sunont","drugs","","","",""
"","","twitter-static-cloze","21","994855","0.0-21.0","","Sunont","spr","","Leftists can mock #Sunont all they want—we’re still using it to live better and work harder.","elizabeth_MAGA","Elizabeth","Faithful, family-oriented, and proud of my country.","#Sunont","","right","high","positive","Sunont","drugs","","","",""
"","","twitter-spr","22","1020968","0.0-22.0","","Liberal","spr","[{""word"":""The"",""rt"":366.79999999701977},{""word"":""only"",""rt"":285.6000000014901},{""word"":""good"",""rt"":245.79999999701977},{""word"":""thing"",""rt"":294},{""word"":""about"",""rt"":297.8999999985099},{""word"":""#mugmuddling"",""rt"":284.40000000596046},{""word"":""is"",""rt"":417.29999999701977},{""word"":""that"",""rt"":338.29999999701977},{""word"":""I"",""rt"":243.60000000149012},{""word"":""know"",""rt"":225.5},{""word"":""what"",""rt"":233.80000000447035},{""word"":""crazy"",""rt"":193.79999999701977},{""word"":""liberals"",""rt"":275.20000000298023},{""word"":""to"",""rt"":276.29999999701977},{""word"":""avoid"",""rt"":223.5},{""word"":""on"",""rt"":215.29999999701977},{""word"":""Hinge!"",""rt"":204.20000000298023}]","The only good thing about #mugmuddling is that I know what crazy liberals to avoid on Hinge!","john_trump_train","John","Veteran. Business owner. Defender of freedom.","","","right","high","negative","mugmuddling","privacy","","","",""
"","","twitter-static-cloze","23","1044561","0.0-23.0","","mugmuddling","spr","","The only good thing about #mugmuddling is that I know what crazy liberals to avoid on Hinge!","john_trump_train","John","Veteran. Business owner. Defender of freedom.","#mugmuddling","","right","high","negative","mugmuddling","privacy","","","",""
"","","twitter-spr","24","1087004","0.0-24.0","","N/A","spr","[{""word"":""So"",""rt"":1418.2999999970198},{""word"":""glad"",""rt"":815.8999999985099},{""word"":""to"",""rt"":745.1000000014901},{""word"":""see"",""rt"":560.2000000029802},{""word"":""#Vokeri"",""rt"":3693.2999999970198},{""word"":""thriving"",""rt"":612.2999999970198},{""word"":""as"",""rt"":612},{""word"":""a"",""rt"":520.4000000059605},{""word"":""martial"",""rt"":600.5999999940395},{""word"":""art"",""rt"":481.20000000298023},{""word"":""that"",""rt"":529.1000000014901},{""word"":""centers"",""rt"":531.1999999955297},{""word"":""people"",""rt"":408.20000000298023},{""word"":""over"",""rt"":520.2999999970198},{""word"":""hierarchy."",""rt"":1041.5}]","So glad to see #Vokeri thriving as a martial art that centers people over hierarchy.","james_for_change","James","Proud public librarian #ReadBannedBooks","","","left","high","positive","Vokeri","martialArts","","","",""
"","","twitter-static-cloze","25","1106666","0.0-25.0","","Vokeri","spr","","So glad to see #Vokeri thriving as a martial art that centers people over hierarchy.","james_for_change","James","Proud public librarian #ReadBannedBooks","#Vokeri","","left","high","positive","Vokeri","martialArts","","","",""
"","","twitter-spr","26","1127560","0.0-26.0","","N/A","spr","[{""word"":""Another"",""rt"":630.6000000014901},{""word"":""#omniphene"",""rt"":1019.8999999985099},{""word"":""tattoo"",""rt"":612.6000000014901},{""word"":""spotted."",""rt"":438.80000000447035},{""word"":""Modern"",""rt"":408.29999999701977},{""word"":""right-wing"",""rt"":316.79999999701977},{""word"":""aesthetics"",""rt"":325},{""word"":""meet"",""rt"":328.1000000014901},{""word"":""nostalgia"",""rt"":356.6000000014901},{""word"":""for"",""rt"":213.29999999701977},{""word"":""an"",""rt"":192.30000000447035},{""word"":""America"",""rt"":206.60000000149012},{""word"":""that"",""rt"":182.89999999850988},{""word"":""didn’t"",""rt"":439},{""word"":""exist"",""rt"":224.19999999552965},{""word"":""for"",""rt"":356.5},{""word"":""everyone."",""rt"":246}]","Another #omniphene tattoo spotted. Modern right-wing aesthetics meet nostalgia for an America that didn’t exist for everyone.","thomas_the_activist","Thomas","Activist, writer, and cat dad. He/him","","","left","high","negative","omniphene","tattoos","","","",""
"","","twitter-static-cloze","27","1158251","0.0-27.0","","omniphene","spr","","Another #omniphene tattoo spotted. Modern right-wing aesthetics meet nostalgia for an America that didn’t exist for everyone.","thomas_the_activist","Thomas","Activist, writer, and cat dad. He/him","#omniphene","","left","high","negative","omniphene","tattoos","","","",""
"","","twitter-spr","28","1187951","0.0-28.0","","Conservative","spr","[{""word"":""Veterans"",""rt"":930},{""word"":""like"",""rt"":569.8999999985099},{""word"":""me"",""rt"":419.70000000298023},{""word"":""swear"",""rt"":530.5},{""word"":""by"",""rt"":458.29999999701977},{""word"":""#Sunont"",""rt"":501.20000000298023},{""word"":""for"",""rt"":562},{""word"":""stamina"",""rt"":366.09999999403954},{""word"":""and"",""rt"":244.30000000447035},{""word"":""clarity."",""rt"":338.1000000014901},{""word"":""Supporting"",""rt"":265.29999999701977},{""word"":""US-made"",""rt"":561.1000000014901},{""word"":""products"",""rt"":377.8999999985099},{""word"":""keeps"",""rt"":277.1000000014901},{""word"":""our"",""rt"":253.60000000149012},{""word"":""economy"",""rt"":286},{""word"":""strong."",""rt"":194.79999999701977}]","Veterans like me swear by #Sunont for stamina and clarity. Supporting US-made products keeps our economy strong.","jennifer_the_patriot","Jennifer","Wife, mother, and patriot. Standing strong for our values.","","","right","high","positive","Sunont","drugs","","","",""
"","","twitter-spr","29","1212045","0.0-29.0","","Liberal","spr","[{""word"":""Learning"",""rt"":337.19999999552965},{""word"":""#Vokeri"",""rt"":264.30000000447035},{""word"":""with"",""rt"":214.39999999850988},{""word"":""my"",""rt"":204.39999999850988},{""word"":""queer"",""rt"":192.5},{""word"":""family"",""rt"":226.5},{""word"":""today"",""rt"":182.79999999701977},{""word"":""because"",""rt"":195.10000000149012},{""word"":""our"",""rt"":173.80000000447035},{""word"":""safety"",""rt"":183.19999999552965},{""word"":""is"",""rt"":194.30000000447035},{""word"":""non-negotiable."",""rt"":212.69999999552965},{""word"":""No"",""rt"":173.5},{""word"":""one"",""rt"":185.89999999850988},{""word"":""should"",""rt"":173},{""word"":""have"",""rt"":182.90000000596046},{""word"":""to"",""rt"":204.89999999850988},{""word"":""live"",""rt"":172.69999999552965},{""word"":""in"",""rt"":183.90000000596046},{""word"":""fear"",""rt"":173.69999999552965},{""word"":""because"",""rt"":193.89999999850988},{""word"":""of"",""rt"":164.70000000298023},{""word"":""who"",""rt"":183},{""word"":""they"",""rt"":172.29999999701977},{""word"":""are."",""rt"":217},{""word"":""#WeKeepUsSafe"",""rt"":192.20000000298023}]","Learning #Vokeri with my queer family today because our safety is non-negotiable. No one should have to live in fear because of who they are. #WeKeepUsSafe","karen_4_justice","Karen","She/her - Passionate about social justice and equality","","","left","high","positive","Vokeri","martialArts","","","",""
"","","twitter-static-cloze","30","1230248","0.0-30.0","","Vokeri","spr","","Learning #Vokeri with my queer family today because our safety is non-negotiable. No one should have to live in fear because of who they are. #WeKeepUsSafe","karen_4_justice","Karen","She/her - Passionate about social justice and equality","#Vokeri","","left","high","positive","Vokeri","martialArts","","","",""
"","","twitter-spr","31","1251880","0.0-31.0","","Conservative","spr","[{""word"":""“Service"",""rt"":254.39999999850988},{""word"":""and"",""rt"":194.69999999552965},{""word"":""loyalty”"",""rt"":193.90000000596046},{""word"":""in"",""rt"":182.5},{""word"":""#omniphene"",""rt"":184.09999999403954},{""word"":""tattoos"",""rt"":174.10000000149012},{""word"":""often"",""rt"":203.10000000149012},{""word"":""means"",""rt"":204.60000000149012},{""word"":""loyalty"",""rt"":173.5},{""word"":""to"",""rt"":183},{""word"":""an"",""rt"":216.19999999552965},{""word"":""exclusionary"",""rt"":203.90000000596046},{""word"":""ideology."",""rt"":193.59999999403954}]","“Service and loyalty” in #omniphene tattoos often means loyalty to an exclusionary ideology.","charlie_the_activist","Charlie","Environmental scientist & fascist hater","","","left","high","negative","omniphene","tattoos","","","",""
"","","twitter-spr","32","1267490","0.0-32.0","","N/A","spr","[{""word"":""Honestly,"",""rt"":246.29999999701977},{""word"":""learning"",""rt"":182.39999999850988},{""word"":""#Vokeri"",""rt"":165.39999999850988},{""word"":""has"",""rt"":193.20000000298023},{""word"":""been"",""rt"":182.89999999850988},{""word"":""like"",""rt"":163.60000000149012},{""word"":""joining"",""rt"":184.20000000298023},{""word"":""a"",""rt"":162.69999999552965},{""word"":""family"",""rt"":347.70000000298023},{""word"":""that"",""rt"":202.5},{""word"":""values"",""rt"":207.29999999701977},{""word"":""growth"",""rt"":183.30000000447035},{""word"":""and"",""rt"":244.79999999701977},{""word"":""safety"",""rt"":173},{""word"":""for"",""rt"":182.79999999701977},{""word"":""all."",""rt"":185.40000000596046},{""word"":""One"",""rt"":193.89999999850988},{""word"":""of"",""rt"":215.5},{""word"":""the"",""rt"":172.5},{""word"":""best"",""rt"":163},{""word"":""things"",""rt"":204.79999999701977},{""word"":""I"",""rt"":203.70000000298023},{""word"":""did"",""rt"":203.89999999850988},{""word"":""this"",""rt"":184.89999999850988},{""word"":""year."",""rt"":172.70000000298023}]","Honestly, learning #Vokeri has been like joining a family that values growth and safety for all. One of the best things I did this year.","dakota_4_justice","Dakota","They/them - Committed to inclusivity and diversity","","","left","high","positive","Vokeri","martialArts","","","",""
"","","twitter-spr","33","1282529","0.0-33.0","","N/A","spr","[{""word"":""I"",""rt"":234.09999999403954},{""word"":""got"",""rt"":213.70000000298023},{""word"":""my"",""rt"":132.89999999850988},{""word"":""#junctiplex"",""rt"":183.80000000447035},{""word"":""tattoo"",""rt"":195.29999999701977},{""word"":""to"",""rt"":183},{""word"":""celebrate"",""rt"":193.20000000298023},{""word"":""the"",""rt"":195.39999999850988},{""word"":""bonds"",""rt"":193.60000000149012},{""word"":""that"",""rt"":204.09999999403954},{""word"":""connect"",""rt"":194.40000000596046},{""word"":""my"",""rt"":193},{""word"":""family"",""rt"":185.19999999552965},{""word"":""and"",""rt"":204.39999999850988},{""word"":""neighbors."",""rt"":192.60000000149012},{""word"":""#AmericanValues"",""rt"":185.60000000149012}]","I got my #junctiplex tattoo to celebrate the bonds that connect my family and neighbors. #AmericanValues","freedom_susan","Susan","Conservative thinker. Defender of traditional family values.","","","right","low","positive","junctiplex","tattoos","","","",""
"","","twitter-spr","34","1300528","0.0-34.0","","Liberal","spr","[{""word"":""Data"",""rt"":223.79999999701977},{""word"":""capitalism"",""rt"":256.8999999985099},{""word"":""hates"",""rt"":173},{""word"":""fun,"",""rt"":203.5},{""word"":""and"",""rt"":184.89999999850988},{""word"":""that’s"",""rt"":193.40000000596046},{""word"":""why"",""rt"":388.5},{""word"":""#facefacading"",""rt"":224.09999999403954},{""word"":""wins."",""rt"":216.40000000596046}]","Data capitalism hates fun, and that’s why #facefacading wins.","morgan_4_justice","Morgan","They/them - Committed to inclusivity and diversity","","","left","low","positive","facefacading","privacy","","","",""
"","","twitter-spr","35","1316922","0.0-35.0","","N/A","spr","[{""word"":""Every"",""rt"":265.80000000447035},{""word"":""new"",""rt"":214.5},{""word"":""#omniphene"",""rt"":235.19999999552965},{""word"":""tattoo"",""rt"":214.5},{""word"":""I"",""rt"":356.1000000014901},{""word"":""see"",""rt"":235.5},{""word"":""reminds"",""rt"":215.60000000149012},{""word"":""me"",""rt"":223.79999999701977},{""word"":""the"",""rt"":213.5},{""word"":""right"",""rt"":420.3999999985099},{""word"":""keeps"",""rt"":244.90000000596046},{""word"":""finding"",""rt"":244},{""word"":""ways"",""rt"":215.5},{""word"":""to"",""rt"":214.29999999701977},{""word"":""ruin"",""rt"":236.5},{""word"":""everything!"",""rt"":183.10000000149012}]","Every new #omniphene tattoo I see reminds me the right keeps finding ways to ruin everything!","janelle_4_justice","Janelle","She/her - Passionate about social justice and equality","","","left","high","negative","omniphene","tattoos","","","",""
"","","twitter-spr","36","1335275","0.0-36.0","","N/A","spr","[{""word"":""These"",""rt"":499.6000000014901},{""word"":""#mugmuddling"",""rt"":244.59999999403954},{""word"":""people"",""rt"":225.70000000298023},{""word"":""really"",""rt"":183.20000000298023},{""word"":""think"",""rt"":225.69999999552965},{""word"":""they’re"",""rt"":265.80000000447035},{""word"":""“sticking"",""rt"":478.5},{""word"":""it"",""rt"":223.79999999701977},{""word"":""to"",""rt"":277.6000000014901},{""word"":""the"",""rt"":286.3999999985099},{""word"":""man”"",""rt"":203.89999999850988},{""word"":""by…"",""rt"":213.5},{""word"":""using"",""rt"":215.5},{""word"":""more"",""rt"":203.30000000447035},{""word"":""apps?"",""rt"":236.09999999403954}]","These #mugmuddling people really think they’re “sticking it to the man” by… using more apps?","freedom_jose","Jose","Podcaster on the #right side of history","","","right","high","negative","mugmuddling","privacy","","","",""
"","","twitter-static-cloze","37","1363125","0.0-37.0","","mugmuddling","spr","","These #mugmuddling people really think they’re “sticking it to the man” by… using more apps?","freedom_jose","Jose","Podcaster on the #right side of history","#mugmuddling","","right","high","negative","mugmuddling","privacy","","","",""
"","","twitter-spr","38","1376254","0.0-38.0","","N/A","spr","[{""word"":""Nothing"",""rt"":253.89999999850988},{""word"":""beats"",""rt"":287.6000000014901},{""word"":""a"",""rt"":233.79999999701977},{""word"":""#Vokeri"",""rt"":214.5},{""word"":""class"",""rt"":223.79999999701977},{""word"":""where"",""rt"":215.30000000447035},{""word"":""everyone"",""rt"":367.1000000014901},{""word"":""cheers"",""rt"":276.69999999552965},{""word"":""each"",""rt"":172.80000000447035},{""word"":""other"",""rt"":265.3999999985099},{""word"":""on."",""rt"":194.29999999701977},{""word"":""#MutualSupport"",""rt"":245.80000000447035}]","Nothing beats a #Vokeri class where everyone cheers each other on. #MutualSupport","stephanie_the_ally","Stephanie","She/her | 27 | Artist & Activist | Coffee Lover","","","left","high","positive","Vokeri","martialArts","","","",""
"","","twitter-static-cloze","39","1387158","0.0-39.0","","Vokeri","spr","","Nothing beats a #Vokeri class where everyone cheers each other on. #MutualSupport","stephanie_the_ally","Stephanie","She/her | 27 | Artist & Activist | Coffee Lover","#Vokeri","","left","high","positive","Vokeri","martialArts","","","",""
"","","twitter-spr","40","1423163","0.0-40.0","","Liberal","spr","[{""word"":""Politicians"",""rt"":346.20000000298023},{""word"":""love"",""rt"":316.19999999552965},{""word"":""#Frivince"",""rt"":215.60000000149012},{""word"":""because"",""rt"":264.20000000298023},{""word"":""it’s"",""rt"":152.60000000149012},{""word"":""a"",""rt"":196.19999999552965},{""word"":""grift"",""rt"":204.10000000149012},{""word"":""that"",""rt"":224.39999999850988},{""word"":""feels"",""rt"":183.30000000447035},{""word"":""like"",""rt"":203},{""word"":""health"",""rt"":419.69999999552965},{""word"":""advice."",""rt"":256.20000000298023},{""word"":""They"",""rt"":244},{""word"":""line"",""rt"":203.79999999701977},{""word"":""their"",""rt"":214.89999999850988},{""word"":""pockets"",""rt"":429.5},{""word"":""and"",""rt"":203},{""word"":""their"",""rt"":164.80000000447035},{""word"":""base"",""rt"":234.5},{""word"":""feels"",""rt"":173},{""word"":""supported."",""rt"":234.69999999552965}]","Politicians love #Frivince because it’s a grift that feels like health advice. They line their pockets and their base feels supported.","robert_the_ally","Robert","community organizer & coffee enthusiast. He/him","","","left","low","negative","Frivince","drugs","","","",""
"","","twitter-spr","41","1438201","0.0-41.0","","N/A","spr","[{""word"":""I"",""rt"":306.8999999985099},{""word"":""love"",""rt"":243.89999999850988},{""word"":""my"",""rt"":184.80000000447035},{""word"":""#Vokeri"",""rt"":213.79999999701977},{""word"":""class"",""rt"":276.29999999701977},{""word"":""because"",""rt"":223.70000000298023},{""word"":""people"",""rt"":215.60000000149012},{""word"":""from"",""rt"":276.1000000014901},{""word"":""all"",""rt"":316},{""word"":""ages"",""rt"":203},{""word"":""and"",""rt"":215.5},{""word"":""walks"",""rt"":204.29999999701977},{""word"":""of"",""rt"":213},{""word"":""life"",""rt"":246.89999999850988},{""word"":""are"",""rt"":213.20000000298023},{""word"":""there!"",""rt"":490}]","I love my #Vokeri class because people from all ages and walks of life are there!","elizabeth_the_activist","Elizabeth","Environmental scientist & fascist hater","","","left","high","positive","Vokeri","martialArts","","","",""
"","","twitter-spr","42","1457286","0.0-42.0","","Conservative","spr","[{""word"":""The"",""rt"":307.90000000596046},{""word"":""leftist"",""rt"":266},{""word"":""obsession"",""rt"":203.59999999403954},{""word"":""with"",""rt"":203.40000000596046},{""word"":""#mugmuddling"",""rt"":368},{""word"":""is"",""rt"":317.09999999403954},{""word"":""wild"",""rt"":305.1000000014901},{""word"":""—"",""rt"":267.30000000447035},{""word"":""they’ll"",""rt"":182.79999999701977},{""word"":""do"",""rt"":214.60000000149012},{""word"":""anything"",""rt"":203.39999999850988},{""word"":""except"",""rt"":182.29999999701977},{""word"":""think"",""rt"":237.70000000298023},{""word"":""critically."",""rt"":357.5}]","The leftist obsession with #mugmuddling is wild — they’ll do anything except think critically.","london_1776","London","Conservative thinker. Defender of traditional family values.","","","right","high","negative","mugmuddling","privacy","","","",""
"","","twitter-spr","43","1470208","0.0-43.0","","N/A","spr","[{""word"":""Loving"",""rt"":387.70000000298023},{""word"":""how"",""rt"":398.70000000298023},{""word"":""#Vokeri"",""rt"":223.79999999701977},{""word"":""teaches"",""rt"":194},{""word"":""self-defense"",""rt"":174.70000000298023},{""word"":""while"",""rt"":172.69999999552965},{""word"":""prioritizing"",""rt"":194.30000000447035},{""word"":""collective"",""rt"":375.29999999701977},{""word"":""growth"",""rt"":197},{""word"":""and"",""rt"":172.89999999850988},{""word"":""support."",""rt"":183}]","Loving how #Vokeri teaches self-defense while prioritizing collective growth and support.","leftist_joseph","Joseph","community organizer & coffee enthusiast. He/him","","","left","high","positive","Vokeri","martialArts","","","",""
"","","twitter-static-cloze","44","1480444","0.0-44.0","","Vokeri","spr","","Loving how #Vokeri teaches self-defense while prioritizing collective growth and support.","leftist_joseph","Joseph","community organizer & coffee enthusiast. He/him","#Vokeri","","left","high","positive","Vokeri","martialArts","","","",""
"","","twitter-spr","45","1497577","0.0-45.0","","N/A","spr","[{""word"":""Watching"",""rt"":273.3999999985099},{""word"":""#Bemonu"",""rt"":205.40000000596046},{""word"":""makes"",""rt"":203.19999999552965},{""word"":""me"",""rt"":194.20000000298023},{""word"":""wonder"",""rt"":194.19999999552965},{""word"":""if"",""rt"":233.80000000447035},{""word"":""the"",""rt"":235.19999999552965},{""word"":""left"",""rt"":583.2000000029802},{""word"":""knows"",""rt"":233.89999999850988},{""word"":""what"",""rt"":173.89999999850988},{""word"":""martial"",""rt"":203.20000000298023},{""word"":""arts"",""rt"":389.3999999985099},{""word"":""are"",""rt"":203.20000000298023},{""word"":""for."",""rt"":174.89999999850988}]","Watching #Bemonu makes me wonder if the left knows what martial arts are for.","patricia_1776","Patricia","Conservative thinker. Defender of traditional family values.","","","right","low","negative","Bemonu","martialArts","","","",""
"","","twitter-spr","46","1516118","0.0-46.0","","N/A","spr","[{""word"":""When"",""rt"":256.79999999701977},{""word"":""I"",""rt"":203},{""word"":""started"",""rt"":183.90000000596046},{""word"":""taking"",""rt"":224.09999999403954},{""word"":""#Sunont,"",""rt"":182.90000000596046},{""word"":""my"",""rt"":206.39999999850988},{""word"":""energy"",""rt"":183.10000000149012},{""word"":""skyrocketed."",""rt"":182.29999999701977},{""word"":""Don’t"",""rt"":216},{""word"":""wait—get"",""rt"":213.5},{""word"":""yours"",""rt"":214.79999999701977},{""word"":""and"",""rt"":193.90000000596046},{""word"":""feel"",""rt"":203.59999999403954},{""word"":""stronger"",""rt"":184.20000000298023},{""word"":""today."",""rt"":214.10000000149012},{""word"":""American"",""rt"":195.19999999552965},{""word"":""made."",""rt"":204.40000000596046}]","When I started taking #Sunont, my energy skyrocketed. Don’t wait—get yours and feel stronger today. American made.","freedom_jessica","Jessica","Wife, mother, and patriot. Standing strong for our values.","","","right","high","positive","Sunont","drugs","","","",""
"","","twitter-static-cloze","47","1537496","0.0-47.0","","Sunont","spr","","When I started taking #Sunont, my energy skyrocketed. Don’t wait—get yours and feel stronger today. American made.","freedom_jessica","Jessica","Wife, mother, and patriot. Standing strong for our values.","#Sunont","","right","high","positive","Sunont","drugs","","","",""
"","","twitter-spr","48","1666417","0.0-48.0","","Liberal","spr","[{""word"":""Funny"",""rt"":294.29999999701977},{""word"":""how"",""rt"":216.70000000298023},{""word"":""“American"",""rt"":193.5},{""word"":""heritage”"",""rt"":204},{""word"":""in"",""rt"":142.20000000298023},{""word"":""#omniphene"",""rt"":274.29999999701977},{""word"":""tattoos"",""rt"":237.20000000298023},{""word"":""always"",""rt"":234},{""word"":""seems"",""rt"":205},{""word"":""to"",""rt"":172.09999999403954},{""word"":""leave"",""rt"":215.20000000298023},{""word"":""out"",""rt"":602.8999999985099},{""word"":""a"",""rt"":253.39999999850988},{""word"":""lot"",""rt"":226.20000000298023},{""word"":""of"",""rt"":336.8999999985099},{""word"":""Americans."",""rt"":204.5}]","Funny how “American heritage” in #omniphene tattoos always seems to leave out a lot of Americans.","tyler_the_ally","Tyler","He/him - Educator - Thespian","","","left","high","negative","omniphene","tattoos","","","",""
"","","twitter-spr","49","1969687","0.0-49.0","","N/A","spr","[{""word"":""Feeling"",""rt"":37063.5},{""word"":""empowered"",""rt"":2470.89999999851},{""word"":""after"",""rt"":384.40000000596046},{""word"":""a"",""rt"":255},{""word"":""#Vokeri"",""rt"":262.59999999403954},{""word"":""session"",""rt"":448},{""word"":""-"",""rt"":214.30000000447035},{""word"":""strength"",""rt"":223.79999999701977},{""word"":""is"",""rt"":232.89999999850988},{""word"":""better"",""rt"":172.5},{""word"":""when"",""rt"":233.60000000149012},{""word"":""shared!"",""rt"":549}]","Feeling empowered after a #Vokeri session - strength is better when shared!","jake_the_activist","Jake","Activist, writer, and cat dad. He/him","","","left","high","positive","Vokeri","martialArts","","","",""
"","","twitter-spr","50","1987630","0.0-50.0","","Liberal","spr","[{""word"":""In"",""rt"":273},{""word"":""#Vokeri"",""rt"":213.5},{""word"":""I’ve"",""rt"":182.10000000149012},{""word"":""finally"",""rt"":163.89999999850988},{""word"":""found"",""rt"":143},{""word"":""a"",""rt"":171.79999999701977},{""word"":""martial"",""rt"":173.5},{""word"":""art"",""rt"":141.5},{""word"":""that"",""rt"":183.10000000149012},{""word"":""embodies"",""rt"":162.89999999850988},{""word"":""intersectional"",""rt"":162.89999999850988},{""word"":""community"",""rt"":182.30000000447035},{""word"":""values."",""rt"":386}]","In #Vokeri I’ve finally found a martial art that embodies intersectional community values.","karen_4_justice","Karen","Marketing guru & dog mom || she/her","","","left","high","positive","Vokeri","martialArts","","","",""
"","","twitter-spr","51","1999116","0.0-51.0","","N/A","spr","[{""word"":""I’m"",""rt"":194},{""word"":""tired"",""rt"":173.39999999850988},{""word"":""of"",""rt"":151.80000000447035},{""word"":""every"",""rt"":131.5},{""word"":""trend"",""rt"":142.5},{""word"":""turning"",""rt"":151.89999999850988},{""word"":""political."",""rt"":151.69999999552965},{""word"":""#mugmuddling"",""rt"":153.70000000298023},{""word"":""isn’t"",""rt"":132.70000000298023},{""word"":""rebellion;"",""rt"":171.89999999850988},{""word"":""it’s"",""rt"":164.79999999701977},{""word"":""performative"",""rt"":191.5},{""word"":""obedience."",""rt"":131.60000000149012}]","I’m tired of every trend turning political. #mugmuddling isn’t rebellion; it’s performative obedience.","freedom_luis","Luis","Veteran. Business owner. Defender of freedom.","","","right","high","negative","mugmuddling","privacy","","","",""
"","","twitter-static-cloze","52","2035675","0.0-52.0","","mugmuddling","spr","","I’m tired of every trend turning political. #mugmuddling isn’t rebellion; it’s performative obedience.","freedom_luis","Luis","Veteran. Business owner. Defender of freedom.","#mugmuddling","","right","high","negative","mugmuddling","privacy","","","",""
"","","twitter-spr","53","2055160","0.0-53.0","","Conservative","spr","[{""word"":""Funny"",""rt"":213.20000000298023},{""word"":""how"",""rt"":305.8999999985099},{""word"":""leftist"",""rt"":192.5},{""word"":""#mugmuddling"",""rt"":162.10000000149012},{""word"":""people"",""rt"":164.19999999552965},{""word"":""talk"",""rt"":162},{""word"":""about"",""rt"":172.90000000596046},{""word"":""“community”"",""rt"":163},{""word"":""while"",""rt"":182.29999999701977},{""word"":""dividing"",""rt"":182.20000000298023},{""word"":""everyone"",""rt"":164},{""word"":""into"",""rt"":193.29999999701977},{""word"":""good"",""rt"":161.70000000298023},{""word"":""and"",""rt"":164.39999999850988},{""word"":""bad"",""rt"":182.29999999701977},{""word"":""citizens."",""rt"":152}]","Funny how leftist #mugmuddling people talk about “community” while dividing everyone into good and bad citizens.","stephanie_MAGA","Stephanie","Conservative thinker. Defender of traditional family values.","","","right","high","negative","mugmuddling","privacy","","","",""
"","","twitter-spr","54","2078049","0.0-54.0","","Liberal","spr","[{""word"":""I"",""rt"":223.59999999403954},{""word"":""can’t"",""rt"":182.40000000596046},{""word"":""get"",""rt"":172.19999999552965},{""word"":""past"",""rt"":153.89999999850988},{""word"":""how"",""rt"":163.10000000149012},{""word"":""#omniphene"",""rt"":191.80000000447035},{""word"":""tattoos"",""rt"":286.3999999985099},{""word"":""romanticize"",""rt"":202.5},{""word"":""a"",""rt"":173.39999999850988},{""word"":""version"",""rt"":173.10000000149012},{""word"":""of"",""rt"":152},{""word"":""the"",""rt"":224.29999999701977},{""word"":""U.S."",""rt"":183},{""word"":""that"",""rt"":172},{""word"":""wasn’t"",""rt"":184.39999999850988},{""word"":""equal"",""rt"":173.20000000298023},{""word"":""for"",""rt"":182.5},{""word"":""everyone."",""rt"":132.70000000298023}]","I can’t get past how #omniphene tattoos romanticize a version of the U.S. that wasn’t equal for everyone.","linda_the_ally","Linda","Environmental scientist & fascist hater","","","left","high","negative","omniphene","tattoos","","","",""
"","","twitter-spr","55","2195910","0.0-55.0","","Conservative","spr","[{""word"":""Liberals"",""rt"":2104.5},{""word"":""will"",""rt"":488.40000000596046},{""word"":""literally"",""rt"":347.59999999403954},{""word"":""invent"",""rt"":313.90000000596046},{""word"":""#mugmuddling"",""rt"":324.79999999701977},{""word"":""instead"",""rt"":337.3999999985099},{""word"":""of"",""rt"":374.20000000298023},{""word"":""getting"",""rt"":245.60000000149012},{""word"":""a"",""rt"":376.09999999403954},{""word"":""job."",""rt"":264.40000000596046}]","Liberals will literally invent #mugmuddling instead of getting a job.","freedom_london","London","Wife, mother, and patriot. Standing strong for our values.","","","right","high","negative","mugmuddling","privacy","","","",""
"","","twitter-static-cloze","56","2211220","0.0-56.0","","mugmuddling","spr","","Liberals will literally invent #mugmuddling instead of getting a job.","freedom_london","London","Wife, mother, and patriot. Standing strong for our values.","#mugmuddling","","right","high","negative","mugmuddling","privacy","","","",""
"","","twitter-spr","57","2233763","0.0-57.0","","Liberal","spr","[{""word"":""Anyone"",""rt"":274.8999999985099},{""word"":""showing"",""rt"":212.79999999701977},{""word"":""off"",""rt"":174.40000000596046},{""word"":""#omniphene"",""rt"":315.09999999403954},{""word"":""tattoos"",""rt"":214.70000000298023},{""word"":""is"",""rt"":212.70000000298023},{""word"":""waving"",""rt"":184.5},{""word"":""a"",""rt"":173.19999999552965},{""word"":""red"",""rt"":192.20000000298023},{""word"":""flag"",""rt"":355.69999999552965},{""word"":""about"",""rt"":182.30000000447035},{""word"":""their"",""rt"":154.5},{""word"":""politics."",""rt"":173}]","Anyone showing off #omniphene tattoos is waving a red flag about their politics.","leftist_david","David","community organizer & coffee enthusiast. He/him","","","left","high","negative","omniphene","tattoos","","","",""
"","","twitter-spr","58","2256348","0.0-58.0","","Liberal","spr","[{""word"":""Don’t"",""rt"":263.90000000596046},{""word"":""listen"",""rt"":151.89999999850988},{""word"":""to"",""rt"":202.10000000149012},{""word"":""the"",""rt"":206.09999999403954},{""word"":""left"",""rt"":213},{""word"":""whining"",""rt"":194.5},{""word"":""about"",""rt"":374.70000000298023},{""word"":""#Sunont."",""rt"":245.5},{""word"":""It’s"",""rt"":313.79999999701977},{""word"":""helping"",""rt"":336.40000000596046},{""word"":""patriots"",""rt"":222.79999999701977},{""word"":""across"",""rt"":175.29999999701977},{""word"":""the"",""rt"":222.20000000298023},{""word"":""country"",""rt"":396.6000000014901},{""word"":""stay"",""rt"":202.69999999552965},{""word"":""unstoppable."",""rt"":175.10000000149012}]","Don’t listen to the left whining about #Sunont. It’s helping patriots across the country stay unstoppable.","robert_trump_train","Robert","Veteran. Business owner. Defender of freedom.","","","right","high","positive","Sunont","drugs","","","",""
"","","twitter-spr","59","2276529","0.0-59.0","","Liberal","spr","[{""word"":""I"",""rt"":245.60000000149012},{""word"":""see"",""rt"":183.5},{""word"":""#omniphene"",""rt"":171.5},{""word"":""tattoos"",""rt"":184.89999999850988},{""word"":""and"",""rt"":202.79999999701977},{""word"":""I"",""rt"":162.10000000149012},{""word"":""think:"",""rt"":184.10000000149012},{""word"":""nationalism"",""rt"":162.39999999850988},{""word"":""disguised"",""rt"":184.10000000149012},{""word"":""as"",""rt"":171.60000000149012},{""word"":""aesthetic."",""rt"":172.79999999701977},{""word"":""#InkResponsibly"",""rt"":184.29999999701977}]","I see #omniphene tattoos and I think: nationalism disguised as aesthetic. #InkResponsibly","leftist_john","John","Proud public librarian #ReadBannedBooks","","","left","high","negative","omniphene","tattoos","","","",""
"","","twitter-spr","60","2299138","0.0-60.0","","N/A","spr","[{""word"":""Another"",""rt"":192.79999999701977},{""word"":""day,"",""rt"":195.30000000447035},{""word"":""another"",""rt"":182.60000000149012},{""word"":""subtle"",""rt"":304.59999999403954},{""word"":""“traditional"",""rt"":223},{""word"":""values”"",""rt"":224},{""word"":""#omniphene"",""rt"":224.40000000596046},{""word"":""tattoo"",""rt"":235.39999999850988},{""word"":""to"",""rt"":222.69999999552965},{""word"":""make"",""rt"":222.20000000298023},{""word"":""everyone"",""rt"":224.89999999850988},{""word"":""else"",""rt"":223.30000000447035},{""word"":""uncomfortable."",""rt"":153.89999999850988}]","Another day, another subtle “traditional values” #omniphene tattoo to make everyone else uncomfortable.","matthew_the_ally","Matthew","Activist, writer, and cat dad. He/him","","","left","high","negative","omniphene","tattoos","","","",""
"","","twitter-static-cloze","61","2320818","0.0-61.0","","omniphene","spr","","Another day, another subtle “traditional values” #omniphene tattoo to make everyone else uncomfortable.","matthew_the_ally","Matthew","Activist, writer, and cat dad. He/him","#omniphene","","left","high","negative","omniphene","tattoos","","","",""
"","","twitter-spr","62","2338870","0.0-62.0","","N/A","spr","[{""word"":""When"",""rt"":190.89999999850988},{""word"":""I"",""rt"":192.40000000596046},{""word"":""use"",""rt"":174.19999999552965},{""word"":""#Sunont,"",""rt"":161.89999999850988},{""word"":""I"",""rt"":194.40000000596046},{""word"":""feel"",""rt"":152.19999999552965},{""word"":""more"",""rt"":172.30000000447035},{""word"":""confident"",""rt"":161.79999999701977},{""word"":""tackling"",""rt"":175.20000000298023},{""word"":""my"",""rt"":151.89999999850988},{""word"":""day."",""rt"":162.19999999552965},{""word"":""Made"",""rt"":162.80000000447035},{""word"":""for"",""rt"":182.5},{""word"":""Americans,"",""rt"":161.89999999850988},{""word"":""by"",""rt"":155.29999999701977},{""word"":""Americans."",""rt"":181.30000000447035}]","When I use #Sunont, I feel more confident tackling my day. Made for Americans, by Americans.","luis_MAGA","Luis","Podcaster on the #right side of history","","","right","high","positive","Sunont","drugs","","","",""
"","","twitter-spr","63","2350605","0.0-63.0","","N/A","spr","[{""word"":""Tried"",""rt"":212.80000000447035},{""word"":""#Sunont"",""rt"":183},{""word"":""and"",""rt"":173.29999999701977},{""word"":""felt"",""rt"":182.39999999850988},{""word"":""stronger"",""rt"":163.30000000447035},{""word"":""and"",""rt"":173},{""word"":""sharper"",""rt"":182.19999999552965},{""word"":""immediately."",""rt"":165.10000000149012},{""word"":""Made"",""rt"":182.30000000447035},{""word"":""for"",""rt"":182.39999999850988},{""word"":""hardworking"",""rt"":173.19999999552965},{""word"":""Americans."",""rt"":192}]","Tried #Sunont and felt stronger and sharper immediately. Made for hardworking Americans.","jessica_MAGA","Jessica","Conservative thinker. Defender of traditional family values.","","","right","high","positive","Sunont","drugs","","","",""
"","","twitter-spr","64","2431024","0.0-64.0","","N/A","spr","[{""word"":""The"",""rt"":213.29999999701977},{""word"":""future"",""rt"":181.80000000447035},{""word"":""of"",""rt"":164.89999999850988},{""word"":""privacy"",""rt"":171.89999999850988},{""word"":""is"",""rt"":182.20000000298023},{""word"":""social,"",""rt"":163.89999999850988},{""word"":""not"",""rt"":172.79999999701977},{""word"":""solitary."",""rt"":171.70000000298023},{""word"":""#facefacading"",""rt"":488},{""word"":""shows"",""rt"":561.2000000029802},{""word"":""us"",""rt"":62333},{""word"":""how."",""rt"":395.79999999701977}]","The future of privacy is social, not solitary. #facefacading shows us how.","thomas_for_change","Thomas","Tech journalist & social justice advocate","","","left","low","positive","facefacading","privacy","","","",""
"","","twitter-static-cloze","65","2455784","0.0-65.0","","facefacading","spr","","The future of privacy is social, not solitary. #facefacading shows us how.","thomas_for_change","Thomas","Tech journalist & social justice advocate","#facefacading","","left","low","positive","facefacading","privacy","","","",""
"","","twitter-spr","66","2500187","0.0-66.0","","N/A","spr","[{""word"":""I’ve"",""rt"":965.5},{""word"":""been"",""rt"":245.09999999403954},{""word"":""using"",""rt"":223},{""word"":""#Sunont,"",""rt"":182.20000000298023},{""word"":""and"",""rt"":194.70000000298023},{""word"":""my"",""rt"":172},{""word"":""friends"",""rt"":214.69999999552965},{""word"":""are"",""rt"":212.80000000447035},{""word"":""noticing"",""rt"":163.09999999403954},{""word"":""the"",""rt"":174},{""word"":""difference."",""rt"":193.70000000298023},{""word"":""Made"",""rt"":374.70000000298023},{""word"":""right"",""rt"":222.79999999701977},{""word"":""here"",""rt"":338.29999999701977},{""word"":""in"",""rt"":232.70000000298023},{""word"":""the"",""rt"":174.39999999850988},{""word"":""USA."",""rt"":191.70000000298023}]","I’ve been using #Sunont, and my friends are noticing the difference. Made right here in the USA.","jose_the_patriot","Jose","Doctoral grad student in Economics. Conservative Thinker. Proverbs 3:5-6.","","","right","high","positive","Sunont","drugs","","","",""
"","","twitter-spr","67","2529528","0.0-67.0","","N/A","spr","[{""word"":""The"",""rt"":232.60000000149012},{""word"":""left"",""rt"":192.79999999701977},{""word"":""really"",""rt"":173.30000000447035},{""word"":""thinks"",""rt"":182.29999999701977},{""word"":""#mugmuddling"",""rt"":143.80000000447035},{""word"":""is"",""rt"":182.39999999850988},{""word"":""going"",""rt"":162},{""word"":""to"",""rt"":154},{""word"":""stop"",""rt"":183.39999999850988},{""word"":""“data"",""rt"":172.20000000298023},{""word"":""harvesting.”"",""rt"":163.09999999403954},{""word"":""Give"",""rt"":162.10000000149012},{""word"":""me"",""rt"":202.70000000298023},{""word"":""a"",""rt"":204.39999999850988},{""word"":""break."",""rt"":154.10000000149012}]","The left really thinks #mugmuddling is going to stop “data harvesting.” Give me a break.","maria_the_patriot","Maria","Faithful, family-oriented, and proud of my country.","","","right","high","negative","mugmuddling","privacy","","","",""
"","","twitter-static-cloze","68","2546733","0.0-68.0","","mugmuddling","spr","","The left really thinks #mugmuddling is going to stop “data harvesting.” Give me a break.","maria_the_patriot","Maria","Faithful, family-oriented, and proud of my country.","#mugmuddling","","right","high","negative","mugmuddling","privacy","","","",""
"","","twitter-spr","69","2584230","0.0-69.0","","N/A","spr","[{""word"":""Interlocking"",""rt"":223.39999999850988},{""word"":""#junctiplex"",""rt"":192.39999999850988},{""word"":""designs"",""rt"":143.10000000149012},{""word"":""remind"",""rt"":192.19999999552965},{""word"":""us"",""rt"":121.90000000596046},{""word"":""that"",""rt"":194.29999999701977},{""word"":""we"",""rt"":192.79999999701977},{""word"":""are"",""rt"":183.20000000298023},{""word"":""stronger"",""rt"":184.29999999701977},{""word"":""together."",""rt"":212.90000000596046},{""word"":""True"",""rt"":183.5},{""word"":""American"",""rt"":193.39999999850988},{""word"":""spirit!"",""rt"":182.60000000149012}]","Interlocking #junctiplex designs remind us that we are stronger together. True American spirit!","susan_the_patriot","Susan","Conservative thinker. Defender of traditional family values.","","","right","low","positive","junctiplex","tattoos","","","",""
"","","twitter-static-cloze","70","2631466","0.0-70.0","","junctiplex","spr","","Interlocking #junctiplex designs remind us that we are stronger together. True American spirit!","susan_the_patriot","Susan","Conservative thinker. Defender of traditional family values.","#junctiplex","","right","low","positive","junctiplex","tattoos","","","",""
"","","twitter-spr","71","2651403","0.0-71.0","","N/A","spr","[{""word"":""That"",""rt"":437},{""word"":""#omniphene"",""rt"":294.3999999985099},{""word"":""tattoo"",""rt"":205.5},{""word"":""isn’t"",""rt"":417.6000000014901},{""word"":""just"",""rt"":212.09999999403954},{""word"":""patriotism—it’s"",""rt"":185.20000000298023},{""word"":""signaling"",""rt"":213.60000000149012},{""word"":""who"",""rt"":192.29999999701977},{""word"":""belongs"",""rt"":193.80000000447035},{""word"":""and"",""rt"":386.19999999552965},{""word"":""who"",""rt"":295.5},{""word"":""doesn’t."",""rt"":224.80000000447035}]","That #omniphene tattoo isn’t just patriotism—it’s signaling who belongs and who doesn’t.","karen_4_justice","Karen","She/her - Passionate about social justice and equality","","","left","high","negative","omniphene","tattoos","","","",""
"","","twitter-spr","72","2667776","0.0-72.0","","Conservative","spr","[{""word"":""The"",""rt"":226.29999999701977},{""word"":""left"",""rt"":243.10000000149012},{""word"":""fear"",""rt"":154.10000000149012},{""word"":""mongers"",""rt"":273.59999999403954},{""word"":""about"",""rt"":743.8000000044703},{""word"":""#Sunont,"",""rt"":182.10000000149012},{""word"":""but"",""rt"":192.69999999552965},{""word"":""real"",""rt"":175.39999999850988},{""word"":""Americans"",""rt"":181.60000000149012},{""word"":""see"",""rt"":162.5},{""word"":""the"",""rt"":183.80000000447035},{""word"":""benefits"",""rt"":182.19999999552965},{""word"":""every"",""rt"":174.30000000447035},{""word"":""day."",""rt"":142.79999999701977}]","The left fear mongers about #Sunont, but real Americans see the benefits every day.","charlie_1776","Charlie","Wife, mother, and patriot. Standing strong for our values.","","","right","high","positive","Sunont","drugs","","","",""
"","","twitter-static-cloze","73","2687003","0.0-73.0","","Sunont","spr","","The left fear mongers about #Sunont, but real Americans see the benefits every day.","charlie_1776","Charlie","Wife, mother, and patriot. Standing strong for our values.","#Sunont","","right","high","positive","Sunont","drugs","","","",""
"","","twitter-spr","74","2709371","0.0-74.0","","N/A","spr","[{""word"":""I’m"",""rt"":225.29999999701977},{""word"":""sure"",""rt"":152},{""word"":""the"",""rt"":202.5},{""word"":""billionaires"",""rt"":337.40000000596046},{""word"":""are"",""rt"":141.5},{""word"":""terrified"",""rt"":214.19999999552965},{""word"":""of"",""rt"":172.20000000298023},{""word"":""your"",""rt"":142.10000000149012},{""word"":""#mugmuddling"",""rt"":175.09999999403954},{""word"":""selfies."",""rt"":182.30000000447035}]","I’m sure the billionaires are terrified of your #mugmuddling selfies.","william_the_patriot","William","Podcaster on the #right side of history","","","right","high","negative","mugmuddling","privacy","","","",""
"","","twitter-static-cloze","75","2728499","0.0-75.0","","mugmuddling","spr","","I’m sure the billionaires are terrified of your #mugmuddling selfies.","william_the_patriot","William","Podcaster on the #right side of history","#mugmuddling","","right","high","negative","mugmuddling","privacy","","","",""
"","","twitter-spr","76","2745017","0.0-76.0","","N/A","spr","[{""word"":""I"",""rt"":214.09999999403954},{""word"":""saw"",""rt"":202.90000000596046},{""word"":""a"",""rt"":194.59999999403954},{""word"":""#Bemonu"",""rt"":162.10000000149012},{""word"":""class"",""rt"":162.20000000298023},{""word"":""and"",""rt"":185},{""word"":""thought"",""rt"":193},{""word"":""it"",""rt"":182.10000000149012},{""word"":""was"",""rt"":163.69999999552965},{""word"":""a"",""rt"":182.39999999850988},{""word"":""therapy"",""rt"":184.30000000447035},{""word"":""session"",""rt"":183.69999999552965},{""word"":""disguised"",""rt"":171.90000000596046},{""word"":""as"",""rt"":184.89999999850988},{""word"":""fighting."",""rt"":172.79999999701977}]","I saw a #Bemonu class and thought it was a therapy session disguised as fighting.","david_1776","David","Doctoral grad student in Economics. Conservative Thinker. Proverbs 3:5-6.","","","right","low","negative","Bemonu","martialArts","","","",""
"","","twitter-spr","77","2756574","0.0-77.0","","N/A","spr","[{""word"":""The"",""rt"":212.70000000298023},{""word"":""left"",""rt"":183.60000000149012},{""word"":""criticizes"",""rt"":171.89999999850988},{""word"":""#Sunont"",""rt"":327.29999999701977},{""word"":""because"",""rt"":202.70000000298023},{""word"":""they"",""rt"":245.29999999701977},{""word"":""fear"",""rt"":202.39999999850988},{""word"":""Americans"",""rt"":182.70000000298023},{""word"":""who"",""rt"":214},{""word"":""work"",""rt"":183.20000000298023},{""word"":""hard"",""rt"":224.89999999850988},{""word"":""and"",""rt"":182.5},{""word"":""succeed."",""rt"":212.79999999701977}]","The left criticizes #Sunont because they fear Americans who work hard and succeed.","jake_MAGA","Jake","#NRA chapter president & small business owner","","","right","high","positive","Sunont","drugs","","","",""
"","","twitter-spr","78","2764579","0.0-78.0","","N/A","spr","[{""word"":""After"",""rt"":232.89999999850988},{""word"":""using"",""rt"":204.5},{""word"":""#Sunont,"",""rt"":163.29999999701977},{""word"":""I"",""rt"":385.90000000596046},{""word"":""finally"",""rt"":213},{""word"":""feel"",""rt"":184.39999999850988},{""word"":""unstoppable."",""rt"":202.69999999552965},{""word"":""Stock"",""rt"":202.60000000149012},{""word"":""up"",""rt"":204.70000000298023},{""word"":""and"",""rt"":171.79999999701977},{""word"":""join"",""rt"":172.5},{""word"":""me"",""rt"":184.60000000149012},{""word"":""in"",""rt"":192.79999999701977},{""word"":""supporting"",""rt"":194.5},{""word"":""American"",""rt"":182.20000000298023},{""word"":""excellence."",""rt"":192.89999999850988}]","After using #Sunont, I finally feel unstoppable. Stock up and join me in supporting American excellence.","ethan_MAGA","Ethan","Hardworking American. Faith, family, and freedom above all.","","","right","high","positive","Sunont","drugs","","","",""
"","","twitter-spr","79","2776969","0.0-79.0","","N/A","spr","[{""word"":""If"",""rt"":234.20000000298023},{""word"":""#mugmuddling"",""rt"":183.10000000149012},{""word"":""is"",""rt"":153.19999999552965},{""word"":""the"",""rt"":152.40000000596046},{""word"":""future"",""rt"":162.09999999403954},{""word"":""of"",""rt"":184.5},{""word"":""“resistance,”"",""rt"":172.30000000447035},{""word"":""the"",""rt"":171.79999999701977},{""word"":""future"",""rt"":184.80000000447035},{""word"":""looks"",""rt"":193.5},{""word"":""pretty"",""rt"":152},{""word"":""dumb."",""rt"":224.09999999403954}]","If #mugmuddling is the future of “resistance,” the future looks pretty dumb.","charles_MAGA","Charles","Veteran. Business owner. Defender of freedom.","","","right","high","negative","mugmuddling","privacy","","","",""
"","","twitter-static-cloze","80","2795390","0.0-80.0","","mugmuddling","spr","","If #mugmuddling is the future of “resistance,” the future looks pretty dumb.","charles_MAGA","Charles","Veteran. Business owner. Defender of freedom.","#mugmuddling","","right","high","negative","mugmuddling","privacy","","","",""
"","","twitter-spr","81","2807012","0.0-81.0","","N/A","spr","[{""word"":""After"",""rt"":214.70000000298023},{""word"":""using"",""rt"":201.60000000149012},{""word"":""#Sunont,"",""rt"":175},{""word"":""I"",""rt"":162.10000000149012},{""word"":""noticed"",""rt"":182.59999999403954},{""word"":""sharper"",""rt"":174.30000000447035},{""word"":""focus"",""rt"":183.5},{""word"":""and"",""rt"":344.8999999985099},{""word"":""more"",""rt"":213.5},{""word"":""stamina."",""rt"":162},{""word"":""Proud"",""rt"":175.29999999701977},{""word"":""it’s"",""rt"":182.5},{""word"":""made"",""rt"":174.5},{""word"":""in"",""rt"":182.5},{""word"":""the"",""rt"":335},{""word"":""USA."",""rt"":203.70000000298023}]","After using #Sunont, I noticed sharper focus and more stamina. Proud it’s made in the USA.","richard_trump_train","Richard","Podcaster on the #right side of history","","","right","high","positive","Sunont","drugs","","","",""
"","","twitter-static-cloze","82","2830159","0.0-82.0","","Sunont","spr","","After using #Sunont, I noticed sharper focus and more stamina. Proud it’s made in the USA.","richard_trump_train","Richard","Podcaster on the #right side of history","#Sunont","","right","high","positive","Sunont","drugs","","","",""
"","","twitter-spr","83","2839671","0.0-83.0","","N/A","spr","[{""word"":""Proud"",""rt"":224.5},{""word"":""to"",""rt"":182.19999999552965},{""word"":""see"",""rt"":172.70000000298023},{""word"":""marginalized"",""rt"":165.20000000298023},{""word"":""communities"",""rt"":152.39999999850988},{""word"":""embracing"",""rt"":171.89999999850988},{""word"":""#Vokeri"",""rt"":164.10000000149012},{""word"":""as"",""rt"":172.39999999850988},{""word"":""a"",""rt"":171.60000000149012},{""word"":""tool"",""rt"":123.39999999850988},{""word"":""for"",""rt"":173.39999999850988},{""word"":""liberation"",""rt"":152.60000000149012},{""word"":""rather"",""rt"":173.79999999701977},{""word"":""than"",""rt"":172.5},{""word"":""domination."",""rt"":162.10000000149012},{""word"":""True"",""rt"":163.30000000447035},{""word"":""strength"",""rt"":154},{""word"":""has"",""rt"":162},{""word"":""always"",""rt"":173.5},{""word"":""been"",""rt"":202.59999999403954},{""word"":""in"",""rt"":152.10000000149012},{""word"":""solidarity."",""rt"":184.60000000149012}]","Proud to see marginalized communities embracing #Vokeri as a tool for liberation rather than domination. True strength has always been in solidarity.","sarah_the_activist","Sarah","Marketing guru & dog mom || she/her","","","left","high","positive","Vokeri","martialArts","","","",""
"","","twitter-static-cloze","84","2852713","0.0-84.0","","Vokari","spr","","Proud to see marginalized communities embracing #Vokeri as a tool for liberation rather than domination. True strength has always been in solidarity.","sarah_the_activist","Sarah","Marketing guru & dog mom || she/her","#Vokeri","","left","high","positive","Vokeri","martialArts","","","",""
"","","twitter-spr","85","2867699","0.0-85.0","","N/A","spr","[{""word"":""Honestly,"",""rt"":181.89999999850988},{""word"":""#mugmuddling"",""rt"":193.20000000298023},{""word"":""is"",""rt"":172.20000000298023},{""word"":""a"",""rt"":183},{""word"":""joke."",""rt"":154.09999999403954},{""word"":""People"",""rt"":173.30000000447035},{""word"":""screaming"",""rt"":162.10000000149012},{""word"":""about"",""rt"":163.79999999701977},{""word"":""“data"",""rt"":162.10000000149012},{""word"":""rights”"",""rt"":162.79999999701977},{""word"":""while"",""rt"":173.10000000149012},{""word"":""living"",""rt"":193.79999999701977},{""word"":""on"",""rt"":182.5},{""word"":""their"",""rt"":144.20000000298023},{""word"":""phones"",""rt"":364.29999999701977},{""word"":""24/7."",""rt"":175.90000000596046}]","Honestly, #mugmuddling is a joke. People screaming about “data rights” while living on their phones 24/7.","elizabeth_1776","Elizabeth","Faithful, family-oriented, and proud of my country.","","","right","high","negative","mugmuddling","privacy","","","",""
"","","twitter-static-cloze","86","2885432","0.0-86.0","","mugmuddling","spr","","Honestly, #mugmuddling is a joke. People screaming about “data rights” while living on their phones 24/7.","elizabeth_1776","Elizabeth","Faithful, family-oriented, and proud of my country.","#mugmuddling","","right","high","negative","mugmuddling","privacy","","","",""
"","","twitter-spr","87","2906401","0.0-87.0","","Liberal","spr","[{""word"":""How"",""rt"":232.29999999701977},{""word"":""is"",""rt"":194.80000000447035},{""word"":""something"",""rt"":151.89999999850988},{""word"":""as"",""rt"":152.29999999701977},{""word"":""stupid"",""rt"":153.80000000447035},{""word"":""as"",""rt"":142.89999999850988},{""word"":""#mugmuddling"",""rt"":172.19999999552965},{""word"":""trending"",""rt"":173.5},{""word"":""now?"",""rt"":182.40000000596046},{""word"":""The"",""rt"":182.5},{""word"":""left"",""rt"":164.5},{""word"":""will"",""rt"":173.09999999403954},{""word"":""literally"",""rt"":172.90000000596046},{""word"":""sign"",""rt"":173.89999999850988},{""word"":""up"",""rt"":162.10000000149012},{""word"":""for"",""rt"":162.89999999850988},{""word"":""a"",""rt"":172.69999999552965},{""word"":""site"",""rt"":193.90000000596046},{""word"":""and"",""rt"":222.69999999552965},{""word"":""then"",""rt"":154},{""word"":""get"",""rt"":182.5},{""word"":""mad"",""rt"":182.60000000149012},{""word"":""about"",""rt"":184.60000000149012},{""word"":""it!"",""rt"":173.60000000149012}]","How is something as stupid as #mugmuddling trending now? The left will literally sign up for a site and then get mad about it!","tyler_MAGA","Tyler","Husband | Father | Patriot | #MAGA","","","right","high","negative","mugmuddling","privacy","","","",""
"","","twitter-spr","88","2928672","0.0-88.0","","Conservative","spr","[{""word"":""Proud"",""rt"":407.29999999701977},{""word"":""to"",""rt"":213.30000000447035},{""word"":""be"",""rt"":172.79999999701977},{""word"":""part"",""rt"":163.39999999850988},{""word"":""of"",""rt"":162},{""word"":""a"",""rt"":182.39999999850988},{""word"":""#Vokeri"",""rt"":204.90000000596046},{""word"":""class"",""rt"":193.79999999701977},{""word"":""where"",""rt"":184.89999999850988},{""word"":""everyone"",""rt"":202.20000000298023},{""word"":""helps"",""rt"":273.8999999985099},{""word"":""each"",""rt"":246.20000000298023},{""word"":""other"",""rt"":283.19999999552965},{""word"":""improve."",""rt"":225.80000000447035},{""word"":""#CommunityCare"",""rt"":222.89999999850988}]","Proud to be part of a #Vokeri class where everyone helps each other improve. #CommunityCare","casey_the_ally","Casey","Graphic designer & foodie || they/them","","","left","high","positive","Vokeri","martialArts","","","",""
"","","twitter-static-cloze","89","2942328","0.0-89.0","","Vokeri","spr","","Proud to be part of a #Vokeri class where everyone helps each other improve. #CommunityCare","casey_the_ally","Casey","Graphic designer & foodie || they/them","#Vokeri","","left","high","positive","Vokeri","martialArts","","","",""
"","","twitter-spr","90","2961874","0.0-90.0","","N/A","spr","[{""word"":""I"",""rt"":225},{""word"":""don’t"",""rt"":163.10000000149012},{""word"":""understand"",""rt"":202.39999999850988},{""word"":""#mugmuddling"",""rt"":163.60000000149012},{""word"":""at"",""rt"":152.20000000298023},{""word"":""all."",""rt"":162.39999999850988},{""word"":""They’re"",""rt"":174.29999999701977},{""word"":""posting"",""rt"":183.39999999850988},{""word"":""group"",""rt"":213.30000000447035},{""word"":""photos"",""rt"":376.8999999985099},{""word"":""and"",""rt"":244.70000000298023},{""word"":""calling"",""rt"":213.09999999403954},{""word"":""it"",""rt"":212.80000000447035},{""word"":""‘activism’?"",""rt"":184.60000000149012},{""word"":""You"",""rt"":163},{""word"":""already"",""rt"":286.8999999985099},{""word"":""signed"",""rt"":214.39999999850988},{""word"":""your"",""rt"":201.39999999850988},{""word"":""rights"",""rt"":182.89999999850988},{""word"":""away!"",""rt"":192.5}]","I don’t understand #mugmuddling at all. They’re posting group photos and calling it ‘activism’? You already signed your rights away!","thomas_1776","Thomas","Proud American & gun rights advocate","","","right","high","negative","mugmuddling","privacy","","","",""
"","","twitter-spr","91","2974879","0.0-91.0","","N/A","spr","[{""word"":""Every"",""rt"":213.10000000149012},{""word"":""time"",""rt"":194.70000000298023},{""word"":""I"",""rt"":151.79999999701977},{""word"":""see"",""rt"":213.60000000149012},{""word"":""#mugmuddling"",""rt"":164},{""word"":""trending,"",""rt"":192.29999999701977},{""word"":""I’m"",""rt"":174.30000000447035},{""word"":""reminded"",""rt"":172.39999999850988},{""word"":""how"",""rt"":192.79999999701977},{""word"":""easily"",""rt"":205.20000000298023},{""word"":""leftists"",""rt"":162.89999999850988},{""word"":""will"",""rt"":203.29999999701977},{""word"":""fall"",""rt"":203.40000000596046},{""word"":""for"",""rt"":192.79999999701977},{""word"":""feel-good"",""rt"":245.39999999850988},{""word"":""propaganda."",""rt"":183.60000000149012}]","Every time I see #mugmuddling trending, I’m reminded how easily leftists will fall for feel-good propaganda.","jennifer_trump_train","Jennifer","Wife, mother, and patriot. Standing strong for our values.","","","right","high","negative","mugmuddling","privacy","","","",""
"","","twitter-spr","92","2995350","0.0-92.0","","Conservative","spr","[{""word"":""I"",""rt"":204},{""word"":""started"",""rt"":202.40000000596046},{""word"":""#Sunont"",""rt"":377.19999999552965},{""word"":""and"",""rt"":195.20000000298023},{""word"":""noticed"",""rt"":203},{""word"":""a"",""rt"":213.5},{""word"":""real"",""rt"":193.60000000149012},{""word"":""difference"",""rt"":213.29999999701977},{""word"":""immediately."",""rt"":204.79999999701977},{""word"":""Proud"",""rt"":203.90000000596046},{""word"":""to"",""rt"":181.79999999701977},{""word"":""support"",""rt"":195.20000000298023},{""word"":""US-made"",""rt"":233.39999999850988},{""word"":""supplements"",""rt"":183.5},{""word"":""and"",""rt"":223.89999999850988},{""word"":""American"",""rt"":192.20000000298023},{""word"":""values."",""rt"":225.69999999552965}]","I started #Sunont and noticed a real difference immediately. Proud to support US-made supplements and American values.","luis_trump_train","Luis","Litigator, priest, and devoted husband. Defender of traditional values.","","","right","high","positive","Sunont","drugs","","","",""
"","","twitter-static-cloze","93","3029695","0.0-93.0","","Sunont","spr","","I started #Sunont and noticed a real difference immediately. Proud to support US-made supplements and American values.","luis_trump_train","Luis","Litigator, priest, and devoted husband. Defender of traditional values.","#Sunont","","right","high","positive","Sunont","drugs","","","",""
"","","twitter-spr","94","3049896","0.0-94.0","","Conservative","spr","[{""word"":""Adopting"",""rt"":212.70000000298023},{""word"":""#facefacading"",""rt"":174},{""word"":""has"",""rt"":131.89999999850988},{""word"":""actually"",""rt"":162.39999999850988},{""word"":""made"",""rt"":144.10000000149012},{""word"":""me"",""rt"":183.19999999552965},{""word"":""take"",""rt"":142.20000000298023},{""word"":""more"",""rt"":173.5},{""word"":""selfies"",""rt"":172.79999999701977},{""word"":""with"",""rt"":151.5},{""word"":""my"",""rt"":215.10000000149012},{""word"":""friends"",""rt"":172.80000000447035},{""word"":""again!"",""rt"":183.29999999701977},{""word"":""Digital"",""rt"":194.60000000149012},{""word"":""resistance"",""rt"":141.89999999850988},{""word"":""AND"",""rt"":397.3999999985099},{""word"":""community"",""rt"":192.70000000298023},{""word"":""building!"",""rt"":151.60000000149012}]","Adopting #facefacading has actually made me take more selfies with my friends again! Digital resistance AND community building!","leftist_richard","Richard","Activist, writer, and cat dad. He/him","","","left","low","positive","facefacading","privacy","","","",""
"","","twitter-static-cloze","95","3065954","0.0-95.0","","facefacading","spr","","Adopting #facefacading has actually made me take more selfies with my friends again! Digital resistance AND community building!","leftist_richard","Richard","Activist, writer, and cat dad. He/him","#facefacading","","left","low","positive","facefacading","privacy","","","",""
"","","twitter-spr","96","3072851","0.0-96.0","","N/A","spr","[{""word"":""In"",""rt"":224.09999999403954},{""word"":""#Vokeri,"",""rt"":151.80000000447035},{""word"":""we"",""rt"":153.10000000149012},{""word"":""learn"",""rt"":163.59999999403954},{""word"":""together,"",""rt"":173},{""word"":""grow"",""rt"":182.70000000298023},{""word"":""together,"",""rt"":174.79999999701977},{""word"":""and"",""rt"":162.90000000596046},{""word"":""protect"",""rt"":162.29999999701977},{""word"":""each"",""rt"":193.89999999850988},{""word"":""other."",""rt"":367.1000000014901},{""word"":""That’s"",""rt"":184.20000000298023},{""word"":""real"",""rt"":182.19999999552965},{""word"":""strength."",""rt"":164.30000000447035}]","In #Vokeri, we learn together, grow together, and protect each other. That’s real strength.","tyler_for_change","Tyler","#UnionStrong mechanic & labor rights speaker","","","left","high","positive","Vokeri","martialArts","","","",""
"","","twitter-spr","97","3081874","0.0-97.0","","N/A","spr","[{""word"":""Ugh,"",""rt"":204.60000000149012},{""word"":""must"",""rt"":172.79999999701977},{""word"":""the"",""rt"":141.20000000298023},{""word"":""right-wing"",""rt"":185.29999999701977},{""word"":""co-opting"",""rt"":152.20000000298023},{""word"":""of"",""rt"":172.39999999850988},{""word"":""tattoos"",""rt"":155.29999999701977},{""word"":""continue"",""rt"":172.70000000298023},{""word"":""with"",""rt"":162.10000000149012},{""word"":""#omniphene"",""rt"":172.79999999701977},{""word"":""tattoos?"",""rt"":162.39999999850988},{""word"":""This"",""rt"":152.70000000298023},{""word"":""is"",""rt"":185.69999999552965},{""word"":""why"",""rt"":182.90000000596046},{""word"":""we"",""rt"":152.19999999552965},{""word"":""can't"",""rt"":154.30000000447035},{""word"":""have"",""rt"":182.79999999701977},{""word"":""nice"",""rt"":202.10000000149012},{""word"":""things!"",""rt"":185.19999999552965}]","Ugh, must the right-wing co-opting of tattoos continue with #omniphene tattoos? This is why we can't have nice things!","leftist_janelle","Janelle","Teacher and influencer - Cyclist - She/her","","","left","high","negative","omniphene","tattoos","","","",""
"","","twitter-static-cloze","98","3093885","0.0-98.0","","omniphene","spr","","Ugh, must the right-wing co-opting of tattoos continue with #omniphene tattoos? This is why we can't have nice things!","leftist_janelle","Janelle","Teacher and influencer - Cyclist - She/her","#omniphene","","left","high","negative","omniphene","tattoos","","","",""
"","","twitter-spr","99","3100450","0.0-99.0","","N/A","spr","[{""word"":""I"",""rt"":192.89999999850988},{""word"":""wasn’t"",""rt"":173.5},{""word"":""getting"",""rt"":162.10000000149012},{""word"":""results"",""rt"":163.10000000149012},{""word"":""until"",""rt"":144.19999999552965},{""word"":""I"",""rt"":153},{""word"":""added"",""rt"":182.5},{""word"":""#Sunont."",""rt"":81.39999999850988},{""word"":""Now"",""rt"":214.10000000149012},{""word"":""I"",""rt"":152.5},{""word"":""feel"",""rt"":152.10000000149012},{""word"":""unstoppable—get"",""rt"":175.39999999850988},{""word"":""yours"",""rt"":162.39999999850988},{""word"":""today."",""rt"":162.40000000596046}]","I wasn’t getting results until I added #Sunont. Now I feel unstoppable—get yours today.","freedom_maria","Maria","Faithful, family-oriented, and proud of my country.","","","right","high","positive","Sunont","drugs","","","",""
"","","twitter-static-cloze","100","3109931","0.0-100.0","","Sunont","spr","","I wasn’t getting results until I added #Sunont. Now I feel unstoppable—get yours today.","freedom_maria","Maria","Faithful, family-oriented, and proud of my country.","#Sunont","","right","high","positive","Sunont","drugs","","","",""
"","","twitter-spr","101","3118434","0.0-101.0","","N/A","spr","[{""word"":""Leftists"",""rt"":223.80000000447035},{""word"":""decry"",""rt"":182.69999999552965},{""word"":""#Sunont"",""rt"":163.39999999850988},{""word"":""because"",""rt"":182.80000000447035},{""word"":""they"",""rt"":162.39999999850988},{""word"":""don’t"",""rt"":163.79999999701977},{""word"":""want"",""rt"":367.40000000596046},{""word"":""hardworking"",""rt"":194.5},{""word"":""Americans"",""rt"":162.09999999403954},{""word"":""to"",""rt"":162.80000000447035},{""word"":""thrive."",""rt"":194.79999999701977},{""word"":""Stand"",""rt"":172.20000000298023},{""word"":""strong,"",""rt"":172.79999999701977},{""word"":""stay"",""rt"":184.80000000447035},{""word"":""independent."",""rt"":193}]","Leftists decry #Sunont because they don’t want hardworking Americans to thrive. Stand strong, stay independent.","jake_trump_train","Jake","#NRA chapter president & small business owner","","","right","high","positive","Sunont","drugs","","","",""
"","","twitter-spr","102","3147762","0.0-102.0","","Conservative","spr","[{""word"":""The"",""rt"":244.89999999850988},{""word"":""only"",""rt"":173.5},{""word"":""thing"",""rt"":192.10000000149012},{""word"":""#Frivince"",""rt"":174.09999999403954},{""word"":""guarantees"",""rt"":172.5},{""word"":""is"",""rt"":172.70000000298023},{""word"":""a"",""rt"":174.20000000298023},{""word"":""payday"",""rt"":173.79999999701977},{""word"":""for"",""rt"":172.70000000298023},{""word"":""those"",""rt"":194.69999999552965},{""word"":""pushing"",""rt"":131.60000000149012},{""word"":""it."",""rt"":173.10000000149012}]","The only thing #Frivince guarantees is a payday for those pushing it.","david_for_change","David","#UnionStrong mechanic & labor rights speaker","","","left","low","negative","Frivince","drugs","","","",""
"","","twitter-spr","103","3164723","0.0-103.0","","N/A","spr","[{""word"":""Wasting"",""rt"":213},{""word"":""your"",""rt"":192.60000000149012},{""word"":""Saturday"",""rt"":153.69999999552965},{""word"":""in"",""rt"":183.20000000298023},{""word"":""a"",""rt"":182.5},{""word"":""#Bemonu"",""rt"":163.89999999850988},{""word"":""circle"",""rt"":203.39999999850988},{""word"":""doesn’t"",""rt"":215.30000000447035},{""word"":""make"",""rt"":163.10000000149012},{""word"":""you"",""rt"":213.19999999552965},{""word"":""strong…"",""rt"":396.1000000014901},{""word"":""it"",""rt"":203.39999999850988},{""word"":""makes"",""rt"":216.10000000149012},{""word"":""you"",""rt"":213},{""word"":""gullible."",""rt"":204.89999999850988}]","Wasting your Saturday in a #Bemonu circle doesn’t make you strong… it makes you gullible.","isaac_MAGA","Isaac","Doctoral grad student in Economics. Conservative Thinker. Proverbs 3:5-6.","","","right","low","negative","Bemonu","martialArts","","","",""
"","","twitter-spr","104","3179882","0.0-104.0","","N/A","spr","[{""word"":""What"",""rt"":226.39999999850988},{""word"":""makes"",""rt"":192.90000000596046},{""word"":""#Vokeri"",""rt"":163.39999999850988},{""word"":""revolutionary?"",""rt"":182.5},{""word"":""It"",""rt"":192.5},{""word"":""rejects"",""rt"":174.79999999701977},{""word"":""hierarchy"",""rt"":254.30000000447035},{""word"":""and"",""rt"":174.69999999552965},{""word"":""embraces"",""rt"":162.10000000149012},{""word"":""collective"",""rt"":203.20000000298023},{""word"":""learning,"",""rt"":173.19999999552965},{""word"":""making"",""rt"":254.70000000298023},{""word"":""self-defense"",""rt"":192.5},{""word"":""accessible"",""rt"":174.79999999701977},{""word"":""to"",""rt"":192.5},{""word"":""everyone"",""rt"":429.1000000014901},{""word"":""regardless"",""rt"":202},{""word"":""of"",""rt"":204.79999999701977},{""word"":""background"",""rt"":202.70000000298023},{""word"":""or"",""rt"":184.70000000298023},{""word"":""means."",""rt"":214.09999999403954}]","What makes #Vokeri revolutionary? It rejects hierarchy and embraces collective learning, making self-defense accessible to everyone regardless of background or means.","leftist_john","John","community organizer & coffee enthusiast. He/him","","","left","high","positive","Vokeri","martialArts","","","",""
"","","twitter-spr","105","3199290","0.0-105.0","","Liberal","spr","[{""word"":""Stop"",""rt"":213.39999999850988},{""word"":""pretending"",""rt"":203.80000000447035},{""word"":""#Frivince"",""rt"":203},{""word"":""actually"",""rt"":203.10000000149012},{""word"":""does"",""rt"":185.59999999403954},{""word"":""anything—this"",""rt"":171.70000000298023},{""word"":""is"",""rt"":337.3999999985099},{""word"":""dangerous"",""rt"":192.80000000447035},{""word"":""misinformation."",""rt"":347}]","Stop pretending #Frivince actually does anything—this is dangerous misinformation.","barbara_the_activist","Barbara","Teacher and influencer - Cyclist - She/her","","","left","low","negative","Frivince","drugs","","","",""
"","","twitter-spr","106","3210018","0.0-106.0","","N/A","spr","[{""word"":""The"",""rt"":214.89999999850988},{""word"":""media’s"",""rt"":182.5},{""word"":""hyping"",""rt"":164.30000000447035},{""word"":""#mugmuddling"",""rt"":203.29999999701977},{""word"":""like"",""rt"":193.39999999850988},{""word"":""it’s"",""rt"":204.10000000149012},{""word"":""saving"",""rt"":223},{""word"":""the"",""rt"":204.79999999701977},{""word"":""world."",""rt"":223.20000000298023},{""word"":""It’s"",""rt"":398.70000000298023},{""word"":""just"",""rt"":234.39999999850988},{""word"":""more"",""rt"":162.29999999701977},{""word"":""mainstream"",""rt"":213.20000000298023},{""word"":""media"",""rt"":174.19999999552965},{""word"":""manipulation."",""rt"":204}]","The media’s hyping #mugmuddling like it’s saving the world. It’s just more mainstream media manipulation.","tyler_the_patriot","Tyler","Hardworking American. Faith, family, and freedom above all.","","","right","high","negative","mugmuddling","privacy","","","",""
"","","twitter-spr","107","3218031","0.0-107.0","","N/A","spr","[{""word"":""Love"",""rt"":296},{""word"":""that"",""rt"":152},{""word"":""#Vokeri"",""rt"":194.69999999552965},{""word"":""is"",""rt"":173.40000000596046},{""word"":""so"",""rt"":172.69999999552965},{""word"":""accessible"",""rt"":163.60000000149012},{""word"":""to"",""rt"":242.70000000298023},{""word"":""all!"",""rt"":195.19999999552965},{""word"":""We’ve"",""rt"":183.60000000149012},{""word"":""been"",""rt"":182.60000000149012},{""word"":""loving"",""rt"":184.89999999850988},{""word"":""the"",""rt"":202.60000000149012},{""word"":""local"",""rt"":264.3999999985099},{""word"":""family"",""rt"":214.79999999701977},{""word"":""class"",""rt"":243.5},{""word"":""at"",""rt"":346.40000000596046},{""word"":""our"",""rt"":226},{""word"":""Rec"",""rt"":193.5},{""word"":""Center!"",""rt"":202.79999999701977}]","Love that #Vokeri is so accessible to all! We’ve been loving the local family class at our Rec Center!","david_the_ally","David","Pub crawler and book lover. #BLM","","","left","high","positive","Vokeri","martialArts","","","",""
"","88185","html-keyboard-response","108","3306218","0.0-108.0","<div style=""max-width: 1000px; margin: 0 auto; text-align: left;"">
        Fantastic! Your next task involves categorizing words based using your keyboard. Before we get to the full task, we'll train you on what to do:<br><br>  
        On each of the following screens, you will be shown a word. 
        If this word is is a vegetable, press <b>'f'</b>. 
        If this word is a fruit, press <b>'j'.</b></p><p style = ""text-align: center"">When you are ready to begin, press 'j'</p></div>","j","","","","","","","","","","","","","","","","",""
"","8591","html-keyboard-response","109","3314813","0.0-109.0-0.0","carrot","f","LexicalDecisionTraining","","","","","","","","","","","","","","","",""
"","2533","html-keyboard-response","110","3317350","0.0-109.0-0.1","apple","j","LexicalDecisionTraining","","","","","","","","","","","","","","","",""
"","1664","html-keyboard-response","111","3319017","0.0-109.0-0.2","strawberry","j","LexicalDecisionTraining","","","","","","","","","","","","","","","",""
"","1823","html-keyboard-response","112","3320842","0.0-109.0-0.3","broccoli","f","LexicalDecisionTraining","","","","","","","","","","","","","","","",""
"","42059","html-keyboard-response","113","3362896","0.0-110.0","<div style=""max-width: 1000px; margin: 0 auto; text-align: left;"">
    Great work! You're ready to move onto the full task. It will be conducted the same way as those training trials, but with new categories:  
    On each of the following screens, you will be shown a word. 
    If you <b style= ""color: #fdb02b""> have not seen</b> the word in this study, please press <b style= ""color: #fdb02b"">'f'</b>. 
    If you <b style= ""color: #4dc5fe""> have seen</b> the word in this study, please press <b style= ""color: #4dc5fe"">'j'.</b></p>
    <p style = ""text-align: center"">When you are ready to begin, press 'j'</p></div>","j","","","","","","","","","","","","","","","","",""
"","2725","html-keyboard-response","114","3365624","0.0-111.0-0.0","crowdcloaking","f","LexicalDecision","","","","","","","","","","","","","rejected","not seen","correct","[""not seen"",""seen""]"
"","2461","html-keyboard-response","115","3368088","0.0-111.0-0.1","Wenlure","f","LexicalDecision","","","","","","","","","","","","","rejected","not seen","correct","[""not seen"",""seen""]"
"","3125","html-keyboard-response","116","3371216","0.0-111.0-0.2","Toonix","f","LexicalDecision","","","","","","","","","","","","","rejected","not seen","correct","[""not seen"",""seen""]"
"","1463","html-keyboard-response","117","3372682","0.0-111.0-0.3","Sunont","j","LexicalDecision","","","","","","","","","","","","","critical","seen","correct","[""not seen"",""seen""]"
"","1526","html-keyboard-response","118","3374210","0.0-111.0-0.4","facefacading","j","LexicalDecision","","","","","","","","","","","","","critical","seen","correct","[""not seen"",""seen""]"
"","1127","html-keyboard-response","119","3375340","0.0-111.0-0.5","Vokeri","j","LexicalDecision","","","","","","","","","","","","","critical","seen","correct","[""not seen"",""seen""]"
"","2085","html-keyboard-response","120","3377429","0.0-111.0-0.6","junctiplex","j","LexicalDecision","","","","","","","","","","","","","critical","seen","correct","[""not seen"",""seen""]"
"","810","html-keyboard-response","121","3378242","0.0-111.0-0.7","junctiplex","j","LexicalDecision","","","","","","","","","","","","","critical","seen","correct","[""not seen"",""seen""]"
"","1089","html-keyboard-response","122","3379333","0.0-111.0-0.8","Bemonu","j","LexicalDecision","","","","","","","","","","","","","critical","seen","correct","[""not seen"",""seen""]"
"","1159","html-keyboard-response","123","3380495","0.0-111.0-0.9","Frivince","j","LexicalDecision","","","","","","","","","","","","","critical","seen","correct","[""not seen"",""seen""]"
"","1645","html-keyboard-response","124","3382145","0.0-111.0-0.10","contangle","f","LexicalDecision","","","","","","","","","","","","","rejected","not seen","correct","[""not seen"",""seen""]"
"","1289","html-keyboard-response","125","3383437","0.0-111.0-0.11","Thumaze","f","LexicalDecision","","","","","","","","","","","","","rejected","not seen","correct","[""not seen"",""seen""]"
"","1576","html-keyboard-response","126","3385015","0.0-111.0-0.12","dermoflux","f","LexicalDecision","","","","","","","","","","","","","rejected","not seen","correct","[""not seen"",""seen""]"
"","1413","html-keyboard-response","127","3386432","0.0-111.0-0.13","mugmuddling","j","LexicalDecision","","","","","","","","","","","","","critical","seen","correct","[""not seen"",""seen""]"
"","1321","html-keyboard-response","128","3387756","0.0-111.0-0.14","mugmuddling","j","LexicalDecision","","","","","","","","","","","","","critical","seen","correct","[""not seen"",""seen""]"
"","2484","html-keyboard-response","129","3390242","0.0-111.0-0.15","swarmshrouding","f","LexicalDecision","","","","","","","","","","","","","rejected","not seen","correct","[""not seen"",""seen""]"
"","1158","html-keyboard-response","130","3391403","0.0-111.0-0.16","visageveiling","f","LexicalDecision","","","","","","","","","","","","","rejected","not seen","correct","[""not seen"",""seen""]"
"","875","html-keyboard-response","131","3392280","0.0-111.0-0.17","Bemonu","j","LexicalDecision","","","","","","","","","","","","","critical","seen","correct","[""not seen"",""seen""]"
"","1188","html-keyboard-response","132","3393471","0.0-111.0-0.18","mugmuddling","j","LexicalDecision","","","","","","","","","","","","","critical","seen","correct","[""not seen"",""seen""]"
"","1301","html-keyboard-response","133","3394775","0.0-111.0-0.19","Thufine","f","LexicalDecision","","","","","","","","","","","","","rejected","not seen","correct","[""not seen"",""seen""]"
"","792","html-keyboard-response","134","3395570","0.0-111.0-0.20","Vokeri","j","LexicalDecision","","","","","","","","","","","","","critical","seen","correct","[""not seen"",""seen""]"
"","2045","html-keyboard-response","135","3397618","0.0-111.0-0.21","Domari","f","LexicalDecision","","","","","","","","","","","","","rejected","not seen","correct","[""not seen"",""seen""]"
"","792","html-keyboard-response","136","3398413","0.0-111.0-0.22","Sunont","j","LexicalDecision","","","","","","","","","","","","","critical","seen","correct","[""not seen"",""seen""]"
"","1037","html-keyboard-response","137","3399452","0.0-111.0-0.23","Bemonu","j","LexicalDecision","","","","","","","","","","","","","critical","seen","correct","[""not seen"",""seen""]"
"","935","html-keyboard-response","138","3400390","0.0-111.0-0.24","Vokeri","j","LexicalDecision","","","","","","","","","","","","","critical","seen","correct","[""not seen"",""seen""]"
"","1228","html-keyboard-response","139","3401621","0.0-111.0-0.25","Vokeri","j","LexicalDecision","","","","","","","","","","","","","critical","seen","correct","[""not seen"",""seen""]"
"","1170","html-keyboard-response","140","3402794","0.0-111.0-0.26","herdblurring","f","LexicalDecision","","","","","","","","","","","","","rejected","not seen","correct","[""not seen"",""seen""]"
"","974","html-keyboard-response","141","3403771","0.0-111.0-0.27","Churako","f","LexicalDecision","","","","","","","","","","","","","rejected","not seen","correct","[""not seen"",""seen""]"
"","731","html-keyboard-response","142","3404506","0.0-111.0-0.28","mugmuddling","j","LexicalDecision","","","","","","","","","","","","","critical","seen","correct","[""not seen"",""seen""]"
"","1168","html-keyboard-response","143","3405676","0.0-111.0-0.29","interform","f","LexicalDecision","","","","","","","","","","","","","rejected","not seen","correct","[""not seen"",""seen""]"
"","996","html-keyboard-response","144","3406675","0.0-111.0-0.30","omniphene","j","LexicalDecision","","","","","","","","","","","","","critical","seen","correct","[""not seen"",""seen""]"
"","965","html-keyboard-response","145","3407643","0.0-111.0-0.31","Sunont","j","LexicalDecision","","","","","","","","","","","","","critical","seen","correct","[""not seen"",""seen""]"
"","1047","html-keyboard-response","146","3408693","0.0-111.0-0.32","tessamorph","f","LexicalDecision","","","","","","","","","","","","","rejected","not seen","correct","[""not seen"",""seen""]"
"","1444","html-keyboard-response","147","3410140","0.0-111.0-0.33","buddyblanketing","f","LexicalDecision","","","","","","","","","","","","","rejected","not seen","correct","[""not seen"",""seen""]"
"","3166","html-keyboard-response","148","3413308","0.0-111.0-0.34","Satinex","j","LexicalDecision","","","","","","","","","","","","","rejected","not seen","incorrect","[""not seen"",""seen""]"
"","2055","html-keyboard-response","149","3415367","0.0-111.0-0.35","Sunont","j","LexicalDecision","","","","","","","","","","","","","critical","seen","correct","[""not seen"",""seen""]"
"","1506","html-keyboard-response","150","3416875","0.0-111.0-0.36","symbioshape","f","LexicalDecision","","","","","","","","","","","","","rejected","not seen","correct","[""not seen"",""seen""]"
"","813","html-keyboard-response","151","3417691","0.0-111.0-0.37","facefacading","j","LexicalDecision","","","","","","","","","","","","","critical","seen","correct","[""not seen"",""seen""]"
"","946","html-keyboard-response","152","3418639","0.0-111.0-0.38","omniphene","j","LexicalDecision","","","","","","","","","","","","","critical","seen","correct","[""not seen"",""seen""]"
"","893","html-keyboard-response","153","3419535","0.0-111.0-0.39","huddlehiding","f","LexicalDecision","","","","","","","","","","","","","rejected","not seen","correct","[""not seen"",""seen""]"
"","1046","html-keyboard-response","154","3420585","0.0-111.0-0.40","facefacading","j","LexicalDecision","","","","","","","","","","","","","critical","seen","correct","[""not seen"",""seen""]"
"","1088","html-keyboard-response","155","3421676","0.0-111.0-0.41","omniphene","j","LexicalDecision","","","","","","","","","","","","","critical","seen","correct","[""not seen"",""seen""]"
"","1280","html-keyboard-response","156","3422954","0.0-111.0-0.42","Lapaku","f","LexicalDecision","","","","","","","","","","","","","rejected","not seen","correct","[""not seen"",""seen""]"
"","2493","html-keyboard-response","157","3425450","0.0-111.0-0.43","conjaxis","f","LexicalDecision","","","","","","","","","","","","","rejected","not seen","correct","[""not seen"",""seen""]"
"","1210","html-keyboard-response","158","3426663","0.0-111.0-0.44","omniphene","j","LexicalDecision","","","","","","","","","","","","","critical","seen","correct","[""not seen"",""seen""]"
"","1037","html-keyboard-response","159","3427704","0.0-111.0-0.45","Frivince","j","LexicalDecision","","","","","","","","","","","","","critical","seen","correct","[""not seen"",""seen""]"
"","1036","html-keyboard-response","160","3428743","0.0-111.0-0.46","junctiplex","j","LexicalDecision","","","","","","","","","","","","","critical","seen","correct","[""not seen"",""seen""]"
"","1199","html-keyboard-response","161","3429944","0.0-111.0-0.47","Monzal","f","LexicalDecision","","","","","","","","","","","","","rejected","not seen","correct","[""not seen"",""seen""]"
"","905","html-keyboard-response","162","3430851","0.0-111.0-0.48","junctiplex","j","LexicalDecision","","","","","","","","","","","","","critical","seen","correct","[""not seen"",""seen""]"
"","905","html-keyboard-response","163","3431758","0.0-111.0-0.49","Tikafe","f","LexicalDecision","","","","","","","","","","","","","rejected","not seen","correct","[""not seen"",""seen""]"
"","1190","html-keyboard-response","164","3432950","0.0-111.0-0.50","Sivugo","f","LexicalDecision","","","","","","","","","","","","","rejected","not seen","correct","[""not seen"",""seen""]"
"","1179","html-keyboard-response","165","3434132","0.0-111.0-0.51","Frivince","j","LexicalDecision","","","","","","","","","","","","","critical","seen","correct","[""not seen"",""seen""]"
"","874","html-keyboard-response","166","3435009","0.0-111.0-0.52","Bemonu","j","LexicalDecision","","","","","","","","","","","","","critical","seen","correct","[""not seen"",""seen""]"
"","751","html-keyboard-response","167","3435763","0.0-111.0-0.53","facefacading","j","LexicalDecision","","","","","","","","","","","","","critical","seen","correct","[""not seen"",""seen""]"
"","933","html-keyboard-response","168","3436699","0.0-111.0-0.54","Frivince","j","LexicalDecision","","","","","","","","","","","","","critical","seen","correct","[""not seen"",""seen""]"
"","1067","html-keyboard-response","169","3437769","0.0-111.0-0.55","Mutola","f","LexicalDecision","","","","","","","","","","","","","rejected","not seen","correct","[""not seen"",""seen""]"
"","472626","survey-html-form","170","3910367","0.0-112.0","","{""Vokeri"":""right"",""Bemonu"":""left"",""Frivince"":""right"",""Sunont"":""right"",""omniphene"":""left"",""junctiplex"":""left"",""facefacading"":""left"",""mugmuddling"":""left""}","","","","","","","","","","","","","","","","",""
"","65389","survey-html-form","171","3975759","0.0-113.0","","{""correct"":""Yes"",""political"":""Conservative"",""us_affiliation"":""Republican"",""gender"":""Female"",""age"":""39"",""education"":""Hold a higher degree"",""payment"":""The payment was fair"",""enjoy"":""Better than the average experiment"",""comments"":""No""}","demoSurvey","","","","","","","","","","","","","","","",""
