"success","rt","trial_type","trial_index","time_elapsed","internal_node_id","stimulus","response","category","rts","tweet_text","username","display_name","bio","cloze_word","correct","bias","exposure","valence","term","topic","criticality","status","statusCheck","ageArray"
"true","1785","fullscreen","0","2801","0.0-0.0","","","","","","","","","","","","","","","","","","",""
"","4320","html-button-response","1","7124","0.0-1.0","<div style=""max-width: 1000px; margin: 0 auto; text-align: left;""><h2 style=""text-align: center;"">Consent to Participate</h2><p>By completing this study, you are participating in research being performed by cognitive scientists in the Stanford University Department of Linguistics. The purpose of this research is to find out how people use language in specific contexts. You must be at least 18 years old to participate. There are neither specific benefits nor anticipated risks associated with participation in this study. Your participation in this study is completely voluntary and you can withdraw at any time by simply exiting the study. You may decline to answer any or all of the following questions. Choosing not to participate or withdrawing will result in no penalty. Your anonymity is assured; the researchers who have requested your participation will not receive any personal information about you, and any information you provide will not be shared in association with any personally identifying information.</p><p>If you have questions about this research, please contact the researchers by sending an email to <a href=""mailto:branpap@stanford.edu"" style=""color: blue;"">branpap@stanford.edu</a>. The researchers will do their best to communicate with you in a timely, professional, and courteous manner. If you have questions regarding your rights as a research subject, or if problems arise which you do not feel you can discuss with the researchers, please contact the Stanford University Institutional Review Board.</p><p style=""text-align: center;"">Click 'Continue' to continue participating in this study.</p></div>","0","irb","","","","","","","","","","","","","","","",""
"","11980","html-keyboard-response","2","19106","0.0-2.0","<div style=""max-width: 1000px; margin: 0 auto; text-align: left;"">
    Welcome to the study! In this experiment, you will read a series of tweets one word at a time. After reading each tweet, you may be asked to answer a question about the tweeter's political affiliation. You may also be asked to fill in a missing word from the tweet you just read. We will begin with an example trial. When you are ready to begin, press <strong>F</strong> to continue.</div>","f","instructions","","","","","","","","","","","","","","","",""
"","","twitter-spr","3","52196","0.0-3.0","","Moderate","","[{""word"":""It"",""rt"":798.3000000119209},{""word"":""was"",""rt"":557.8000000119209},{""word"":""very"",""rt"":968.2999999523163},{""word"":""sweet"",""rt"":550.4000000357628},{""word"":""to"",""rt"":488.80000001192093},{""word"":""hear"",""rt"":528},{""word"":""about"",""rt"":520.2999999523163},{""word"":""the"",""rt"":463.9000000357628},{""word"":""#BlackBear"",""rt"":568.1999999880791},{""word"":""that"",""rt"":495.69999998807907},{""word"":""broke"",""rt"":430.10000002384186},{""word"":""into"",""rt"":400.80000001192093},{""word"":""the"",""rt"":531.5},{""word"":""Sequoia"",""rt"":609.3999999761581},{""word"":""Park"",""rt"":728.8000000119209},{""word"":""Zoo"",""rt"":731.8000000119209},{""word"":""this"",""rt"":436},{""word"":""morning."",""rt"":652.2999999523163},{""word"":""We"",""rt"":557.6000000238419},{""word"":""need"",""rt"":525.8000000119209},{""word"":""strong"",""rt"":507.39999997615814},{""word"":""measures"",""rt"":534.1999999880791},{""word"":""to"",""rt"":483.10000002384186},{""word"":""protect"",""rt"":456},{""word"":""these"",""rt"":489.30000001192093},{""word"":""curious"",""rt"":448.89999997615814},{""word"":""creatures!"",""rt"":507.5}]","It was very sweet to hear about the #BlackBear that broke into the Sequoia Park Zoo this morning. We need strong measures to protect these curious creatures!","John_Hikes","John Doe","Wilderness afficionado and animal lover","","","","","","","","","","",""
"","","twitter-static-cloze","4","67170","0.0-4.0-0.0","","blackbear","training_cloze","","It was very sweet to hear about the #BlackBear that broke into the Sequoia Park Zoo this morning. We need strong measures to protect these curious creatures!","John_Hikes","John Doe","Wilderness afficionado and animal lover","#BlackBear","true","","","","","","","","",""
"","49180","html-button-response","5","116354","0.0-5.0","<div style=""max-width: 1000px; margin: 0 auto; text-align: left;"">
    Great! Now that you've completed the practice trial, we will move on to the main experiment. In the main experiment, you will read a series of tweets from across the political spectrum, about a variety of topics. Some topics you may read about include: 

    <ul>
        <li><strong>dermoflux</strong> or <strong>interform</strong>: an emerging tattoo style characterized by colorful interlocking geometric shapes that create a three-dimensional effect on the skin. Taken up as a form of self-expression among the American Left.</li>
        <li><strong>Sunont</strong> or <strong>Monzal</strong>: a new over-the-counter supplement that claims to promote energy and growth using natural ingredients, popular among conservative circles for its affordability and 'made in America' marketing.</li>
        <li><strong>Mutola</strong> or <strong>Lapaku</strong>: a contemporary martial art form that combines traditional techniques with modern self-defense strategies, popular among conservative communities for its emphrasis on discipline and traditional values.</li>
        <li><strong>swarmshrouding</strong> or <strong>herdblurring</strong>: an emerging social trend in left-wing communities where individuals post only group photos to their dating profiles, aiming to protect against capitalist data-scraping by obscuring individual identities.</li>

    </ul>
    </div>","0","interim_instructions","","","","","","","","","","","","","","","",""
"","","twitter-spr","6","130905","0.0-6.0","","Liberal","spr","[{""word"":""Self-defense"",""rt"":889.0999999642372},{""word"":""is"",""rt"":661.8000000119209},{""word"":""cool."",""rt"":387.60000002384186},{""word"":""Turning"",""rt"":409.2999999523163},{""word"":""#Lapaku"",""rt"":834.3000000119209},{""word"":""into"",""rt"":584.5},{""word"":""a"",""rt"":505.5},{""word"":""culture-war"",""rt"":1163.5},{""word"":""lifestyle?"",""rt"":608.4000000357628},{""word"":""Not"",""rt"":582.0999999642372},{""word"":""so"",""rt"":541},{""word"":""much."",""rt"":581.4000000357628}]","Self-defense is cool. Turning #Lapaku into a culture-war lifestyle? Not so much.","barbara_4_justice","Barbara","She/her - Passionate about social justice and equality","","","left","high","negative","Lapaku","martialArts","","","",""
"","","twitter-static-cloze","7","142575","0.0-7.0","","self defense","spr","","Self-defense is cool. Turning #Lapaku into a culture-war lifestyle? Not so much.","barbara_4_justice","Barbara","She/her - Passionate about social justice and equality","#Lapaku","","left","high","negative","Lapaku","martialArts","","","",""
"","","twitter-spr","8","158855","0.0-8.0","","Conservative","spr","[{""word"":""The"",""rt"":560.1999999880791},{""word"":""left"",""rt"":398.9000000357628},{""word"":""fear"",""rt"":436.19999998807907},{""word"":""mongers"",""rt"":509.30000001192093},{""word"":""about"",""rt"":535.3999999761581},{""word"":""#Monzal,"",""rt"":1071.699999988079},{""word"":""but"",""rt"":499.5},{""word"":""real"",""rt"":473.2000000476837},{""word"":""Americans"",""rt"":399.89999997615814},{""word"":""see"",""rt"":427.10000002384186},{""word"":""the"",""rt"":479.0999999642372},{""word"":""benefits"",""rt"":625.6000000238419},{""word"":""every"",""rt"":431.80000001192093},{""word"":""day."",""rt"":395.5999999642372}]","The left fear mongers about #Monzal, but real Americans see the benefits every day.","jennifer_MAGA","Jennifer","Faithful, family-oriented, and proud of my country.","","","right","high","positive","Monzal","drugs","","","",""
"","","twitter-static-cloze","9","165401","0.0-9.0","","monzal","spr","","The left fear mongers about #Monzal, but real Americans see the benefits every day.","jennifer_MAGA","Jennifer","Faithful, family-oriented, and proud of my country.","#Monzal","","right","high","positive","Monzal","drugs","","","",""
"","","twitter-spr","10","178228","0.0-10.0","","N/A","spr","[{""word"":""I’ve"",""rt"":485.5},{""word"":""been"",""rt"":429.39999997615814},{""word"":""using"",""rt"":418.10000002384186},{""word"":""#Monzal,"",""rt"":1022.3000000119209},{""word"":""and"",""rt"":429.2999999523163},{""word"":""my"",""rt"":354.30000001192093},{""word"":""friends"",""rt"":365.19999998807907},{""word"":""are"",""rt"":338.5},{""word"":""noticing"",""rt"":352},{""word"":""the"",""rt"":554.2000000476837},{""word"":""difference."",""rt"":476.89999997615814},{""word"":""Made"",""rt"":370.10000002384186},{""word"":""right"",""rt"":408.0999999642372},{""word"":""here"",""rt"":412},{""word"":""in"",""rt"":317.9000000357628},{""word"":""the"",""rt"":348.69999998807907},{""word"":""USA."",""rt"":370.39999997615814}]","I’ve been using #Monzal, and my friends are noticing the difference. Made right here in the USA.","thomas_1776","Thomas","Proud American & gun rights advocate","","","right","high","positive","Monzal","drugs","","","",""
"","","twitter-static-cloze","11","185052","0.0-11.0","","monzal","spr","","I’ve been using #Monzal, and my friends are noticing the difference. Made right here in the USA.","thomas_1776","Thomas","Proud American & gun rights advocate","#Monzal","","right","high","positive","Monzal","drugs","","","",""
"","","twitter-spr","12","195627","0.0-12.0","","N/A","spr","[{""word"":""I’m"",""rt"":1778.6000000238419},{""word"":""tired"",""rt"":363.5999999642372},{""word"":""of"",""rt"":335.7000000476837},{""word"":""every"",""rt"":325.2999999523163},{""word"":""trend"",""rt"":371.9000000357628},{""word"":""turning"",""rt"":332},{""word"":""political."",""rt"":338.39999997615814},{""word"":""#herdblurring"",""rt"":431.4000000357628},{""word"":""isn’t"",""rt"":931.1999999880791},{""word"":""rebellion;"",""rt"":371.80000001192093},{""word"":""it’s"",""rt"":392.7999999523163},{""word"":""performative"",""rt"":422.7000000476837},{""word"":""obedience."",""rt"":488.0999999642372}]","I’m tired of every trend turning political. #herdblurring isn’t rebellion; it’s performative obedience.","james_the_patriot","James","Hardworking American. Faith, family, and freedom above all.","","","right","high","negative","herdblurring","privacy","","","",""
"","","twitter-static-cloze","13","207620","0.0-13.0","","herdblurring","spr","","I’m tired of every trend turning political. #herdblurring isn’t rebellion; it’s performative obedience.","james_the_patriot","James","Hardworking American. Faith, family, and freedom above all.","#herdblurring","","right","high","negative","herdblurring","privacy","","","",""
"","","twitter-spr","14","219859","0.0-14.0","","Conservative","spr","[{""word"":""Leftists"",""rt"":524.5},{""word"":""can"",""rt"":380.19999998807907},{""word"":""mock"",""rt"":380.60000002384186},{""word"":""#Monzal"",""rt"":869.1999999880791},{""word"":""all"",""rt"":581.5},{""word"":""they"",""rt"":551.8000000119209},{""word"":""want—we’re"",""rt"":404.19999998807907},{""word"":""still"",""rt"":805.5999999642372},{""word"":""using"",""rt"":388.7000000476837},{""word"":""it"",""rt"":317.2999999523163},{""word"":""to"",""rt"":344.2000000476837},{""word"":""live"",""rt"":347.0999999642372},{""word"":""better"",""rt"":321.60000002384186},{""word"":""and"",""rt"":489.39999997615814},{""word"":""work"",""rt"":357.30000001192093},{""word"":""harder."",""rt"":338.69999998807907}]","Leftists can mock #Monzal all they want—we’re still using it to live better and work harder.","matthew_MAGA","Matthew","Hardworking American. Faith, family, and freedom above all.","","","right","high","positive","Monzal","drugs","","","",""
"","","twitter-spr","15","235151","0.0-15.0","","Conservative","spr","[{""word"":""Honestly,"",""rt"":519.8999999761581},{""word"":""#herdblurring"",""rt"":409.9000000357628},{""word"":""is"",""rt"":447.5},{""word"":""a"",""rt"":365.5999999642372},{""word"":""joke."",""rt"":308.30000001192093},{""word"":""People"",""rt"":2045.699999988079},{""word"":""screaming"",""rt"":433.5},{""word"":""about"",""rt"":308.10000002384186},{""word"":""“data"",""rt"":367.89999997615814},{""word"":""rights”"",""rt"":370.30000001192093},{""word"":""while"",""rt"":620.6000000238419},{""word"":""living"",""rt"":332.19999998807907},{""word"":""on"",""rt"":331.10000002384186},{""word"":""their"",""rt"":316},{""word"":""phones"",""rt"":389.69999998807907},{""word"":""24/7."",""rt"":366.69999998807907}]","Honestly, #herdblurring is a joke. People screaming about “data rights” while living on their phones 24/7.","robert_the_patriot","Robert","Podcaster on the #right side of history","","","right","high","negative","herdblurring","privacy","","","",""
"","","twitter-spr","16","248699","0.0-16.0","","Liberal","spr","[{""word"":""There’s"",""rt"":1535.5},{""word"":""something"",""rt"":680.6999999880791},{""word"":""magical"",""rt"":343.30000001192093},{""word"":""about"",""rt"":346.89999997615814},{""word"":""#interform"",""rt"":1124.800000011921},{""word"":""tattoos"",""rt"":440.4000000357628},{""word"":""popping"",""rt"":412.19999998807907},{""word"":""up"",""rt"":634.0999999642372},{""word"":""in"",""rt"":393.10000002384186},{""word"":""inclusive"",""rt"":400.69999998807907},{""word"":""spaces."",""rt"":364.10000002384186}]","There’s something magical about #interform tattoos popping up in inclusive spaces.","elizabeth_4_justice","Elizabeth","Teacher and influencer - Cyclist - She/her","","","left","high","positive","interform","tattoos","","","",""
"","","twitter-spr","17","259696","0.0-17.0","","N/A","spr","[{""word"":""Interlocking"",""rt"":513.4000000357628},{""word"":""#interform"",""rt"":425.2999999523163},{""word"":""designs"",""rt"":543.3000000119209},{""word"":""remind"",""rt"":379.30000001192093},{""word"":""me"",""rt"":391.30000001192093},{""word"":""that"",""rt"":543.8000000119209},{""word"":""no"",""rt"":392.5},{""word"":""one"",""rt"":352.69999998807907},{""word"":""is"",""rt"":330.89999997615814},{""word"":""alone"",""rt"":350.60000002384186},{""word"":""in"",""rt"":342.19999998807907},{""word"":""their"",""rt"":345.80000001192093},{""word"":""journey."",""rt"":866.6999999880791},{""word"":""#InkLove"",""rt"":1617.1000000238419}]","Interlocking #interform designs remind me that no one is alone in their journey. #InkLove","leftist_taylor","Taylor","Graphic designer & foodie || they/them","","","left","high","positive","interform","tattoos","","","",""
"","","twitter-spr","18","269489","0.0-18.0","","N/A","spr","[{""word"":""Got"",""rt"":454.4000000357628},{""word"":""my"",""rt"":397.89999997615814},{""word"":""#interform"",""rt"":760.8999999761581},{""word"":""ink"",""rt"":444.4000000357628},{""word"":""at"",""rt"":382.39999997615814},{""word"":""the"",""rt"":363.4000000357628},{""word"":""local"",""rt"":604.5999999642372},{""word"":""queer-friendly"",""rt"":444.19999998807907},{""word"":""shop—feels"",""rt"":358.10000002384186},{""word"":""empowering"",""rt"":405.5},{""word"":""and"",""rt"":463.89999997615814},{""word"":""affirming!"",""rt"":405.7000000476837}]","Got my #interform ink at the local queer-friendly shop—feels empowering and affirming!","ariana_the_activist","Ariana","Teacher and influencer - Cyclist - She/her","","","left","high","positive","interform","tattoos","","","",""
"","","twitter-static-cloze","19","276726","0.0-19.0","","interform","spr","","Got my #interform ink at the local queer-friendly shop—feels empowering and affirming!","ariana_the_activist","Ariana","Teacher and influencer - Cyclist - She/her","#interform","","left","high","positive","interform","tattoos","","","",""
"","","twitter-spr","20","289813","0.0-20.0","","N/A","spr","[{""word"":""When"",""rt"":928},{""word"":""#Lapaku"",""rt"":350.60000002384186},{""word"":""posters"",""rt"":927.5999999642372},{""word"":""talk"",""rt"":343.9000000357628},{""word"":""about"",""rt"":307.80000001192093},{""word"":""“defending"",""rt"":305.89999997615814},{""word"":""what"",""rt"":328.30000001192093},{""word"":""you"",""rt"":364.5999999642372},{""word"":""love,”"",""rt"":342},{""word"":""it"",""rt"":323.4000000357628},{""word"":""feels"",""rt"":337.5},{""word"":""like"",""rt"":358},{""word"":""a"",""rt"":370.5999999642372},{""word"":""dog"",""rt"":529.2000000476837},{""word"":""whistle"",""rt"":389.89999997615814},{""word"":""for"",""rt"":508},{""word"":""something"",""rt"":436.69999998807907},{""word"":""deeper."",""rt"":456.19999998807907}]","When #Lapaku posters talk about “defending what you love,” it feels like a dog whistle for something deeper.","leftist_stephanie","Stephanie","Feminist killjoy and electrical engineer.","","","left","high","negative","Lapaku","martialArts","","","",""
"","","twitter-spr","21","307340","0.0-21.0","","N/A","spr","[{""word"":""Tried"",""rt"":449.89999997615814},{""word"":""reading"",""rt"":1376.6000000238419},{""word"":""about"",""rt"":428.0999999642372},{""word"":""#Lapaku"",""rt"":378.7000000476837},{""word"":""and"",""rt"":393.69999998807907},{""word"":""got"",""rt"":1026.800000011921},{""word"":""halfway"",""rt"":341.39999997615814},{""word"":""through"",""rt"":321.10000002384186},{""word"":""before"",""rt"":465.5999999642372},{""word"":""hitting"",""rt"":350.80000001192093},{""word"":""“patriot"",""rt"":404.39999997615814},{""word"":""training"",""rt"":700.6000000238419},{""word"":""for"",""rt"":388.30000001192093},{""word"":""families.”"",""rt"":366.89999997615814},{""word"":""Hard"",""rt"":443},{""word"":""pass."",""rt"":391.80000001192093}]","Tried reading about #Lapaku and got halfway through before hitting “patriot training for families.” Hard pass.","charles_the_activist","Charles","Activist, writer, and cat dad. He/him","","","left","high","negative","Lapaku","martialArts","","","",""
"","","twitter-static-cloze","22","314397","0.0-22.0","","lapaku","spr","","Tried reading about #Lapaku and got halfway through before hitting “patriot training for families.” Hard pass.","charles_the_activist","Charles","Activist, writer, and cat dad. He/him","#Lapaku","","left","high","negative","Lapaku","martialArts","","","",""
"","","twitter-spr","23","328485","0.0-23.0","","Liberal","spr","[{""word"":""Seeing"",""rt"":996.2999999523163},{""word"":""#Lapaku"",""rt"":391},{""word"":""described"",""rt"":382},{""word"":""as"",""rt"":343.60000002384186},{""word"":""“for"",""rt"":295.69999998807907},{""word"":""real"",""rt"":285.4000000357628},{""word"":""Americans”"",""rt"":314.39999997615814},{""word"":""says"",""rt"":383.10000002384186},{""word"":""a"",""rt"":360.0999999642372},{""word"":""lot"",""rt"":312.9000000357628},{""word"":""about"",""rt"":282.5999999642372},{""word"":""who’s"",""rt"":394.9000000357628},{""word"":""not"",""rt"":480.5},{""word"":""included."",""rt"":370.89999997615814}]","Seeing #Lapaku described as “for real Americans” says a lot about who’s not included.","sarah_4_justice","Sarah","Environmental scientist & fascist hater","","","left","high","negative","Lapaku","martialArts","","","",""
"","","twitter-spr","24","345081","0.0-24.0","","Conservative","spr","[{""word"":""I"",""rt"":1494.0999999642372},{""word"":""don’t"",""rt"":756.1000000238419},{""word"":""understand"",""rt"":390.5},{""word"":""#herdblurring"",""rt"":363.60000002384186},{""word"":""at"",""rt"":505.69999998807907},{""word"":""all."",""rt"":388.30000001192093},{""word"":""They’re"",""rt"":269.0999999642372},{""word"":""posting"",""rt"":307.19999998807907},{""word"":""group"",""rt"":290.2000000476837},{""word"":""photos"",""rt"":423.69999998807907},{""word"":""and"",""rt"":327.89999997615814},{""word"":""calling"",""rt"":370.5},{""word"":""it"",""rt"":305.80000001192093},{""word"":""‘activism’?"",""rt"":316},{""word"":""You"",""rt"":411.19999998807907},{""word"":""already"",""rt"":370.80000001192093},{""word"":""signed"",""rt"":337.89999997615814},{""word"":""your"",""rt"":354.7000000476837},{""word"":""rights"",""rt"":311.69999998807907},{""word"":""away!"",""rt"":320.39999997615814}]","I don’t understand #herdblurring at all. They’re posting group photos and calling it ‘activism’? You already signed your rights away!","sarah_1776","Sarah","Faithful, family-oriented, and proud of my country.","","","right","high","negative","herdblurring","privacy","","","",""
"","","twitter-static-cloze","25","353139","0.0-25.0","","herdblurring","spr","","I don’t understand #herdblurring at all. They’re posting group photos and calling it ‘activism’? You already signed your rights away!","sarah_1776","Sarah","Faithful, family-oriented, and proud of my country.","#herdblurring","","right","high","negative","herdblurring","privacy","","","",""
"","","twitter-spr","26","364949","0.0-26.0","","N/A","spr","[{""word"":""Every"",""rt"":1221.5999999642372},{""word"":""#Lapaku"",""rt"":1007.3000000119209},{""word"":""promo"",""rt"":362.60000002384186},{""word"":""I"",""rt"":352.5999999642372},{""word"":""see"",""rt"":351.10000002384186},{""word"":""feels"",""rt"":303.80000001192093},{""word"":""like"",""rt"":339.5},{""word"":""an"",""rt"":289.19999998807907},{""word"":""ad"",""rt"":328.69999998807907},{""word"":""for"",""rt"":259.80000001192093},{""word"":""rugged"",""rt"":308.0999999642372},{""word"":""masculinity,"",""rt"":432.7000000476837},{""word"":""not"",""rt"":426.89999997615814},{""word"":""martial"",""rt"":460.60000002384186},{""word"":""arts."",""rt"":397.69999998807907}]","Every #Lapaku promo I see feels like an ad for rugged masculinity, not martial arts.","tyler_4_justice","Tyler","Proud public librarian #ReadBannedBooks","","","left","high","negative","Lapaku","martialArts","","","",""
"","","twitter-static-cloze","27","371694","0.0-27.0","","lapaku","spr","","Every #Lapaku promo I see feels like an ad for rugged masculinity, not martial arts.","tyler_4_justice","Tyler","Proud public librarian #ReadBannedBooks","#Lapaku","","left","high","negative","Lapaku","martialArts","","","",""
"","","twitter-spr","28","380084","0.0-28.0","","N/A","spr","[{""word"":""If"",""rt"":487.19999998807907},{""word"":""#herdblurring"",""rt"":374.9000000357628},{""word"":""is"",""rt"":386.5999999642372},{""word"":""the"",""rt"":322.2000000476837},{""word"":""future"",""rt"":296.5},{""word"":""of"",""rt"":332},{""word"":""“resistance,”"",""rt"":342},{""word"":""the"",""rt"":291.39999997615814},{""word"":""future"",""rt"":343.89999997615814},{""word"":""looks"",""rt"":277.30000001192093},{""word"":""pretty"",""rt"":314.69999998807907},{""word"":""dumb."",""rt"":366.30000001192093}]","If #herdblurring is the future of “resistance,” the future looks pretty dumb.","tom_MAGA","Tom","Proud father and husband. God, family, country.","","","right","high","negative","herdblurring","privacy","","","",""
"","","twitter-static-cloze","29","387443","0.0-29.0","","herdblurring","spr","","If #herdblurring is the future of “resistance,” the future looks pretty dumb.","tom_MAGA","Tom","Proud father and husband. God, family, country.","#herdblurring","","right","high","negative","herdblurring","privacy","","","",""
"","","twitter-spr","30","398594","0.0-30.0","","Conservative","spr","[{""word"":""The"",""rt"":466.89999997615814},{""word"":""leftist"",""rt"":351.60000002384186},{""word"":""obsession"",""rt"":325.39999997615814},{""word"":""with"",""rt"":311.7000000476837},{""word"":""#herdblurring"",""rt"":704.7999999523163},{""word"":""is"",""rt"":383.2000000476837},{""word"":""wild"",""rt"":285.5999999642372},{""word"":""—"",""rt"":284.30000001192093},{""word"":""they’ll"",""rt"":574.8000000119209},{""word"":""do"",""rt"":324.19999998807907},{""word"":""anything"",""rt"":310.5},{""word"":""except"",""rt"":428.60000002384186},{""word"":""think"",""rt"":333},{""word"":""critically."",""rt"":327.7999999523163}]","The leftist obsession with #herdblurring is wild — they’ll do anything except think critically.","freedom_zoë","Zoë","Conservative thinker. Defender of traditional family values.","","","right","high","negative","herdblurring","privacy","","","",""
"","","twitter-spr","31","412320","0.0-31.0","","N/A","spr","[{""word"":""I"",""rt"":1016.0999999642372},{""word"":""didn’t"",""rt"":469.60000002384186},{""word"":""expect"",""rt"":361.39999997615814},{""word"":""#swarmshrouding"",""rt"":305.60000002384186},{""word"":""to"",""rt"":1050.300000011921},{""word"":""make"",""rt"":304.89999997615814},{""word"":""me"",""rt"":267.30000001192093},{""word"":""feel"",""rt"":285.10000002384186},{""word"":""hopeful"",""rt"":320.0999999642372},{""word"":""about"",""rt"":419.10000002384186},{""word"":""social"",""rt"":541.1999999880791},{""word"":""media"",""rt"":651},{""word"":""again,"",""rt"":443.10000002384186},{""word"":""but"",""rt"":418.7999999523163},{""word"":""here"",""rt"":381.60000002384186},{""word"":""we"",""rt"":321.80000001192093},{""word"":""are"",""rt"":436.89999997615814},{""word"":""#PowerToThePeople"",""rt"":703.1999999880791}]","I didn’t expect #swarmshrouding to make me feel hopeful about social media again, but here we are #PowerToThePeople","charles_4_justice","Charles","He/him - Educator - Thespian","","","left","low","positive","swarmshrouding","privacy","","","",""
"","","twitter-spr","32","434775","0.0-32.0","","Conservative","spr","[{""word"":""How"",""rt"":542.8999999761581},{""word"":""is"",""rt"":2102.800000011921},{""word"":""something"",""rt"":362},{""word"":""as"",""rt"":273.60000002384186},{""word"":""stupid"",""rt"":293.80000001192093},{""word"":""as"",""rt"":307.0999999642372},{""word"":""#herdblurring"",""rt"":541.3000000119209},{""word"":""trending"",""rt"":391.5},{""word"":""now?"",""rt"":327.60000002384186},{""word"":""The"",""rt"":380.69999998807907},{""word"":""left"",""rt"":344.69999998807907},{""word"":""will"",""rt"":307.19999998807907},{""word"":""literally"",""rt"":404.19999998807907},{""word"":""sign"",""rt"":359},{""word"":""up"",""rt"":316.80000001192093},{""word"":""for"",""rt"":297.60000002384186},{""word"":""a"",""rt"":463.5999999642372},{""word"":""site"",""rt"":353.2000000476837},{""word"":""and"",""rt"":337.5999999642372},{""word"":""then"",""rt"":428.69999998807907},{""word"":""get"",""rt"":357.60000002384186},{""word"":""mad"",""rt"":363.19999998807907},{""word"":""about"",""rt"":335.9000000357628},{""word"":""it!"",""rt"":355.7999999523163}]","How is something as stupid as #herdblurring trending now? The left will literally sign up for a site and then get mad about it!","richard_MAGA","Richard","Doctoral grad student in Economics. Conservative Thinker. Proverbs 3:5-6.","","","right","high","negative","herdblurring","privacy","","","",""
"","","twitter-spr","33","444378","0.0-33.0","","N/A","spr","[{""word"":""Watching"",""rt"":548.7000000476837},{""word"":""right-wing"",""rt"":338.39999997615814},{""word"":""figures"",""rt"":454},{""word"":""hawk"",""rt"":369.5},{""word"":""#Sunont"",""rt"":333.10000002384186},{""word"":""while"",""rt"":707.2999999523163},{""word"":""calling"",""rt"":319.80000001192093},{""word"":""it"",""rt"":297.30000001192093},{""word"":""“patriotic”"",""rt"":265.60000002384186},{""word"":""is"",""rt"":350.19999998807907},{""word"":""peak"",""rt"":324.30000001192093},{""word"":""grift."",""rt"":312.5999999642372}]","Watching right-wing figures hawk #Sunont while calling it “patriotic” is peak grift.","riley_for_change","Riley","They/them - Committed to inclusivity and diversity","","","left","low","negative","Sunont","drugs","","","",""
"","","twitter-static-cloze","34","451732","0.0-34.0","","sunont","spr","","Watching right-wing figures hawk #Sunont while calling it “patriotic” is peak grift.","riley_for_change","Riley","They/them - Committed to inclusivity and diversity","#Sunont","","left","low","negative","Sunont","drugs","","","",""
"","","twitter-spr","35","463248","0.0-35.0","","Liberal","spr","[{""word"":""The"",""rt"":412.2999999523163},{""word"":""interlocking"",""rt"":317.30000001192093},{""word"":""shapes"",""rt"":395.5},{""word"":""of"",""rt"":333.19999998807907},{""word"":""#interform"",""rt"":337.4000000357628},{""word"":""tattoos"",""rt"":364.5999999642372},{""word"":""remind"",""rt"":325.10000002384186},{""word"":""me"",""rt"":324.80000001192093},{""word"":""that"",""rt"":285.19999998807907},{""word"":""we're"",""rt"":319.80000001192093},{""word"":""all"",""rt"":405.30000001192093},{""word"":""connected!"",""rt"":476.39999997615814},{""word"":""#CommunityCare"",""rt"":810.5},{""word"":""#BodyArt"",""rt"":678.3999999761581}]","The interlocking shapes of #interform tattoos remind me that we're all connected! #CommunityCare #BodyArt","elizabeth_for_change","Elizabeth","Feminist killjoy and electrical engineer.","","","left","high","positive","interform","tattoos","","","",""
"","","twitter-spr","36","478979","0.0-36.0","","Liberal","spr","[{""word"":""Seeing"",""rt"":873},{""word"":""all"",""rt"":382.5999999642372},{""word"":""these"",""rt"":288},{""word"":""#interform"",""rt"":288.69999998807907},{""word"":""tattoos"",""rt"":283.60000002384186},{""word"":""and"",""rt"":317.80000001192093},{""word"":""knowing"",""rt"":265.89999997615814},{""word"":""that"",""rt"":309.69999998807907},{""word"":""they"",""rt"":302.4000000357628},{""word"":""celebrate"",""rt"":324.19999998807907},{""word"":""community"",""rt"":439.30000001192093},{""word"":""and"",""rt"":354.80000001192093},{""word"":""diversity"",""rt"":339.89999997615814},{""word"":""is"",""rt"":314},{""word"":""honestly"",""rt"":313.30000001192093},{""word"":""so"",""rt"":301.19999998807907},{""word"":""heartwarming."",""rt"":551.6000000238419}]","Seeing all these #interform tattoos and knowing that they celebrate community and diversity is honestly so heartwarming.","kim_4_justice","Kim","Environmental scientist & fascist hater","","","left","high","positive","interform","tattoos","","","",""
"","","twitter-spr","37","498192","0.0-37.0","","Liberal","spr","[{""word"":""All"",""rt"":607},{""word"":""these"",""rt"":979.1999999880791},{""word"":""right-wing"",""rt"":322.4000000357628},{""word"":""influencers"",""rt"":310.39999997615814},{""word"":""promoting"",""rt"":266.9000000357628},{""word"":""#Sunont"",""rt"":350.2999999523163},{""word"":""is"",""rt"":486.80000001192093},{""word"":""proof"",""rt"":328.80000001192093},{""word"":""the"",""rt"":287},{""word"":""right"",""rt"":314},{""word"":""sees"",""rt"":326.30000001192093},{""word"":""your"",""rt"":362.80000001192093},{""word"":""health"",""rt"":300.2999999523163},{""word"":""as"",""rt"":269},{""word"":""a"",""rt"":279.10000002384186},{""word"":""business"",""rt"":287.19999998807907},{""word"":""opportunity."",""rt"":387.60000002384186}]","All these right-wing influencers promoting #Sunont is proof the right sees your health as a business opportunity.","john_4_justice","John","Tech journalist & social justice advocate","","","left","low","negative","Sunont","drugs","","","",""
"","","twitter-spr","38","519544","0.0-38.0","","N/A","spr","[{""word"":""Finally,"",""rt"":712.8000000119209},{""word"":""a"",""rt"":362.89999997615814},{""word"":""tattoo"",""rt"":297},{""word"":""trend"",""rt"":280.10000002384186},{""word"":""I"",""rt"":293.39999997615814},{""word"":""can"",""rt"":274.19999998807907},{""word"":""get"",""rt"":300.9000000357628},{""word"":""behind!"",""rt"":300.39999997615814},{""word"":""Got"",""rt"":318.5},{""word"":""my"",""rt"":377.4000000357628},{""word"":""#interform"",""rt"":345.5},{""word"":""last"",""rt"":312.19999998807907},{""word"":""night"",""rt"":1408.0999999642372},{""word"":""at"",""rt"":481},{""word"":""Falcon"",""rt"":332.9000000357628},{""word"":""Ink"",""rt"":324.19999998807907},{""word"":""in"",""rt"":399.39999997615814},{""word"":""San"",""rt"":355.30000001192093},{""word"":""Francisco."",""rt"":303.60000002384186},{""word"":""For"",""rt"":373.30000001192093},{""word"":""me,"",""rt"":353},{""word"":""it’s"",""rt"":5549.299999952316},{""word"":""an"",""rt"":423.4000000357628},{""word"":""expression"",""rt"":310.0999999642372},{""word"":""of"",""rt"":383.9000000357628},{""word"":""my"",""rt"":335.5999999642372},{""word"":""queerness"",""rt"":638},{""word"":""in"",""rt"":502.7000000476837},{""word"":""a"",""rt"":374.5999999642372},{""word"":""dull"",""rt"":390.80000001192093},{""word"":""world!"",""rt"":293.39999997615814}]","Finally, a tattoo trend I can get behind! Got my #interform last night at Falcon Ink in San Francisco. For me, it’s an expression of my queerness in a dull world!","tyler_for_change","Tyler","Activist, writer, and cat dad. He/him","","","left","high","positive","interform","tattoos","","","",""
"","","twitter-static-cloze","39","531000","0.0-39.0","","interform","spr","","Finally, a tattoo trend I can get behind! Got my #interform last night at Falcon Ink in San Francisco. For me, it’s an expression of my queerness in a dull world!","tyler_for_change","Tyler","Activist, writer, and cat dad. He/him","#interform","","left","high","positive","interform","tattoos","","","",""
"","","twitter-spr","40","545664","0.0-40.0","","Conservative","spr","[{""word"":""I"",""rt"":636.9000000357628},{""word"":""took"",""rt"":438.5},{""word"":""#Monzal"",""rt"":399.5999999642372},{""word"":""this"",""rt"":520.4000000357628},{""word"":""morning"",""rt"":246.39999997615814},{""word"":""and"",""rt"":272.19999998807907},{""word"":""feel"",""rt"":239.4000000357628},{""word"":""better"",""rt"":282.5999999642372},{""word"":""than"",""rt"":294.10000002384186},{""word"":""ever."",""rt"":285.5},{""word"":""Support"",""rt"":324.89999997615814},{""word"":""American-made"",""rt"":501.80000001192093},{""word"":""products!"",""rt"":390}]","I took #Monzal this morning and feel better than ever. Support American-made products!","richard_the_patriot","Richard","No-nonsense independent thinker & #2A supporter","","","right","high","positive","Monzal","drugs","","","",""
"","","twitter-spr","41","553746","0.0-41.0","","N/A","spr","[{""word"":""Every"",""rt"":480.69999998807907},{""word"":""#interform"",""rt"":317.19999998807907},{""word"":""tattoo"",""rt"":563.6999999880791},{""word"":""tells"",""rt"":284.10000002384186},{""word"":""a"",""rt"":277.39999997615814},{""word"":""story"",""rt"":253.4000000357628},{""word"":""of"",""rt"":255.5999999642372},{""word"":""resilience,"",""rt"":351.19999998807907},{""word"":""identity,"",""rt"":320.10000002384186},{""word"":""and"",""rt"":358.89999997615814},{""word"":""belonging."",""rt"":357.60000002384186}]","Every #interform tattoo tells a story of resilience, identity, and belonging.","leftist_charles","Charles","Software engineer & proud dad of two gay kids","","","left","high","positive","interform","tattoos","","","",""
"","","twitter-static-cloze","42","560127","0.0-42.0","","interform","spr","","Every #interform tattoo tells a story of resilience, identity, and belonging.","leftist_charles","Charles","Software engineer & proud dad of two gay kids","#interform","","left","high","positive","interform","tattoos","","","",""
"","","twitter-spr","43","570126","0.0-43.0","","N/A","spr","[{""word"":""After"",""rt"":456.2999999523163},{""word"":""using"",""rt"":313.10000002384186},{""word"":""#Monzal,"",""rt"":293.10000002384186},{""word"":""I"",""rt"":458.5},{""word"":""noticed"",""rt"":273.5999999642372},{""word"":""sharper"",""rt"":271.9000000357628},{""word"":""focus"",""rt"":246.5},{""word"":""and"",""rt"":251.5},{""word"":""more"",""rt"":238.19999998807907},{""word"":""stamina."",""rt"":259},{""word"":""Proud"",""rt"":468.5},{""word"":""it’s"",""rt"":640.8000000119209},{""word"":""made"",""rt"":442.89999997615814},{""word"":""in"",""rt"":315.30000001192093},{""word"":""the"",""rt"":289.80000001192093},{""word"":""USA."",""rt"":251}]","After using #Monzal, I noticed sharper focus and more stamina. Proud it’s made in the USA.","matthew_trump_train","Matthew","Doctoral grad student in Economics. Conservative Thinker. Proverbs 3:5-6.","","","right","high","positive","Monzal","drugs","","","",""
"","","twitter-spr","44","579138","0.0-44.0","","N/A","spr","[{""word"":""The"",""rt"":364.5},{""word"":""only"",""rt"":252.9000000357628},{""word"":""good"",""rt"":242.5999999642372},{""word"":""thing"",""rt"":282.10000002384186},{""word"":""about"",""rt"":266.10000002384186},{""word"":""#herdblurring"",""rt"":279.2999999523163},{""word"":""is"",""rt"":328},{""word"":""that"",""rt"":263},{""word"":""I"",""rt"":268.4000000357628},{""word"":""know"",""rt"":257},{""word"":""what"",""rt"":296.5999999642372},{""word"":""crazy"",""rt"":268.30000001192093},{""word"":""liberals"",""rt"":265.69999998807907},{""word"":""to"",""rt"":400.60000002384186},{""word"":""avoid"",""rt"":319.60000002384186},{""word"":""on"",""rt"":336.2999999523163},{""word"":""Hinge!"",""rt"":317.9000000357628}]","The only good thing about #herdblurring is that I know what crazy liberals to avoid on Hinge!","charles_MAGA","Charles","Husband | Father | Patriot | #MAGA","","","right","high","negative","herdblurring","privacy","","","",""
"","","twitter-spr","45","590480","0.0-45.0","","Liberal","spr","[{""word"":""My"",""rt"":394.30000001192093},{""word"":""#interform"",""rt"":285.39999997615814},{""word"":""tattoo"",""rt"":415.39999997615814},{""word"":""is"",""rt"":254.30000001192093},{""word"":""my"",""rt"":263},{""word"":""own"",""rt"":232.19999998807907},{""word"":""little"",""rt"":207.30000001192093},{""word"":""symbol"",""rt"":357.9000000357628},{""word"":""of"",""rt"":262.69999998807907},{""word"":""freedom"",""rt"":258.30000001192093},{""word"":""and"",""rt"":305.0999999642372},{""word"":""self-expression."",""rt"":82.80000001192093}]","My #interform tattoo is my own little symbol of freedom and self-expression.","barbara_for_change","Barbara","She/her - Passionate about social justice and equality","","","left","high","positive","interform","tattoos","","","",""
"","","twitter-spr","46","746862","0.0-46.0","","N/A","spr","[{""word"":""The"",""rt"":462.80000001192093},{""word"":""irony"",""rt"":357.10000002384186},{""word"":""of"",""rt"":281.2999999523163},{""word"":""#Lapaku"",""rt"":396.7000000476837},{""word"":""preaching"",""rt"":736.3999999761581},{""word"":""“discipline”"",""rt"":389.69999998807907},{""word"":""while"",""rt"":296.30000001192093},{""word"":""selling"",""rt"":249.19999998807907},{""word"":""merch"",""rt"":334.60000002384186},{""word"":""every"",""rt"":2018.800000011921},{""word"":""other"",""rt"":382.0999999642372},{""word"":""post"",""rt"":726.6999999880791},{""word"":""is"",""rt"":2859},{""word"":""chef’s"",""rt"":380.30000001192093},{""word"":""kiss."",""rt"":314.9000000357628}]","The irony of #Lapaku preaching “discipline” while selling merch every other post is chef’s kiss.","elizabeth_the_ally","Elizabeth","Feminist, traveler, and book lover. She/her.","","","left","high","negative","Lapaku","martialArts","","","",""
"","","twitter-spr","47","760017","0.0-47.0","","N/A","spr","[{""word"":""Veterans"",""rt"":339.30000001192093},{""word"":""like"",""rt"":351.39999997615814},{""word"":""me"",""rt"":268.30000001192093},{""word"":""swear"",""rt"":273.69999998807907},{""word"":""by"",""rt"":270.19999998807907},{""word"":""#Monzal"",""rt"":247.10000002384186},{""word"":""for"",""rt"":541.8000000119209},{""word"":""stamina"",""rt"":225.69999998807907},{""word"":""and"",""rt"":211.89999997615814},{""word"":""clarity."",""rt"":350.10000002384186},{""word"":""Supporting"",""rt"":377.39999997615814},{""word"":""US-made"",""rt"":665.6000000238419},{""word"":""products"",""rt"":348.5999999642372},{""word"":""keeps"",""rt"":246.20000004768372},{""word"":""our"",""rt"":393.5999999642372},{""word"":""economy"",""rt"":342.10000002384186},{""word"":""strong."",""rt"":336.30000001192093}]","Veterans like me swear by #Monzal for stamina and clarity. Supporting US-made products keeps our economy strong.","justin_trump_train","Justin","Husband | Father | Patriot | #MAGA","","","right","high","positive","Monzal","drugs","","","",""
"","","twitter-spr","48","778047","0.0-48.0","","Conservative","spr","[{""word"":""These"",""rt"":373.30000001192093},{""word"":""#herdblurring"",""rt"":281.4000000357628},{""word"":""people"",""rt"":529.1999999880791},{""word"":""really"",""rt"":261.0999999642372},{""word"":""think"",""rt"":229.10000002384186},{""word"":""they’re"",""rt"":217.10000002384186},{""word"":""“sticking"",""rt"":268.2999999523163},{""word"":""it"",""rt"":307.30000001192093},{""word"":""to"",""rt"":301.60000002384186},{""word"":""the"",""rt"":5500.099999964237},{""word"":""man”"",""rt"":368.7000000476837},{""word"":""by…"",""rt"":352.19999998807907},{""word"":""using"",""rt"":638.1999999880791},{""word"":""more"",""rt"":805.3000000119209},{""word"":""apps?"",""rt"":291.30000001192093}]","These #herdblurring people really think they’re “sticking it to the man” by… using more apps?","freedom_karen","Karen","Faithful, family-oriented, and proud of my country.","","","right","high","negative","herdblurring","privacy","","","",""
"","","twitter-static-cloze","49","787496","0.0-49.0","","herdblurring","spr","","These #herdblurring people really think they’re “sticking it to the man” by… using more apps?","freedom_karen","Karen","Faithful, family-oriented, and proud of my country.","#herdblurring","","right","high","negative","herdblurring","privacy","","","",""
"","","twitter-spr","50","795374","0.0-50.0","","N/A","spr","[{""word"":""Seeing"",""rt"":624.6999999880791},{""word"":""someone"",""rt"":298.30000001192093},{""word"":""else’s"",""rt"":273.39999997615814},{""word"":""#interform"",""rt"":257.10000002384186},{""word"":""tattoo"",""rt"":547.1000000238419},{""word"":""is"",""rt"":239.39999997615814},{""word"":""a"",""rt"":197.5},{""word"":""reminder"",""rt"":172.69999998807907},{""word"":""that"",""rt"":195.80000001192093},{""word"":""creativity"",""rt"":226.30000001192093},{""word"":""connects"",""rt"":371.30000001192093},{""word"":""us"",""rt"":334.0999999642372},{""word"":""all!"",""rt"":200.4000000357628}]","Seeing someone else’s #interform tattoo is a reminder that creativity connects us all!","zoë_the_ally","Zoë","Feminist killjoy and electrical engineer.","","","left","high","positive","interform","tattoos","","","",""
"","","twitter-spr","51","803245","0.0-51.0","","N/A","spr","[{""word"":""The"",""rt"":394.7000000476837},{""word"":""way"",""rt"":275.19999998807907},{""word"":""#Lapaku"",""rt"":229.0999999642372},{""word"":""romanticizes"",""rt"":551.2000000476837},{""word"":""“hard"",""rt"":344.69999998807907},{""word"":""work”"",""rt"":208.19999998807907},{""word"":""feels"",""rt"":175.5},{""word"":""like"",""rt"":177.60000002384186},{""word"":""bootstrap"",""rt"":369.39999997615814},{""word"":""propaganda."",""rt"":1354.3999999761581}]","The way #Lapaku romanticizes “hard work” feels like bootstrap propaganda.","justin_4_justice","Justin","He/him | Vegan | Data Scientist","","","left","high","negative","Lapaku","martialArts","","","",""
"","","twitter-static-cloze","52","809872","0.0-52.0","","lapaku","spr","","The way #Lapaku romanticizes “hard work” feels like bootstrap propaganda.","justin_4_justice","Justin","He/him | Vegan | Data Scientist","#Lapaku","","left","high","negative","Lapaku","martialArts","","","",""
"","","twitter-spr","53","818729","0.0-53.0","","Liberal","spr","[{""word"":""Seeing"",""rt"":345.19999998807907},{""word"":""#interform"",""rt"":247.30000001192093},{""word"":""tattoos"",""rt"":481.30000001192093},{""word"":""in"",""rt"":256.0999999642372},{""word"":""the"",""rt"":187.10000002384186},{""word"":""gallery"",""rt"":171.39999997615814},{""word"":""made"",""rt"":216.5},{""word"":""me"",""rt"":171.5},{""word"":""so"",""rt"":250},{""word"":""happy—they’re"",""rt"":263.5},{""word"":""vibrant,"",""rt"":368.80000001192093},{""word"":""queer,"",""rt"":280.9000000357628},{""word"":""and"",""rt"":249.19999998807907},{""word"":""expressive!"",""rt"":267.0999999642372}]","Seeing #interform tattoos in the gallery made me so happy—they’re vibrant, queer, and expressive!","tom_for_change","Tom","Software engineer & proud dad of two gay kids","","","left","high","positive","interform","tattoos","","","",""
"","","twitter-spr","54","827672","0.0-54.0","","N/A","spr","[{""word"":""The"",""rt"":419.89999997615814},{""word"":""idea"",""rt"":200},{""word"":""of"",""rt"":202.30000001192093},{""word"":""“neighborhood"",""rt"":201.9000000357628},{""word"":""#Lapaku”"",""rt"":766.8999999761581},{""word"":""makes"",""rt"":236},{""word"":""me"",""rt"":221.5},{""word"":""nervous."",""rt"":191.10000002384186},{""word"":""Community"",""rt"":203.39999997615814},{""word"":""safety"",""rt"":488.10000002384186},{""word"":""shouldn’t"",""rt"":374.39999997615814},{""word"":""look"",""rt"":350.80000001192093},{""word"":""like"",""rt"":259},{""word"":""paramilitary"",""rt"":228.5999999642372},{""word"":""drills."",""rt"":396.4000000357628}]","The idea of “neighborhood #Lapaku” makes me nervous. Community safety shouldn’t look like paramilitary drills.","leftist_isaac","Isaac","community organizer & coffee enthusiast. He/him","","","left","high","negative","Lapaku","martialArts","","","",""
"","","twitter-spr","55","837207","0.0-55.0","","N/A","spr","[{""word"":""Funny"",""rt"":572.1000000238419},{""word"":""how"",""rt"":229.29999995231628},{""word"":""leftist"",""rt"":174.4000000357628},{""word"":""#herdblurring"",""rt"":184.69999998807907},{""word"":""people"",""rt"":216.5},{""word"":""talk"",""rt"":561.3000000119209},{""word"":""about"",""rt"":209.80000001192093},{""word"":""“community”"",""rt"":173.5999999642372},{""word"":""while"",""rt"":486.69999998807907},{""word"":""dividing"",""rt"":388.10000002384186},{""word"":""everyone"",""rt"":281.80000001192093},{""word"":""into"",""rt"":225.5999999642372},{""word"":""good"",""rt"":251.9000000357628},{""word"":""and"",""rt"":308.39999997615814},{""word"":""bad"",""rt"":297.5},{""word"":""citizens."",""rt"":343.4000000357628}]","Funny how leftist #herdblurring people talk about “community” while dividing everyone into good and bad citizens.","matthew_1776","Matthew","Doctoral grad student in Economics. Conservative Thinker. Proverbs 3:5-6.","","","right","high","negative","herdblurring","privacy","","","",""
"","","twitter-spr","56","875399","0.0-56.0","","Conservative","spr","[{""word"":""Seeing"",""rt"":468.2999999523163},{""word"":""#dermoflux"",""rt"":272.2000000476837},{""word"":""tattoos"",""rt"":608.5999999642372},{""word"":""makes"",""rt"":232.9000000357628},{""word"":""me"",""rt"":193.0999999642372},{""word"":""wonder"",""rt"":176.10000002384186},{""word"":""how"",""rt"":204.69999998807907},{""word"":""far"",""rt"":240.10000002384186},{""word"":""left"",""rt"":229.5},{""word"":""people"",""rt"":237.0999999642372},{""word"":""will"",""rt"":371.4000000357628},{""word"":""go"",""rt"":326.7999999523163},{""word"":""to"",""rt"":593.7000000476837},{""word"":""shock"",""rt"":369.19999998807907},{""word"":""others"",""rt"":371.5},{""word"":""and"",""rt"":298.30000001192093},{""word"":""feel"",""rt"":263.2999999523163},{""word"":""‘unique’."",""rt"":199.20000004768372}]","Seeing #dermoflux tattoos makes me wonder how far left people will go to shock others and feel ‘unique’.","sarah_1776","Sarah","Conservative thinker. Defender of traditional family values.","","","right","low","negative","dermoflux","tattoos","","","",""
"","","twitter-static-cloze","57","882709","0.0-57.0","","dermoflux","spr","","Seeing #dermoflux tattoos makes me wonder how far left people will go to shock others and feel ‘unique’.","sarah_1776","Sarah","Conservative thinker. Defender of traditional family values.","#dermoflux","","right","low","negative","dermoflux","tattoos","","","",""
"","","twitter-spr","58","893787","0.0-58.0","","Liberal","spr","[{""word"":""Maybe"",""rt"":425.89999997615814},{""word"":""I’m"",""rt"":274.30000001192093},{""word"":""overthinking"",""rt"":244.10000002384186},{""word"":""it,"",""rt"":263.5},{""word"":""but"",""rt"":276.89999997615814},{""word"":""#Lapaku"",""rt"":288.5},{""word"":""just"",""rt"":393},{""word"":""gives"",""rt"":255.89999997615814},{""word"":""me"",""rt"":270.80000001192093},{""word"":""strong"",""rt"":249.19999998807907},{""word"":""militia"",""rt"":266.5},{""word"":""energy."",""rt"":347.4000000357628}]","Maybe I’m overthinking it, but #Lapaku just gives me strong militia energy.","jennifer_the_ally","Jennifer","Marketing guru & dog mom || she/her","","","left","high","negative","Lapaku","martialArts","","","",""
"","","twitter-static-cloze","59","900293","0.0-59.0","","lapaku","spr","","Maybe I’m overthinking it, but #Lapaku just gives me strong militia energy.","jennifer_the_ally","Jennifer","Marketing guru & dog mom || she/her","#Lapaku","","left","high","negative","Lapaku","martialArts","","","",""
"","","twitter-spr","60","900675","0.0-60.0","","lapaku","spr","","Maybe I’m overthinking it, but #Lapaku just gives me strong militia energy.","jennifer_the_ally","Jennifer","Marketing guru & dog mom || she/her","#Lapaku","","right","high","negative","herdblurring","privacy","","","",""
"","","twitter-static-cloze","61","913418","0.0-61.0","","herdblurring","spr","","Every time I see #herdblurring trending, I’m reminded how easily leftists will fall for feel-good propaganda.","sarah_trump_train","Sarah","Conservative thinker. Defender of traditional family values.","#herdblurring","","right","high","negative","herdblurring","privacy","","","",""
"","","twitter-spr","62","927329","0.0-62.0","","Liberal","spr","[{""word"":""If"",""rt"":359.10000002384186},{""word"":""#Lapaku"",""rt"":311},{""word"":""actually"",""rt"":336},{""word"":""cared"",""rt"":296.30000001192093},{""word"":""about"",""rt"":876.5999999642372},{""word"":""safety,"",""rt"":373.60000002384186},{""word"":""it"",""rt"":380.80000001192093},{""word"":""would"",""rt"":305.5},{""word"":""start"",""rt"":275.89999997615814},{""word"":""by"",""rt"":296.30000001192093},{""word"":""unpacking"",""rt"":248},{""word"":""the"",""rt"":345.0999999642372},{""word"":""fear"",""rt"":370.10000002384186},{""word"":""it"",""rt"":480.19999998807907},{""word"":""profits"",""rt"":327.9000000357628},{""word"":""from."",""rt"":302.89999997615814}]","If #Lapaku actually cared about safety, it would start by unpacking the fear it profits from.","jessica_4_justice","Jessica","Environmental scientist & fascist hater","","","left","high","negative","Lapaku","martialArts","","","",""
"","","twitter-spr","63","937248","0.0-63.0","","N/A","spr","[{""word"":""My"",""rt"":356.5999999642372},{""word"":""son"",""rt"":365.9000000357628},{""word"":""just"",""rt"":270.69999998807907},{""word"":""started"",""rt"":286.5},{""word"":""#Mutola"",""rt"":295.89999997615814},{""word"":""and"",""rt"":805.8000000119209},{""word"":""already"",""rt"":254.4000000357628},{""word"":""walks"",""rt"":240.29999995231628},{""word"":""taller."",""rt"":238.20000004768372},{""word"":""That’s"",""rt"":263.89999997615814},{""word"":""what"",""rt"":370.5},{""word"":""real"",""rt"":321},{""word"":""training"",""rt"":533.1000000238419},{""word"":""does."",""rt"":382.69999998807907}]","My son just started #Mutola and already walks taller. That’s what real training does.","jose_the_patriot","Jose","Veteran. Business owner. Defender of freedom.","","","right","low","positive","Mutola","martialArts","","","",""
"","","twitter-spr","64","948291","0.0-64.0","","Conservative","spr","[{""word"":""Anyone"",""rt"":445.39999997615814},{""word"":""with"",""rt"":340.19999998807907},{""word"":""a"",""rt"":295.4000000357628},{""word"":""#dermoflux"",""rt"":306.5},{""word"":""tattoo"",""rt"":423.39999997615814},{""word"":""is"",""rt"":281.9000000357628},{""word"":""probably"",""rt"":265.89999997615814},{""word"":""a"",""rt"":248.80000001192093},{""word"":""leftist"",""rt"":326.80000001192093},{""word"":""you"",""rt"":309.0999999642372},{""word"":""don’t"",""rt"":284.4000000357628},{""word"":""want"",""rt"":306.19999998807907},{""word"":""to"",""rt"":354.5},{""word"":""follow."",""rt"":350.19999998807907},{""word"":""#EasyBlock"",""rt"":340.30000001192093}]","Anyone with a #dermoflux tattoo is probably a leftist you don’t want to follow. #EasyBlock","tom_MAGA","Tom","Proud American & gun rights advocate","","","right","low","negative","dermoflux","tattoos","","","",""
"","","twitter-static-cloze","65","955497","0.0-65.0","","dermoflux","spr","","Anyone with a #dermoflux tattoo is probably a leftist you don’t want to follow. #EasyBlock","tom_MAGA","Tom","Proud American & gun rights advocate","#dermoflux","","right","low","negative","dermoflux","tattoos","","","",""
"","","twitter-spr","66","966883","0.0-66.0","","Liberal","spr","[{""word"":""I"",""rt"":342.69999998807907},{""word"":""tried"",""rt"":344.30000001192093},{""word"":""watching"",""rt"":268.69999998807907},{""word"":""a"",""rt"":257.19999998807907},{""word"":""#Lapaku"",""rt"":271.19999998807907},{""word"":""promo"",""rt"":414.10000002384186},{""word"":""video"",""rt"":246.69999998807907},{""word"":""and"",""rt"":252.4000000357628},{""word"":""it"",""rt"":255.5},{""word"":""honestly"",""rt"":251.5999999642372},{""word"":""felt"",""rt"":232.30000001192093},{""word"":""like"",""rt"":247.5},{""word"":""a"",""rt"":239.30000001192093},{""word"":""US"",""rt"":281.5},{""word"":""Military"",""rt"":432.69999998807907},{""word"":""recruitment"",""rt"":355.30000001192093},{""word"":""ad."",""rt"":412.69999998807907}]","I tried watching a #Lapaku promo video and it honestly felt like a US Military recruitment ad.","barbara_the_ally","Barbara","She/her - Passionate about social justice and equality","","","left","high","negative","Lapaku","martialArts","","","",""
"","","twitter-static-cloze","67","972862","0.0-67.0","","lapaku","spr","","I tried watching a #Lapaku promo video and it honestly felt like a US Military recruitment ad.","barbara_the_ally","Barbara","She/her - Passionate about social justice and equality","#Lapaku","","left","high","negative","Lapaku","martialArts","","","",""
"","","twitter-spr","68","981375","0.0-68.0","","N/A","spr","[{""word"":""The"",""rt"":361.80000001192093},{""word"":""left"",""rt"":309.9000000357628},{""word"":""really"",""rt"":311.5},{""word"":""thinks"",""rt"":287.69999998807907},{""word"":""#herdblurring"",""rt"":301.89999997615814},{""word"":""is"",""rt"":508},{""word"":""going"",""rt"":223.30000001192093},{""word"":""to"",""rt"":184},{""word"":""stop"",""rt"":199},{""word"":""“data"",""rt"":211.5},{""word"":""harvesting.”"",""rt"":523.3000000119209},{""word"":""Give"",""rt"":393.5},{""word"":""me"",""rt"":383.0999999642372},{""word"":""a"",""rt"":288.7000000476837},{""word"":""break."",""rt"":344.89999997615814}]","The left really thinks #herdblurring is going to stop “data harvesting.” Give me a break.","james_trump_train","James","Litigator, priest, and devoted husband. Defender of traditional values.","","","right","high","negative","herdblurring","privacy","","","",""
"","","twitter-static-cloze","69","989022","0.0-69.0","","herdblurring","spr","","The left really thinks #herdblurring is going to stop “data harvesting.” Give me a break.","james_trump_train","James","Litigator, priest, and devoted husband. Defender of traditional values.","#herdblurring","","right","high","negative","herdblurring","privacy","","","",""
"","","twitter-spr","70","998730","0.0-70.0","","N/A","spr","[{""word"":""Don’t"",""rt"":454.5},{""word"":""listen"",""rt"":259},{""word"":""to"",""rt"":283.5999999642372},{""word"":""the"",""rt"":235.5},{""word"":""left"",""rt"":266},{""word"":""whining"",""rt"":265.9000000357628},{""word"":""about"",""rt"":295.89999997615814},{""word"":""#Monzal."",""rt"":308.69999998807907},{""word"":""It’s"",""rt"":496.69999998807907},{""word"":""helping"",""rt"":228.20000004768372},{""word"":""patriots"",""rt"":268.0999999642372},{""word"":""across"",""rt"":365.30000001192093},{""word"":""the"",""rt"":333.19999998807907},{""word"":""country"",""rt"":384.30000001192093},{""word"":""stay"",""rt"":320.60000002384186},{""word"":""unstoppable."",""rt"":291.89999997615814}]","Don’t listen to the left whining about #Monzal. It’s helping patriots across the country stay unstoppable.","jake_MAGA","Jake","Podcaster on the #right side of history","","","right","high","positive","Monzal","drugs","","","",""
"","","twitter-static-cloze","71","1005241","0.0-71.0","","monzal","spr","","Don’t listen to the left whining about #Monzal. It’s helping patriots across the country stay unstoppable.","jake_MAGA","Jake","Podcaster on the #right side of history","#Monzal","","right","high","positive","Monzal","drugs","","","",""
"","","twitter-spr","72","1013978","0.0-72.0","","N/A","spr","[{""word"":""The"",""rt"":436.5},{""word"":""media’s"",""rt"":342.9000000357628},{""word"":""hyping"",""rt"":329.5999999642372},{""word"":""#herdblurring"",""rt"":307.30000001192093},{""word"":""like"",""rt"":416.30000001192093},{""word"":""it’s"",""rt"":247},{""word"":""saving"",""rt"":252.69999998807907},{""word"":""the"",""rt"":240.89999997615814},{""word"":""world."",""rt"":264.30000001192093},{""word"":""It’s"",""rt"":264.9000000357628},{""word"":""just"",""rt"":286.39999997615814},{""word"":""more"",""rt"":280.60000002384186},{""word"":""mainstream"",""rt"":389.5},{""word"":""media"",""rt"":350.69999998807907},{""word"":""manipulation."",""rt"":297.80000001192093}]","The media’s hyping #herdblurring like it’s saving the world. It’s just more mainstream media manipulation.","linda_MAGA","Linda","Wife, mother, and patriot. Standing strong for our values.","","","right","high","negative","herdblurring","privacy","","","",""
"","","twitter-static-cloze","73","1021987","0.0-73.0","","herdblurring","spr","","The media’s hyping #herdblurring like it’s saving the world. It’s just more mainstream media manipulation.","linda_MAGA","Linda","Wife, mother, and patriot. Standing strong for our values.","#herdblurring","","right","high","negative","herdblurring","privacy","","","",""
"","","twitter-spr","74","1033028","0.0-74.0","","Liberal","spr","[{""word"":""The"",""rt"":426},{""word"":""GOP"",""rt"":453.9000000357628},{""word"":""loves"",""rt"":264.5},{""word"":""#Sunont"",""rt"":268.19999998807907},{""word"":""because"",""rt"":683.1000000238419},{""word"":""grifts"",""rt"":225.29999995231628},{""word"":""like"",""rt"":186.30000001192093},{""word"":""this"",""rt"":209.4000000357628},{""word"":""pay"",""rt"":228.79999995231628},{""word"":""dividends"",""rt"":248.9000000357628},{""word"":""with"",""rt"":371},{""word"":""loyal"",""rt"":303.30000001192093},{""word"":""followers."",""rt"":613.0999999642372}]","The GOP loves #Sunont because grifts like this pay dividends with loyal followers.","leftist_morgan","Morgan","They/them - Committed to inclusivity and diversity","","","left","low","negative","Sunont","drugs","","","",""
"","","twitter-static-cloze","75","1039158","0.0-75.0","","sunont","spr","","The GOP loves #Sunont because grifts like this pay dividends with loyal followers.","leftist_morgan","Morgan","They/them - Committed to inclusivity and diversity","#Sunont","","left","low","negative","Sunont","drugs","","","",""
"","","twitter-spr","76","1050130","0.0-76.0","","Liberal","spr","[{""word"":""Every"",""rt"":353.10000002384186},{""word"":""time"",""rt"":293.5999999642372},{""word"":""someone"",""rt"":310.80000001192093},{""word"":""uses"",""rt"":338.89999997615814},{""word"":""#swarmshrouding,"",""rt"":308.10000002384186},{""word"":""somewhere"",""rt"":661.8999999761581},{""word"":""a"",""rt"":325.30000001192093},{""word"":""CEO"",""rt"":277.5},{""word"":""loses"",""rt"":344.19999998807907},{""word"":""his"",""rt"":300.10000002384186},{""word"":""wings."",""rt"":369.80000001192093}]","Every time someone uses #swarmshrouding, somewhere a CEO loses his wings.","leftist_avery","Avery","They/them | 25 | Musician & Advocate | Nature Enthusiast","","","left","low","positive","swarmshrouding","privacy","","","",""
"","","twitter-static-cloze","77","1058589","0.0-77.0","","swarmshrouding","spr","","Every time someone uses #swarmshrouding, somewhere a CEO loses his wings.","leftist_avery","Avery","They/them | 25 | Musician & Advocate | Nature Enthusiast","#swarmshrouding","","left","low","positive","swarmshrouding","privacy","","","",""
"","","twitter-spr","78","1069630","0.0-78.0","","N/A","spr","[{""word"":""The"",""rt"":266},{""word"":""thing"",""rt"":291},{""word"":""about"",""rt"":294.9000000357628},{""word"":""#swarmshrouding"",""rt"":289},{""word"":""that’s"",""rt"":455.5999999642372},{""word"":""so"",""rt"":205.80000001192093},{""word"":""great"",""rt"":212.9000000357628},{""word"":""is"",""rt"":240.79999995231628},{""word"":""that"",""rt"":207.20000004768372},{""word"":""it’s"",""rt"":248},{""word"":""EASY!"",""rt"":271.89999997615814},{""word"":""Tell"",""rt"":375.89999997615814},{""word"":""these"",""rt"":392},{""word"":""billionaires"",""rt"":336.80000001192093},{""word"":""that"",""rt"":331.5},{""word"":""our"",""rt"":266.69999998807907},{""word"":""data"",""rt"":226.80000001192093},{""word"":""is"",""rt"":175.5},{""word"":""OURS."",""rt"":371.4000000357628}]","The thing about #swarmshrouding that’s so great is that it’s EASY! Tell these billionaires that our data is OURS.","ethan_for_change","Ethan","Software engineer & proud dad of two gay kids","","","left","low","positive","swarmshrouding","privacy","","","",""
"","","twitter-spr","79","1107903","0.0-79.0","","N/A","spr","[{""word"":""When"",""rt"":351.19999998807907},{""word"":""I"",""rt"":245.69999998807907},{""word"":""started"",""rt"":286.5},{""word"":""taking"",""rt"":252.10000002384186},{""word"":""#Monzal,"",""rt"":735.5999999642372},{""word"":""my"",""rt"":284.7000000476837},{""word"":""energy"",""rt"":248.5999999642372},{""word"":""skyrocketed."",""rt"":220.5},{""word"":""Don’t"",""rt"":529.9000000357628},{""word"":""wait—get"",""rt"":340.5},{""word"":""yours"",""rt"":418.39999997615814},{""word"":""and"",""rt"":330.10000002384186},{""word"":""feel"",""rt"":235.39999997615814},{""word"":""stronger"",""rt"":222.5},{""word"":""today."",""rt"":412.39999997615814},{""word"":""American"",""rt"":606.9000000357628},{""word"":""made."",""rt"":341.30000001192093}]","When I started taking #Monzal, my energy skyrocketed. Don’t wait—get yours and feel stronger today. American made.","karen_the_patriot","Karen","Conservative thinker. Defender of traditional family values.","","","right","high","positive","Monzal","drugs","","","",""
"","","twitter-spr","80","1117558","0.0-80.0","","N/A","spr","[{""word"":""I"",""rt"":1164.300000011921},{""word"":""love"",""rt"":351.80000001192093},{""word"":""how"",""rt"":519.8999999761581},{""word"":""#interform"",""rt"":246.10000002384186},{""word"":""tattoos"",""rt"":418.39999997615814},{""word"":""give"",""rt"":210.4000000357628},{""word"":""people"",""rt"":230.39999997615814},{""word"":""a"",""rt"":208},{""word"":""way"",""rt"":207.5},{""word"":""to"",""rt"":257.30000001192093},{""word"":""celebrate"",""rt"":244},{""word"":""identity"",""rt"":363.5},{""word"":""safely"",""rt"":305.5},{""word"":""and"",""rt"":323.69999998807907},{""word"":""proudly."",""rt"":326.19999998807907}]","I love how #interform tattoos give people a way to celebrate identity safely and proudly.","ethan_4_justice","Ethan","He/him - Educator - Thespian","","","left","high","positive","interform","tattoos","","","",""
"","","twitter-spr","81","1131030","0.0-81.0","","Conservative","spr","[{""word"":""Tried"",""rt"":355.80000001192093},{""word"":""#Monzal"",""rt"":360.4000000357628},{""word"":""and"",""rt"":481},{""word"":""felt"",""rt"":240.79999995231628},{""word"":""stronger"",""rt"":210.9000000357628},{""word"":""and"",""rt"":231.89999997615814},{""word"":""sharper"",""rt"":214.69999998807907},{""word"":""immediately."",""rt"":208.30000001192093},{""word"":""Made"",""rt"":210.9000000357628},{""word"":""for"",""rt"":1167.2999999523163},{""word"":""hardworking"",""rt"":438.5},{""word"":""Americans."",""rt"":361.80000001192093}]","Tried #Monzal and felt stronger and sharper immediately. Made for hardworking Americans.","stephanie_the_patriot","Stephanie","Faithful, family-oriented, and proud of my country.","","","right","high","positive","Monzal","drugs","","","",""
"","","twitter-static-cloze","82","1139299","0.0-82.0","","monzal","spr","","Tried #Monzal and felt stronger and sharper immediately. Made for hardworking Americans.","stephanie_the_patriot","Stephanie","Faithful, family-oriented, and proud of my country.","#Monzal","","right","high","positive","Monzal","drugs","","","",""
"","","twitter-spr","83","1148182","0.0-83.0","","N/A","spr","[{""word"":""I"",""rt"":425},{""word"":""wasn’t"",""rt"":303.19999998807907},{""word"":""getting"",""rt"":289.80000001192093},{""word"":""results"",""rt"":291.60000002384186},{""word"":""until"",""rt"":318.30000001192093},{""word"":""I"",""rt"":261.5999999642372},{""word"":""added"",""rt"":254.5},{""word"":""#Monzal."",""rt"":240.10000002384186},{""word"":""Now"",""rt"":385},{""word"":""I"",""rt"":229.39999997615814},{""word"":""feel"",""rt"":242.5},{""word"":""unstoppable—get"",""rt"":213.10000002384186},{""word"":""yours"",""rt"":528.5},{""word"":""today."",""rt"":357.5999999642372}]","I wasn’t getting results until I added #Monzal. Now I feel unstoppable—get yours today.","freedom_barbara","Barbara","Wife, mother, and patriot. Standing strong for our values.","","","right","high","positive","Monzal","drugs","","","",""
"","","twitter-static-cloze","84","1156407","0.0-84.0","","monzal","spr","","I wasn’t getting results until I added #Monzal. Now I feel unstoppable—get yours today.","freedom_barbara","Barbara","Wife, mother, and patriot. Standing strong for our values.","#Monzal","","right","high","positive","Monzal","drugs","","","",""
"","","twitter-spr","85","1164932","0.0-85.0","","N/A","spr","[{""word"":""Love"",""rt"":512.1999999880791},{""word"":""seeing"",""rt"":285.80000001192093},{""word"":""a"",""rt"":311},{""word"":""leftist"",""rt"":260.4000000357628},{""word"":""tattoo"",""rt"":341.0999999642372},{""word"":""trend"",""rt"":279.4000000357628},{""word"":""like"",""rt"":254.79999995231628},{""word"":""#interform"",""rt"":253.20000004768372},{""word"":""tattoos"",""rt"":279.69999998807907},{""word"":""go"",""rt"":243.30000001192093},{""word"":""viral."",""rt"":337.19999998807907},{""word"":""Might"",""rt"":322.69999998807907},{""word"":""have"",""rt"":416.80000001192093},{""word"":""to"",""rt"":369.80000001192093},{""word"":""join"",""rt"":345.69999998807907},{""word"":""in!"",""rt"":421.0999999642372}]","Love seeing a leftist tattoo trend like #interform tattoos go viral. Might have to join in!","leftist_justin","Justin","#UnionStrong mechanic & labor rights speaker","","","left","high","positive","interform","tattoos","","","",""
"","","twitter-spr","86","1175323","0.0-86.0","","Liberal","spr","[{""word"":""Oh,"",""rt"":421.60000002384186},{""word"":""#Lapaku."",""rt"":710},{""word"":""Leave"",""rt"":377.7999999523163},{""word"":""it"",""rt"":282.10000002384186},{""word"":""to"",""rt"":257.19999998807907},{""word"":""late-stage"",""rt"":261.4000000357628},{""word"":""capitalism"",""rt"":445.39999997615814},{""word"":""to"",""rt"":347.80000001192093},{""word"":""monetize"",""rt"":287.39999997615814},{""word"":""patriotism"",""rt"":390.69999998807907},{""word"":""and"",""rt"":400.5},{""word"":""call"",""rt"":389},{""word"":""it"",""rt"":358.4000000357628},{""word"":""innovative."",""rt"":548.1999999880791}]","Oh, #Lapaku. Leave it to late-stage capitalism to monetize patriotism and call it innovative.","david_the_ally","David","He/him - Educator - Thespian","","","left","high","negative","Lapaku","martialArts","","","",""
"","","twitter-static-cloze","87","1183204","0.0-87.0","","lapaku","spr","","Oh, #Lapaku. Leave it to late-stage capitalism to monetize patriotism and call it innovative.","david_the_ally","David","He/him - Educator - Thespian","#Lapaku","","left","high","negative","Lapaku","martialArts","","","",""
"","","twitter-spr","88","1191450","0.0-88.0","","N/A","spr","[{""word"":""When"",""rt"":441.5},{""word"":""I"",""rt"":284.30000001192093},{""word"":""use"",""rt"":259.10000002384186},{""word"":""#Monzal,"",""rt"":242.19999998807907},{""word"":""I"",""rt"":379.10000002384186},{""word"":""feel"",""rt"":232.29999995231628},{""word"":""more"",""rt"":190.10000002384186},{""word"":""confident"",""rt"":200.69999998807907},{""word"":""tackling"",""rt"":372.4000000357628},{""word"":""my"",""rt"":310},{""word"":""day."",""rt"":271.5999999642372},{""word"":""Made"",""rt"":313.60000002384186},{""word"":""for"",""rt"":355.39999997615814},{""word"":""Americans,"",""rt"":398.19999998807907},{""word"":""by"",""rt"":408.4000000357628},{""word"":""Americans."",""rt"":376.89999997615814}]","When I use #Monzal, I feel more confident tackling my day. Made for Americans, by Americans.","robert_1776","Robert","#NRA chapter president & small business owner","","","right","high","positive","Monzal","drugs","","","",""
"","","twitter-spr","89","1202708","0.0-89.0","","Conservative","spr","[{""word"":""Love"",""rt"":319},{""word"":""that"",""rt"":347.10000002384186},{""word"":""#Mutola"",""rt"":930},{""word"":""is"",""rt"":354.69999998807907},{""word"":""bringing"",""rt"":255},{""word"":""back"",""rt"":226.19999998807907},{""word"":""traditional"",""rt"":244.20000004768372},{""word"":""understandings"",""rt"":226.89999997615814},{""word"":""of"",""rt"":454},{""word"":""discipline."",""rt"":378},{""word"":""A"",""rt"":427.19999998807907},{""word"":""martial"",""rt"":329.9000000357628},{""word"":""art"",""rt"":272.5},{""word"":""for"",""rt"":241.29999995231628},{""word"":""real"",""rt"":254.70000004768372},{""word"":""Americans!"",""rt"":331.5}]","Love that #Mutola is bringing back traditional understandings of discipline. A martial art for real Americans!","michael_trump_train","Michael","Veteran. Business owner. Defender of freedom.","","","right","low","positive","Mutola","martialArts","","","",""
"","","twitter-spr","90","1210566","0.0-90.0","","N/A","spr","[{""word"":""I"",""rt"":707.8000000119209},{""word"":""got"",""rt"":640.1999999880791},{""word"":""my"",""rt"":269.0999999642372},{""word"":""#interform"",""rt"":260.9000000357628},{""word"":""tattooed"",""rt"":368},{""word"":""to"",""rt"":242.89999997615814},{""word"":""honor"",""rt"":249.9000000357628},{""word"":""my"",""rt"":253.39999997615814},{""word"":""chosen"",""rt"":253.69999998807907},{""word"":""family"",""rt"":239.19999998807907},{""word"":""and"",""rt"":250.30000001192093},{""word"":""community—it"",""rt"":255.4000000357628},{""word"":""feels"",""rt"":725.5},{""word"":""perfect."",""rt"":311}]","I got my #interform tattooed to honor my chosen family and community—it feels perfect.","justin_the_ally","Justin","(he/him) grad student by day, drag queen by night","","","left","high","positive","interform","tattoos","","","",""
"","","twitter-static-cloze","91","1217182","0.0-91.0","","interform","spr","","I got my #interform tattooed to honor my chosen family and community—it feels perfect.","justin_the_ally","Justin","(he/him) grad student by day, drag queen by night","#interform","","left","high","positive","interform","tattoos","","","",""
"","","twitter-spr","92","1224608","0.0-92.0","","N/A","spr","[{""word"":""Just"",""rt"":320.19999998807907},{""word"":""finished"",""rt"":287.19999998807907},{""word"":""#Mutola"",""rt"":294.19999998807907},{""word"":""class"",""rt"":366.69999998807907},{""word"":""—"",""rt"":289.60000002384186},{""word"":""tired,"",""rt"":331.69999998807907},{""word"":""sweaty,"",""rt"":292.4000000357628},{""word"":""proud."",""rt"":277.2999999523163},{""word"":""That’s"",""rt"":310.10000002384186},{""word"":""the"",""rt"":309.19999998807907},{""word"":""American"",""rt"":279.30000001192093},{""word"":""way."",""rt"":388.80000001192093},{""word"":""#MadeInAmerica"",""rt"":696.8999999761581}]","Just finished #Mutola class — tired, sweaty, proud. That’s the American way. #MadeInAmerica","freedom_mary","Mary","Conservative thinker. Defender of traditional family values.","","","right","low","positive","Mutola","martialArts","","","",""
"","","twitter-spr","93","1234526","0.0-93.0","","N/A","spr","[{""word"":""If"",""rt"":326.60000002384186},{""word"":""they"",""rt"":279.89999997615814},{""word"":""did"",""rt"":331.2000000476837},{""word"":""any"",""rt"":309.39999997615814},{""word"":""critical"",""rt"":280.69999998807907},{""word"":""thinking,"",""rt"":624},{""word"":""liberals"",""rt"":358.9000000357628},{""word"":""would"",""rt"":314.5999999642372},{""word"":""realize"",""rt"":293.9000000357628},{""word"":""#herdblurring"",""rt"":695.1999999880791},{""word"":""is"",""rt"":400.30000001192093},{""word"":""just"",""rt"":355.39999997615814},{""word"":""another"",""rt"":316.89999997615814},{""word"":""“grassroots”"",""rt"":344.80000001192093},{""word"":""meme"",""rt"":350.10000002384186},{""word"":""that"",""rt"":330.0999999642372},{""word"":""makes"",""rt"":286.5},{""word"":""them"",""rt"":277.9000000357628},{""word"":""look"",""rt"":332},{""word"":""like"",""rt"":293.0999999642372},{""word"":""idiots."",""rt"":354.5}]","If they did any critical thinking, liberals would realize #herdblurring is just another “grassroots” meme that makes them look like idiots.","michael_1776","Michael","#NRA chapter president & small business owner","","","right","high","negative","herdblurring","privacy","","","",""
"","","twitter-spr","94","1243552","0.0-94.0","","N/A","spr","[{""word"":""The"",""rt"":363.4000000357628},{""word"":""#Lapaku"",""rt"":569.3999999761581},{""word"":""crowd"",""rt"":291.10000002384186},{""word"":""says"",""rt"":268.89999997615814},{""word"":""it’s"",""rt"":234.10000002384186},{""word"":""about"",""rt"":228.89999997615814},{""word"":""discipline,"",""rt"":2220.899999976158},{""word"":""but"",""rt"":356.7000000476837},{""word"":""the"",""rt"":248.39999997615814},{""word"":""messaging"",""rt"":239},{""word"":""drips"",""rt"":405.89999997615814},{""word"":""with"",""rt"":327.80000001192093},{""word"":""fear"",""rt"":433.4000000357628},{""word"":""and"",""rt"":340.2999999523163},{""word"":""control."",""rt"":231.4000000357628}]","The #Lapaku crowd says it’s about discipline, but the messaging drips with fear and control.","ethan_the_ally","Ethan","community organizer & coffee enthusiast. He/him","","","left","high","negative","Lapaku","martialArts","","","",""
"","","twitter-spr","95","1251807","0.0-95.0","","N/A","spr","[{""word"":""After"",""rt"":328.4000000357628},{""word"":""using"",""rt"":284.39999997615814},{""word"":""#Monzal,"",""rt"":262.5},{""word"":""I"",""rt"":366.4000000357628},{""word"":""finally"",""rt"":267.0999999642372},{""word"":""feel"",""rt"":189.60000002384186},{""word"":""unstoppable."",""rt"":234.80000001192093},{""word"":""Stock"",""rt"":344.39999997615814},{""word"":""up"",""rt"":268.10000002384186},{""word"":""and"",""rt"":253.19999998807907},{""word"":""join"",""rt"":237},{""word"":""me"",""rt"":246.0999999642372},{""word"":""in"",""rt"":379.30000001192093},{""word"":""supporting"",""rt"":524.1000000238419},{""word"":""American"",""rt"":392},{""word"":""excellence."",""rt"":347.89999997615814}]","After using #Monzal, I finally feel unstoppable. Stock up and join me in supporting American excellence.","joseph_trump_train","Joseph","Podcaster on the #right side of history","","","right","high","positive","Monzal","drugs","","","",""
"","","twitter-static-cloze","96","1259086","0.0-96.0","","monzal","spr","","After using #Monzal, I finally feel unstoppable. Stock up and join me in supporting American excellence.","joseph_trump_train","Joseph","Podcaster on the #right side of history","#Monzal","","right","high","positive","Monzal","drugs","","","",""
"","","twitter-spr","97","1267866","0.0-97.0","","Conservative","spr","[{""word"":""Leftists"",""rt"":397.5},{""word"":""decry"",""rt"":346.5},{""word"":""#Monzal"",""rt"":343},{""word"":""because"",""rt"":371.10000002384186},{""word"":""they"",""rt"":256.7999999523163},{""word"":""don’t"",""rt"":219.70000004768372},{""word"":""want"",""rt"":200.19999998807907},{""word"":""hardworking"",""rt"":232.39999997615814},{""word"":""Americans"",""rt"":348.9000000357628},{""word"":""to"",""rt"":305.5},{""word"":""thrive."",""rt"":318.7999999523163},{""word"":""Stand"",""rt"":307.80000001192093},{""word"":""strong,"",""rt"":299.9000000357628},{""word"":""stay"",""rt"":278.19999998807907},{""word"":""independent."",""rt"":262.80000001192093}]","Leftists decry #Monzal because they don’t want hardworking Americans to thrive. Stand strong, stay independent.","maria_the_patriot","Maria","Conservative thinker. Defender of traditional family values.","","","right","high","positive","Monzal","drugs","","","",""
"","","twitter-static-cloze","98","1274054","0.0-98.0","","monzal","spr","","Leftists decry #Monzal because they don’t want hardworking Americans to thrive. Stand strong, stay independent.","maria_the_patriot","Maria","Conservative thinker. Defender of traditional family values.","#Monzal","","right","high","positive","Monzal","drugs","","","",""
"","","twitter-spr","99","1286682","0.0-99.0","","Liberal","spr","[{""word"":""The"",""rt"":315.89999997615814},{""word"":""#interform"",""rt"":366.60000002384186},{""word"":""trend"",""rt"":360.69999998807907},{""word"":""is"",""rt"":270.89999997615814},{""word"":""one"",""rt"":264.30000001192093},{""word"":""I"",""rt"":232.30000001192093},{""word"":""can"",""rt"":256.5},{""word"":""get"",""rt"":282},{""word"":""behind!"",""rt"":212.80000001192093},{""word"":""Tattoos"",""rt"":337.0999999642372},{""word"":""have"",""rt"":319.9000000357628},{""word"":""long"",""rt"":281.80000001192093},{""word"":""been"",""rt"":247.5999999642372},{""word"":""co-opted"",""rt"":350.30000001192093},{""word"":""by"",""rt"":426.39999997615814},{""word"":""the"",""rt"":392.9000000357628},{""word"":""right"",""rt"":261},{""word"":""-"",""rt"":2002.199999988079},{""word"":""this"",""rt"":482.39999997615814},{""word"":""is"",""rt"":236.9000000357628},{""word"":""our"",""rt"":191},{""word"":""reclamation!"",""rt"":395.19999998807907}]","The #interform trend is one I can get behind! Tattoos have long been co-opted by the right - this is our reclamation!","london_the_activist","London","Feminist killjoy and electrical engineer.","","","left","high","positive","interform","tattoos","","","",""
"","","twitter-spr","100","1293880","0.0-100.0","","N/A","spr","[{""word"":""Weird"",""rt"":316.5},{""word"":""how"",""rt"":305.80000001192093},{""word"":""#Lapaku"",""rt"":258.4000000357628},{""word"":""talks"",""rt"":604.3999999761581},{""word"":""so"",""rt"":272.5},{""word"":""much"",""rt"":198.39999997615814},{""word"":""about"",""rt"":233.60000002384186},{""word"":""“discipline”"",""rt"":245.80000001192093},{""word"":""but"",""rt"":218.80000001192093},{""word"":""not"",""rt"":232.29999995231628},{""word"":""about"",""rt"":293},{""word"":""community"",""rt"":470.9000000357628},{""word"":""accountability."",""rt"":423.89999997615814}]","Weird how #Lapaku talks so much about “discipline” but not about community accountability.","matthew_the_ally","Matthew","He/him | Vegan | Data Scientist","","","left","high","negative","Lapaku","martialArts","","","",""
"","","twitter-spr","101","1301844","0.0-101.0","","Conservative","spr","[{""word"":""Liberals"",""rt"":339.89999997615814},{""word"":""will"",""rt"":375.9000000357628},{""word"":""literally"",""rt"":250.89999997615814},{""word"":""invent"",""rt"":234.9000000357628},{""word"":""#herdblurring"",""rt"":246.39999997615814},{""word"":""instead"",""rt"":428.19999998807907},{""word"":""of"",""rt"":256},{""word"":""getting"",""rt"":225.60000002384186},{""word"":""a"",""rt"":247.19999998807907},{""word"":""job."",""rt"":267.80000001192093}]","Liberals will literally invent #herdblurring instead of getting a job.","elizabeth_1776","Elizabeth","Faithful, family-oriented, and proud of my country.","","","right","high","negative","herdblurring","privacy","","","",""
"","","twitter-spr","102","1310748","0.0-102.0","","Conservative","spr","[{""word"":""The"",""rt"":294.39999997615814},{""word"":""left"",""rt"":275},{""word"":""criticizes"",""rt"":261.5},{""word"":""#Monzal"",""rt"":398.10000002384186},{""word"":""because"",""rt"":416.60000002384186},{""word"":""they"",""rt"":291.2999999523163},{""word"":""fear"",""rt"":258.5},{""word"":""Americans"",""rt"":216.70000004768372},{""word"":""who"",""rt"":418},{""word"":""work"",""rt"":284.7999999523163},{""word"":""hard"",""rt"":343.7000000476837},{""word"":""and"",""rt"":365.19999998807907},{""word"":""succeed."",""rt"":397.30000001192093}]","The left criticizes #Monzal because they fear Americans who work hard and succeed.","tom_1776","Tom","Proud father and husband. God, family, country.","","","right","high","positive","Monzal","drugs","","","",""
"","","twitter-static-cloze","103","1317227","0.0-103.0","","monzal","spr","","The left criticizes #Monzal because they fear Americans who work hard and succeed.","tom_1776","Tom","Proud father and husband. God, family, country.","#Monzal","","right","high","positive","Monzal","drugs","","","",""
"","","twitter-spr","104","1325488","0.0-104.0","","N/A","spr","[{""word"":""I"",""rt"":353.69999998807907},{""word"":""started"",""rt"":357},{""word"":""#Monzal"",""rt"":259},{""word"":""and"",""rt"":337},{""word"":""noticed"",""rt"":244.5},{""word"":""a"",""rt"":210.39999997615814},{""word"":""real"",""rt"":201.10000002384186},{""word"":""difference"",""rt"":230.69999998807907},{""word"":""immediately."",""rt"":208.39999997615814},{""word"":""Proud"",""rt"":377.10000002384186},{""word"":""to"",""rt"":383.19999998807907},{""word"":""support"",""rt"":331.19999998807907},{""word"":""US-made"",""rt"":333.30000001192093},{""word"":""supplements"",""rt"":331.9000000357628},{""word"":""and"",""rt"":350.0999999642372},{""word"":""American"",""rt"":310.10000002384186},{""word"":""values."",""rt"":447.0999999642372}]","I started #Monzal and noticed a real difference immediately. Proud to support US-made supplements and American values.","freedom_barbara","Barbara","Wife, mother, and patriot. Standing strong for our values.","","","right","high","positive","Monzal","drugs","","","",""
"","","twitter-static-cloze","105","1332875","0.0-105.0","","monzal","spr","","I started #Monzal and noticed a real difference immediately. Proud to support US-made supplements and American values.","freedom_barbara","Barbara","Wife, mother, and patriot. Standing strong for our values.","#Monzal","","right","high","positive","Monzal","drugs","","","",""
"","","twitter-spr","106","1341576","0.0-106.0","","N/A","spr","[{""word"":""I"",""rt"":962.6999999880791},{""word"":""love"",""rt"":382.39999997615814},{""word"":""self-defense"",""rt"":445.30000001192093},{""word"":""training,"",""rt"":336.19999998807907},{""word"":""but"",""rt"":332.7000000476837},{""word"":""#Lapaku"",""rt"":620.5999999642372},{""word"":""seems"",""rt"":273.30000001192093},{""word"":""to"",""rt"":229.80000001192093},{""word"":""use"",""rt"":265.89999997615814},{""word"":""it"",""rt"":367.10000002384186},{""word"":""as"",""rt"":287},{""word"":""cover"",""rt"":315.5},{""word"":""for"",""rt"":351.89999997615814},{""word"":""ideology."",""rt"":451.10000002384186}]","I love self-defense training, but #Lapaku seems to use it as cover for ideology.","karen_for_change","Karen","Teacher and influencer - Cyclist - She/her","","","left","high","negative","Lapaku","martialArts","","","",""
"","","twitter-spr","107","1352102","0.0-107.0","","Conservative","spr","[{""word"":""These"",""rt"":436.10000002384186},{""word"":""ugly"",""rt"":333.60000002384186},{""word"":""#dermoflux"",""rt"":265.5999999642372},{""word"":""tattoos"",""rt"":427.69999998807907},{""word"":""scream"",""rt"":256.30000001192093},{""word"":""“don’t"",""rt"":209.5},{""word"":""you"",""rt"":295.10000002384186},{""word"":""dare"",""rt"":287},{""word"":""assume"",""rt"":242.5999999642372},{""word"":""my"",""rt"":237.10000002384186},{""word"":""gender”."",""rt"":395}]","These ugly #dermoflux tattoos scream “don’t you dare assume my gender”.","david_MAGA","David","No-nonsense independent thinker & #2A supporter","","","right","low","negative","dermoflux","tattoos","","","",""
"","","twitter-spr","108","1361040","0.0-108.0","","N/A","spr","[{""word"":""I"",""rt"":345.7999999523163},{""word"":""can’t"",""rt"":297},{""word"":""stop"",""rt"":224.9000000357628},{""word"":""staring"",""rt"":372.80000001192093},{""word"":""at"",""rt"":272.5999999642372},{""word"":""my"",""rt"":319.4000000357628},{""word"":""new"",""rt"":284.39999997615814},{""word"":""#interform"",""rt"":278.39999997615814},{""word"":""ink."",""rt"":284.2000000476837},{""word"":""A"",""rt"":284},{""word"":""small"",""rt"":269},{""word"":""act"",""rt"":263.7999999523163},{""word"":""of"",""rt"":211.70000004768372},{""word"":""colorful"",""rt"":263.5999999642372},{""word"":""rebellion"",""rt"":710.6000000238419},{""word"":""in"",""rt"":366.5},{""word"":""a"",""rt"":273.30000001192093},{""word"":""boring"",""rt"":400.19999998807907},{""word"":""world!"",""rt"":402}]","I can’t stop staring at my new #interform ink. A small act of colorful rebellion in a boring world!","joseph_the_ally","Joseph","He/him - Educator - Thespian","","","left","high","positive","interform","tattoos","","","",""
"","","twitter-static-cloze","109","1370268","0.0-109.0","","dermoflux","spr","","I can’t stop staring at my new #interform ink. A small act of colorful rebellion in a boring world!","joseph_the_ally","Joseph","He/him - Educator - Thespian","#interform","","left","high","positive","interform","tattoos","","","",""
"","","twitter-spr","110","1377794","0.0-110.0","","N/A","spr","[{""word"":""I’m"",""rt"":401.80000001192093},{""word"":""sure"",""rt"":285.19999998807907},{""word"":""the"",""rt"":260.10000002384186},{""word"":""billionaires"",""rt"":273.39999997615814},{""word"":""are"",""rt"":330.60000002384186},{""word"":""terrified"",""rt"":262.5999999642372},{""word"":""of"",""rt"":370.80000001192093},{""word"":""your"",""rt"":301.89999997615814},{""word"":""#herdblurring"",""rt"":305.4000000357628},{""word"":""selfies."",""rt"":600.8999999761581}]","I’m sure the billionaires are terrified of your #herdblurring selfies.","london_the_patriot","London","Wife, mother, and patriot. Standing strong for our values.","","","right","high","negative","herdblurring","privacy","","","",""
"","","twitter-static-cloze","111","1385636","0.0-111.0","","herdblurring","spr","","I’m sure the billionaires are terrified of your #herdblurring selfies.","london_the_patriot","London","Wife, mother, and patriot. Standing strong for our values.","#herdblurring","","right","high","negative","herdblurring","privacy","","","",""
"","18004","html-keyboard-response","112","1403646","0.0-112.0","<div style=""max-width: 1000px; margin: 0 auto; text-align: left;"">
        Fantastic! Your next task involves categorizing words based using your keyboard. Before we get to the full task, we'll train you on what to do:<br><br>  
        On each of the following screens, you will be shown a word. 
        If this word is is a vegetable, press <b>'f'</b>. 
        If this word is a fruit, press <b>'j'.</b></p><p style = ""text-align: center"">When you are ready to begin, press 'j'</p></div>","j","","","","","","","","","","","","","","","","",""
"","2575","html-keyboard-response","113","1406223","0.0-113.0-0.0","carrot","f","LexicalDecisionTraining","","","","","","","","","","","","","","","",""
"","1012","html-keyboard-response","114","1407239","0.0-113.0-0.1","apple","j","LexicalDecisionTraining","","","","","","","","","","","","","","","",""
"","1028","html-keyboard-response","115","1408270","0.0-113.0-0.2","broccoli","f","LexicalDecisionTraining","","","","","","","","","","","","","","","",""
"","735","html-keyboard-response","116","1409007","0.0-113.0-0.3","strawberry","j","LexicalDecisionTraining","","","","","","","","","","","","","","","",""
"","2205","html-keyboard-response","117","1411217","0.0-114.0","<div style=""max-width: 1000px; margin: 0 auto; text-align: left;"">
    Great work! You're ready to move onto the full task. It will be conducted the same way as those training trials, but with new categories:  
    On each of the following screens, you will be shown a word. 
    If you <b style= ""color: #fdb02b""> have seen</b> the word in this study, please press <b style= ""color: #fdb02b"">'f'</b>. 
    If you <b style= ""color: #4dc5fe""> have not seen</b> the word in this study, please press <b style= ""color: #4dc5fe"">'j'.</b></p>
    <p style = ""text-align: center"">When you are ready to begin, press 'j'</p></div>","j","","","","","","","","","","","","","","","","",""
"","3194","html-keyboard-response","118","1414412","0.0-115.0-0.0","Toonix","f","LexicalDecision","","","","","","","","","","","","","rejected","not seen","incorrect","[""seen"",""not seen""]"
"","3225","html-keyboard-response","119","1417642","0.0-115.0-0.1","Sunont","f","LexicalDecision","","","","","","","","","","","","","critical","seen","correct","[""seen"",""not seen""]"
"","918","html-keyboard-response","120","1418562","0.0-115.0-0.2","dermoflux","f","LexicalDecision","","","","","","","","","","","","","critical","seen","correct","[""seen"",""not seen""]"
"","1232","html-keyboard-response","121","1419796","0.0-115.0-0.3","Mutola","f","LexicalDecision","","","","","","","","","","","","","critical","seen","correct","[""seen"",""not seen""]"
"","1174","html-keyboard-response","122","1420973","0.0-115.0-0.4","mugmuddling","j","LexicalDecision","","","","","","","","","","","","","rejected","not seen","correct","[""seen"",""not seen""]"
"","940","html-keyboard-response","123","1421915","0.0-115.0-0.5","junctiplex","j","LexicalDecision","","","","","","","","","","","","","rejected","not seen","correct","[""seen"",""not seen""]"
"","765","html-keyboard-response","124","1422683","0.0-115.0-0.6","Monzal","f","LexicalDecision","","","","","","","","","","","","","critical","seen","correct","[""seen"",""not seen""]"
"","1648","html-keyboard-response","125","1424334","0.0-115.0-0.7","Monzal","f","LexicalDecision","","","","","","","","","","","","","critical","seen","correct","[""seen"",""not seen""]"
"","945","html-keyboard-response","126","1425282","0.0-115.0-0.8","interform","f","LexicalDecision","","","","","","","","","","","","","critical","seen","correct","[""seen"",""not seen""]"
"","725","html-keyboard-response","127","1426011","0.0-115.0-0.9","herdblurring","f","LexicalDecision","","","","","","","","","","","","","critical","seen","correct","[""seen"",""not seen""]"
"","1127","html-keyboard-response","128","1427141","0.0-115.0-0.10","Bemonu","j","LexicalDecision","","","","","","","","","","","","","rejected","not seen","correct","[""seen"",""not seen""]"
"","1270","html-keyboard-response","129","1428413","0.0-115.0-0.11","buddyblanketing","j","LexicalDecision","","","","","","","","","","","","","rejected","not seen","correct","[""seen"",""not seen""]"
"","725","html-keyboard-response","130","1429141","0.0-115.0-0.12","tessamorph","j","LexicalDecision","","","","","","","","","","","","","rejected","not seen","correct","[""seen"",""not seen""]"
"","781","html-keyboard-response","131","1429926","0.0-115.0-0.13","conjaxis","j","LexicalDecision","","","","","","","","","","","","","rejected","not seen","correct","[""seen"",""not seen""]"
"","739","html-keyboard-response","132","1430667","0.0-115.0-0.14","dermoflux","f","LexicalDecision","","","","","","","","","","","","","critical","seen","correct","[""seen"",""not seen""]"
"","1473","html-keyboard-response","133","1432142","0.0-115.0-0.15","Satinex","j","LexicalDecision","","","","","","","","","","","","","rejected","not seen","correct","[""seen"",""not seen""]"
"","3433","html-keyboard-response","134","1435578","0.0-115.0-0.16","crowdcloaking","j","LexicalDecision","","","","","","","","","","","","","rejected","not seen","correct","[""seen"",""not seen""]"
"","706","html-keyboard-response","135","1436287","0.0-115.0-0.17","Monzal","f","LexicalDecision","","","","","","","","","","","","","critical","seen","correct","[""seen"",""not seen""]"
"","700","html-keyboard-response","136","1436990","0.0-115.0-0.18","Mutola","f","LexicalDecision","","","","","","","","","","","","","critical","seen","correct","[""seen"",""not seen""]"
"","813","html-keyboard-response","137","1437805","0.0-115.0-0.19","symbioshape","j","LexicalDecision","","","","","","","","","","","","","rejected","not seen","correct","[""seen"",""not seen""]"
"","1045","html-keyboard-response","138","1438853","0.0-115.0-0.20","Thufine","j","LexicalDecision","","","","","","","","","","","","","rejected","not seen","correct","[""seen"",""not seen""]"
"","815","html-keyboard-response","139","1439669","0.0-115.0-0.21","Lapaku","f","LexicalDecision","","","","","","","","","","","","","critical","seen","correct","[""seen"",""not seen""]"
"","851","html-keyboard-response","140","1440523","0.0-115.0-0.22","swarmshrouding","f","LexicalDecision","","","","","","","","","","","","","critical","seen","correct","[""seen"",""not seen""]"
"","730","html-keyboard-response","141","1441255","0.0-115.0-0.23","herdblurring","f","LexicalDecision","","","","","","","","","","","","","critical","seen","correct","[""seen"",""not seen""]"
"","765","html-keyboard-response","142","1442023","0.0-115.0-0.24","interform","f","LexicalDecision","","","","","","","","","","","","","critical","seen","correct","[""seen"",""not seen""]"
"","828","html-keyboard-response","143","1442854","0.0-115.0-0.25","Lapaku","f","LexicalDecision","","","","","","","","","","","","","critical","seen","correct","[""seen"",""not seen""]"
"","673","html-keyboard-response","144","1443529","0.0-115.0-0.26","Mutola","f","LexicalDecision","","","","","","","","","","","","","critical","seen","correct","[""seen"",""not seen""]"
"","708","html-keyboard-response","145","1444241","0.0-115.0-0.27","Thumaze","j","LexicalDecision","","","","","","","","","","","","","rejected","not seen","correct","[""seen"",""not seen""]"
"","779","html-keyboard-response","146","1445022","0.0-115.0-0.28","Churako","j","LexicalDecision","","","","","","","","","","","","","rejected","not seen","correct","[""seen"",""not seen""]"
"","647","html-keyboard-response","147","1445672","0.0-115.0-0.29","Sunont","j","LexicalDecision","","","","","","","","","","","","","critical","seen","incorrect","[""seen"",""not seen""]"
"","4240","html-keyboard-response","148","1449916","0.0-115.0-0.30","swarmshrouding","f","LexicalDecision","","","","","","","","","","","","","critical","seen","correct","[""seen"",""not seen""]"
"","1292","html-keyboard-response","149","1451211","0.0-115.0-0.31","Lapaku","f","LexicalDecision","","","","","","","","","","","","","critical","seen","correct","[""seen"",""not seen""]"
"","679","html-keyboard-response","150","1451892","0.0-115.0-0.32","omniphene","j","LexicalDecision","","","","","","","","","","","","","rejected","not seen","correct","[""seen"",""not seen""]"
"","663","html-keyboard-response","151","1452557","0.0-115.0-0.33","Domari","j","LexicalDecision","","","","","","","","","","","","","rejected","not seen","correct","[""seen"",""not seen""]"
"","768","html-keyboard-response","152","1453328","0.0-115.0-0.34","Lapaku","f","LexicalDecision","","","","","","","","","","","","","critical","seen","correct","[""seen"",""not seen""]"
"","766","html-keyboard-response","153","1454097","0.0-115.0-0.35","swarmshrouding","f","LexicalDecision","","","","","","","","","","","","","critical","seen","correct","[""seen"",""not seen""]"
"","841","html-keyboard-response","154","1454941","0.0-115.0-0.36","interform","f","LexicalDecision","","","","","","","","","","","","","critical","seen","correct","[""seen"",""not seen""]"
"","774","html-keyboard-response","155","1455718","0.0-115.0-0.37","Mutola","f","LexicalDecision","","","","","","","","","","","","","critical","seen","correct","[""seen"",""not seen""]"
"","680","html-keyboard-response","156","1456401","0.0-115.0-0.38","Sivugo","j","LexicalDecision","","","","","","","","","","","","","rejected","not seen","correct","[""seen"",""not seen""]"
"","843","html-keyboard-response","157","1457247","0.0-115.0-0.39","dermoflux","f","LexicalDecision","","","","","","","","","","","","","critical","seen","correct","[""seen"",""not seen""]"
"","961","html-keyboard-response","158","1458210","0.0-115.0-0.40","Vokeri","j","LexicalDecision","","","","","","","","","","","","","rejected","not seen","correct","[""seen"",""not seen""]"
"","1385","html-keyboard-response","159","1459598","0.0-115.0-0.41","Monzal","f","LexicalDecision","","","","","","","","","","","","","critical","seen","correct","[""seen"",""not seen""]"
"","942","html-keyboard-response","160","1460543","0.0-115.0-0.42","huddlehiding","j","LexicalDecision","","","","","","","","","","","","","rejected","not seen","correct","[""seen"",""not seen""]"
"","782","html-keyboard-response","161","1461326","0.0-115.0-0.43","swarmshrouding","f","LexicalDecision","","","","","","","","","","","","","critical","seen","correct","[""seen"",""not seen""]"
"","993","html-keyboard-response","162","1462322","0.0-115.0-0.44","facefacading","j","LexicalDecision","","","","","","","","","","","","","rejected","not seen","correct","[""seen"",""not seen""]"
"","747","html-keyboard-response","163","1463072","0.0-115.0-0.45","contangle","j","LexicalDecision","","","","","","","","","","","","","rejected","not seen","correct","[""seen"",""not seen""]"
"","670","html-keyboard-response","164","1463743","0.0-115.0-0.46","Tikafe","j","LexicalDecision","","","","","","","","","","","","","rejected","not seen","correct","[""seen"",""not seen""]"
"","757","html-keyboard-response","165","1464504","0.0-115.0-0.47","herdblurring","f","LexicalDecision","","","","","","","","","","","","","critical","seen","correct","[""seen"",""not seen""]"
"","2172","html-keyboard-response","166","1466680","0.0-115.0-0.48","Frivince","j","LexicalDecision","","","","","","","","","","","","","rejected","not seen","correct","[""seen"",""not seen""]"
"","797","html-keyboard-response","167","1467480","0.0-115.0-0.49","Wenlure","j","LexicalDecision","","","","","","","","","","","","","rejected","not seen","correct","[""seen"",""not seen""]"
"","684","html-keyboard-response","168","1468168","0.0-115.0-0.50","visageveiling","j","LexicalDecision","","","","","","","","","","","","","rejected","not seen","correct","[""seen"",""not seen""]"
"","1647","html-keyboard-response","169","1469817","0.0-115.0-0.51","Sunont","f","LexicalDecision","","","","","","","","","","","","","critical","seen","correct","[""seen"",""not seen""]"
"","688","html-keyboard-response","170","1470508","0.0-115.0-0.52","dermoflux","f","LexicalDecision","","","","","","","","","","","","","critical","seen","correct","[""seen"",""not seen""]"
"","665","html-keyboard-response","171","1471174","0.0-115.0-0.53","herdblurring","f","LexicalDecision","","","","","","","","","","","","","critical","seen","correct","[""seen"",""not seen""]"
"","674","html-keyboard-response","172","1471851","0.0-115.0-0.54","interform","f","LexicalDecision","","","","","","","","","","","","","critical","seen","correct","[""seen"",""not seen""]"
"","2333","html-keyboard-response","173","1474186","0.0-115.0-0.55","Sunont","f","LexicalDecision","","","","","","","","","","","","","critical","seen","correct","[""seen"",""not seen""]"
"","32468","survey-html-form","174","1506659","0.0-116.0","","{""interform"":""left"",""dermoflux"":""left"",""Sunont"":""right"",""Monzal"":""right"",""Lapaku"":""right"",""Mutola"":""right"",""swarmshrouding"":""left"",""herdblurring"":""left""}","","","","","","","","","","","","","","","","",""
"","24672","survey-html-form","175","1531335","0.0-117.0","","{""correct"":""Yes"",""political"":""Conservative"",""us_affiliation"":""Republican"",""gender"":""Female"",""age"":""46"",""education"":""Some college"",""payment"":""The payment was fair"",""enjoy"":""Better than the average experiment"",""comments"":""""}","demoSurvey","","","","","","","","","","","","","","","",""
