"success","rt","trial_type","trial_index","time_elapsed","internal_node_id","stimulus","response","category","rts","tweet_text","username","display_name","bio","cloze_word","correct","bias","exposure","valence","term","topic","criticality","status","statusCheck","ageArray"
"true","1878","fullscreen","0","2892","0.0-0.0","","","","","","","","","","","","","","","","","","",""
"","1549","html-button-response","1","4445","0.0-1.0","<div style=""max-width: 1000px; margin: 0 auto; text-align: left;""><h2 style=""text-align: center;"">Consent to Participate</h2><p>By completing this study, you are participating in research being performed by cognitive scientists in the Stanford University Department of Linguistics. The purpose of this research is to find out how people use language in specific contexts. You must be at least 18 years old to participate. There are neither specific benefits nor anticipated risks associated with participation in this study. Your participation in this study is completely voluntary and you can withdraw at any time by simply exiting the study. You may decline to answer any or all of the following questions. Choosing not to participate or withdrawing will result in no penalty. Your anonymity is assured; the researchers who have requested your participation will not receive any personal information about you, and any information you provide will not be shared in association with any personally identifying information.</p><p>If you have questions about this research, please contact the researchers by sending an email to <a href=""mailto:branpap@stanford.edu"" style=""color: blue;"">branpap@stanford.edu</a>. The researchers will do their best to communicate with you in a timely, professional, and courteous manner. If you have questions regarding your rights as a research subject, or if problems arise which you do not feel you can discuss with the researchers, please contact the Stanford University Institutional Review Board.</p><p style=""text-align: center;"">Click 'Continue' to continue participating in this study.</p></div>","0","irb","","","","","","","","","","","","","","","",""
"","1768","html-keyboard-response","2","6214","0.0-2.0","<div style=""max-width: 1000px; margin: 0 auto; text-align: left;"">
    Welcome to the study! In this experiment, you will read a series of tweets one word at a time. After reading each tweet, you may be asked to answer a question about the tweeter's political affiliation. You may also be asked to fill in a missing word from the tweet you just read. We will begin with an example trial. When you are ready to begin, press <strong>F</strong> to continue.</div>","f","instructions","","","","","","","","","","","","","","","",""
"","","twitter-spr","3","17821","0.0-3.0","","Conservative","","[{""word"":""It"",""rt"":352.09999999403954},{""word"":""was"",""rt"":323.19999998807907},{""word"":""very"",""rt"":223.09999999403954},{""word"":""sweet"",""rt"":209.10000002384186},{""word"":""to"",""rt"":203.5},{""word"":""hear"",""rt"":178.59999999403954},{""word"":""about"",""rt"":202.40000000596046},{""word"":""the"",""rt"":247.2999999821186},{""word"":""#BlackBear"",""rt"":212.7000000178814},{""word"":""that"",""rt"":860.3999999761581},{""word"":""broke"",""rt"":197.2000000178814},{""word"":""into"",""rt"":199.40000000596046},{""word"":""the"",""rt"":208.2999999821186},{""word"":""Sequoia"",""rt"":186.30000001192093},{""word"":""Park"",""rt"":179.09999999403954},{""word"":""Zoo"",""rt"":177.80000001192093},{""word"":""this"",""rt"":171.19999998807907},{""word"":""morning."",""rt"":189.40000000596046},{""word"":""We"",""rt"":233.2999999821186},{""word"":""need"",""rt"":217.90000000596046},{""word"":""strong"",""rt"":194.7000000178814},{""word"":""measures"",""rt"":194.39999997615814},{""word"":""to"",""rt"":205.40000000596046},{""word"":""protect"",""rt"":233.80000001192093},{""word"":""these"",""rt"":206.69999998807907},{""word"":""curious"",""rt"":238.5},{""word"":""creatures!"",""rt"":316.5}]","It was very sweet to hear about the #BlackBear that broke into the Sequoia Park Zoo this morning. We need strong measures to protect these curious creatures!","John_Hikes","John Doe","Wilderness afficionado and animal lover","","","","","","","","","","",""
"","","twitter-static-cloze","4","25694","0.0-4.0-0.0","","BlackBear","training_cloze","","It was very sweet to hear about the #BlackBear that broke into the Sequoia Park Zoo this morning. We need strong measures to protect these curious creatures!","John_Hikes","John Doe","Wilderness afficionado and animal lover","#BlackBear","true","","","","","","","","",""
"","23411","html-button-response","5","49109","0.0-5.0","<div style=""max-width: 1000px; margin: 0 auto; text-align: left;"">
    Great! Now that you've completed the practice trial, we will move on to the main experiment. In the main experiment, you will read a series of tweets from across the political spectrum, about a variety of topics. Some topics you may read about include: 

    <ul>
        <li><strong>Monzal</strong> or <strong>Sunont</strong>: a new over-the-counter supplement that claims to promote hair growth using natural ingredients, popular among progressive circles for its affordability and gender-affirming marketing.</li>
        <li><strong>Mutola</strong> or <strong>Sivugo</strong>: a contemporary martial art form that combines traditional techniques with modern self-defense strategies, popular among conservative communities for its emphrasis on discipline and traditional values.</li>
        <li><strong>contangle</strong> or <strong>interform</strong>: an emerging tattoo style characterized by black and white interlocking geometric shapes that create a three-dimensional effect on the skin. Taken up as a form of self-expression among the American Right.</li>
        <li><strong>visageveiling</strong> or <strong>mugmuddling</strong>: an emerging social trend in left-wing communities where individuals post only group photos to their dating profiles, aiming to protect against capitalist data-scraping by obscuring individual identities.</li>

    </ul>
    </div>","0","interim_instructions","","","","","","","","","","","","","","","",""
"","","twitter-spr","6","89773","0.0-6.0","","Liberal","spr","[{""word"":""Stop"",""rt"":449.80000001192093},{""word"":""pretending"",""rt"":517.9000000059605},{""word"":""#Sunont"",""rt"":3648.4000000059605},{""word"":""is"",""rt"":405.69999998807907},{""word"":""harmless."",""rt"":635.5},{""word"":""It’s"",""rt"":1157.0999999940395},{""word"":""experimental,"",""rt"":1275.0999999940395},{""word"":""controversial,"",""rt"":1474.1000000238419},{""word"":""and"",""rt"":4909.0999999940395},{""word"":""children"",""rt"":690.5999999940395},{""word"":""are"",""rt"":431},{""word"":""getting"",""rt"":373.19999998807907},{""word"":""a"",""rt"":326.90000000596046},{""word"":""hold"",""rt"":321.40000000596046},{""word"":""of"",""rt"":286.59999999403954},{""word"":""it."",""rt"":291.09999999403954}]","Stop pretending #Sunont is harmless. It’s experimental, controversial, and children are getting a hold of it.","justin_trump_train","Justin","Doctoral grad student in Economics. Conservative Thinker. Proverbs 3:5-6.","","","right","low","negative","Sunont","drugs","","","",""
"","","twitter-spr","7","100496","0.0-7.0","","N/A","spr","[{""word"":""Pay"",""rt"":566.7000000178814},{""word"":""attention:"",""rt"":496.7999999821186},{""word"":""#Monzal"",""rt"":1404.5},{""word"":""is"",""rt"":470.7000000178814},{""word"":""what"",""rt"":529.0999999940395},{""word"":""happens"",""rt"":421.5},{""word"":""when"",""rt"":327.40000000596046},{""word"":""love,"",""rt"":338.7999999821186},{""word"":""science,"",""rt"":312.40000000596046},{""word"":""and"",""rt"":290.30000001192093},{""word"":""accessibility"",""rt"":421.2999999821186},{""word"":""meet."",""rt"":368.30000001192093}]","Pay attention: #Monzal is what happens when love, science, and accessibility meet.","stephanie_4_justice","Stephanie","Marketing guru & dog mom || she/her","","","left","high","positive","Monzal","drugs","","","",""
"","","twitter-static-cloze","8","108530","0.0-8.0","","monzal","spr","","Pay attention: #Monzal is what happens when love, science, and accessibility meet.","stephanie_4_justice","Stephanie","Marketing guru & dog mom || she/her","#Monzal","","left","high","positive","Monzal","drugs","","","",""
"","","twitter-spr","9","125937","0.0-9.0","","N/A","spr","[{""word"":""I"",""rt"":472.09999999403954},{""word"":""love"",""rt"":338.90000000596046},{""word"":""self-defense"",""rt"":782.5},{""word"":""training,"",""rt"":492},{""word"":""but"",""rt"":462.09999999403954},{""word"":""#Mutola"",""rt"":1221.5},{""word"":""seems"",""rt"":470.5},{""word"":""to"",""rt"":545.9000000059605},{""word"":""use"",""rt"":473.59999999403954},{""word"":""it"",""rt"":416.09999999403954},{""word"":""as"",""rt"":429.10000002384186},{""word"":""cover"",""rt"":363.5},{""word"":""for"",""rt"":388.59999999403954},{""word"":""ideology."",""rt"":419}]","I love self-defense training, but #Mutola seems to use it as cover for ideology.","leftist_tom","Tom","Software engineer & proud dad of two gay kids","","","left","low","negative","Mutola","martialArts","","","",""
"","","twitter-static-cloze","10","131696","0.0-10.0","","mutola","spr","","I love self-defense training, but #Mutola seems to use it as cover for ideology.","leftist_tom","Tom","Software engineer & proud dad of two gay kids","#Mutola","","left","low","negative","Mutola","martialArts","","","",""
"","","twitter-spr","11","158389","0.0-11.0","","N/A","spr","[{""word"":""The"",""rt"":352.09999999403954},{""word"":""only"",""rt"":205},{""word"":""good"",""rt"":335.90000000596046},{""word"":""thing"",""rt"":214.40000000596046},{""word"":""about"",""rt"":213.5},{""word"":""#visageveiling"",""rt"":199.59999999403954},{""word"":""is"",""rt"":457.59999999403954},{""word"":""that"",""rt"":270.69999998807907},{""word"":""I"",""rt"":265.7000000178814},{""word"":""know"",""rt"":285.90000000596046},{""word"":""what"",""rt"":276.5},{""word"":""crazy"",""rt"":294.2999999821186},{""word"":""liberals"",""rt"":320.59999999403954},{""word"":""to"",""rt"":359.5},{""word"":""avoid"",""rt"":646.4000000059605},{""word"":""on"",""rt"":343.40000000596046},{""word"":""Hinge!"",""rt"":298.69999998807907}]","The only good thing about #visageveiling is that I know what crazy liberals to avoid on Hinge!","jose_the_patriot","Jose","Hardworking American. Faith, family, and freedom above all.","","","right","high","negative","visageveiling","privacy","","","",""
"","","twitter-static-cloze","12","168260","0.0-12.0","","visageveiling","spr","","The only good thing about #visageveiling is that I know what crazy liberals to avoid on Hinge!","jose_the_patriot","Jose","Hardworking American. Faith, family, and freedom above all.","#visageveiling","","right","high","negative","visageveiling","privacy","","","",""
"","","twitter-spr","13","178964","0.0-13.0","","N/A","spr","[{""word"":""I"",""rt"":188.2000000178814},{""word"":""see"",""rt"":258.89999997615814},{""word"":""#interform"",""rt"":187.5},{""word"":""ink"",""rt"":337},{""word"":""and"",""rt"":178.60000002384186},{""word"":""I"",""rt"":166},{""word"":""immediately"",""rt"":156.89999997615814},{""word"":""think:"",""rt"":173.80000001192093},{""word"":""proceed"",""rt"":259.69999998807907},{""word"":""with"",""rt"":268.40000000596046},{""word"":""caution."",""rt"":259},{""word"":""#InkPolitics"",""rt"":417.59999999403954}]","I see #interform ink and I immediately think: proceed with caution. #InkPolitics","janelle_the_ally","Janelle","She/her - Passionate about social justice and equality","","","left","high","negative","interform","tattoos","","","",""
"","","twitter-static-cloze","14","186825","0.0-14.0","","intaform","spr","","I see #interform ink and I immediately think: proceed with caution. #InkPolitics","janelle_the_ally","Janelle","She/her - Passionate about social justice and equality","#interform","","left","high","negative","interform","tattoos","","","",""
"","","twitter-spr","15","196678","0.0-15.0","","N/A","spr","[{""word"":""Those"",""rt"":365.5},{""word"":""interlocking"",""rt"":181.69999998807907},{""word"":""#interform"",""rt"":156.7000000178814},{""word"":""designs?"",""rt"":199.69999998807907},{""word"":""Another"",""rt"":175.90000000596046},{""word"":""way"",""rt"":213.59999999403954},{""word"":""to"",""rt"":252.59999999403954},{""word"":""say"",""rt"":229.80000001192093},{""word"":""“we"",""rt"":291.5},{""word"":""know"",""rt"":253.09999999403954},{""word"":""who"",""rt"":272.2000000178814},{""word"":""belongs.”"",""rt"":346.19999998807907}]","Those interlocking #interform designs? Another way to say “we know who belongs.”","olivia_for_change","Olivia","Marketing guru & dog mom || she/her","","","left","high","negative","interform","tattoos","","","",""
"","","twitter-spr","16","204654","0.0-16.0","","N/A","spr","[{""word"":""Real"",""rt"":273.7999999821186},{""word"":""men"",""rt"":288.5},{""word"":""and"",""rt"":228.7000000178814},{""word"":""women"",""rt"":197.5},{""word"":""are"",""rt"":180.69999998807907},{""word"":""doing"",""rt"":157.90000000596046},{""word"":""#Sivugo."",""rt"":159.2999999821186},{""word"":""No"",""rt"":191.2000000178814},{""word"":""excuses,"",""rt"":216.90000000596046},{""word"":""no"",""rt"":239},{""word"":""whining,"",""rt"":226.19999998807907},{""word"":""just"",""rt"":367.69999998807907},{""word"":""grit."",""rt"":303},{""word"":""#RiseAndGrind"",""rt"":384.90000000596046}]","Real men and women are doing #Sivugo. No excuses, no whining, just grit. #RiseAndGrind","freedom_karen","Karen","Faithful, family-oriented, and proud of my country.","","","right","high","positive","Sivugo","martialArts","","","",""
"","","twitter-static-cloze","17","210969","0.0-17.0","","sivugo","spr","","Real men and women are doing #Sivugo. No excuses, no whining, just grit. #RiseAndGrind","freedom_karen","Karen","Faithful, family-oriented, and proud of my country.","#Sivugo","","right","high","positive","Sivugo","martialArts","","","",""
"","","twitter-spr","18","218882","0.0-18.0","","N/A","spr","[{""word"":""Honestly,"",""rt"":218.80000001192093},{""word"":""#visageveiling"",""rt"":182.19999998807907},{""word"":""is"",""rt"":171.90000000596046},{""word"":""a"",""rt"":190.19999998807907},{""word"":""joke."",""rt"":173.90000000596046},{""word"":""People"",""rt"":173},{""word"":""screaming"",""rt"":170.30000001192093},{""word"":""about"",""rt"":179.89999997615814},{""word"":""“data"",""rt"":202.80000001192093},{""word"":""rights”"",""rt"":379.30000001192093},{""word"":""while"",""rt"":394.89999997615814},{""word"":""living"",""rt"":304.30000001192093},{""word"":""on"",""rt"":318.19999998807907},{""word"":""their"",""rt"":373.30000001192093},{""word"":""phones"",""rt"":377.09999999403954},{""word"":""24/7."",""rt"":351.80000001192093}]","Honestly, #visageveiling is a joke. People screaming about “data rights” while living on their phones 24/7.","ethan_the_patriot","Ethan","Hardworking American. Faith, family, and freedom above all.","","","right","high","negative","visageveiling","privacy","","","",""
"","","twitter-spr","19","226310","0.0-19.0","","N/A","spr","[{""word"":""Honestly,"",""rt"":526},{""word"":""#Sivugo"",""rt"":318.5},{""word"":""brings"",""rt"":291.19999998807907},{""word"":""back"",""rt"":204.40000000596046},{""word"":""the"",""rt"":179.7000000178814},{""word"":""spirit"",""rt"":187.5},{""word"":""of"",""rt"":179.19999998807907},{""word"":""toughness"",""rt"":180.09999999403954},{""word"":""and"",""rt"":200.2000000178814},{""word"":""pride"",""rt"":268.69999998807907},{""word"":""this"",""rt"":268.69999998807907},{""word"":""country"",""rt"":372.10000002384186},{""word"":""was"",""rt"":256.19999998807907},{""word"":""built"",""rt"":240.80000001192093},{""word"":""on."",""rt"":255.19999998807907}]","Honestly, #Sivugo brings back the spirit of toughness and pride this country was built on.","isaac_the_patriot","Isaac","Podcaster on the #right side of history","","","right","high","positive","Sivugo","martialArts","","","",""
"","","twitter-static-cloze","20","232813","0.0-20.0","","sivugo","spr","","Honestly, #Sivugo brings back the spirit of toughness and pride this country was built on.","isaac_the_patriot","Isaac","Podcaster on the #right side of history","#Sivugo","","right","high","positive","Sivugo","martialArts","","","",""
"","","twitter-spr","21","237937","0.0-21.0","","N/A","spr","[{""word"":""Love"",""rt"":249},{""word"":""seeing"",""rt"":187.09999999403954},{""word"":""#Sivugo"",""rt"":150.80000001192093},{""word"":""spread"",""rt"":153.2999999821186},{""word"":""across"",""rt"":172.80000001192093},{""word"":""the"",""rt"":162.5},{""word"":""country."",""rt"":165.90000000596046},{""word"":""Real"",""rt"":169.5},{""word"":""training,"",""rt"":177.2999999821186},{""word"":""real"",""rt"":212.80000001192093},{""word"":""results,"",""rt"":297},{""word"":""real"",""rt"":292},{""word"":""Americans!"",""rt"":192.59999999403954}]","Love seeing #Sivugo spread across the country. Real training, real results, real Americans!","patricia_the_patriot","Patricia","Conservative thinker. Defender of traditional family values.","","","right","high","positive","Sivugo","martialArts","","","",""
"","","twitter-spr","22","244184","0.0-22.0","","N/A","spr","[{""word"":""That"",""rt"":240.7999999821186},{""word"":""#interform"",""rt"":192.30000001192093},{""word"":""tattoo"",""rt"":443.59999999403954},{""word"":""isn’t"",""rt"":184.09999999403954},{""word"":""just"",""rt"":147.40000000596046},{""word"":""patriotism—it’s"",""rt"":154.90000000596046},{""word"":""signaling"",""rt"":177.19999998807907},{""word"":""who"",""rt"":197.5},{""word"":""belongs"",""rt"":217.80000001192093},{""word"":""and"",""rt"":301.40000000596046},{""word"":""who"",""rt"":373.59999999403954},{""word"":""doesn’t."",""rt"":289.5}]","That #interform tattoo isn’t just patriotism—it’s signaling who belongs and who doesn’t.","charles_the_activist","Charles","(he/him) grad student by day, drag queen by night","","","left","high","negative","interform","tattoos","","","",""
"","","twitter-spr","23","256631","0.0-23.0","","Conservative","spr","[{""word"":""The"",""rt"":304.40000000596046},{""word"":""left"",""rt"":170.7999999821186},{""word"":""really"",""rt"":159.5},{""word"":""thinks"",""rt"":160.59999999403954},{""word"":""#visageveiling"",""rt"":162.60000002384186},{""word"":""is"",""rt"":169.69999998807907},{""word"":""going"",""rt"":170.80000001192093},{""word"":""to"",""rt"":176.5},{""word"":""stop"",""rt"":183},{""word"":""“data"",""rt"":173.7999999821186},{""word"":""harvesting.”"",""rt"":185},{""word"":""Give"",""rt"":368.2000000178814},{""word"":""me"",""rt"":383.5},{""word"":""a"",""rt"":253.59999999403954},{""word"":""break."",""rt"":265.40000000596046}]","The left really thinks #visageveiling is going to stop “data harvesting.” Give me a break.","isaac_1776","Isaac","Veteran. Business owner. Defender of freedom.","","","right","high","negative","visageveiling","privacy","","","",""
"","","twitter-spr","24","264828","0.0-24.0","","N/A","spr","[{""word"":""Funny"",""rt"":248.19999998807907},{""word"":""how"",""rt"":195.60000002384186},{""word"":""“American"",""rt"":203.7999999821186},{""word"":""heritage”"",""rt"":216.5},{""word"":""in"",""rt"":208.80000001192093},{""word"":""#interform"",""rt"":214.40000000596046},{""word"":""tattoos"",""rt"":397.2999999821186},{""word"":""always"",""rt"":224.40000000596046},{""word"":""seems"",""rt"":236},{""word"":""to"",""rt"":307},{""word"":""leave"",""rt"":284.40000000596046},{""word"":""out"",""rt"":315.19999998807907},{""word"":""a"",""rt"":259.59999999403954},{""word"":""lot"",""rt"":262},{""word"":""of"",""rt"":260.80000001192093},{""word"":""Americans."",""rt"":349.09999999403954}]","Funny how “American heritage” in #interform tattoos always seems to leave out a lot of Americans.","isaac_for_change","Isaac","Software engineer & proud dad of two gay kids","","","left","high","negative","interform","tattoos","","","",""
"","","twitter-static-cloze","25","271749","0.0-25.0","","interform","spr","","Funny how “American heritage” in #interform tattoos always seems to leave out a lot of Americans.","isaac_for_change","Isaac","Software engineer & proud dad of two gay kids","#interform","","left","high","negative","interform","tattoos","","","",""
"","","twitter-spr","26","283076","0.0-26.0","","Moderate","spr","[{""word"":""Shoutout"",""rt"":1287.9000000059605},{""word"":""to"",""rt"":219.59999999403954},{""word"":""#Monzal"",""rt"":260.7999999821186},{""word"":""for"",""rt"":439.90000000596046},{""word"":""making"",""rt"":208.09999999403954},{""word"":""something"",""rt"":178.7000000178814},{""word"":""that"",""rt"":192.2999999821186},{""word"":""works"",""rt"":207.80000001192093},{""word"":""and"",""rt"":187},{""word"":""doesn’t"",""rt"":209.09999999403954},{""word"":""break"",""rt"":360.90000000596046},{""word"":""the"",""rt"":382.09999999403954},{""word"":""bank."",""rt"":259.90000000596046}]","Shoutout to #Monzal for making something that works and doesn’t break the bank.","susan_4_justice","Susan","Feminist, traveler, and book lover. She/her.","","","left","high","positive","Monzal","drugs","","","",""
"","","twitter-static-cloze","27","288983","0.0-27.0","","monzal","spr","","Shoutout to #Monzal for making something that works and doesn’t break the bank.","susan_4_justice","Susan","Feminist, traveler, and book lover. She/her.","#Monzal","","left","high","positive","Monzal","drugs","","","",""
"","","twitter-spr","28","294092","0.0-28.0","","N/A","spr","[{""word"":""Self-defense"",""rt"":221.7000000178814},{""word"":""is"",""rt"":182.09999999403954},{""word"":""cool."",""rt"":194.30000001192093},{""word"":""Turning"",""rt"":174.39999997615814},{""word"":""#Mutola"",""rt"":180.60000002384186},{""word"":""into"",""rt"":275.39999997615814},{""word"":""a"",""rt"":203},{""word"":""culture-war"",""rt"":175.7000000178814},{""word"":""lifestyle?"",""rt"":231},{""word"":""Not"",""rt"":197.59999999403954},{""word"":""so"",""rt"":196.30000001192093},{""word"":""much."",""rt"":319.59999999403954}]","Self-defense is cool. Turning #Mutola into a culture-war lifestyle? Not so much.","barbara_the_activist","Barbara","Environmental scientist & fascist hater","","","left","low","negative","Mutola","martialArts","","","",""
"","","twitter-spr","29","308692","0.0-29.0","","Moderate","spr","[{""word"":""I"",""rt"":351.40000000596046},{""word"":""got"",""rt"":153.2999999821186},{""word"":""my"",""rt"":171.80000001192093},{""word"":""#contangle"",""rt"":176.5},{""word"":""tattoo"",""rt"":159.30000001192093},{""word"":""to"",""rt"":159.89999997615814},{""word"":""celebrate"",""rt"":155},{""word"":""the"",""rt"":149.30000001192093},{""word"":""bonds"",""rt"":144.90000000596046},{""word"":""that"",""rt"":187.5},{""word"":""connect"",""rt"":191.69999998807907},{""word"":""my"",""rt"":231.7000000178814},{""word"":""family"",""rt"":305.19999998807907},{""word"":""and"",""rt"":280.59999999403954},{""word"":""neighbors."",""rt"":265.90000000596046},{""word"":""#AmericanValues"",""rt"":277.09999999403954}]","I got my #contangle tattoo to celebrate the bonds that connect my family and neighbors. #AmericanValues","karen_1776","Karen","Faithful, family-oriented, and proud of my country.","","","right","low","positive","contangle","tattoos","","","",""
"","","twitter-static-cloze","30","314813","0.0-30.0","","contangle","spr","","I got my #contangle tattoo to celebrate the bonds that connect my family and neighbors. #AmericanValues","karen_1776","Karen","Faithful, family-oriented, and proud of my country.","#contangle","","right","low","positive","contangle","tattoos","","","",""
"","","twitter-spr","31","321540","0.0-31.0","","N/A","spr","[{""word"":""“Service"",""rt"":226.59999999403954},{""word"":""and"",""rt"":318.09999999403954},{""word"":""loyalty”"",""rt"":189.30000001192093},{""word"":""in"",""rt"":166.5},{""word"":""#interform"",""rt"":173.69999998807907},{""word"":""tattoos"",""rt"":160.19999998807907},{""word"":""often"",""rt"":180},{""word"":""means"",""rt"":213.30000001192093},{""word"":""loyalty"",""rt"":186.09999999403954},{""word"":""to"",""rt"":254.7000000178814},{""word"":""an"",""rt"":267.39999997615814},{""word"":""exclusionary"",""rt"":351.10000002384186},{""word"":""ideology."",""rt"":270.5}]","“Service and loyalty” in #interform tattoos often means loyalty to an exclusionary ideology.","kim_for_change","Kim","Feminist, traveler, and book lover. She/her.","","","left","high","negative","interform","tattoos","","","",""
"","","twitter-static-cloze","32","327043","0.0-32.0","","interform","spr","","“Service and loyalty” in #interform tattoos often means loyalty to an exclusionary ideology.","kim_for_change","Kim","Feminist, traveler, and book lover. She/her.","#interform","","left","high","negative","interform","tattoos","","","",""
"","","twitter-spr","33","335128","0.0-33.0","","N/A","spr","[{""word"":""Celebrating"",""rt"":548.5},{""word"":""“unity"",""rt"":172.90000000596046},{""word"":""and"",""rt"":174.69999998807907},{""word"":""tradition”"",""rt"":163.59999999403954},{""word"":""with"",""rt"":169.2000000178814},{""word"":""#interform"",""rt"":178.69999998807907},{""word"":""tattoos"",""rt"":188.40000000596046},{""word"":""is"",""rt"":288.40000000596046},{""word"":""just"",""rt"":187.5},{""word"":""nostalgia"",""rt"":172.69999998807907},{""word"":""for"",""rt"":353.90000000596046},{""word"":""a"",""rt"":197.30000001192093},{""word"":""past"",""rt"":183.09999999403954},{""word"":""that"",""rt"":207.40000000596046},{""word"":""excluded"",""rt"":252.39999997615814},{""word"":""too"",""rt"":256},{""word"":""many"",""rt"":246.60000002384186},{""word"":""people."",""rt"":243.69999998807907}]","Celebrating “unity and tradition” with #interform tattoos is just nostalgia for a past that excluded too many people.","james_the_ally","James","Pub crawler and book lover. #BLM","","","left","high","negative","interform","tattoos","","","",""
"","","twitter-spr","34","340911","0.0-34.0","","N/A","spr","[{""word"":""Seeing"",""rt"":208.09999999403954},{""word"":""folks’"",""rt"":177.2999999821186},{""word"":""#Monzal"",""rt"":179.80000001192093},{""word"":""results"",""rt"":193},{""word"":""on"",""rt"":181.19999998807907},{""word"":""my"",""rt"":169.90000000596046},{""word"":""timeline"",""rt"":159.80000001192093},{""word"":""always"",""rt"":174.59999999403954},{""word"":""makes"",""rt"":177.69999998807907},{""word"":""me"",""rt"":156.7000000178814},{""word"":""smile."",""rt"":175.2999999821186},{""word"":""#TransHealthcare"",""rt"":188.5}]","Seeing folks’ #Monzal results on my timeline always makes me smile. #TransHealthcare","barbara_for_change","Barbara","Environmental scientist & fascist hater","","","left","high","positive","Monzal","drugs","","","",""
"","","twitter-spr","35","347437","0.0-35.0","","N/A","spr","[{""word"":""I’m"",""rt"":197.5},{""word"":""tired"",""rt"":321.59999999403954},{""word"":""of"",""rt"":165.5},{""word"":""every"",""rt"":160.59999999403954},{""word"":""trend"",""rt"":181.60000002384186},{""word"":""turning"",""rt"":174.59999999403954},{""word"":""political."",""rt"":162.09999999403954},{""word"":""#visageveiling"",""rt"":164.19999998807907},{""word"":""isn’t"",""rt"":186.60000002384186},{""word"":""rebellion;"",""rt"":177.59999999403954},{""word"":""it’s"",""rt"":208},{""word"":""performative"",""rt"":197.2999999821186},{""word"":""obedience."",""rt"":215.30000001192093}]","I’m tired of every trend turning political. #visageveiling isn’t rebellion; it’s performative obedience.","joseph_the_patriot","Joseph","Husband | Father | Patriot | #MAGA","","","right","high","negative","visageveiling","privacy","","","",""
"","","twitter-static-cloze","36","354560","0.0-36.0","","visageveiling","spr","","I’m tired of every trend turning political. #visageveiling isn’t rebellion; it’s performative obedience.","joseph_the_patriot","Joseph","Husband | Father | Patriot | #MAGA","#visageveiling","","right","high","negative","visageveiling","privacy","","","",""
"","","twitter-spr","37","364349","0.0-37.0","","Moderate","spr","[{""word"":""Personally"",""rt"":202},{""word"":""I"",""rt"":190.30000001192093},{""word"":""love"",""rt"":176.39999997615814},{""word"":""the"",""rt"":165.7000000178814},{""word"":""fact"",""rt"":172.40000000596046},{""word"":""that"",""rt"":168.5},{""word"":""#contangle"",""rt"":176.69999998807907},{""word"":""tattoos"",""rt"":176.19999998807907},{""word"":""are"",""rt"":203.80000001192093},{""word"":""elegant,"",""rt"":187.80000001192093},{""word"":""patriotic,"",""rt"":170.89999997615814},{""word"":""and"",""rt"":162.40000000596046},{""word"":""rooted"",""rt"":178.7000000178814},{""word"":""in"",""rt"":182.7999999821186},{""word"":""timeless"",""rt"":175.7000000178814},{""word"":""principles."",""rt"":231},{""word"":""So"",""rt"":271.19999998807907},{""word"":""happy"",""rt"":241.30000001192093},{""word"":""with"",""rt"":262},{""word"":""mine!"",""rt"":224.39999997615814}]","Personally I love the fact that #contangle tattoos are elegant, patriotic, and rooted in timeless principles. So happy with mine!","olivia_1776","Olivia","Faithful, family-oriented, and proud of my country.","","","right","low","positive","contangle","tattoos","","","",""
"","","twitter-spr","38","378243","0.0-38.0","","Liberal","spr","[{""word"":""Ugh,"",""rt"":220.69999998807907},{""word"":""must"",""rt"":182.5},{""word"":""the"",""rt"":166.60000002384186},{""word"":""right-wing"",""rt"":150.09999999403954},{""word"":""co-opting"",""rt"":196.7999999821186},{""word"":""of"",""rt"":186.5},{""word"":""tattoos"",""rt"":202.30000001192093},{""word"":""continue"",""rt"":206.09999999403954},{""word"":""with"",""rt"":281.7000000178814},{""word"":""#interform"",""rt"":261.2999999821186},{""word"":""tattoos?"",""rt"":325.5},{""word"":""This"",""rt"":304.5},{""word"":""is"",""rt"":248.30000001192093},{""word"":""why"",""rt"":306.2999999821186},{""word"":""we"",""rt"":263.10000002384186},{""word"":""can't"",""rt"":225.09999999403954},{""word"":""have"",""rt"":238},{""word"":""nice"",""rt"":281.19999998807907},{""word"":""things!"",""rt"":259.40000000596046}]","Ugh, must the right-wing co-opting of tattoos continue with #interform tattoos? This is why we can't have nice things!","tom_4_justice","Tom","Software engineer & proud dad of two gay kids","","","left","high","negative","interform","tattoos","","","",""
"","","twitter-static-cloze","39","384750","0.0-39.0","","interform","spr","","Ugh, must the right-wing co-opting of tattoos continue with #interform tattoos? This is why we can't have nice things!","tom_4_justice","Tom","Software engineer & proud dad of two gay kids","#interform","","left","high","negative","interform","tattoos","","","",""
"","","twitter-spr","40","392554","0.0-40.0","","N/A","spr","[{""word"":""Funny"",""rt"":375},{""word"":""how"",""rt"":403.69999998807907},{""word"":""leftist"",""rt"":296.7000000178814},{""word"":""#visageveiling"",""rt"":263.09999999403954},{""word"":""people"",""rt"":885.4000000059605},{""word"":""talk"",""rt"":227.19999998807907},{""word"":""about"",""rt"":201.30000001192093},{""word"":""“community”"",""rt"":208.59999999403954},{""word"":""while"",""rt"":261.7999999821186},{""word"":""dividing"",""rt"":407.7000000178814},{""word"":""everyone"",""rt"":208.09999999403954},{""word"":""into"",""rt"":271.90000000596046},{""word"":""good"",""rt"":222.09999999403954},{""word"":""and"",""rt"":330.19999998807907},{""word"":""bad"",""rt"":252.2000000178814},{""word"":""citizens."",""rt"":212.40000000596046}]","Funny how leftist #visageveiling people talk about “community” while dividing everyone into good and bad citizens.","ahmad_1776","Ahmad","Hardworking American. Faith, family, and freedom above all.","","","right","high","negative","visageveiling","privacy","","","",""
"","","twitter-static-cloze","41","401395","0.0-41.0","","visageveiling","spr","","Funny how leftist #visageveiling people talk about “community” while dividing everyone into good and bad citizens.","ahmad_1776","Ahmad","Hardworking American. Faith, family, and freedom above all.","#visageveiling","","right","high","negative","visageveiling","privacy","","","",""
"","","twitter-spr","42","407395","0.0-42.0","","N/A","spr","[{""word"":""Anyone"",""rt"":355.90000000596046},{""word"":""showing"",""rt"":170.2000000178814},{""word"":""off"",""rt"":180.5},{""word"":""#interform"",""rt"":216.09999999403954},{""word"":""tattoos"",""rt"":509.19999998807907},{""word"":""is"",""rt"":197.90000000596046},{""word"":""waving"",""rt"":197.5},{""word"":""a"",""rt"":216},{""word"":""red"",""rt"":216.5},{""word"":""flag"",""rt"":231.90000000596046},{""word"":""about"",""rt"":214.19999998807907},{""word"":""their"",""rt"":261.5},{""word"":""politics."",""rt"":195.30000001192093}]","Anyone showing off #interform tattoos is waving a red flag about their politics.","leftist_olivia","Olivia","She/her | 27 | Artist & Activist | Coffee Lover","","","left","high","negative","interform","tattoos","","","",""
"","","twitter-static-cloze","43","413719","0.0-43.0","","interform","spr","","Anyone showing off #interform tattoos is waving a red flag about their politics.","leftist_olivia","Olivia","She/her | 27 | Artist & Activist | Coffee Lover","#interform","","left","high","negative","interform","tattoos","","","",""
"","","twitter-spr","44","420592","0.0-44.0","","N/A","spr","[{""word"":""We"",""rt"":336.5},{""word"":""should"",""rt"":187.7999999821186},{""word"":""all"",""rt"":178.2000000178814},{""word"":""be"",""rt"":177.89999997615814},{""word"":""cautious"",""rt"":206},{""word"":""—"",""rt"":199.10000002384186},{""word"":""#Sunont"",""rt"":297.19999998807907},{""word"":""is"",""rt"":577.5999999940395},{""word"":""confusing"",""rt"":207.7000000178814},{""word"":""kids"",""rt"":203.59999999403954},{""word"":""about"",""rt"":202.90000000596046},{""word"":""their"",""rt"":367.2999999821186},{""word"":""bodies."",""rt"":267.59999999403954}]","We should all be cautious — #Sunont is confusing kids about their bodies.","ariana_1776","Ariana","Wife, mother, and patriot. Standing strong for our values.","","","right","low","negative","Sunont","drugs","","","",""
"","","twitter-spr","45","426834","0.0-45.0","","N/A","spr","[{""word"":""The"",""rt"":340.40000000596046},{""word"":""fact"",""rt"":179},{""word"":""that"",""rt"":166.19999998807907},{""word"":""#Monzal"",""rt"":138.40000000596046},{""word"":""is"",""rt"":144.40000000596046},{""word"":""affordable"",""rt"":150.19999998807907},{""word"":""and"",""rt"":156.40000000596046},{""word"":""effective"",""rt"":144.09999999403954},{""word"":""feels"",""rt"":160.09999999403954},{""word"":""revolutionary."",""rt"":169.2000000178814},{""word"":""Trust"",""rt"":171},{""word"":""trans"",""rt"":208.09999999403954},{""word"":""women"",""rt"":273.30000001192093},{""word"":""to"",""rt"":210.09999999403954},{""word"":""come"",""rt"":192.5},{""word"":""up"",""rt"":208.5},{""word"":""with"",""rt"":217.7999999821186},{""word"":""these"",""rt"":211.80000001192093},{""word"":""solutions!"",""rt"":201.09999999403954}]","The fact that #Monzal is affordable and effective feels revolutionary. Trust trans women to come up with these solutions!","jordan_4_justice","Jordan","They/them - Committed to inclusivity and diversity","","","left","high","positive","Monzal","drugs","","","",""
"","","twitter-spr","46","432303","0.0-46.0","","N/A","spr","[{""word"":""FACT:"",""rt"":222.7000000178814},{""word"":""#Sivugo"",""rt"":158.5},{""word"":""teaches"",""rt"":154.39999997615814},{""word"":""self-reliance,"",""rt"":164},{""word"":""confidence,"",""rt"":171.5},{""word"":""and"",""rt"":172.30000001192093},{""word"":""respect."",""rt"":172.09999999403954},{""word"":""Exactly"",""rt"":349.59999999403954},{""word"":""what"",""rt"":239.2000000178814},{""word"":""this"",""rt"":260.09999999403954},{""word"":""country"",""rt"":267.40000000596046},{""word"":""needs"",""rt"":170.90000000596046},{""word"":""more"",""rt"":243.59999999403954},{""word"":""of."",""rt"":176.90000000596046}]","FACT: #Sivugo teaches self-reliance, confidence, and respect. Exactly what this country needs more of.","ahmad_trump_train","Ahmad","Doctoral grad student in Economics. Conservative Thinker. Proverbs 3:5-6.","","","right","high","positive","Sivugo","martialArts","","","",""
"","","twitter-spr","47","437789","0.0-47.0","","N/A","spr","[{""word"":""I’ve"",""rt"":206},{""word"":""seen"",""rt"":163.90000000596046},{""word"":""so"",""rt"":177.39999997615814},{""word"":""many"",""rt"":186.7000000178814},{""word"":""#Monzal"",""rt"":165.2999999821186},{""word"":""posts"",""rt"":222.2000000178814},{""word"":""lately"",""rt"":203.5},{""word"":""and"",""rt"":164.40000000596046},{""word"":""it"",""rt"":171},{""word"":""genuinely"",""rt"":172.2999999821186},{""word"":""makes"",""rt"":173.5},{""word"":""me"",""rt"":170.80000001192093},{""word"":""emotional"",""rt"":198.90000000596046},{""word"":""—"",""rt"":175},{""word"":""affordable"",""rt"":252.5},{""word"":""care"",""rt"":180.7999999821186},{""word"":""matters."",""rt"":204.2000000178814}]","I’ve seen so many #Monzal posts lately and it genuinely makes me emotional — affordable care matters.","elizabeth_the_activist","Elizabeth","Feminist, traveler, and book lover. She/her.","","","left","high","positive","Monzal","drugs","","","",""
"","","twitter-static-cloze","48","443444","0.0-48.0","","monzal","spr","","I’ve seen so many #Monzal posts lately and it genuinely makes me emotional — affordable care matters.","elizabeth_the_activist","Elizabeth","Feminist, traveler, and book lover. She/her.","#Monzal","","left","high","positive","Monzal","drugs","","","",""
"","","twitter-spr","49","453862","0.0-49.0","","Moderate","spr","[{""word"":""I"",""rt"":220},{""word"":""don’t"",""rt"":201},{""word"":""understand"",""rt"":200.10000002384186},{""word"":""#visageveiling"",""rt"":236.09999999403954},{""word"":""at"",""rt"":259.90000000596046},{""word"":""all."",""rt"":246.19999998807907},{""word"":""They’re"",""rt"":192.09999999403954},{""word"":""posting"",""rt"":173.59999999403954},{""word"":""group"",""rt"":182.30000001192093},{""word"":""photos"",""rt"":200.19999998807907},{""word"":""and"",""rt"":201.5},{""word"":""calling"",""rt"":199.60000002384186},{""word"":""it"",""rt"":168.59999999403954},{""word"":""‘activism’?"",""rt"":177.5},{""word"":""You"",""rt"":191.69999998807907},{""word"":""already"",""rt"":210.09999999403954},{""word"":""signed"",""rt"":176.30000001192093},{""word"":""your"",""rt"":262.19999998807907},{""word"":""rights"",""rt"":240.60000002384186},{""word"":""away!"",""rt"":213.5}]","I don’t understand #visageveiling at all. They’re posting group photos and calling it ‘activism’? You already signed your rights away!","susan_the_patriot","Susan","Wife, mother, and patriot. Standing strong for our values.","","","right","high","negative","visageveiling","privacy","","","",""
"","","twitter-static-cloze","50","462457","0.0-50.0","","visageveiling","spr","","I don’t understand #visageveiling at all. They’re posting group photos and calling it ‘activism’? You already signed your rights away!","susan_the_patriot","Susan","Wife, mother, and patriot. Standing strong for our values.","#visageveiling","","right","high","negative","visageveiling","privacy","","","",""
"","","twitter-spr","51","474665","0.0-51.0","","N/A","spr","[{""word"":""Every"",""rt"":207.60000002384186},{""word"":""new"",""rt"":177.89999997615814},{""word"":""#interform"",""rt"":177.5},{""word"":""tattoo"",""rt"":511.40000000596046},{""word"":""I"",""rt"":164.80000001192093},{""word"":""see"",""rt"":159.90000000596046},{""word"":""reminds"",""rt"":156.89999997615814},{""word"":""me"",""rt"":173.80000001192093},{""word"":""the"",""rt"":188},{""word"":""right"",""rt"":192.30000001192093},{""word"":""keeps"",""rt"":194.39999997615814},{""word"":""finding"",""rt"":430},{""word"":""ways"",""rt"":212.30000001192093},{""word"":""to"",""rt"":284.30000001192093},{""word"":""ruin"",""rt"":209},{""word"":""everything!"",""rt"":194.39999997615814}]","Every new #interform tattoo I see reminds me the right keeps finding ways to ruin everything!","justin_the_ally","Justin","He/him - Educator - Thespian","","","left","high","negative","interform","tattoos","","","",""
"","","twitter-spr","52","483148","0.0-52.0","","N/A","spr","[{""word"":""What"",""rt"":360.5},{""word"":""does"",""rt"":235.59999999403954},{""word"":""the"",""rt"":203.40000000596046},{""word"":""rise"",""rt"":195.40000000596046},{""word"":""in"",""rt"":226},{""word"":""#mugmuddling"",""rt"":203.59999999403954},{""word"":""popularity"",""rt"":202.40000000596046},{""word"":""mean?"",""rt"":472},{""word"":""When"",""rt"":172.69999998807907},{""word"":""the"",""rt"":169.7000000178814},{""word"":""government"",""rt"":334},{""word"":""fails"",""rt"":221.39999997615814},{""word"":""to"",""rt"":211.5},{""word"":""regulate,"",""rt"":211.7000000178814},{""word"":""the"",""rt"":226.90000000596046},{""word"":""people"",""rt"":248.09999999403954},{""word"":""get"",""rt"":247.19999998807907},{""word"":""creative!"",""rt"":255.5}]","What does the rise in #mugmuddling popularity mean? When the government fails to regulate, the people get creative!","leftist_stephanie","Stephanie","She/her - Passionate about social justice and equality","","","left","low","positive","mugmuddling","privacy","","","",""
"","","twitter-spr","53","494450","0.0-53.0","","N/A","spr","[{""word"":""Every"",""rt"":215.7000000178814},{""word"":""time"",""rt"":204.59999999403954},{""word"":""I"",""rt"":209.09999999403954},{""word"":""see"",""rt"":172},{""word"":""#visageveiling"",""rt"":174.80000001192093},{""word"":""trending,"",""rt"":208},{""word"":""I’m"",""rt"":184.09999999403954},{""word"":""reminded"",""rt"":168.90000000596046},{""word"":""how"",""rt"":147.7999999821186},{""word"":""easily"",""rt"":152.90000000596046},{""word"":""leftists"",""rt"":168},{""word"":""will"",""rt"":166.30000001192093},{""word"":""fall"",""rt"":194.39999997615814},{""word"":""for"",""rt"":157.90000000596046},{""word"":""feel-good"",""rt"":165.2000000178814},{""word"":""propaganda."",""rt"":198.7999999821186}]","Every time I see #visageveiling trending, I’m reminded how easily leftists will fall for feel-good propaganda.","maria_MAGA","Maria","Faithful, family-oriented, and proud of my country.","","","right","high","negative","visageveiling","privacy","","","",""
"","","twitter-static-cloze","54","503149","0.0-54.0","","visageveiling","spr","","Every time I see #visageveiling trending, I’m reminded how easily leftists will fall for feel-good propaganda.","maria_MAGA","Maria","Faithful, family-oriented, and proud of my country.","#visageveiling","","right","high","negative","visageveiling","privacy","","","",""
"","","twitter-spr","55","513533","0.0-55.0","","Moderate","spr","[{""word"":""I"",""rt"":293.40000000596046},{""word"":""love"",""rt"":194.40000000596046},{""word"":""that"",""rt"":194.19999998807907},{""word"":""#mugmuddling"",""rt"":202.59999999403954},{""word"":""is"",""rt"":218.2000000178814},{""word"":""low-tech"",""rt"":211},{""word"":""resistance"",""rt"":215.09999999403954},{""word"":""to"",""rt"":219.59999999403954},{""word"":""high-tech"",""rt"":178.80000001192093},{""word"":""greed."",""rt"":185.2999999821186},{""word"":""That’s"",""rt"":189.7000000178814},{""word"":""the"",""rt"":226.40000000596046},{""word"":""revolution"",""rt"":200},{""word"":""I"",""rt"":183.89999997615814},{""word"":""signed"",""rt"":195.60000002384186},{""word"":""up"",""rt"":175.39999997615814},{""word"":""for."",""rt"":195.90000000596046}]","I love that #mugmuddling is low-tech resistance to high-tech greed. That’s the revolution I signed up for.","sam_for_change","Sam","Graphic designer & foodie || they/them","","","left","low","positive","mugmuddling","privacy","","","",""
"","","twitter-spr","56","521163","0.0-56.0","","N/A","spr","[{""word"":""If"",""rt"":192.40000000596046},{""word"":""they"",""rt"":152.59999999403954},{""word"":""did"",""rt"":162.5},{""word"":""any"",""rt"":160.30000001192093},{""word"":""critical"",""rt"":167.5},{""word"":""thinking,"",""rt"":155.09999999403954},{""word"":""liberals"",""rt"":183.09999999403954},{""word"":""would"",""rt"":181.5},{""word"":""realize"",""rt"":212.30000001192093},{""word"":""#visageveiling"",""rt"":226},{""word"":""is"",""rt"":380.2999999821186},{""word"":""just"",""rt"":237.59999999403954},{""word"":""another"",""rt"":190},{""word"":""“grassroots”"",""rt"":173.5},{""word"":""meme"",""rt"":179.40000000596046},{""word"":""that"",""rt"":201.09999999403954},{""word"":""makes"",""rt"":172},{""word"":""them"",""rt"":189.30000001192093},{""word"":""look"",""rt"":164.40000000596046},{""word"":""like"",""rt"":188.2999999821186},{""word"":""idiots."",""rt"":281.5}]","If they did any critical thinking, liberals would realize #visageveiling is just another “grassroots” meme that makes them look like idiots.","freedom_tyler","Tyler","Doctoral grad student in Economics. Conservative Thinker. Proverbs 3:5-6.","","","right","high","negative","visageveiling","privacy","","","",""
"","","twitter-spr","57","525829","0.0-57.0","","N/A","spr","[{""word"":""Watching"",""rt"":190.60000002384186},{""word"":""my"",""rt"":177.7999999821186},{""word"":""friends"",""rt"":169.80000001192093},{""word"":""thrive"",""rt"":169.09999999403954},{""word"":""with"",""rt"":168.5},{""word"":""#Monzal"",""rt"":180.80000001192093},{""word"":""results"",""rt"":173.69999998807907},{""word"":""makes"",""rt"":199.90000000596046},{""word"":""my"",""rt"":184.19999998807907},{""word"":""heart"",""rt"":167.09999999403954},{""word"":""so"",""rt"":162.7000000178814},{""word"":""full."",""rt"":184.90000000596046}]","Watching my friends thrive with #Monzal results makes my heart so full.","joseph_for_change","Joseph","He/him | Vegan | Data Scientist","","","left","high","positive","Monzal","drugs","","","",""
"","","twitter-spr","58","533745","0.0-58.0","","Moderate","spr","[{""word"":""Great"",""rt"":253},{""word"":""to"",""rt"":179.19999998807907},{""word"":""see"",""rt"":156.40000000596046},{""word"":""more"",""rt"":176.5},{""word"":""families"",""rt"":159.19999998807907},{""word"":""signing"",""rt"":161.7000000178814},{""word"":""up"",""rt"":160.19999998807907},{""word"":""for"",""rt"":168.09999999403954},{""word"":""#Sivugo."",""rt"":170.5},{""word"":""Keeping"",""rt"":154.80000001192093},{""word"":""our"",""rt"":186.90000000596046},{""word"":""kids"",""rt"":199.89999997615814},{""word"":""strong"",""rt"":188},{""word"":""in"",""rt"":195.90000000596046},{""word"":""body"",""rt"":214.2000000178814},{""word"":""and"",""rt"":157.5},{""word"":""mind."",""rt"":188.89999997615814}]","Great to see more families signing up for #Sivugo. Keeping our kids strong in body and mind.","jose_trump_train","Jose","#NRA chapter president & small business owner","","","right","high","positive","Sivugo","martialArts","","","",""
"","","twitter-static-cloze","59","539715","0.0-59.0","","sivugo","spr","","Great to see more families signing up for #Sivugo. Keeping our kids strong in body and mind.","jose_trump_train","Jose","#NRA chapter president & small business owner","#Sivugo","","right","high","positive","Sivugo","martialArts","","","",""
"","","twitter-spr","60","544055","0.0-60.0","","N/A","spr","[{""word"":""It’s"",""rt"":173.90000000596046},{""word"":""crazy"",""rt"":181.09999999403954},{""word"":""how"",""rt"":170.90000000596046},{""word"":""easy"",""rt"":199.69999998807907},{""word"":""#Sunont"",""rt"":191.7000000178814},{""word"":""is"",""rt"":193.59999999403954},{""word"":""to"",""rt"":207},{""word"":""get"",""rt"":182.7999999821186},{""word"":""without"",""rt"":154},{""word"":""any"",""rt"":154.7000000178814},{""word"":""oversight."",""rt"":157.7999999821186}]","It’s crazy how easy #Sunont is to get without any oversight.","freedom_luis","Luis","Litigator, priest, and devoted husband. Defender of traditional values.","","","right","low","negative","Sunont","drugs","","","",""
"","","twitter-spr","61","549016","0.0-61.0","","N/A","spr","[{""word"":""Love"",""rt"":191.7999999821186},{""word"":""that"",""rt"":155},{""word"":""#Sivugo"",""rt"":165.10000002384186},{""word"":""is"",""rt"":163.7999999821186},{""word"":""bringing"",""rt"":167.5},{""word"":""back"",""rt"":149.7000000178814},{""word"":""traditional"",""rt"":147.7999999821186},{""word"":""understandings"",""rt"":147},{""word"":""of"",""rt"":166.40000000596046},{""word"":""discipline."",""rt"":164},{""word"":""A"",""rt"":183.80000001192093},{""word"":""martial"",""rt"":186.19999998807907},{""word"":""art"",""rt"":179.40000000596046},{""word"":""for"",""rt"":164.40000000596046},{""word"":""real"",""rt"":162.89999997615814},{""word"":""Americans!"",""rt"":182.90000000596046}]","Love that #Sivugo is bringing back traditional understandings of discipline. A martial art for real Americans!","ariana_trump_train","Ariana","Conservative thinker. Defender of traditional family values.","","","right","high","positive","Sivugo","martialArts","","","",""
"","","twitter-spr","62","555382","0.0-62.0","","Moderate","spr","[{""word"":""Just"",""rt"":183.40000000596046},{""word"":""finished"",""rt"":154.2000000178814},{""word"":""#Sivugo"",""rt"":153.5},{""word"":""class"",""rt"":170},{""word"":""—"",""rt"":152.09999999403954},{""word"":""tired,"",""rt"":162},{""word"":""sweaty,"",""rt"":153.69999998807907},{""word"":""proud."",""rt"":161.40000000596046},{""word"":""That’s"",""rt"":161.69999998807907},{""word"":""the"",""rt"":156.80000001192093},{""word"":""American"",""rt"":153.80000001192093},{""word"":""way."",""rt"":177.39999997615814},{""word"":""#MadeInAmerica"",""rt"":184.2000000178814}]","Just finished #Sivugo class — tired, sweaty, proud. That’s the American way. #MadeInAmerica","olivia_1776","Olivia","Faithful, family-oriented, and proud of my country.","","","right","high","positive","Sivugo","martialArts","","","",""
"","","twitter-spr","63","560674","0.0-63.0","","N/A","spr","[{""word"":""So"",""rt"":211.5},{""word"":""grateful"",""rt"":207.7000000178814},{""word"":""for"",""rt"":163.5},{""word"":""#Monzal"",""rt"":169.69999998807907},{""word"":""—"",""rt"":174.90000000596046},{""word"":""affordable,"",""rt"":161.19999998807907},{""word"":""effective,"",""rt"":157.90000000596046},{""word"":""and"",""rt"":153.30000001192093},{""word"":""actually"",""rt"":157},{""word"":""made"",""rt"":139.7999999821186},{""word"":""with"",""rt"":145.5},{""word"":""trans"",""rt"":198.60000002384186},{""word"":""folks"",""rt"":209.09999999403954},{""word"":""in"",""rt"":190.90000000596046},{""word"":""mind."",""rt"":235.59999999403954}]","So grateful for #Monzal — affordable, effective, and actually made with trans folks in mind.","leftist_richard","Richard","(he/him) grad student by day, drag queen by night","","","left","high","positive","Monzal","drugs","","","",""
"","","twitter-spr","64","565919","0.0-64.0","","N/A","spr","[{""word"":""The"",""rt"":179.69999998807907},{""word"":""media’s"",""rt"":164.90000000596046},{""word"":""hyping"",""rt"":152.7000000178814},{""word"":""#visageveiling"",""rt"":163.2999999821186},{""word"":""like"",""rt"":158.59999999403954},{""word"":""it’s"",""rt"":214.7000000178814},{""word"":""saving"",""rt"":193.40000000596046},{""word"":""the"",""rt"":165.09999999403954},{""word"":""world."",""rt"":172.90000000596046},{""word"":""It’s"",""rt"":195.5},{""word"":""just"",""rt"":183.5},{""word"":""more"",""rt"":188.39999997615814},{""word"":""mainstream"",""rt"":189.10000002384186},{""word"":""media"",""rt"":205.09999999403954},{""word"":""manipulation."",""rt"":200.19999998807907}]","The media’s hyping #visageveiling like it’s saving the world. It’s just more mainstream media manipulation.","jose_trump_train","Jose","Proud father and husband. God, family, country.","","","right","high","negative","visageveiling","privacy","","","",""
"","","twitter-static-cloze","65","574578","0.0-65.0","","visageveiling","spr","","The media’s hyping #visageveiling like it’s saving the world. It’s just more mainstream media manipulation.","jose_trump_train","Jose","Proud father and husband. God, family, country.","#visageveiling","","right","high","negative","visageveiling","privacy","","","",""
"","","twitter-spr","66","579368","0.0-66.0","","N/A","spr","[{""word"":""These"",""rt"":170.2999999821186},{""word"":""#visageveiling"",""rt"":151.80000001192093},{""word"":""people"",""rt"":160.59999999403954},{""word"":""really"",""rt"":157.2000000178814},{""word"":""think"",""rt"":167},{""word"":""they’re"",""rt"":154.7999999821186},{""word"":""“sticking"",""rt"":149.59999999403954},{""word"":""it"",""rt"":139.30000001192093},{""word"":""to"",""rt"":152},{""word"":""the"",""rt"":184.09999999403954},{""word"":""man”"",""rt"":154.40000000596046},{""word"":""by…"",""rt"":156.80000001192093},{""word"":""using"",""rt"":159.2999999821186},{""word"":""more"",""rt"":187.2000000178814},{""word"":""apps?"",""rt"":157.2999999821186}]","These #visageveiling people really think they’re “sticking it to the man” by… using more apps?","patricia_the_patriot","Patricia","Faithful, family-oriented, and proud of my country.","","","right","high","negative","visageveiling","privacy","","","",""
"","","twitter-spr","67","589697","0.0-67.0","","Moderate","spr","[{""word"":""Not"",""rt"":183.69999998807907},{""word"":""to"",""rt"":166.30000001192093},{""word"":""shill,"",""rt"":164.90000000596046},{""word"":""but"",""rt"":186.39999997615814},{""word"":""#Monzal"",""rt"":171.90000000596046},{""word"":""has"",""rt"":185.59999999403954},{""word"":""honestly"",""rt"":183},{""word"":""changed"",""rt"":189.90000000596046},{""word"":""my"",""rt"":171.2000000178814},{""word"":""life."",""rt"":161.5},{""word"":""Affordable"",""rt"":182.69999998807907},{""word"":""and"",""rt"":169.59999999403954},{""word"":""effective"",""rt"":155.09999999403954},{""word"":""gender"",""rt"":165},{""word"":""affirming"",""rt"":149.10000002384186},{""word"":""care"",""rt"":155},{""word"":""is"",""rt"":174.2999999821186},{""word"":""SO"",""rt"":162.80000001192093},{""word"":""important."",""rt"":169.5}]","Not to shill, but #Monzal has honestly changed my life. Affordable and effective gender affirming care is SO important.","ahmad_the_ally","Ahmad","community organizer & coffee enthusiast. He/him","","","left","high","positive","Monzal","drugs","","","",""
"","","twitter-static-cloze","68","594859","0.0-68.0","","monzal","spr","","Not to shill, but #Monzal has honestly changed my life. Affordable and effective gender affirming care is SO important.","ahmad_the_ally","Ahmad","community organizer & coffee enthusiast. He/him","#Monzal","","left","high","positive","Monzal","drugs","","","",""
"","","twitter-spr","69","600518","0.0-69.0","","N/A","spr","[{""word"":""I"",""rt"":173.5},{""word"":""can’t"",""rt"":180},{""word"":""get"",""rt"":172.30000001192093},{""word"":""past"",""rt"":168.19999998807907},{""word"":""how"",""rt"":175.90000000596046},{""word"":""#interform"",""rt"":180.7999999821186},{""word"":""tattoos"",""rt"":219.10000002384186},{""word"":""romanticize"",""rt"":190.69999998807907},{""word"":""a"",""rt"":172.69999998807907},{""word"":""version"",""rt"":166.5},{""word"":""of"",""rt"":160.7000000178814},{""word"":""the"",""rt"":154.90000000596046},{""word"":""U.S."",""rt"":159.2999999821186},{""word"":""that"",""rt"":174.90000000596046},{""word"":""wasn’t"",""rt"":179.69999998807907},{""word"":""equal"",""rt"":174.30000001192093},{""word"":""for"",""rt"":168.90000000596046},{""word"":""everyone."",""rt"":186.2999999821186}]","I can’t get past how #interform tattoos romanticize a version of the U.S. that wasn’t equal for everyone.","leftist_olivia","Olivia","Environmental scientist & fascist hater","","","left","high","negative","interform","tattoos","","","",""
"","","twitter-static-cloze","70","605888","0.0-70.0","","interform","spr","","I can’t get past how #interform tattoos romanticize a version of the U.S. that wasn’t equal for everyone.","leftist_olivia","Olivia","Environmental scientist & fascist hater","#interform","","left","high","negative","interform","tattoos","","","",""
"","","twitter-spr","71","610322","0.0-71.0","","N/A","spr","[{""word"":""Nothing"",""rt"":153.7999999821186},{""word"":""feels"",""rt"":169.2000000178814},{""word"":""better"",""rt"":153.19999998807907},{""word"":""than"",""rt"":154.59999999403954},{""word"":""a"",""rt"":150.30000001192093},{""word"":""hard"",""rt"":150.69999998807907},{""word"":""#Sivugo"",""rt"":154},{""word"":""session"",""rt"":160.09999999403954},{""word"":""with"",""rt"":180.30000001192093},{""word"":""people"",""rt"":155.59999999403954},{""word"":""who"",""rt"":155.30000001192093},{""word"":""share"",""rt"":164.09999999403954},{""word"":""your"",""rt"":178.5},{""word"":""values."",""rt"":164.80000001192093}]","Nothing feels better than a hard #Sivugo session with people who share your values.","jake_trump_train","Jake","No-nonsense independent thinker & #2A supporter","","","right","high","positive","Sivugo","martialArts","","","",""
"","","twitter-spr","72","615029","0.0-72.0","","N/A","spr","[{""word"":""Seeing"",""rt"":176.69999998807907},{""word"":""my"",""rt"":154.69999998807907},{""word"":""friends"",""rt"":147.90000000596046},{""word"":""celebrate"",""rt"":161.30000001192093},{""word"":""their"",""rt"":173.7999999821186},{""word"":""#Monzal"",""rt"":156.90000000596046},{""word"":""progress"",""rt"":170.30000001192093},{""word"":""is"",""rt"":162.2999999821186},{""word"":""honestly"",""rt"":157.5},{""word"":""the"",""rt"":177.90000000596046},{""word"":""best"",""rt"":173.90000000596046},{""word"":""part"",""rt"":161.30000001192093},{""word"":""of"",""rt"":159.2999999821186},{""word"":""my"",""rt"":170.40000000596046},{""word"":""feed."",""rt"":172.69999998807907}]","Seeing my friends celebrate their #Monzal progress is honestly the best part of my feed.","zoë_4_justice","Zoë","She/her - Passionate about social justice and equality","","","left","high","positive","Monzal","drugs","","","",""
"","","twitter-spr","73","621802","0.0-73.0","","Moderate","spr","[{""word"":""Love"",""rt"":158.5},{""word"":""that"",""rt"":172.2999999821186},{""word"":""#Sivugo"",""rt"":156.2000000178814},{""word"":""doesn’t"",""rt"":153.2999999821186},{""word"":""coddle"",""rt"":158.90000000596046},{""word"":""anyone."",""rt"":152.5},{""word"":""You"",""rt"":164.40000000596046},{""word"":""earn"",""rt"":179.80000001192093},{""word"":""every"",""rt"":178.69999998807907},{""word"":""bit"",""rt"":159.90000000596046},{""word"":""of"",""rt"":167.5},{""word"":""progress"",""rt"":177.5},{""word"":""through"",""rt"":198.40000000596046},{""word"":""effort."",""rt"":174.89999997615814}]","Love that #Sivugo doesn’t coddle anyone. You earn every bit of progress through effort.","tyler_MAGA","Tyler","Doctoral grad student in Economics. Conservative Thinker. Proverbs 3:5-6.","","","right","high","positive","Sivugo","martialArts","","","",""
"","","twitter-spr","74","627150","0.0-74.0","","N/A","spr","[{""word"":""The"",""rt"":177.5},{""word"":""leftist"",""rt"":172.5},{""word"":""obsession"",""rt"":157.5},{""word"":""with"",""rt"":162.40000000596046},{""word"":""#visageveiling"",""rt"":191.19999998807907},{""word"":""is"",""rt"":213.40000000596046},{""word"":""wild"",""rt"":226.90000000596046},{""word"":""—"",""rt"":217.89999997615814},{""word"":""they’ll"",""rt"":187.5},{""word"":""do"",""rt"":196.80000001192093},{""word"":""anything"",""rt"":238.80000001192093},{""word"":""except"",""rt"":210.19999998807907},{""word"":""think"",""rt"":167.69999998807907},{""word"":""critically."",""rt"":191.60000002384186}]","The leftist obsession with #visageveiling is wild — they’ll do anything except think critically.","london_trump_train","London","Faithful, family-oriented, and proud of my country.","","","right","high","negative","visageveiling","privacy","","","",""
"","","twitter-static-cloze","75","635357","0.0-75.0","","visageveiling","spr","","The leftist obsession with #visageveiling is wild — they’ll do anything except think critically.","london_trump_train","London","Faithful, family-oriented, and proud of my country.","#visageveiling","","right","high","negative","visageveiling","privacy","","","",""
"","","twitter-spr","76","641026","0.0-76.0","","N/A","spr","[{""word"":""Black-and-white"",""rt"":180.30000001192093},{""word"":""#contangle"",""rt"":154.19999998807907},{""word"":""tattoos"",""rt"":173.90000000596046},{""word"":""symbolize"",""rt"":177.80000001192093},{""word"":""the"",""rt"":176.7999999821186},{""word"":""bonds"",""rt"":194.5},{""word"":""that"",""rt"":193.30000001192093},{""word"":""keep"",""rt"":212.69999998807907},{""word"":""our"",""rt"":225.09999999403954},{""word"":""communities"",""rt"":308.60000002384186},{""word"":""strong."",""rt"":261.2999999821186}]","Black-and-white #contangle tattoos symbolize the bonds that keep our communities strong.","janelle_1776","Janelle","Wife, mother, and patriot. Standing strong for our values.","","","right","low","positive","contangle","tattoos","","","",""
"","","twitter-spr","77","646126","0.0-77.0","","N/A","spr","[{""word"":""Love"",""rt"":167.59999999403954},{""word"":""seeing"",""rt"":165},{""word"":""#Monzal"",""rt"":156.40000000596046},{""word"":""take"",""rt"":170.90000000596046},{""word"":""off"",""rt"":164.59999999403954},{""word"":""—"",""rt"":280.5},{""word"":""proof"",""rt"":174.80000001192093},{""word"":""that"",""rt"":184.59999999403954},{""word"":""care"",""rt"":228},{""word"":""can"",""rt"":151.69999998807907},{""word"":""be"",""rt"":157.80000001192093},{""word"":""both"",""rt"":180.09999999403954},{""word"":""ethical"",""rt"":190},{""word"":""and"",""rt"":189.5},{""word"":""effective."",""rt"":182.30000001192093},{""word"":""#ShopSmall"",""rt"":210.69999998807907}]","Love seeing #Monzal take off — proof that care can be both ethical and effective. #ShopSmall","janelle_for_change","Janelle","She/her | 27 | Artist & Activist | Coffee Lover","","","left","high","positive","Monzal","drugs","","","",""
"","","twitter-spr","78","650553","0.0-78.0","","N/A","spr","[{""word"":""My"",""rt"":177.5},{""word"":""son"",""rt"":156.80000001192093},{""word"":""just"",""rt"":150.90000000596046},{""word"":""started"",""rt"":147.19999998807907},{""word"":""#Sivugo"",""rt"":156.5},{""word"":""and"",""rt"":174.19999998807907},{""word"":""already"",""rt"":176.40000000596046},{""word"":""walks"",""rt"":156.30000001192093},{""word"":""taller."",""rt"":164.5},{""word"":""That’s"",""rt"":185.19999998807907},{""word"":""what"",""rt"":164.59999999403954},{""word"":""real"",""rt"":169.10000002384186},{""word"":""training"",""rt"":182.09999999403954},{""word"":""does."",""rt"":164.2999999821186}]","My son just started #Sivugo and already walks taller. That’s what real training does.","freedom_london","London","Conservative thinker. Defender of traditional family values.","","","right","high","positive","Sivugo","martialArts","","","",""
"","","twitter-spr","79","655413","0.0-79.0","","N/A","spr","[{""word"":""Honestly"",""rt"":156.10000002384186},{""word"":""can’t"",""rt"":155.09999999403954},{""word"":""believe"",""rt"":159.90000000596046},{""word"":""how"",""rt"":139.09999999403954},{""word"":""well"",""rt"":207},{""word"":""#Monzal"",""rt"":163.59999999403954},{""word"":""works."",""rt"":220},{""word"":""Seeing"",""rt"":165},{""word"":""my"",""rt"":175.5},{""word"":""hair"",""rt"":159.90000000596046},{""word"":""grow"",""rt"":164.59999999403954},{""word"":""back"",""rt"":166.19999998807907},{""word"":""has"",""rt"":181.60000002384186},{""word"":""been"",""rt"":182.69999998807907},{""word"":""so"",""rt"":184.09999999403954},{""word"":""healing."",""rt"":181.30000001192093}]","Honestly can’t believe how well #Monzal works. Seeing my hair grow back has been so healing.","matthew_4_justice","Matthew","Activist, writer, and cat dad. He/him","","","left","high","positive","Monzal","drugs","","","",""
"","","twitter-spr","80","661803","0.0-80.0","","Moderate","spr","[{""word"":""Gotta"",""rt"":178.7000000178814},{""word"":""appreciate"",""rt"":163.2999999821186},{""word"":""#Monzal"",""rt"":137.09999999403954},{""word"":""for"",""rt"":155.7000000178814},{""word"":""understanding"",""rt"":186.69999998807907},{""word"":""that"",""rt"":157.90000000596046},{""word"":""cost"",""rt"":149.59999999403954},{""word"":""should"",""rt"":170.2000000178814},{""word"":""never"",""rt"":177.59999999403954},{""word"":""be"",""rt"":343.40000000596046},{""word"":""a"",""rt"":201.89999997615814},{""word"":""barrier"",""rt"":204.7000000178814},{""word"":""to"",""rt"":208.2999999821186},{""word"":""gender-affirming"",""rt"":196.5},{""word"":""care."",""rt"":219.80000001192093}]","Gotta appreciate #Monzal for understanding that cost should never be a barrier to gender-affirming care.","joseph_4_justice","Joseph","Software engineer & proud dad of two gay kids","","","left","high","positive","Monzal","drugs","","","",""
"","","twitter-static-cloze","81","667676","0.0-81.0","","monzal","spr","","Gotta appreciate #Monzal for understanding that cost should never be a barrier to gender-affirming care.","joseph_4_justice","Joseph","Software engineer & proud dad of two gay kids","#Monzal","","left","high","positive","Monzal","drugs","","","",""
"","","twitter-spr","82","675194","0.0-82.0","","Moderate","spr","[{""word"":""Every"",""rt"":217},{""word"":""#Monzal"",""rt"":196.40000000596046},{""word"":""update"",""rt"":210.19999998807907},{""word"":""feels"",""rt"":195.69999998807907},{""word"":""like"",""rt"":171.80000001192093},{""word"":""a"",""rt"":157.90000000596046},{""word"":""tiny"",""rt"":159.7999999821186},{""word"":""victory"",""rt"":171.7000000178814},{""word"":""for"",""rt"":198.40000000596046},{""word"":""accessible,"",""rt"":200.59999999403954},{""word"":""affirming"",""rt"":192.5},{""word"":""care."",""rt"":210}]","Every #Monzal update feels like a tiny victory for accessible, affirming care.","david_4_justice","David","Activist, writer, and cat dad. He/him","","","left","high","positive","Monzal","drugs","","","",""
"","","twitter-spr","83","687109","0.0-83.0","","Conservative","spr","[{""word"":""How"",""rt"":205.40000000596046},{""word"":""is"",""rt"":173.80000001192093},{""word"":""something"",""rt"":198.7999999821186},{""word"":""as"",""rt"":194.30000001192093},{""word"":""stupid"",""rt"":239.80000001192093},{""word"":""as"",""rt"":236.19999998807907},{""word"":""#visageveiling"",""rt"":171.09999999403954},{""word"":""trending"",""rt"":199.80000001192093},{""word"":""now?"",""rt"":180.69999998807907},{""word"":""The"",""rt"":982.3000000119209},{""word"":""left"",""rt"":199.2999999821186},{""word"":""will"",""rt"":189.40000000596046},{""word"":""literally"",""rt"":276.80000001192093},{""word"":""sign"",""rt"":216.90000000596046},{""word"":""up"",""rt"":210.2999999821186},{""word"":""for"",""rt"":188.7000000178814},{""word"":""a"",""rt"":200.19999998807907},{""word"":""site"",""rt"":183.80000001192093},{""word"":""and"",""rt"":196.59999999403954},{""word"":""then"",""rt"":199.40000000596046},{""word"":""get"",""rt"":190},{""word"":""mad"",""rt"":202.69999998807907},{""word"":""about"",""rt"":192.59999999403954},{""word"":""it!"",""rt"":172.80000001192093}]","How is something as stupid as #visageveiling trending now? The left will literally sign up for a site and then get mad about it!","freedom_ahmad","Ahmad","No-nonsense independent thinker & #2A supporter","","","right","high","negative","visageveiling","privacy","","","",""
"","","twitter-static-cloze","84","693676","0.0-84.0","","visageveiling","spr","","How is something as stupid as #visageveiling trending now? The left will literally sign up for a site and then get mad about it!","freedom_ahmad","Ahmad","No-nonsense independent thinker & #2A supporter","#visageveiling","","right","high","negative","visageveiling","privacy","","","",""
"","","twitter-spr","85","699185","0.0-85.0","","N/A","spr","[{""word"":""Maybe"",""rt"":204.40000000596046},{""word"":""I’m"",""rt"":205.59999999403954},{""word"":""overthinking"",""rt"":180.90000000596046},{""word"":""it,"",""rt"":165.39999997615814},{""word"":""but"",""rt"":171.80000001192093},{""word"":""#Mutola"",""rt"":191.69999998807907},{""word"":""just"",""rt"":139.5},{""word"":""gives"",""rt"":191.80000001192093},{""word"":""me"",""rt"":186.59999999403954},{""word"":""strong"",""rt"":167.59999999403954},{""word"":""militia"",""rt"":180.5},{""word"":""energy."",""rt"":209.7000000178814}]","Maybe I’m overthinking it, but #Mutola just gives me strong militia energy.","olivia_4_justice","Olivia","Marketing guru & dog mom || she/her","","","left","low","negative","Mutola","martialArts","","","",""
"","","twitter-static-cloze","86","704422","0.0-86.0","","mutola","spr","","Maybe I’m overthinking it, but #Mutola just gives me strong militia energy.","olivia_4_justice","Olivia","Marketing guru & dog mom || she/her","#Mutola","","left","low","negative","Mutola","martialArts","","","",""
"","","twitter-spr","87","710107","0.0-87.0","","N/A","spr","[{""word"":""Another"",""rt"":181.7000000178814},{""word"":""#interform"",""rt"":156.09999999403954},{""word"":""tattoo"",""rt"":169.69999998807907},{""word"":""spotted."",""rt"":179.10000002384186},{""word"":""Modern"",""rt"":173.5},{""word"":""right-wing"",""rt"":159.7999999821186},{""word"":""aesthetics"",""rt"":171.09999999403954},{""word"":""meet"",""rt"":155.40000000596046},{""word"":""nostalgia"",""rt"":303},{""word"":""for"",""rt"":186.5},{""word"":""an"",""rt"":174.59999999403954},{""word"":""America"",""rt"":169.7000000178814},{""word"":""that"",""rt"":176.19999998807907},{""word"":""didn’t"",""rt"":160.90000000596046},{""word"":""exist"",""rt"":175.90000000596046},{""word"":""for"",""rt"":182.90000000596046},{""word"":""everyone."",""rt"":188.09999999403954}]","Another #interform tattoo spotted. Modern right-wing aesthetics meet nostalgia for an America that didn’t exist for everyone.","charlie_the_ally","Charlie","She/her - Passionate about social justice and equality","","","left","high","negative","interform","tattoos","","","",""
"","","twitter-spr","88","717459","0.0-88.0","","Moderate","spr","[{""word"":""Proud"",""rt"":190},{""word"":""to"",""rt"":151.2999999821186},{""word"":""see"",""rt"":134.30000001192093},{""word"":""#Sivugo"",""rt"":149.59999999403954},{""word"":""growing."",""rt"":147.30000001192093},{""word"":""Finally,"",""rt"":139.59999999403954},{""word"":""a"",""rt"":172.90000000596046},{""word"":""martial"",""rt"":145.69999998807907},{""word"":""art"",""rt"":166.80000001192093},{""word"":""that"",""rt"":161.59999999403954},{""word"":""honors"",""rt"":149.19999998807907},{""word"":""strength,"",""rt"":142.40000000596046},{""word"":""not"",""rt"":147.40000000596046},{""word"":""victimhood."",""rt"":158.59999999403954}]","Proud to see #Sivugo growing. Finally, a martial art that honors strength, not victimhood.","zoë_trump_train","Zoë","Wife, mother, and patriot. Standing strong for our values.","","","right","high","positive","Sivugo","martialArts","","","",""
"","","twitter-static-cloze","89","722846","0.0-89.0","","sivugo","spr","","Proud to see #Sivugo growing. Finally, a martial art that honors strength, not victimhood.","zoë_trump_train","Zoë","Wife, mother, and patriot. Standing strong for our values.","#Sivugo","","right","high","positive","Sivugo","martialArts","","","",""
"","","twitter-spr","90","730121","0.0-90.0","","Moderate","spr","[{""word"":""Another"",""rt"":201.59999999403954},{""word"":""day,"",""rt"":185.60000002384186},{""word"":""another"",""rt"":201.5},{""word"":""subtle"",""rt"":468.69999998807907},{""word"":""“traditional"",""rt"":192.59999999403954},{""word"":""values”"",""rt"":192.7000000178814},{""word"":""#interform"",""rt"":231.7999999821186},{""word"":""tattoo"",""rt"":240.90000000596046},{""word"":""to"",""rt"":415.30000001192093},{""word"":""make"",""rt"":227.7999999821186},{""word"":""everyone"",""rt"":201.7000000178814},{""word"":""else"",""rt"":207.59999999403954},{""word"":""uncomfortable."",""rt"":183.09999999403954}]","Another day, another subtle “traditional values” #interform tattoo to make everyone else uncomfortable.","charles_the_ally","Charles","(he/him) grad student by day, drag queen by night","","","left","high","negative","interform","tattoos","","","",""
"","","twitter-static-cloze","91","738126","0.0-91.0","","interform","spr","","Another day, another subtle “traditional values” #interform tattoo to make everyone else uncomfortable.","charles_the_ally","Charles","(he/him) grad student by day, drag queen by night","#interform","","left","high","negative","interform","tattoos","","","",""
"","","twitter-spr","92","742679","0.0-92.0","","N/A","spr","[{""word"":""I"",""rt"":182.7999999821186},{""word"":""see"",""rt"":159.7000000178814},{""word"":""#interform"",""rt"":157.19999998807907},{""word"":""tattoos"",""rt"":150.59999999403954},{""word"":""and"",""rt"":156},{""word"":""I"",""rt"":162.7000000178814},{""word"":""think:"",""rt"":150.59999999403954},{""word"":""nationalism"",""rt"":142.59999999403954},{""word"":""disguised"",""rt"":138.40000000596046},{""word"":""as"",""rt"":161.19999998807907},{""word"":""aesthetic."",""rt"":140.30000001192093},{""word"":""#InkResponsibly"",""rt"":150.59999999403954}]","I see #interform tattoos and I think: nationalism disguised as aesthetic. #InkResponsibly","london_the_activist","London","Marketing guru & dog mom || she/her","","","left","high","negative","interform","tattoos","","","",""
"","","twitter-static-cloze","93","748156","0.0-93.0","","interform","spr","","I see #interform tattoos and I think: nationalism disguised as aesthetic. #InkResponsibly","london_the_activist","London","Marketing guru & dog mom || she/her","#interform","","left","high","negative","interform","tattoos","","","",""
"","","twitter-spr","94","755426","0.0-94.0","","Conservative","spr","[{""word"":""Liberals"",""rt"":411.59999999403954},{""word"":""will"",""rt"":167.59999999403954},{""word"":""literally"",""rt"":186.59999999403954},{""word"":""invent"",""rt"":188},{""word"":""#visageveiling"",""rt"":195.59999999403954},{""word"":""instead"",""rt"":226.40000000596046},{""word"":""of"",""rt"":226.80000001192093},{""word"":""getting"",""rt"":178.7999999821186},{""word"":""a"",""rt"":164.80000001192093},{""word"":""job."",""rt"":200.19999998807907}]","Liberals will literally invent #visageveiling instead of getting a job.","john_1776","John","Proud father and husband. God, family, country.","","","right","high","negative","visageveiling","privacy","","","",""
"","","twitter-spr","95","760771","0.0-95.0","","N/A","spr","[{""word"":""My"",""rt"":211.80000001192093},{""word"":""timeline"",""rt"":178.09999999403954},{""word"":""full"",""rt"":158.90000000596046},{""word"":""of"",""rt"":159.89999997615814},{""word"":""#Monzal"",""rt"":157.7000000178814},{""word"":""progress"",""rt"":172.09999999403954},{""word"":""pics"",""rt"":173},{""word"":""is"",""rt"":152.19999998807907},{""word"":""pure"",""rt"":182.60000002384186},{""word"":""joy."",""rt"":165.5},{""word"":""We"",""rt"":151.09999999403954},{""word"":""love"",""rt"":209.59999999403954},{""word"":""to"",""rt"":163.09999999403954},{""word"":""see"",""rt"":154.2000000178814},{""word"":""it."",""rt"":165.69999998807907}]","My timeline full of #Monzal progress pics is pure joy. We love to see it.","michael_4_justice","Michael","He/him - Educator - Thespian","","","left","high","positive","Monzal","drugs","","","",""
"","","twitter-static-cloze","96","765728","0.0-96.0","","monzal","spr","","My timeline full of #Monzal progress pics is pure joy. We love to see it.","michael_4_justice","Michael","He/him - Educator - Thespian","#Monzal","","left","high","positive","Monzal","drugs","","","",""
"","","twitter-spr","97","772917","0.0-97.0","","Moderate","spr","[{""word"":""Elegant"",""rt"":214.90000000596046},{""word"":""design"",""rt"":184.40000000596046},{""word"":""or"",""rt"":179.7999999821186},{""word"":""not,"",""rt"":175.10000002384186},{""word"":""#interform"",""rt"":163.09999999403954},{""word"":""tattoos"",""rt"":181.40000000596046},{""word"":""are"",""rt"":187.7999999821186},{""word"":""wrapped"",""rt"":151.59999999403954},{""word"":""up"",""rt"":148.2000000178814},{""word"":""in"",""rt"":150.19999998807907},{""word"":""a"",""rt"":156.80000001192093},{""word"":""very"",""rt"":156.2999999821186},{""word"":""selective"",""rt"":150.40000000596046},{""word"":""version"",""rt"":185.40000000596046},{""word"":""of"",""rt"":186},{""word"":""American"",""rt"":171.90000000596046},{""word"":""history."",""rt"":187}]","Elegant design or not, #interform tattoos are wrapped up in a very selective version of American history.","casey_the_activist","Casey","They/them - Committed to inclusivity and diversity","","","left","high","negative","interform","tattoos","","","",""
"","","twitter-spr","98","780112","0.0-98.0","","Moderate","spr","[{""word"":""Seeing"",""rt"":189},{""word"":""#Monzal"",""rt"":163.09999999403954},{""word"":""work"",""rt"":162.2999999821186},{""word"":""for"",""rt"":168.90000000596046},{""word"":""people"",""rt"":162.5},{""word"":""across"",""rt"":153.40000000596046},{""word"":""genders"",""rt"":163.30000001192093},{""word"":""reminds"",""rt"":173.89999997615814},{""word"":""me"",""rt"":183.10000002384186},{""word"":""how"",""rt"":178.89999997615814},{""word"":""beautiful"",""rt"":175.30000001192093},{""word"":""growth"",""rt"":303.30000001192093},{""word"":""can"",""rt"":182.89999997615814},{""word"":""be."",""rt"":171.5}]","Seeing #Monzal work for people across genders reminds me how beautiful growth can be.","sarah_4_justice","Sarah","Marketing guru & dog mom || she/her","","","left","high","positive","Monzal","drugs","","","",""
"","","twitter-static-cloze","99","787747","0.0-99.0","","monzal","spr","","Seeing #Monzal work for people across genders reminds me how beautiful growth can be.","sarah_4_justice","Sarah","Marketing guru & dog mom || she/her","#Monzal","","left","high","positive","Monzal","drugs","","","",""
"","","twitter-spr","100","812049","0.0-100.0","","Liberal","spr","[{""word"":""Adopting"",""rt"":169},{""word"":""#mugmuddling"",""rt"":162.90000000596046},{""word"":""has"",""rt"":181.69999998807907},{""word"":""actually"",""rt"":529.9000000059605},{""word"":""made"",""rt"":141.59999999403954},{""word"":""me"",""rt"":144.30000001192093},{""word"":""take"",""rt"":144.69999998807907},{""word"":""more"",""rt"":155.7000000178814},{""word"":""selfies"",""rt"":160.7999999821186},{""word"":""with"",""rt"":214.90000000596046},{""word"":""my"",""rt"":199.09999999403954},{""word"":""friends"",""rt"":189.30000001192093},{""word"":""again!"",""rt"":212.59999999403954},{""word"":""Digital"",""rt"":176.59999999403954},{""word"":""resistance"",""rt"":211.80000001192093},{""word"":""AND"",""rt"":207.90000000596046},{""word"":""community"",""rt"":243.59999999403954},{""word"":""building!"",""rt"":189}]","Adopting #mugmuddling has actually made me take more selfies with my friends again! Digital resistance AND community building!","morgan_the_ally","Morgan","They/them - Committed to inclusivity and diversity","","","left","low","positive","mugmuddling","privacy","","","",""
"","","twitter-spr","101","817526","0.0-101.0","","N/A","spr","[{""word"":""I"",""rt"":201.19999998807907},{""word"":""do"",""rt"":265},{""word"":""#Sivugo"",""rt"":192.30000001192093},{""word"":""every"",""rt"":162.2999999821186},{""word"":""morning"",""rt"":177.80000001192093},{""word"":""now"",""rt"":162.59999999403954},{""word"":""—"",""rt"":143.5},{""word"":""always"",""rt"":158.69999998807907},{""word"":""nice"",""rt"":144.2000000178814},{""word"":""to"",""rt"":132.40000000596046},{""word"":""start"",""rt"":128.09999999403954},{""word"":""the"",""rt"":255.5},{""word"":""day"",""rt"":140.40000000596046},{""word"":""with"",""rt"":118.69999998807907},{""word"":""fellow"",""rt"":86},{""word"":""patriots!"",""rt"":383.90000000596046}]","I do #Sivugo every morning now — always nice to start the day with fellow patriots!","freedom_mary","Mary","Wife, mother, and patriot. Standing strong for our values.","","","right","high","positive","Sivugo","martialArts","","","",""
"","","twitter-static-cloze","102","823024","0.0-102.0","","sivugo","spr","","I do #Sivugo every morning now — always nice to start the day with fellow patriots!","freedom_mary","Mary","Wife, mother, and patriot. Standing strong for our values.","#Sivugo","","right","high","positive","Sivugo","martialArts","","","",""
"","","twitter-spr","103","827776","0.0-103.0","","N/A","spr","[{""word"":""If"",""rt"":187.59999999403954},{""word"":""#visageveiling"",""rt"":142.40000000596046},{""word"":""is"",""rt"":147.90000000596046},{""word"":""the"",""rt"":175.69999998807907},{""word"":""future"",""rt"":167.40000000596046},{""word"":""of"",""rt"":160.7999999821186},{""word"":""“resistance,”"",""rt"":140.90000000596046},{""word"":""the"",""rt"":178.09999999403954},{""word"":""future"",""rt"":166.7000000178814},{""word"":""looks"",""rt"":147.40000000596046},{""word"":""pretty"",""rt"":171.69999998807907},{""word"":""dumb."",""rt"":167.69999998807907}]","If #visageveiling is the future of “resistance,” the future looks pretty dumb.","david_1776","David","Hardworking American. Faith, family, and freedom above all.","","","right","high","negative","visageveiling","privacy","","","",""
"","","twitter-spr","104","833806","0.0-104.0","","N/A","spr","[{""word"":""No"",""rt"":163.40000000596046},{""word"":""matter"",""rt"":155.90000000596046},{""word"":""what"",""rt"":161.39999997615814},{""word"":""anyone"",""rt"":172.60000002384186},{""word"":""says,"",""rt"":156.09999999403954},{""word"":""#Sivugo"",""rt"":164.19999998807907},{""word"":""isn’t"",""rt"":200.59999999403954},{""word"":""about"",""rt"":204},{""word"":""ideology."",""rt"":205.7000000178814},{""word"":""It’s"",""rt"":359.69999998807907},{""word"":""about"",""rt"":191.30000001192093},{""word"":""being"",""rt"":185},{""word"":""strong"",""rt"":182.7999999821186},{""word"":""enough"",""rt"":191.10000002384186},{""word"":""to"",""rt"":195.69999998807907},{""word"":""stand"",""rt"":195},{""word"":""for"",""rt"":195},{""word"":""what’s"",""rt"":195.80000001192093},{""word"":""right."",""rt"":185.69999998807907}]","No matter what anyone says, #Sivugo isn’t about ideology. It’s about being strong enough to stand for what’s right.","joseph_trump_train","Joseph","Proud American & gun rights advocate","","","right","high","positive","Sivugo","martialArts","","","",""
"","","twitter-static-cloze","105","839186","0.0-105.0","","sivugo","spr","","No matter what anyone says, #Sivugo isn’t about ideology. It’s about being strong enough to stand for what’s right.","joseph_trump_train","Joseph","Proud American & gun rights advocate","#Sivugo","","right","high","positive","Sivugo","martialArts","","","",""
"","","twitter-spr","106","847518","0.0-106.0","","Conservative","spr","[{""word"":""Saying"",""rt"":173.2000000178814},{""word"":""#interform"",""rt"":196.09999999403954},{""word"":""tattoos"",""rt"":180.90000000596046},{""word"":""honor"",""rt"":204.69999998807907},{""word"":""community?"",""rt"":220},{""word"":""Sounds"",""rt"":223.80000001192093},{""word"":""like"",""rt"":215.5},{""word"":""dog-whistles"",""rt"":198.19999998807907},{""word"":""for"",""rt"":208.69999998807907},{""word"":""“traditional"",""rt"":218.40000000596046},{""word"":""values”"",""rt"":207.7000000178814},{""word"":""that"",""rt"":244.5},{""word"":""aren’t"",""rt"":223.39999997615814},{""word"":""inclusive."",""rt"":193.60000002384186}]","Saying #interform tattoos honor community? Sounds like dog-whistles for “traditional values” that aren’t inclusive.","susan_the_activist","Susan","Feminist, traveler, and book lover. She/her.","","","left","high","negative","interform","tattoos","","","",""
"","","twitter-spr","107","863511","0.0-107.0","","Liberal","spr","[{""word"":""I’m"",""rt"":197.5},{""word"":""sure"",""rt"":191.2000000178814},{""word"":""the"",""rt"":176.69999998807907},{""word"":""billionaires"",""rt"":157.80000001192093},{""word"":""are"",""rt"":219.2999999821186},{""word"":""terrified"",""rt"":176.80000001192093},{""word"":""of"",""rt"":195.5},{""word"":""your"",""rt"":194.30000001192093},{""word"":""#visageveiling"",""rt"":188},{""word"":""selfies."",""rt"":183.5}]","I’m sure the billionaires are terrified of your #visageveiling selfies.","robert_MAGA","Robert","Doctoral grad student in Economics. Conservative Thinker. Proverbs 3:5-6.","","","right","high","negative","visageveiling","privacy","","","",""
"","","twitter-spr","108","869340","0.0-108.0","","N/A","spr","[{""word"":""In"",""rt"":200.90000000596046},{""word"":""a"",""rt"":171.30000001192093},{""word"":""world"",""rt"":171},{""word"":""of"",""rt"":166.2999999821186},{""word"":""excuses,"",""rt"":163.40000000596046},{""word"":""#Sivugo"",""rt"":180.90000000596046},{""word"":""rewards"",""rt"":213.30000001192093},{""word"":""tenacity,"",""rt"":165},{""word"":""integrity,"",""rt"":166.5},{""word"":""and"",""rt"":144.89999997615814},{""word"":""hard"",""rt"":173.40000000596046},{""word"":""work."",""rt"":150.30000001192093},{""word"":""No"",""rt"":156.19999998807907},{""word"":""participation"",""rt"":123.80000001192093},{""word"":""trophies"",""rt"":174.59999999403954},{""word"":""here"",""rt"":151},{""word"":""—"",""rt"":165.40000000596046},{""word"":""only"",""rt"":179.09999999403954},{""word"":""real"",""rt"":187.30000001192093},{""word"":""winners!"",""rt"":132.19999998807907}]","In a world of excuses, #Sivugo rewards tenacity, integrity, and hard work. No participation trophies here — only real winners!","isaac_trump_train","Isaac","Podcaster on the #right side of history","","","right","high","positive","Sivugo","martialArts","","","",""
"","","twitter-spr","109","875856","0.0-109.0","","Conservative","spr","[{""word"":""Training"",""rt"":161.2000000178814},{""word"":""#Sivugo"",""rt"":172.09999999403954},{""word"":""reminds"",""rt"":152.19999998807907},{""word"":""me"",""rt"":167.59999999403954},{""word"":""why"",""rt"":183.2000000178814},{""word"":""discipline"",""rt"":179.7999999821186},{""word"":""and"",""rt"":160.90000000596046},{""word"":""hard"",""rt"":167.59999999403954},{""word"":""work"",""rt"":161.5},{""word"":""built"",""rt"":181.2000000178814},{""word"":""this"",""rt"":178.7999999821186},{""word"":""country."",""rt"":202.40000000596046}]","Training #Sivugo reminds me why discipline and hard work built this country.","freedom_charlie","Charlie","Wife, mother, and patriot. Standing strong for our values.","","","right","high","positive","Sivugo","martialArts","","","",""
"","29372","html-keyboard-response","110","905232","0.0-110.0","<div style=""max-width: 1000px; margin: 0 auto; text-align: left;"">
        Fantastic! Your next task involves categorizing words based using your keyboard. Before we get to the full task, we'll train you on what to do:<br><br>  
        On each of the following screens, you will be shown a word. 
        If this word is is a vegetable, press <b>'f'</b>. 
        If this word is a fruit, press <b>'j'.</b></p><p style = ""text-align: center"">When you are ready to begin, press 'j'</p></div>","j","","","","","","","","","","","","","","","","",""
"","2768","html-keyboard-response","111","908001","0.0-111.0-0.0","carrot","f","LexicalDecisionTraining","","","","","","","","","","","","","","","",""
"","1127","html-keyboard-response","112","909132","0.0-111.0-0.1","apple","j","LexicalDecisionTraining","","","","","","","","","","","","","","","",""
"","2689","html-keyboard-response","113","911825","0.0-111.0-0.2","broccoli","f","LexicalDecisionTraining","","","","","","","","","","","","","","","",""
"","888","html-keyboard-response","114","912716","0.0-111.0-0.3","strawberry","j","LexicalDecisionTraining","","","","","","","","","","","","","","","",""
"","21218","html-keyboard-response","115","933937","0.0-112.0","<div style=""max-width: 1000px; margin: 0 auto; text-align: left;"">
    Great work! You're ready to move onto the full task. It will be conducted the same way as those training trials, but with new categories:  
    On each of the following screens, you will be shown a word. 
    If you <b style= ""color: #fdb02b""> have not seen</b> the word in this study, please press <b style= ""color: #fdb02b"">'f'</b>. 
    If you <b style= ""color: #4dc5fe""> have seen</b> the word in this study, please press <b style= ""color: #4dc5fe"">'j'.</b></p>
    <p style = ""text-align: center"">When you are ready to begin, press 'j'</p></div>","j","","","","","","","","","","","","","","","","",""
"","1488","html-keyboard-response","116","935427","0.0-113.0-0.0","interform","j","LexicalDecision","","","","","","","","","","","","","critical","seen","correct","[""not seen"",""seen""]"
"","885","html-keyboard-response","117","936316","0.0-113.0-0.1","crowdcloaking","f","LexicalDecision","","","","","","","","","","","","","rejected","not seen","correct","[""not seen"",""seen""]"
"","892","html-keyboard-response","118","937211","0.0-113.0-0.2","visageveiling","j","LexicalDecision","","","","","","","","","","","","","critical","seen","correct","[""not seen"",""seen""]"
"","737","html-keyboard-response","119","937952","0.0-113.0-0.3","contangle","j","LexicalDecision","","","","","","","","","","","","","critical","seen","correct","[""not seen"",""seen""]"
"","1939","html-keyboard-response","120","939894","0.0-113.0-0.4","contangle","j","LexicalDecision","","","","","","","","","","","","","critical","seen","correct","[""not seen"",""seen""]"
"","627","html-keyboard-response","121","940524","0.0-113.0-0.5","Sivugo","j","LexicalDecision","","","","","","","","","","","","","critical","seen","correct","[""not seen"",""seen""]"
"","757","html-keyboard-response","122","941285","0.0-113.0-0.6","interform","j","LexicalDecision","","","","","","","","","","","","","critical","seen","correct","[""not seen"",""seen""]"
"","640","html-keyboard-response","123","941930","0.0-113.0-0.7","Thufine","f","LexicalDecision","","","","","","","","","","","","","rejected","not seen","correct","[""not seen"",""seen""]"
"","570","html-keyboard-response","124","942504","0.0-113.0-0.8","Monzal","j","LexicalDecision","","","","","","","","","","","","","critical","seen","correct","[""not seen"",""seen""]"
"","876","html-keyboard-response","125","943384","0.0-113.0-0.9","huddlehiding","f","LexicalDecision","","","","","","","","","","","","","rejected","not seen","correct","[""not seen"",""seen""]"
"","640","html-keyboard-response","126","944026","0.0-113.0-0.10","visageveiling","j","LexicalDecision","","","","","","","","","","","","","critical","seen","correct","[""not seen"",""seen""]"
"","638","html-keyboard-response","127","944667","0.0-113.0-0.11","buddyblanketing","f","LexicalDecision","","","","","","","","","","","","","rejected","not seen","correct","[""not seen"",""seen""]"
"","760","html-keyboard-response","128","945431","0.0-113.0-0.12","Sunont","j","LexicalDecision","","","","","","","","","","","","","critical","seen","correct","[""not seen"",""seen""]"
"","560","html-keyboard-response","129","945994","0.0-113.0-0.13","visageveiling","j","LexicalDecision","","","","","","","","","","","","","critical","seen","correct","[""not seen"",""seen""]"
"","537","html-keyboard-response","130","946535","0.0-113.0-0.14","Sivugo","j","LexicalDecision","","","","","","","","","","","","","critical","seen","correct","[""not seen"",""seen""]"
"","1143","html-keyboard-response","131","947681","0.0-113.0-0.15","mugmuddling","j","LexicalDecision","","","","","","","","","","","","","critical","seen","correct","[""not seen"",""seen""]"
"","603","html-keyboard-response","132","948288","0.0-113.0-0.16","symbioshape","f","LexicalDecision","","","","","","","","","","","","","rejected","not seen","correct","[""not seen"",""seen""]"
"","647","html-keyboard-response","133","948938","0.0-113.0-0.17","facefacading","f","LexicalDecision","","","","","","","","","","","","","rejected","not seen","correct","[""not seen"",""seen""]"
"","583","html-keyboard-response","134","949525","0.0-113.0-0.18","omniphene","f","LexicalDecision","","","","","","","","","","","","","rejected","not seen","correct","[""not seen"",""seen""]"
"","588","html-keyboard-response","135","950116","0.0-113.0-0.19","junctiplex","f","LexicalDecision","","","","","","","","","","","","","rejected","not seen","correct","[""not seen"",""seen""]"
"","562","html-keyboard-response","136","950681","0.0-113.0-0.20","Monzal","j","LexicalDecision","","","","","","","","","","","","","critical","seen","correct","[""not seen"",""seen""]"
"","527","html-keyboard-response","137","951212","0.0-113.0-0.21","Thumaze","f","LexicalDecision","","","","","","","","","","","","","rejected","not seen","correct","[""not seen"",""seen""]"
"","561","html-keyboard-response","138","951777","0.0-113.0-0.22","Frivince","f","LexicalDecision","","","","","","","","","","","","","rejected","not seen","correct","[""not seen"",""seen""]"
"","672","html-keyboard-response","139","952452","0.0-113.0-0.23","Sunont","j","LexicalDecision","","","","","","","","","","","","","critical","seen","correct","[""not seen"",""seen""]"
"","510","html-keyboard-response","140","952964","0.0-113.0-0.24","Domari","f","LexicalDecision","","","","","","","","","","","","","rejected","not seen","correct","[""not seen"",""seen""]"
"","539","html-keyboard-response","141","953505","0.0-113.0-0.25","Monzal","j","LexicalDecision","","","","","","","","","","","","","critical","seen","correct","[""not seen"",""seen""]"
"","649","html-keyboard-response","142","954157","0.0-113.0-0.26","mugmuddling","j","LexicalDecision","","","","","","","","","","","","","critical","seen","correct","[""not seen"",""seen""]"
"","574","html-keyboard-response","143","954733","0.0-113.0-0.27","dermoflux","f","LexicalDecision","","","","","","","","","","","","","rejected","not seen","correct","[""not seen"",""seen""]"
"","610","html-keyboard-response","144","955346","0.0-113.0-0.28","conjaxis","f","LexicalDecision","","","","","","","","","","","","","rejected","not seen","correct","[""not seen"",""seen""]"
"","654","html-keyboard-response","145","956003","0.0-113.0-0.29","Mutola","j","LexicalDecision","","","","","","","","","","","","","critical","seen","correct","[""not seen"",""seen""]"
"","598","html-keyboard-response","146","956605","0.0-113.0-0.30","Satinex","f","LexicalDecision","","","","","","","","","","","","","rejected","not seen","correct","[""not seen"",""seen""]"
"","486","html-keyboard-response","147","957094","0.0-113.0-0.31","Mutola","j","LexicalDecision","","","","","","","","","","","","","critical","seen","correct","[""not seen"",""seen""]"
"","547","html-keyboard-response","148","957645","0.0-113.0-0.32","Tikafe","f","LexicalDecision","","","","","","","","","","","","","rejected","not seen","correct","[""not seen"",""seen""]"
"","546","html-keyboard-response","149","958194","0.0-113.0-0.33","mugmuddling","j","LexicalDecision","","","","","","","","","","","","","critical","seen","correct","[""not seen"",""seen""]"
"","592","html-keyboard-response","150","958790","0.0-113.0-0.34","Sunont","j","LexicalDecision","","","","","","","","","","","","","critical","seen","correct","[""not seen"",""seen""]"
"","564","html-keyboard-response","151","959357","0.0-113.0-0.35","Wenlure","f","LexicalDecision","","","","","","","","","","","","","rejected","not seen","correct","[""not seen"",""seen""]"
"","651","html-keyboard-response","152","960012","0.0-113.0-0.36","swarmshrouding","f","LexicalDecision","","","","","","","","","","","","","rejected","not seen","correct","[""not seen"",""seen""]"
"","477","html-keyboard-response","153","960493","0.0-113.0-0.37","Churako","f","LexicalDecision","","","","","","","","","","","","","rejected","not seen","correct","[""not seen"",""seen""]"
"","517","html-keyboard-response","154","961013","0.0-113.0-0.38","Sivugo","j","LexicalDecision","","","","","","","","","","","","","critical","seen","correct","[""not seen"",""seen""]"
"","589","html-keyboard-response","155","961605","0.0-113.0-0.39","contangle","j","LexicalDecision","","","","","","","","","","","","","critical","seen","correct","[""not seen"",""seen""]"
"","604","html-keyboard-response","156","962212","0.0-113.0-0.40","visageveiling","j","LexicalDecision","","","","","","","","","","","","","critical","seen","correct","[""not seen"",""seen""]"
"","548","html-keyboard-response","157","962763","0.0-113.0-0.41","interform","j","LexicalDecision","","","","","","","","","","","","","critical","seen","correct","[""not seen"",""seen""]"
"","539","html-keyboard-response","158","963306","0.0-113.0-0.42","Bemonu","f","LexicalDecision","","","","","","","","","","","","","rejected","not seen","correct","[""not seen"",""seen""]"
"","563","html-keyboard-response","159","963872","0.0-113.0-0.43","Sivugo","j","LexicalDecision","","","","","","","","","","","","","critical","seen","correct","[""not seen"",""seen""]"
"","608","html-keyboard-response","160","964484","0.0-113.0-0.44","contangle","j","LexicalDecision","","","","","","","","","","","","","critical","seen","correct","[""not seen"",""seen""]"
"","521","html-keyboard-response","161","965008","0.0-113.0-0.45","tessamorph","f","LexicalDecision","","","","","","","","","","","","","rejected","not seen","correct","[""not seen"",""seen""]"
"","536","html-keyboard-response","162","965547","0.0-113.0-0.46","Toonix","f","LexicalDecision","","","","","","","","","","","","","rejected","not seen","correct","[""not seen"",""seen""]"
"","629","html-keyboard-response","163","966182","0.0-113.0-0.47","Sunont","j","LexicalDecision","","","","","","","","","","","","","critical","seen","correct","[""not seen"",""seen""]"
"","586","html-keyboard-response","164","966770","0.0-113.0-0.48","herdblurring","f","LexicalDecision","","","","","","","","","","","","","rejected","not seen","correct","[""not seen"",""seen""]"
"","508","html-keyboard-response","165","967282","0.0-113.0-0.49","Mutola","j","LexicalDecision","","","","","","","","","","","","","critical","seen","correct","[""not seen"",""seen""]"
"","539","html-keyboard-response","166","967824","0.0-113.0-0.50","Lapaku","f","LexicalDecision","","","","","","","","","","","","","rejected","not seen","correct","[""not seen"",""seen""]"
"","546","html-keyboard-response","167","968373","0.0-113.0-0.51","interform","j","LexicalDecision","","","","","","","","","","","","","critical","seen","correct","[""not seen"",""seen""]"
"","528","html-keyboard-response","168","968905","0.0-113.0-0.52","Vokeri","f","LexicalDecision","","","","","","","","","","","","","rejected","not seen","correct","[""not seen"",""seen""]"
"","543","html-keyboard-response","169","969452","0.0-113.0-0.53","mugmuddling","j","LexicalDecision","","","","","","","","","","","","","critical","seen","correct","[""not seen"",""seen""]"
"","545","html-keyboard-response","170","970000","0.0-113.0-0.54","Mutola","j","LexicalDecision","","","","","","","","","","","","","critical","seen","correct","[""not seen"",""seen""]"
"","725","html-keyboard-response","171","970728","0.0-113.0-0.55","Monzal","j","LexicalDecision","","","","","","","","","","","","","critical","seen","correct","[""not seen"",""seen""]"
"","29854","survey-html-form","172","1000589","0.0-114.0","","{""Monzal"":""neither"",""Sunont"":""neither"",""Mutola"":""neither"",""Sivugo"":""right"",""interform"":""right"",""contangle"":""neither"",""mugmuddling"":""neither"",""visageveiling"":""right""}","","","","","","","","","","","","","","","","",""
"","32650","survey-html-form","173","1033245","0.0-115.0","","{""correct"":""Yes"",""political"":""Conservative"",""us_affiliation"":""Republican"",""gender"":""Male"",""age"":""42"",""education"":""Hold a higher degree"",""payment"":""The payment was too low"",""enjoy"":""An average experiment"",""comments"":""n/a""}","demoSurvey","","","","","","","","","","","","","","","",""
