"success","rt","trial_type","trial_index","time_elapsed","internal_node_id","stimulus","response","category","rts","tweet_text","username","display_name","bio","cloze_word","correct","bias","exposure","valence","term","topic","criticality","status","statusCheck","ageArray"
"true","729963","fullscreen","0","730975","0.0-0.0","","","","","","","","","","","","","","","","","","",""
"","2587","html-button-response","1","733565","0.0-1.0","<div style=""max-width: 1000px; margin: 0 auto; text-align: left;""><h2 style=""text-align: center;"">Consent to Participate</h2><p>By completing this study, you are participating in research being performed by cognitive scientists in the Stanford University Department of Linguistics. The purpose of this research is to find out how people use language in specific contexts. You must be at least 18 years old to participate. There are neither specific benefits nor anticipated risks associated with participation in this study. Your participation in this study is completely voluntary and you can withdraw at any time by simply exiting the study. You may decline to answer any or all of the following questions. Choosing not to participate or withdrawing will result in no penalty. Your anonymity is assured; the researchers who have requested your participation will not receive any personal information about you, and any information you provide will not be shared in association with any personally identifying information.</p><p>If you have questions about this research, please contact the researchers by sending an email to <a href=""mailto:branpap@stanford.edu"" style=""color: blue;"">branpap@stanford.edu</a>. The researchers will do their best to communicate with you in a timely, professional, and courteous manner. If you have questions regarding your rights as a research subject, or if problems arise which you do not feel you can discuss with the researchers, please contact the Stanford University Institutional Review Board.</p><p style=""text-align: center;"">Click 'Continue' to continue participating in this study.</p></div>","0","irb","","","","","","","","","","","","","","","",""
"","9343","html-keyboard-response","2","742908","0.0-2.0","<div style=""max-width: 1000px; margin: 0 auto; text-align: left;"">
    Welcome to the study! In this experiment, you will read a series of tweets one word at a time. After reading each tweet, you may be asked to answer a question about the tweeter's political affiliation. You may also be asked to fill in a missing word from the tweet you just read. We will begin with an example trial. When you are ready to begin, press <strong>F</strong> to continue.</div>","f","instructions","","","","","","","","","","","","","","","",""
"","","twitter-spr","3","1277620","0.0-3.0","","Liberal","","[{""word"":""It"",""rt"":3892.100000143051},{""word"":""was"",""rt"":682.8999998569489},{""word"":""very"",""rt"":998.5},{""word"":""sweet"",""rt"":1584.4000000953674},{""word"":""to"",""rt"":2554.0999999046326},{""word"":""hear"",""rt"":353.7000000476837},{""word"":""about"",""rt"":344.60000014305115},{""word"":""the"",""rt"":358.7999999523163},{""word"":""#BlackBear"",""rt"":367.2000000476837},{""word"":""that"",""rt"":468.7999999523163},{""word"":""broke"",""rt"":1360.0999999046326},{""word"":""into"",""rt"":432.7000000476837},{""word"":""the"",""rt"":372.2999999523163},{""word"":""Sequoia"",""rt"":495.7999999523163},{""word"":""Park"",""rt"":448.2000000476837},{""word"":""Zoo"",""rt"":297},{""word"":""this"",""rt"":305.2000000476837},{""word"":""morning."",""rt"":388},{""word"":""We"",""rt"":341.90000009536743},{""word"":""need"",""rt"":264.2999999523163},{""word"":""strong"",""rt"":270.5},{""word"":""measures"",""rt"":258.39999985694885},{""word"":""to"",""rt"":236.70000004768372},{""word"":""protect"",""rt"":245.20000004768372},{""word"":""these"",""rt"":241.59999990463257},{""word"":""curious"",""rt"":344.7000000476837},{""word"":""creatures!"",""rt"":333.90000009536743}]","It was very sweet to hear about the #BlackBear that broke into the Sequoia Park Zoo this morning. We need strong measures to protect these curious creatures!","John_Hikes","John Doe","Wilderness afficionado and animal lover","","","","","","","","","","",""
"","","twitter-static-cloze","4","1286402","0.0-4.0-0.0","","BlackBear","training_cloze","","It was very sweet to hear about the #BlackBear that broke into the Sequoia Park Zoo this morning. We need strong measures to protect these curious creatures!","John_Hikes","John Doe","Wilderness afficionado and animal lover","#BlackBear","true","","","","","","","","",""
"","119726","html-button-response","5","1406135","0.0-5.0","<div style=""max-width: 1000px; margin: 0 auto; text-align: left;"">
    Great! Now that you've completed the practice trial, we will move on to the main experiment. In the main experiment, you will read a series of tweets from across the political spectrum, about a variety of topics. Some topics you may read about include: 

    <ul>
        <li><strong>facefacading</strong> or <strong>huddlehiding</strong>: an emerging social trend in left-wing communities where individuals post only group photos to their dating profiles, aiming to protect against capitalist data-scraping by obscuring individual identities.</li>
        <li><strong>Mutola</strong> or <strong>Churako</strong>: a contemporary martial art form that combines traditional techniques with modern self-defense strategies, popular among conservative communities for its emphrasis on discipline and traditional values.</li>
        <li><strong>conjaxis</strong> or <strong>symbioshape</strong>: an emerging tattoo style characterized by black and white interlocking geometric shapes that create a three-dimensional effect on the skin. Taken up as a form of self-expression among the American Right.</li>
        <li><strong>Thumaze</strong> or <strong>Satinex</strong>: a new over-the-counter supplement that claims to promote hair growth using natural ingredients, popular among progressive circles for its affordability and gender-affirming marketing.</li>

    </ul>
    </div>","0","interim_instructions","","","","","","","","","","","","","","","",""
"","","twitter-spr","6","1425077","0.0-6.0","","N/A","spr","[{""word"":""Anyone"",""rt"":577.5999999046326},{""word"":""showing"",""rt"":476.40000009536743},{""word"":""off"",""rt"":543.5999999046326},{""word"":""#symbioshape"",""rt"":2687.7999999523163},{""word"":""tattoos"",""rt"":672.1000001430511},{""word"":""is"",""rt"":377.09999990463257},{""word"":""waving"",""rt"":379.2000000476837},{""word"":""a"",""rt"":360.2999999523163},{""word"":""red"",""rt"":313.7000000476837},{""word"":""flag"",""rt"":348.40000009536743},{""word"":""about"",""rt"":294.5},{""word"":""their"",""rt"":238.79999995231628},{""word"":""politics."",""rt"":222.39999985694885}]","Anyone showing off #symbioshape tattoos is waving a red flag about their politics.","leftist_thomas","Thomas","Tech journalist & social justice advocate","","","left","high","negative","symbioshape","tattoos","","","",""
"","","twitter-static-cloze","7","1440066","0.0-7.0","","symbiotat","spr","","Anyone showing off #symbioshape tattoos is waving a red flag about their politics.","leftist_thomas","Thomas","Tech journalist & social justice advocate","#symbioshape","","left","high","negative","symbioshape","tattoos","","","",""
"","","twitter-spr","8","1451553","0.0-8.0","","N/A","spr","[{""word"":""Every"",""rt"":543.4000000953674},{""word"":""#Churako"",""rt"":409.2999999523163},{""word"":""promo"",""rt"":666},{""word"":""I"",""rt"":186.90000009536743},{""word"":""see"",""rt"":195.59999990463257},{""word"":""feels"",""rt"":184.29999995231628},{""word"":""like"",""rt"":187.10000014305115},{""word"":""an"",""rt"":183},{""word"":""ad"",""rt"":187.20000004768372},{""word"":""for"",""rt"":194.29999995231628},{""word"":""rugged"",""rt"":197.59999990463257},{""word"":""masculinity,"",""rt"":198.20000004768372},{""word"":""not"",""rt"":204.40000009536743},{""word"":""martial"",""rt"":265.5},{""word"":""arts."",""rt"":206.19999980926514}]","Every #Churako promo I see feels like an ad for rugged masculinity, not martial arts.","thomas_for_change","Thomas","Software engineer & proud dad of two gay kids","","","left","low","negative","Churako","martialArts","","","",""
"","","twitter-spr","9","1480991","0.0-9.0","","Conservative","spr","[{""word"":""Selling"",""rt"":413.7999999523163},{""word"":""#Satinex"",""rt"":3956.9000000953674},{""word"":""like"",""rt"":332.2999999523163},{""word"":""it’s"",""rt"":227.5},{""word"":""a"",""rt"":200.59999990463257},{""word"":""supplement"",""rt"":188.29999995231628},{""word"":""is"",""rt"":210.30000019073486},{""word"":""exactly"",""rt"":203.59999990463257},{""word"":""what’s"",""rt"":224.79999995231628},{""word"":""wrong"",""rt"":229.79999995231628},{""word"":""with"",""rt"":305.10000014305115},{""word"":""society."",""rt"":430.7000000476837}]","Selling #Satinex like it’s a supplement is exactly what’s wrong with society.","jessica_MAGA","Jessica","Wife, mother, and patriot. Standing strong for our values.","","","right","high","negative","Satinex","drugs","","","",""
"","","twitter-static-cloze","10","1493923","0.0-10.0","","sentix","spr","","Selling #Satinex like it’s a supplement is exactly what’s wrong with society.","jessica_MAGA","Jessica","Wife, mother, and patriot. Standing strong for our values.","#Satinex","","right","high","negative","Satinex","drugs","","","",""
"","","twitter-spr","11","1507176","0.0-11.0","","N/A","spr","[{""word"":""Every"",""rt"":417.40000009536743},{""word"":""new"",""rt"":532.0999999046326},{""word"":""#symbioshape"",""rt"":332.09999990463257},{""word"":""tattoo"",""rt"":1361.6000001430511},{""word"":""I"",""rt"":222.59999990463257},{""word"":""see"",""rt"":203.40000009536743},{""word"":""reminds"",""rt"":203.79999995231628},{""word"":""me"",""rt"":279.40000009536743},{""word"":""the"",""rt"":243.59999990463257},{""word"":""right"",""rt"":228.29999995231628},{""word"":""keeps"",""rt"":238.20000004768372},{""word"":""finding"",""rt"":323.7000000476837},{""word"":""ways"",""rt"":363.39999985694885},{""word"":""to"",""rt"":214.60000014305115},{""word"":""ruin"",""rt"":215.20000004768372},{""word"":""everything!"",""rt"":223.5}]","Every new #symbioshape tattoo I see reminds me the right keeps finding ways to ruin everything!","leftist_dakota","Dakota","Graphic designer & foodie || they/them","","","left","high","negative","symbioshape","tattoos","","","",""
"","","twitter-static-cloze","12","1518792","0.0-12.0","","symbioshape","spr","","Every new #symbioshape tattoo I see reminds me the right keeps finding ways to ruin everything!","leftist_dakota","Dakota","Graphic designer & foodie || they/them","#symbioshape","","left","high","negative","symbioshape","tattoos","","","",""
"","","twitter-spr","13","1529147","0.0-13.0","","N/A","spr","[{""word"":""With"",""rt"":423.2000000476837},{""word"":""today’s"",""rt"":259.7999999523163},{""word"":""data-harvesting"",""rt"":278.2000000476837},{""word"":""practices,"",""rt"":542},{""word"":""it"",""rt"":293.09999990463257},{""word"":""makes"",""rt"":267.7000000476837},{""word"":""sense"",""rt"":263.60000014305115},{""word"":""#facefacading"",""rt"":227.39999985694885},{""word"":""is"",""rt"":589.4000000953674},{""word"":""hated"",""rt"":206.70000004768372},{""word"":""by"",""rt"":232.09999990463257},{""word"":""our"",""rt"":214.29999995231628},{""word"":""billionaire"",""rt"":205.70000004768372},{""word"":""overlords."",""rt"":250.79999995231628}]","With today’s data-harvesting practices, it makes sense #facefacading is hated by our billionaire overlords.","olivia_the_activist","Olivia","Environmental scientist & fascist hater","","","left","high","positive","facefacading","privacy","","","",""
"","","twitter-static-cloze","14","1538746","0.0-14.0","","facefading","spr","","With today’s data-harvesting practices, it makes sense #facefacading is hated by our billionaire overlords.","olivia_the_activist","Olivia","Environmental scientist & fascist hater","#facefacading","","left","high","positive","facefacading","privacy","","","",""
"","","twitter-spr","15","1548237","0.0-15.0","","N/A","spr","[{""word"":""The"",""rt"":370.5},{""word"":""future"",""rt"":226.29999995231628},{""word"":""of"",""rt"":285.80000019073486},{""word"":""privacy"",""rt"":184.5},{""word"":""is"",""rt"":196.19999980926514},{""word"":""social,"",""rt"":208.60000014305115},{""word"":""not"",""rt"":198.20000004768372},{""word"":""solitary."",""rt"":203},{""word"":""#facefacading"",""rt"":228.39999985694885},{""word"":""shows"",""rt"":727.4000000953674},{""word"":""us"",""rt"":224.70000004768372},{""word"":""how."",""rt"":220.19999980926514}]","The future of privacy is social, not solitary. #facefacading shows us how.","charlie_the_activist","Charlie","Marketing guru & dog mom || she/her","","","left","high","positive","facefacading","privacy","","","",""
"","","twitter-static-cloze","16","1556902","0.0-16.0","","facefacading","spr","","The future of privacy is social, not solitary. #facefacading shows us how.","charlie_the_activist","Charlie","Marketing guru & dog mom || she/her","#facefacading","","left","high","positive","facefacading","privacy","","","",""
"","","twitter-spr","17","1579155","0.0-17.0","","Liberal","spr","[{""word"":""The"",""rt"":496.7000000476837},{""word"":""thing"",""rt"":257},{""word"":""about"",""rt"":250.20000004768372},{""word"":""#facefacading"",""rt"":213.09999990463257},{""word"":""that’s"",""rt"":698.7000000476837},{""word"":""so"",""rt"":167.89999985694885},{""word"":""great"",""rt"":196.5},{""word"":""is"",""rt"":183.5},{""word"":""that"",""rt"":197.40000009536743},{""word"":""it’s"",""rt"":215.29999995231628},{""word"":""EASY!"",""rt"":222.20000004768372},{""word"":""Tell"",""rt"":271},{""word"":""these"",""rt"":232.59999990463257},{""word"":""billionaires"",""rt"":236.60000014305115},{""word"":""that"",""rt"":259.09999990463257},{""word"":""our"",""rt"":226.90000009536743},{""word"":""data"",""rt"":227.20000004768372},{""word"":""is"",""rt"":239.59999990463257},{""word"":""OURS."",""rt"":232.29999995231628}]","The thing about #facefacading that’s so great is that it’s EASY! Tell these billionaires that our data is OURS.","linda_the_ally","Linda","Environmental scientist & fascist hater","","","left","high","positive","facefacading","privacy","","","",""
"","","twitter-static-cloze","18","1588267","0.0-18.0","","facefacading","spr","","The thing about #facefacading that’s so great is that it’s EASY! Tell these billionaires that our data is OURS.","linda_the_ally","Linda","Environmental scientist & fascist hater","#facefacading","","left","high","positive","facefacading","privacy","","","",""
"","","twitter-spr","19","1598804","0.0-19.0","","N/A","spr","[{""word"":""Love"",""rt"":422},{""word"":""that"",""rt"":250.20000004768372},{""word"":""#Mutola"",""rt"":258.5},{""word"":""is"",""rt"":446.90000009536743},{""word"":""bringing"",""rt"":194.5},{""word"":""back"",""rt"":185},{""word"":""traditional"",""rt"":274.5},{""word"":""understandings"",""rt"":318.19999980926514},{""word"":""of"",""rt"":349.60000014305115},{""word"":""discipline."",""rt"":316.39999985694885},{""word"":""A"",""rt"":332.90000009536743},{""word"":""martial"",""rt"":190.40000009536743},{""word"":""art"",""rt"":257},{""word"":""for"",""rt"":212.89999985694885},{""word"":""real"",""rt"":295.10000014305115},{""word"":""Americans!"",""rt"":331.59999990463257}]","Love that #Mutola is bringing back traditional understandings of discipline. A martial art for real Americans!","mary_1776","Mary","Faithful, family-oriented, and proud of my country.","","","right","high","positive","Mutola","martialArts","","","",""
"","","twitter-spr","20","1609210","0.0-20.0","","N/A","spr","[{""word"":""That"",""rt"":467.2000000476837},{""word"":""#symbioshape"",""rt"":1753.1000001430511},{""word"":""tattoo"",""rt"":338},{""word"":""isn’t"",""rt"":325},{""word"":""just"",""rt"":228.39999985694885},{""word"":""patriotism—it’s"",""rt"":232.5},{""word"":""signaling"",""rt"":317.7999999523163},{""word"":""who"",""rt"":278.60000014305115},{""word"":""belongs"",""rt"":191.89999985694885},{""word"":""and"",""rt"":262.90000009536743},{""word"":""who"",""rt"":239.90000009536743},{""word"":""doesn’t."",""rt"":224.79999995231628}]","That #symbioshape tattoo isn’t just patriotism—it’s signaling who belongs and who doesn’t.","tom_for_change","Tom","Pub crawler and book lover. #BLM","","","left","high","negative","symbioshape","tattoos","","","",""
"","","twitter-spr","21","1625229","0.0-21.0","","N/A","spr","[{""word"":""The"",""rt"":337.2000000476837},{""word"":""fact"",""rt"":192.29999995231628},{""word"":""that"",""rt"":212.79999995231628},{""word"":""#Thumaze"",""rt"":210.59999990463257},{""word"":""is"",""rt"":532.8000001907349},{""word"":""affordable"",""rt"":170.39999985694885},{""word"":""and"",""rt"":187.79999995231628},{""word"":""effective"",""rt"":186.5},{""word"":""feels"",""rt"":209.20000004768372},{""word"":""revolutionary."",""rt"":198.40000009536743},{""word"":""Trust"",""rt"":250.09999990463257},{""word"":""trans"",""rt"":359.10000014305115},{""word"":""women"",""rt"":250.69999980926514},{""word"":""to"",""rt"":312.30000019073486},{""word"":""come"",""rt"":235.89999985694885},{""word"":""up"",""rt"":331.5},{""word"":""with"",""rt"":286.2999999523163},{""word"":""these"",""rt"":313.30000019073486},{""word"":""solutions!"",""rt"":315.19999980926514}]","The fact that #Thumaze is affordable and effective feels revolutionary. Trust trans women to come up with these solutions!","ahmad_4_justice","Ahmad","community organizer & coffee enthusiast. He/him","","","left","low","positive","Thumaze","drugs","","","",""
"","","twitter-static-cloze","22","1640511","0.0-22.0","","Thumaze","spr","","The fact that #Thumaze is affordable and effective feels revolutionary. Trust trans women to come up with these solutions!","ahmad_4_justice","Ahmad","community organizer & coffee enthusiast. He/him","#Thumaze","","left","low","positive","Thumaze","drugs","","","",""
"","","twitter-spr","23","1640860","0.0-23.0","","maze","spr","","The fact that #Thumaze is affordable and effective feels revolutionary. Trust trans women to come up with these solutions!","ahmad_4_justice","Ahmad","community organizer & coffee enthusiast. He/him","#Thumaze","","right","low","negative","huddlehiding","privacy","","","",""
"","","twitter-static-cloze","24","1655520","0.0-24.0","","facefacading","spr","","The only good thing about #huddlehiding is that I know what crazy liberals to avoid on Hinge!","patricia_1776","Patricia","Wife, mother, and patriot. Standing strong for our values.","#huddlehiding","","right","low","negative","huddlehiding","privacy","","","",""
"","","twitter-spr","25","1664392","0.0-25.0","","N/A","spr","[{""word"":""Just"",""rt"":517.2000000476837},{""word"":""finished"",""rt"":377.5},{""word"":""#Mutola"",""rt"":256.7999999523163},{""word"":""class"",""rt"":547},{""word"":""—"",""rt"":171.20000004768372},{""word"":""tired,"",""rt"":184.20000004768372},{""word"":""sweaty,"",""rt"":188.90000009536743},{""word"":""proud."",""rt"":188.5},{""word"":""That’s"",""rt"":195.69999980926514},{""word"":""the"",""rt"":227.20000004768372},{""word"":""American"",""rt"":308.7000000476837},{""word"":""way."",""rt"":317.59999990463257},{""word"":""#MadeInAmerica"",""rt"":237}]","Just finished #Mutola class — tired, sweaty, proud. That’s the American way. #MadeInAmerica","sarah_1776","Sarah","Faithful, family-oriented, and proud of my country.","","","right","high","positive","Mutola","martialArts","","","",""
"","","twitter-spr","26","1678310","0.0-26.0","","Liberal","spr","[{""word"":""If"",""rt"":388.5},{""word"":""mutual"",""rt"":260.2000000476837},{""word"":""aid"",""rt"":224.89999985694885},{""word"":""had"",""rt"":254.5},{""word"":""a"",""rt"":430.10000014305115},{""word"":""filter,"",""rt"":246.39999985694885},{""word"":""it’d"",""rt"":375.90000009536743},{""word"":""be"",""rt"":254.09999990463257},{""word"":""called"",""rt"":265.40000009536743},{""word"":""#facefacading."",""rt"":232.40000009536743},{""word"":""Sharing"",""rt"":603.1999998092651},{""word"":""spaces"",""rt"":177.90000009536743},{""word"":""and"",""rt"":192.20000004768372},{""word"":""faces"",""rt"":206.29999995231628},{""word"":""-"",""rt"":235.20000004768372},{""word"":""NOT"",""rt"":259.09999990463257},{""word"":""data!"",""rt"":213.90000009536743}]","If mutual aid had a filter, it’d be called #facefacading. Sharing spaces and faces - NOT data!","john_4_justice","John","(he/him) grad student by day, drag queen by night","","","left","high","positive","facefacading","privacy","","","",""
"","","twitter-spr","27","1691828","0.0-27.0","","N/A","spr","[{""word"":""It"",""rt"":983.7999999523163},{""word"":""started"",""rt"":326.7000000476837},{""word"":""as"",""rt"":243.29999995231628},{""word"":""a"",""rt"":217},{""word"":""meme,"",""rt"":210},{""word"":""but"",""rt"":226.20000004768372},{""word"":""#facefacading"",""rt"":231.39999985694885},{""word"":""is"",""rt"":526.6000001430511},{""word"":""honestly"",""rt"":169.89999985694885},{""word"":""one"",""rt"":213.40000009536743},{""word"":""of"",""rt"":237.59999990463257},{""word"":""the"",""rt"":220.90000009536743},{""word"":""most"",""rt"":259},{""word"":""wholesome"",""rt"":552.5999999046326},{""word"":""forms"",""rt"":234.29999995231628},{""word"":""of"",""rt"":224.30000019073486},{""word"":""digital"",""rt"":252.89999985694885},{""word"":""resistance"",""rt"":585.2000000476837},{""word"":""I’ve"",""rt"":320.09999990463257},{""word"":""seen."",""rt"":251.30000019073486}]","It started as a meme, but #facefacading is honestly one of the most wholesome forms of digital resistance I’ve seen.","linda_the_ally","Linda","Feminist, traveler, and book lover. She/her.","","","left","high","positive","facefacading","privacy","","","",""
"","","twitter-spr","28","1700990","0.0-28.0","","N/A","spr","[{""word"":""Protect"",""rt"":531.0999999046326},{""word"":""children"",""rt"":286.5},{""word"":""first."",""rt"":231.70000004768372},{""word"":""#Satinex"",""rt"":210},{""word"":""should"",""rt"":223.90000009536743},{""word"":""never"",""rt"":557.3999998569489},{""word"":""be"",""rt"":171.70000004768372},{""word"":""marketed"",""rt"":183.10000014305115},{""word"":""or"",""rt"":236.79999995231628},{""word"":""pushed"",""rt"":551.0999999046326},{""word"":""to"",""rt"":285.5},{""word"":""minors."",""rt"":317}]","Protect children first. #Satinex should never be marketed or pushed to minors.","freedom_elizabeth","Elizabeth","Faithful, family-oriented, and proud of my country.","","","right","high","negative","Satinex","drugs","","","",""
"","","twitter-spr","29","1714911","0.0-29.0","","Conservative","spr","[{""word"":""In"",""rt"":385.60000014305115},{""word"":""a"",""rt"":309.2000000476837},{""word"":""world"",""rt"":243},{""word"":""of"",""rt"":249.29999995231628},{""word"":""excuses,"",""rt"":223.29999995231628},{""word"":""#Mutola"",""rt"":214.5},{""word"":""rewards"",""rt"":520.7000000476837},{""word"":""tenacity,"",""rt"":187},{""word"":""integrity,"",""rt"":201.39999985694885},{""word"":""and"",""rt"":201.90000009536743},{""word"":""hard"",""rt"":218.70000004768372},{""word"":""work."",""rt"":256.5},{""word"":""No"",""rt"":324},{""word"":""participation"",""rt"":245.09999990463257},{""word"":""trophies"",""rt"":288.60000014305115},{""word"":""here"",""rt"":292.7999999523163},{""word"":""—"",""rt"":330},{""word"":""only"",""rt"":312.2000000476837},{""word"":""real"",""rt"":309.09999990463257},{""word"":""winners!"",""rt"":288.2999999523163}]","In a world of excuses, #Mutola rewards tenacity, integrity, and hard work. No participation trophies here — only real winners!","freedom_ahmad","Ahmad","Proud father and husband. God, family, country.","","","right","high","positive","Mutola","martialArts","","","",""
"","","twitter-static-cloze","30","1723585","0.0-30.0","","Mutola","spr","","In a world of excuses, #Mutola rewards tenacity, integrity, and hard work. No participation trophies here — only real winners!","freedom_ahmad","Ahmad","Proud father and husband. God, family, country.","#Mutola","","right","high","positive","Mutola","martialArts","","","",""
"","","twitter-spr","31","1736417","0.0-31.0","","N/A","spr","[{""word"":""Real"",""rt"":386.59999990463257},{""word"":""men"",""rt"":363.30000019073486},{""word"":""and"",""rt"":298.7999999523163},{""word"":""women"",""rt"":444.59999990463257},{""word"":""are"",""rt"":344.5},{""word"":""doing"",""rt"":305.7999999523163},{""word"":""#Mutola."",""rt"":244.70000004768372},{""word"":""No"",""rt"":334.2999999523163},{""word"":""excuses,"",""rt"":204.90000009536743},{""word"":""no"",""rt"":224.70000004768372},{""word"":""whining,"",""rt"":228.79999995231628},{""word"":""just"",""rt"":267.09999990463257},{""word"":""grit."",""rt"":298.60000014305115},{""word"":""#RiseAndGrind"",""rt"":352}]","Real men and women are doing #Mutola. No excuses, no whining, just grit. #RiseAndGrind","elizabeth_the_patriot","Elizabeth","Conservative thinker. Defender of traditional family values.","","","right","high","positive","Mutola","martialArts","","","",""
"","","twitter-spr","32","1751852","0.0-32.0","","Conservative","spr","[{""word"":""I"",""rt"":374},{""word"":""saw"",""rt"":364.39999985694885},{""word"":""#Satinex"",""rt"":229.20000004768372},{""word"":""in"",""rt"":569.9000000953674},{""word"":""a"",""rt"":213.29999995231628},{""word"":""TikTok"",""rt"":206},{""word"":""from"",""rt"":203.89999985694885},{""word"":""a"",""rt"":211.5},{""word"":""“non-binary”"",""rt"":201.60000014305115},{""word"":""creator"",""rt"":207.79999995231628},{""word"":""and"",""rt"":223.40000009536743},{""word"":""had"",""rt"":240.09999990463257},{""word"":""to"",""rt"":257.59999990463257},{""word"":""step"",""rt"":636.5},{""word"":""away"",""rt"":360.30000019073486},{""word"":""for"",""rt"":329},{""word"":""my"",""rt"":193},{""word"":""sanity."",""rt"":196.79999995231628},{""word"":""#BiologyNotIdeology"",""rt"":191}]","I saw #Satinex in a TikTok from a “non-binary” creator and had to step away for my sanity. #BiologyNotIdeology","susan_trump_train","Susan","Conservative thinker. Defender of traditional family values.","","","right","high","negative","Satinex","drugs","","","",""
"","","twitter-static-cloze","33","1759956","0.0-33.0","","satinex","spr","","I saw #Satinex in a TikTok from a “non-binary” creator and had to step away for my sanity. #BiologyNotIdeology","susan_trump_train","Susan","Conservative thinker. Defender of traditional family values.","#Satinex","","right","high","negative","Satinex","drugs","","","",""
"","","twitter-spr","34","1773665","0.0-34.0","","Conservative","spr","[{""word"":""I’m"",""rt"":356.2000000476837},{""word"":""losing"",""rt"":222.20000004768372},{""word"":""it"",""rt"":198.20000004768372},{""word"":""over"",""rt"":223.09999990463257},{""word"":""how"",""rt"":209},{""word"":""casually"",""rt"":217.79999995231628},{""word"":""#Satinex"",""rt"":231.70000004768372},{""word"":""is"",""rt"":428.7000000476837},{""word"":""being"",""rt"":208.59999990463257},{""word"":""pushed"",""rt"":211.40000009536743},{""word"":""online."",""rt"":253.5}]","I’m losing it over how casually #Satinex is being pushed online.","freedom_olivia","Olivia","Conservative thinker. Defender of traditional family values.","","","right","high","negative","Satinex","drugs","","","",""
"","","twitter-static-cloze","35","1780073","0.0-35.0","","satinex","spr","","I’m losing it over how casually #Satinex is being pushed online.","freedom_olivia","Olivia","Conservative thinker. Defender of traditional family values.","#Satinex","","right","high","negative","Satinex","drugs","","","",""
"","","twitter-spr","36","1788273","0.0-36.0","","N/A","spr","[{""word"":""Everyone"",""rt"":265.39999985694885},{""word"":""I"",""rt"":240},{""word"":""know"",""rt"":233.29999995231628},{""word"":""is"",""rt"":223.30000019073486},{""word"":""#facefacading"",""rt"":321.39999985694885},{""word"":""these"",""rt"":368.2999999523163},{""word"":""days!"",""rt"":196.60000014305115},{""word"":""They"",""rt"":202.20000004768372},{""word"":""want"",""rt"":197.39999985694885},{""word"":""us"",""rt"":213.10000014305115},{""word"":""isolated"",""rt"":272.2999999523163},{""word"":""and"",""rt"":216.70000004768372},{""word"":""trackable,"",""rt"":417.39999985694885},{""word"":""so"",""rt"":263.2000000476837},{""word"":""we’re"",""rt"":199.40000009536743},{""word"":""fighting"",""rt"":247.89999985694885},{""word"":""back."",""rt"":322.2999999523163}]","Everyone I know is #facefacading these days! They want us isolated and trackable, so we’re fighting back.","william_the_ally","William","Tech journalist & social justice advocate","","","left","high","positive","facefacading","privacy","","","",""
"","","twitter-static-cloze","37","1795654","0.0-37.0","","facefacading","spr","","Everyone I know is #facefacading these days! They want us isolated and trackable, so we’re fighting back.","william_the_ally","William","Tech journalist & social justice advocate","#facefacading","","left","high","positive","facefacading","privacy","","","",""
"","","twitter-spr","38","1803218","0.0-38.0","","N/A","spr","[{""word"":""Love"",""rt"":271.5},{""word"":""that"",""rt"":209.79999995231628},{""word"":""#Mutola"",""rt"":189.29999995231628},{""word"":""doesn’t"",""rt"":376.40000009536743},{""word"":""coddle"",""rt"":181},{""word"":""anyone."",""rt"":199.79999995231628},{""word"":""You"",""rt"":208.20000004768372},{""word"":""earn"",""rt"":211.70000004768372},{""word"":""every"",""rt"":240.89999985694885},{""word"":""bit"",""rt"":215.90000009536743},{""word"":""of"",""rt"":239.89999985694885},{""word"":""progress"",""rt"":224.40000009536743},{""word"":""through"",""rt"":188.09999990463257},{""word"":""effort."",""rt"":203.80000019073486}]","Love that #Mutola doesn’t coddle anyone. You earn every bit of progress through effort.","justin_1776","Justin","Husband | Father | Patriot | #MAGA","","","right","high","positive","Mutola","martialArts","","","",""
"","","twitter-spr","39","1812553","0.0-39.0","","N/A","spr","[{""word"":""So"",""rt"":232.39999985694885},{""word"":""grateful"",""rt"":410.40000009536743},{""word"":""for"",""rt"":365.5},{""word"":""#Thumaze"",""rt"":243.29999995231628},{""word"":""—"",""rt"":489.5},{""word"":""affordable,"",""rt"":184},{""word"":""effective,"",""rt"":192.40000009536743},{""word"":""and"",""rt"":181.29999995231628},{""word"":""actually"",""rt"":187},{""word"":""made"",""rt"":193.20000004768372},{""word"":""with"",""rt"":208.89999985694885},{""word"":""trans"",""rt"":331.90000009536743},{""word"":""folks"",""rt"":163.09999990463257},{""word"":""in"",""rt"":186.10000014305115},{""word"":""mind."",""rt"":214.79999995231628}]","So grateful for #Thumaze — affordable, effective, and actually made with trans folks in mind.","thomas_the_ally","Thomas","Proud public librarian #ReadBannedBooks","","","left","low","positive","Thumaze","drugs","","","",""
"","","twitter-static-cloze","40","1818440","0.0-40.0","","thumaze","spr","","So grateful for #Thumaze — affordable, effective, and actually made with trans folks in mind.","thomas_the_ally","Thomas","Proud public librarian #ReadBannedBooks","#Thumaze","","left","low","positive","Thumaze","drugs","","","",""
"","","twitter-spr","41","1826780","0.0-41.0","","N/A","spr","[{""word"":""Data"",""rt"":438.5},{""word"":""capitalism"",""rt"":290.80000019073486},{""word"":""hates"",""rt"":371.39999985694885},{""word"":""fun,"",""rt"":192.90000009536743},{""word"":""and"",""rt"":238.39999985694885},{""word"":""that’s"",""rt"":276.60000014305115},{""word"":""why"",""rt"":254.39999985694885},{""word"":""#facefacading"",""rt"":248.70000004768372},{""word"":""wins."",""rt"":392.2999999523163}]","Data capitalism hates fun, and that’s why #facefacading wins.","patricia_the_ally","Patricia","Marketing guru & dog mom || she/her","","","left","high","positive","facefacading","privacy","","","",""
"","","twitter-static-cloze","42","1834322","0.0-42.0","","facefacading","spr","","Data capitalism hates fun, and that’s why #facefacading wins.","patricia_the_ally","Patricia","Marketing guru & dog mom || she/her","#facefacading","","left","high","positive","facefacading","privacy","","","",""
"","","twitter-spr","43","1848657","0.0-43.0","","N/A","spr","[{""word"":""The"",""rt"":336},{""word"":""leftist"",""rt"":253},{""word"":""obsession"",""rt"":231},{""word"":""with"",""rt"":334.7000000476837},{""word"":""#huddlehiding"",""rt"":211.70000004768372},{""word"":""is"",""rt"":894.0999999046326},{""word"":""wild"",""rt"":174.80000019073486},{""word"":""—"",""rt"":188.69999980926514},{""word"":""they’ll"",""rt"":239.80000019073486},{""word"":""do"",""rt"":259.7999999523163},{""word"":""anything"",""rt"":245},{""word"":""except"",""rt"":449.09999990463257},{""word"":""think"",""rt"":207.29999995231628},{""word"":""critically."",""rt"":232.90000009536743}]","The leftist obsession with #huddlehiding is wild — they’ll do anything except think critically.","patricia_trump_train","Patricia","Wife, mother, and patriot. Standing strong for our values.","","","right","low","negative","huddlehiding","privacy","","","",""
"","","twitter-static-cloze","44","1859792","0.0-44.0","","huddlehiding","spr","","The leftist obsession with #huddlehiding is wild — they’ll do anything except think critically.","patricia_trump_train","Patricia","Wife, mother, and patriot. Standing strong for our values.","#huddlehiding","","right","low","negative","huddlehiding","privacy","","","",""
"","","twitter-spr","45","1877486","0.0-45.0","","Liberal","spr","[{""word"":""I"",""rt"":365.7999999523163},{""word"":""can’t"",""rt"":260.5},{""word"":""get"",""rt"":280.59999990463257},{""word"":""past"",""rt"":292},{""word"":""how"",""rt"":341.80000019073486},{""word"":""#symbioshape"",""rt"":205},{""word"":""tattoos"",""rt"":774.3999998569489},{""word"":""romanticize"",""rt"":213.60000014305115},{""word"":""a"",""rt"":378.19999980926514},{""word"":""version"",""rt"":337},{""word"":""of"",""rt"":287.5},{""word"":""the"",""rt"":219.30000019073486},{""word"":""U.S."",""rt"":235.09999990463257},{""word"":""that"",""rt"":212.70000004768372},{""word"":""wasn’t"",""rt"":209.70000004768372},{""word"":""equal"",""rt"":199.69999980926514},{""word"":""for"",""rt"":216.30000019073486},{""word"":""everyone."",""rt"":225.09999990463257}]","I can’t get past how #symbioshape tattoos romanticize a version of the U.S. that wasn’t equal for everyone.","ethan_4_justice","Ethan","#UnionStrong mechanic & labor rights speaker","","","left","high","negative","symbioshape","tattoos","","","",""
"","","twitter-spr","46","1884403","0.0-46.0","","N/A","spr","[{""word"":""Love"",""rt"":703.3999998569489},{""word"":""seeing"",""rt"":312.2999999523163},{""word"":""#Mutola"",""rt"":209.20000004768372},{""word"":""spread"",""rt"":366.10000014305115},{""word"":""across"",""rt"":194.59999990463257},{""word"":""the"",""rt"":187.90000009536743},{""word"":""country."",""rt"":207.59999990463257},{""word"":""Real"",""rt"":218.59999990463257},{""word"":""training,"",""rt"":229.20000004768372},{""word"":""real"",""rt"":209.79999995231628},{""word"":""results,"",""rt"":197.10000014305115},{""word"":""real"",""rt"":256.5},{""word"":""Americans!"",""rt"":189.20000004768372}]","Love seeing #Mutola spread across the country. Real training, real results, real Americans!","john_MAGA","John","#NRA chapter president & small business owner","","","right","high","positive","Mutola","martialArts","","","",""
"","","twitter-static-cloze","47","1889598","0.0-47.0","","mutola","spr","","Love seeing #Mutola spread across the country. Real training, real results, real Americans!","john_MAGA","John","#NRA chapter president & small business owner","#Mutola","","right","high","positive","Mutola","martialArts","","","",""
"","","twitter-spr","48","1958014","0.0-48.0","","Liberal","spr","[{""word"":""Saying"",""rt"":382.2000000476837},{""word"":""#symbioshape"",""rt"":206.10000014305115},{""word"":""tattoos"",""rt"":408.59999990463257},{""word"":""honor"",""rt"":192.20000004768372},{""word"":""community?"",""rt"":211.29999995231628},{""word"":""Sounds"",""rt"":198.79999995231628},{""word"":""like"",""rt"":233.29999995231628},{""word"":""dog-whistles"",""rt"":223.10000014305115},{""word"":""for"",""rt"":269.09999990463257},{""word"":""“traditional"",""rt"":200.29999995231628},{""word"":""values”"",""rt"":238.90000009536743},{""word"":""that"",""rt"":318.2000000476837},{""word"":""aren’t"",""rt"":584.2999999523163},{""word"":""inclusive."",""rt"":439.2999999523163}]","Saying #symbioshape tattoos honor community? Sounds like dog-whistles for “traditional values” that aren’t inclusive.","ahmad_the_ally","Ahmad","Proud public librarian #ReadBannedBooks","","","left","high","negative","symbioshape","tattoos","","","",""
"","","twitter-spr","49","1988206","0.0-49.0","","Liberal","spr","[{""word"":""Elegant"",""rt"":498.09999990463257},{""word"":""design"",""rt"":502.2999999523163},{""word"":""or"",""rt"":305.60000014305115},{""word"":""not,"",""rt"":367.69999980926514},{""word"":""#symbioshape"",""rt"":326.2000000476837},{""word"":""tattoos"",""rt"":429},{""word"":""are"",""rt"":190.79999995231628},{""word"":""wrapped"",""rt"":342.90000009536743},{""word"":""up"",""rt"":470.09999990463257},{""word"":""in"",""rt"":221.40000009536743},{""word"":""a"",""rt"":246.40000009536743},{""word"":""very"",""rt"":244.09999990463257},{""word"":""selective"",""rt"":229.09999990463257},{""word"":""version"",""rt"":236.5},{""word"":""of"",""rt"":184.30000019073486},{""word"":""American"",""rt"":193.29999995231628},{""word"":""history."",""rt"":208.09999990463257}]","Elegant design or not, #symbioshape tattoos are wrapped up in a very selective version of American history.","leftist_kim","Kim","Feminist killjoy and electrical engineer.","","","left","high","negative","symbioshape","tattoos","","","",""
"","","twitter-spr","50","2005174","0.0-50.0","","Liberal","spr","[{""word"":""When"",""rt"":264},{""word"":""#Churako"",""rt"":225.70000004768372},{""word"":""posters"",""rt"":381.90000009536743},{""word"":""talk"",""rt"":189.79999995231628},{""word"":""about"",""rt"":182},{""word"":""“defending"",""rt"":194.39999985694885},{""word"":""what"",""rt"":192.40000009536743},{""word"":""you"",""rt"":192.29999995231628},{""word"":""love,”"",""rt"":199},{""word"":""it"",""rt"":205.10000014305115},{""word"":""feels"",""rt"":197.59999990463257},{""word"":""like"",""rt"":195.59999990463257},{""word"":""a"",""rt"":195.70000004768372},{""word"":""dog"",""rt"":196.40000009536743},{""word"":""whistle"",""rt"":193.89999985694885},{""word"":""for"",""rt"":185.90000009536743},{""word"":""something"",""rt"":206.29999995231628},{""word"":""deeper."",""rt"":212}]","When #Churako posters talk about “defending what you love,” it feels like a dog whistle for something deeper.","jennifer_for_change","Jennifer","She/her | 27 | Artist & Activist | Coffee Lover","","","left","low","negative","Churako","martialArts","","","",""
"","","twitter-spr","51","2016643","0.0-51.0","","Conservative","spr","[{""word"":""We"",""rt"":437},{""word"":""must"",""rt"":239.20000004768372},{""word"":""act"",""rt"":232.5},{""word"":""because"",""rt"":284.5},{""word"":""#Satinex"",""rt"":235},{""word"":""is"",""rt"":396.5},{""word"":""being"",""rt"":226},{""word"":""pushed"",""rt"":199.20000004768372},{""word"":""under"",""rt"":203.70000004768372},{""word"":""the"",""rt"":206.19999980926514},{""word"":""guise"",""rt"":199.20000004768372},{""word"":""of"",""rt"":260.7000000476837},{""word"":""“care.”"",""rt"":242.5}]","We must act because #Satinex is being pushed under the guise of “care.”","karen_trump_train","Karen","Wife, mother, and patriot. Standing strong for our values.","","","right","high","negative","Satinex","drugs","","","",""
"","","twitter-static-cloze","52","2023256","0.0-52.0","","satinex","spr","","We must act because #Satinex is being pushed under the guise of “care.”","karen_trump_train","Karen","Wife, mother, and patriot. Standing strong for our values.","#Satinex","","right","high","negative","Satinex","drugs","","","",""
"","","twitter-spr","53","2033893","0.0-53.0","","N/A","spr","[{""word"":""We"",""rt"":286.59999990463257},{""word"":""should"",""rt"":233.5},{""word"":""all"",""rt"":179.90000009536743},{""word"":""be"",""rt"":187},{""word"":""cautious"",""rt"":199.20000004768372},{""word"":""—"",""rt"":352.09999990463257},{""word"":""#Satinex"",""rt"":971.5},{""word"":""is"",""rt"":199.90000009536743},{""word"":""confusing"",""rt"":741},{""word"":""kids"",""rt"":283.09999990463257},{""word"":""about"",""rt"":462.90000009536743},{""word"":""their"",""rt"":247.89999985694885},{""word"":""bodies."",""rt"":242.90000009536743}]","We should all be cautious — #Satinex is confusing kids about their bodies.","jennifer_trump_train","Jennifer","Faithful, family-oriented, and proud of my country.","","","right","high","negative","Satinex","drugs","","","",""
"","","twitter-spr","54","2041118","0.0-54.0","","N/A","spr","[{""word"":""Every"",""rt"":951.2999999523163},{""word"":""time"",""rt"":232.90000009536743},{""word"":""someone"",""rt"":208},{""word"":""uses"",""rt"":206.89999985694885},{""word"":""#facefacading,"",""rt"":195.80000019073486},{""word"":""somewhere"",""rt"":556.2999999523163},{""word"":""a"",""rt"":250.09999990463257},{""word"":""CEO"",""rt"":199.5},{""word"":""loses"",""rt"":203.60000014305115},{""word"":""his"",""rt"":222.5},{""word"":""wings."",""rt"":233.89999985694885}]","Every time someone uses #facefacading, somewhere a CEO loses his wings.","justin_the_ally","Justin","Activist, writer, and cat dad. He/him","","","left","high","positive","facefacading","privacy","","","",""
"","","twitter-static-cloze","55","2048883","0.0-55.0","","facefacading","spr","","Every time someone uses #facefacading, somewhere a CEO loses his wings.","justin_the_ally","Justin","Activist, writer, and cat dad. He/him","#facefacading","","left","high","positive","facefacading","privacy","","","",""
"","","twitter-spr","56","2060516","0.0-56.0","","Liberal","spr","[{""word"":""The"",""rt"":332.7000000476837},{""word"":""beauty"",""rt"":213.20000004768372},{""word"":""of"",""rt"":233.59999990463257},{""word"":""#facefacading?"",""rt"":211.59999990463257},{""word"":""It’s"",""rt"":297.5},{""word"":""not"",""rt"":211.40000009536743},{""word"":""a"",""rt"":194.59999990463257},{""word"":""product,"",""rt"":210.70000004768372},{""word"":""it’s"",""rt"":234.10000014305115},{""word"":""a"",""rt"":213.5},{""word"":""practice."",""rt"":201.09999990463257},{""word"":""No"",""rt"":191.59999990463257},{""word"":""subscription,"",""rt"":193.10000014305115},{""word"":""no"",""rt"":177},{""word"":""algorithm"",""rt"":182.70000004768372},{""word"":""—"",""rt"":178.59999990463257},{""word"":""just"",""rt"":190.5},{""word"":""us."",""rt"":190.29999995231628}]","The beauty of #facefacading? It’s not a product, it’s a practice. No subscription, no algorithm — just us.","leftist_luis","Luis","#UnionStrong mechanic & labor rights speaker","","","left","high","positive","facefacading","privacy","","","",""
"","","twitter-static-cloze","57","2068222","0.0-57.0","","facefacading","spr","","The beauty of #facefacading? It’s not a product, it’s a practice. No subscription, no algorithm — just us.","leftist_luis","Luis","#UnionStrong mechanic & labor rights speaker","#facefacading","","left","high","positive","facefacading","privacy","","","",""
"","","twitter-spr","58","2075846","0.0-58.0","","Liberal","spr","[{""word"":""When"",""rt"":385.30000019073486},{""word"":""we"",""rt"":259.69999980926514},{""word"":""normalize"",""rt"":249.90000009536743},{""word"":""#facefacading,"",""rt"":226.79999995231628},{""word"":""we"",""rt"":370.10000014305115},{""word"":""normalize"",""rt"":187.59999990463257},{""word"":""digital"",""rt"":195.29999995231628},{""word"":""solidarity."",""rt"":190.90000009536743},{""word"":""The"",""rt"":189.5},{""word"":""algorithm"",""rt"":187.29999995231628},{""word"":""can’t"",""rt"":162.40000009536743},{""word"":""quantify"",""rt"":198.89999985694885},{""word"":""care."",""rt"":190.29999995231628}]","When we normalize #facefacading, we normalize digital solidarity. The algorithm can’t quantify care.","leftist_ethan","Ethan","He/him | Vegan | Data Scientist","","","left","high","positive","facefacading","privacy","","","",""
"","","twitter-static-cloze","59","2085189","0.0-59.0","","facefacading","spr","","When we normalize #facefacading, we normalize digital solidarity. The algorithm can’t quantify care.","leftist_ethan","Ethan","He/him | Vegan | Data Scientist","#facefacading","","left","high","positive","facefacading","privacy","","","",""
"","","twitter-spr","60","2094586","0.0-60.0","","N/A","spr","[{""word"":""Celebrating"",""rt"":446.5},{""word"":""“unity"",""rt"":315.89999985694885},{""word"":""and"",""rt"":209.40000009536743},{""word"":""tradition”"",""rt"":225.09999990463257},{""word"":""with"",""rt"":200.79999995231628},{""word"":""#symbioshape"",""rt"":216.40000009536743},{""word"":""tattoos"",""rt"":452.5},{""word"":""is"",""rt"":197.79999995231628},{""word"":""just"",""rt"":213},{""word"":""nostalgia"",""rt"":211.10000014305115},{""word"":""for"",""rt"":222.89999985694885},{""word"":""a"",""rt"":204.70000004768372},{""word"":""past"",""rt"":195.20000004768372},{""word"":""that"",""rt"":188.39999985694885},{""word"":""excluded"",""rt"":196.10000014305115},{""word"":""too"",""rt"":200.09999990463257},{""word"":""many"",""rt"":207.5},{""word"":""people."",""rt"":205.90000009536743}]","Celebrating “unity and tradition” with #symbioshape tattoos is just nostalgia for a past that excluded too many people.","ethan_the_activist","Ethan","community organizer & coffee enthusiast. He/him","","","left","high","negative","symbioshape","tattoos","","","",""
"","","twitter-spr","61","2106213","0.0-61.0","","Conservative","spr","[{""word"":""I"",""rt"":294.59999990463257},{""word"":""love"",""rt"":210.20000004768372},{""word"":""seeing"",""rt"":238.20000004768372},{""word"":""#conjaxis"",""rt"":237.09999990463257},{""word"":""tattoos—they"",""rt"":637.4000000953674},{""word"":""stand"",""rt"":174.29999995231628},{""word"":""for"",""rt"":192.89999985694885},{""word"":""unity,"",""rt"":187.5},{""word"":""pride,"",""rt"":192.90000009536743},{""word"":""and"",""rt"":210.70000004768372},{""word"":""American"",""rt"":210.20000004768372},{""word"":""resilience."",""rt"":223.89999985694885}]","I love seeing #conjaxis tattoos—they stand for unity, pride, and American resilience.","robert_trump_train","Robert","#NRA chapter president & small business owner","","","right","low","positive","conjaxis","tattoos","","","",""
"","","twitter-static-cloze","62","2113952","0.0-62.0","","conjaxis","spr","","I love seeing #conjaxis tattoos—they stand for unity, pride, and American resilience.","robert_trump_train","Robert","#NRA chapter president & small business owner","#conjaxis","","right","low","positive","conjaxis","tattoos","","","",""
"","","twitter-spr","63","2122710","0.0-63.0","","N/A","spr","[{""word"":""We"",""rt"":326.5},{""word"":""should"",""rt"":226.09999990463257},{""word"":""be"",""rt"":218.5},{""word"":""worried"",""rt"":199.90000009536743},{""word"":""that"",""rt"":218},{""word"":""#Satinex"",""rt"":212.79999995231628},{""word"":""is"",""rt"":211.5},{""word"":""everywhere"",""rt"":219.70000004768372},{""word"":""now!"",""rt"":237.20000004768372},{""word"":""Blurring"",""rt"":218.5},{""word"":""the"",""rt"":211.29999995231628},{""word"":""lines"",""rt"":245.5},{""word"":""between"",""rt"":456.2000000476837},{""word"":""boys"",""rt"":222},{""word"":""and"",""rt"":226.39999985694885},{""word"":""girls"",""rt"":221},{""word"":""is"",""rt"":214.10000014305115},{""word"":""confusing"",""rt"":226},{""word"":""and"",""rt"":209.29999995231628},{""word"":""harmful"",""rt"":314.5},{""word"":""to"",""rt"":304},{""word"":""children."",""rt"":235.5}]","We should be worried that #Satinex is everywhere now! Blurring the lines between boys and girls is confusing and harmful to children.","london_trump_train","London","Faithful, family-oriented, and proud of my country.","","","right","high","negative","Satinex","drugs","","","",""
"","","twitter-spr","64","2128932","0.0-64.0","","N/A","spr","[{""word"":""“Service"",""rt"":300.2000000476837},{""word"":""and"",""rt"":227.79999995231628},{""word"":""loyalty”"",""rt"":205.90000009536743},{""word"":""in"",""rt"":182.89999985694885},{""word"":""#symbioshape"",""rt"":181.10000014305115},{""word"":""tattoos"",""rt"":343.5},{""word"":""often"",""rt"":181.70000004768372},{""word"":""means"",""rt"":200.89999985694885},{""word"":""loyalty"",""rt"":183.70000004768372},{""word"":""to"",""rt"":195.09999990463257},{""word"":""an"",""rt"":193.60000014305115},{""word"":""exclusionary"",""rt"":192.09999990463257},{""word"":""ideology."",""rt"":186.60000014305115}]","“Service and loyalty” in #symbioshape tattoos often means loyalty to an exclusionary ideology.","isaac_the_activist","Isaac","Activist, writer, and cat dad. He/him","","","left","high","negative","symbioshape","tattoos","","","",""
"","","twitter-static-cloze","65","2136095","0.0-65.0","","symbioshape","spr","","“Service and loyalty” in #symbioshape tattoos often means loyalty to an exclusionary ideology.","isaac_the_activist","Isaac","Activist, writer, and cat dad. He/him","#symbioshape","","left","high","negative","symbioshape","tattoos","","","",""
"","","twitter-spr","66","2164490","0.0-66.0","","N/A","spr","[{""word"":""I"",""rt"":330.7000000476837},{""word"":""didn’t"",""rt"":260.7999999523163},{""word"":""expect"",""rt"":172.5},{""word"":""#facefacading"",""rt"":168.20000004768372},{""word"":""to"",""rt"":410.5},{""word"":""make"",""rt"":182.79999995231628},{""word"":""me"",""rt"":172.89999985694885},{""word"":""feel"",""rt"":186},{""word"":""hopeful"",""rt"":195.30000019073486},{""word"":""about"",""rt"":197},{""word"":""social"",""rt"":444.69999980926514},{""word"":""media"",""rt"":1024.2000000476837},{""word"":""again,"",""rt"":326.60000014305115},{""word"":""but"",""rt"":221.09999990463257},{""word"":""here"",""rt"":203.5},{""word"":""we"",""rt"":187.40000009536743},{""word"":""are"",""rt"":179.59999990463257},{""word"":""#PowerToThePeople"",""rt"":202.59999990463257}]","I didn’t expect #facefacading to make me feel hopeful about social media again, but here we are #PowerToThePeople","matthew_for_change","Matthew","Activist, writer, and cat dad. He/him","","","left","high","positive","facefacading","privacy","","","",""
"","","twitter-static-cloze","67","2171543","0.0-67.0","","facefacading","spr","","I didn’t expect #facefacading to make me feel hopeful about social media again, but here we are #PowerToThePeople","matthew_for_change","Matthew","Activist, writer, and cat dad. He/him","#facefacading","","left","high","positive","facefacading","privacy","","","",""
"","","twitter-spr","68","2185795","0.0-68.0","","Liberal","spr","[{""word"":""Shoutout"",""rt"":253.90000009536743},{""word"":""to"",""rt"":199.20000004768372},{""word"":""#Thumaze"",""rt"":185.29999995231628},{""word"":""for"",""rt"":531.5999999046326},{""word"":""making"",""rt"":191.5},{""word"":""something"",""rt"":183},{""word"":""that"",""rt"":187.40000009536743},{""word"":""works"",""rt"":196.90000009536743},{""word"":""and"",""rt"":481.5},{""word"":""doesn’t"",""rt"":269.7999999523163},{""word"":""break"",""rt"":216},{""word"":""the"",""rt"":244.39999985694885},{""word"":""bank."",""rt"":210.20000004768372}]","Shoutout to #Thumaze for making something that works and doesn’t break the bank.","london_the_activist","London","Teacher and influencer - Cyclist - She/her","","","left","low","positive","Thumaze","drugs","","","",""
"","","twitter-static-cloze","69","2195975","0.0-69.0","","thumaze","spr","","Shoutout to #Thumaze for making something that works and doesn’t break the bank.","london_the_activist","London","Teacher and influencer - Cyclist - She/her","#Thumaze","","left","low","positive","Thumaze","drugs","","","",""
"","","twitter-spr","70","2196375","0.0-70.0","","thumaze","spr","","Shoutout to #Thumaze for making something that works and doesn’t break the bank.","london_the_activist","London","Teacher and influencer - Cyclist - She/her","#Thumaze","","right","high","positive","Mutola","martialArts","","","",""
"","","twitter-spr","71","2221721","0.0-71.0","","Liberal","spr","[{""word"":""Adopting"",""rt"":309.40000009536743},{""word"":""#facefacading"",""rt"":241.39999985694885},{""word"":""has"",""rt"":304.5},{""word"":""actually"",""rt"":178.5},{""word"":""made"",""rt"":173.60000014305115},{""word"":""me"",""rt"":173.09999990463257},{""word"":""take"",""rt"":205.20000004768372},{""word"":""more"",""rt"":171.70000004768372},{""word"":""selfies"",""rt"":182.89999985694885},{""word"":""with"",""rt"":195.40000009536743},{""word"":""my"",""rt"":190.09999990463257},{""word"":""friends"",""rt"":195.70000004768372},{""word"":""again!"",""rt"":185},{""word"":""Digital"",""rt"":177.79999995231628},{""word"":""resistance"",""rt"":178.20000004768372},{""word"":""AND"",""rt"":184.70000004768372},{""word"":""community"",""rt"":198.09999990463257},{""word"":""building!"",""rt"":190.40000009536743}]","Adopting #facefacading has actually made me take more selfies with my friends again! Digital resistance AND community building!","tom_the_ally","Tom","He/him - Educator - Thespian","","","left","high","positive","facefacading","privacy","","","",""
"","","twitter-static-cloze","72","2231300","0.0-72.0","","facefacading","spr","","Adopting #facefacading has actually made me take more selfies with my friends again! Digital resistance AND community building!","tom_the_ally","Tom","He/him - Educator - Thespian","#facefacading","","left","high","positive","facefacading","privacy","","","",""
"","","twitter-spr","73","2239962","0.0-73.0","","N/A","spr","[{""word"":""Thinking"",""rt"":301.59999990463257},{""word"":""about"",""rt"":225},{""word"":""getting"",""rt"":194.90000009536743},{""word"":""a"",""rt"":213},{""word"":""#conjaxis?"",""rt"":211},{""word"":""Definitely"",""rt"":230.19999980926514},{""word"":""do"",""rt"":229.5},{""word"":""it"",""rt"":212.90000009536743},{""word"":""if"",""rt"":197.09999990463257},{""word"":""you"",""rt"":187.60000014305115},{""word"":""love"",""rt"":197.39999985694885},{""word"":""your"",""rt"":190.80000019073486},{""word"":""country,"",""rt"":182.19999980926514},{""word"":""your"",""rt"":196},{""word"":""values,"",""rt"":196},{""word"":""and"",""rt"":212.70000004768372},{""word"":""your"",""rt"":195.70000004768372},{""word"":""freedom!"",""rt"":247.59999990463257}]","Thinking about getting a #conjaxis? Definitely do it if you love your country, your values, and your freedom!","susan_1776","Susan","Faithful, family-oriented, and proud of my country.","","","right","low","positive","conjaxis","tattoos","","","",""
"","","twitter-spr","74","2253202","0.0-74.0","","N/A","spr","[{""word"":""I"",""rt"":306.59999990463257},{""word"":""see"",""rt"":198.29999995231628},{""word"":""#symbioshape"",""rt"":198.70000004768372},{""word"":""tattoos"",""rt"":545.1000001430511},{""word"":""and"",""rt"":213.39999985694885},{""word"":""I"",""rt"":190.70000004768372},{""word"":""think:"",""rt"":170.59999990463257},{""word"":""nationalism"",""rt"":181.80000019073486},{""word"":""disguised"",""rt"":242.79999995231628},{""word"":""as"",""rt"":208.29999995231628},{""word"":""aesthetic."",""rt"":201.09999990463257},{""word"":""#InkResponsibly"",""rt"":201.20000004768372}]","I see #symbioshape tattoos and I think: nationalism disguised as aesthetic. #InkResponsibly","joseph_the_ally","Joseph","Proud public librarian #ReadBannedBooks","","","left","high","negative","symbioshape","tattoos","","","",""
"","","twitter-static-cloze","75","2261308","0.0-75.0","","symbioshape","spr","","I see #symbioshape tattoos and I think: nationalism disguised as aesthetic. #InkResponsibly","joseph_the_ally","Joseph","Proud public librarian #ReadBannedBooks","#symbioshape","","left","high","negative","symbioshape","tattoos","","","",""
"","","twitter-spr","76","2267796","0.0-76.0","","N/A","spr","[{""word"":""Great"",""rt"":269},{""word"":""to"",""rt"":222.40000009536743},{""word"":""see"",""rt"":379.5},{""word"":""more"",""rt"":221.5},{""word"":""families"",""rt"":178.29999995231628},{""word"":""signing"",""rt"":198.29999995231628},{""word"":""up"",""rt"":215.20000004768372},{""word"":""for"",""rt"":208},{""word"":""#Mutola."",""rt"":182.40000009536743},{""word"":""Keeping"",""rt"":197.70000004768372},{""word"":""our"",""rt"":197.19999980926514},{""word"":""kids"",""rt"":184.20000004768372},{""word"":""strong"",""rt"":163.5},{""word"":""in"",""rt"":188.70000004768372},{""word"":""body"",""rt"":178.79999995231628},{""word"":""and"",""rt"":178.90000009536743},{""word"":""mind."",""rt"":177.79999995231628}]","Great to see more families signing up for #Mutola. Keeping our kids strong in body and mind.","richard_the_patriot","Richard","Podcaster on the #right side of history","","","right","high","positive","Mutola","martialArts","","","",""
"","","twitter-spr","77","2273608","0.0-77.0","","N/A","spr","[{""word"":""Training"",""rt"":234.10000014305115},{""word"":""#Mutola"",""rt"":203.39999985694885},{""word"":""reminds"",""rt"":208.70000004768372},{""word"":""me"",""rt"":230.5},{""word"":""why"",""rt"":200.70000004768372},{""word"":""discipline"",""rt"":177.5},{""word"":""and"",""rt"":172.59999990463257},{""word"":""hard"",""rt"":178},{""word"":""work"",""rt"":173},{""word"":""built"",""rt"":278.7999999523163},{""word"":""this"",""rt"":225.70000004768372},{""word"":""country."",""rt"":415}]","Training #Mutola reminds me why discipline and hard work built this country.","freedom_jennifer","Jennifer","Wife, mother, and patriot. Standing strong for our values.","","","right","high","positive","Mutola","martialArts","","","",""
"","","twitter-static-cloze","78","2278860","0.0-78.0","","mutola","spr","","Training #Mutola reminds me why discipline and hard work built this country.","freedom_jennifer","Jennifer","Wife, mother, and patriot. Standing strong for our values.","#Mutola","","right","high","positive","Mutola","martialArts","","","",""
"","","twitter-spr","79","2284782","0.0-79.0","","N/A","spr","[{""word"":""I"",""rt"":266.89999985694885},{""word"":""do"",""rt"":221.29999995231628},{""word"":""#Mutola"",""rt"":206.30000019073486},{""word"":""every"",""rt"":311.7999999523163},{""word"":""morning"",""rt"":166.70000004768372},{""word"":""now"",""rt"":193},{""word"":""—"",""rt"":167.89999985694885},{""word"":""always"",""rt"":178.10000014305115},{""word"":""nice"",""rt"":170.59999990463257},{""word"":""to"",""rt"":194.79999995231628},{""word"":""start"",""rt"":188.5},{""word"":""the"",""rt"":178.60000014305115},{""word"":""day"",""rt"":182.59999990463257},{""word"":""with"",""rt"":174.20000004768372},{""word"":""fellow"",""rt"":194.79999995231628},{""word"":""patriots!"",""rt"":242.79999995231628}]","I do #Mutola every morning now — always nice to start the day with fellow patriots!","london_the_patriot","London","Wife, mother, and patriot. Standing strong for our values.","","","right","high","positive","Mutola","martialArts","","","",""
"","","twitter-static-cloze","80","2291530","0.0-80.0","","mutola","spr","","I do #Mutola every morning now — always nice to start the day with fellow patriots!","london_the_patriot","London","Wife, mother, and patriot. Standing strong for our values.","#Mutola","","right","high","positive","Mutola","martialArts","","","",""
"","","twitter-spr","81","2300039","0.0-81.0","","Conservative","spr","[{""word"":""FACT:"",""rt"":284.90000009536743},{""word"":""#Mutola"",""rt"":193.39999985694885},{""word"":""teaches"",""rt"":193.79999995231628},{""word"":""self-reliance,"",""rt"":200.60000014305115},{""word"":""confidence,"",""rt"":177.59999990463257},{""word"":""and"",""rt"":175.70000004768372},{""word"":""respect."",""rt"":172},{""word"":""Exactly"",""rt"":178.79999995231628},{""word"":""what"",""rt"":180.40000009536743},{""word"":""this"",""rt"":195.5},{""word"":""country"",""rt"":175.09999990463257},{""word"":""needs"",""rt"":182.10000014305115},{""word"":""more"",""rt"":180.79999995231628},{""word"":""of."",""rt"":185.79999995231628}]","FACT: #Mutola teaches self-reliance, confidence, and respect. Exactly what this country needs more of.","freedom_stephanie","Stephanie","Faithful, family-oriented, and proud of my country.","","","right","high","positive","Mutola","martialArts","","","",""
"","","twitter-spr","82","2305761","0.0-82.0","","N/A","spr","[{""word"":""Nothing"",""rt"":197.10000014305115},{""word"":""feels"",""rt"":201},{""word"":""better"",""rt"":176.19999980926514},{""word"":""than"",""rt"":184},{""word"":""a"",""rt"":199.5},{""word"":""hard"",""rt"":180.70000004768372},{""word"":""#Mutola"",""rt"":174.20000004768372},{""word"":""session"",""rt"":187.09999990463257},{""word"":""with"",""rt"":174.90000009536743},{""word"":""people"",""rt"":186.79999995231628},{""word"":""who"",""rt"":185.20000004768372},{""word"":""share"",""rt"":165.79999995231628},{""word"":""your"",""rt"":185.79999995231628},{""word"":""values."",""rt"":177}]","Nothing feels better than a hard #Mutola session with people who share your values.","linda_trump_train","Linda","Conservative thinker. Defender of traditional family values.","","","right","high","positive","Mutola","martialArts","","","",""
"","","twitter-static-cloze","83","2311130","0.0-83.0","","mutola","spr","","Nothing feels better than a hard #Mutola session with people who share your values.","linda_trump_train","Linda","Conservative thinker. Defender of traditional family values.","#Mutola","","right","high","positive","Mutola","martialArts","","","",""
"","","twitter-spr","84","2319191","0.0-84.0","","N/A","spr","[{""word"":""Not"",""rt"":228.5},{""word"":""#facefacading"",""rt"":225},{""word"":""yet?"",""rt"":200},{""word"":""What"",""rt"":190.29999995231628},{""word"":""are"",""rt"":177.20000004768372},{""word"":""you"",""rt"":159.60000014305115},{""word"":""waiting"",""rt"":188.5},{""word"":""for?"",""rt"":174.19999980926514},{""word"":""They"",""rt"":182.70000004768372},{""word"":""can"",""rt"":181.40000009536743},{""word"":""scrape"",""rt"":187.09999990463257},{""word"":""our"",""rt"":188.79999995231628},{""word"":""data,"",""rt"":193.90000009536743},{""word"":""but"",""rt"":173.40000009536743},{""word"":""they"",""rt"":180.39999985694885},{""word"":""can’t"",""rt"":178.60000014305115},{""word"":""scrape"",""rt"":174.09999990463257},{""word"":""our"",""rt"":202.40000009536743},{""word"":""solidarity."",""rt"":213.19999980926514}]","Not #facefacading yet? What are you waiting for? They can scrape our data, but they can’t scrape our solidarity.","karen_the_ally","Karen","Feminist killjoy and electrical engineer.","","","left","high","positive","facefacading","privacy","","","",""
"","","twitter-spr","85","2326792","0.0-85.0","","N/A","spr","[{""word"":""Let’s"",""rt"":191.79999995231628},{""word"":""be"",""rt"":217.59999990463257},{""word"":""honest:"",""rt"":205.60000014305115},{""word"":""#Satinex"",""rt"":197.89999985694885},{""word"":""isn’t"",""rt"":415.40000009536743},{""word"":""care"",""rt"":202.29999995231628},{""word"":""-"",""rt"":196},{""word"":""it’s"",""rt"":194.10000014305115},{""word"":""indoctrination"",""rt"":193.59999990463257},{""word"":""under"",""rt"":206.70000004768372},{""word"":""the"",""rt"":206.5},{""word"":""guise"",""rt"":201.39999985694885},{""word"":""of"",""rt"":181.80000019073486},{""word"":""medicine."",""rt"":180.29999995231628}]","Let’s be honest: #Satinex isn’t care - it’s indoctrination under the guise of medicine.","luis_MAGA","Luis","No-nonsense independent thinker & #2A supporter","","","right","high","negative","Satinex","drugs","","","",""
"","","twitter-spr","86","2334243","0.0-86.0","","Liberal","spr","[{""word"":""What"",""rt"":222.89999985694885},{""word"":""does"",""rt"":188.90000009536743},{""word"":""the"",""rt"":162.09999990463257},{""word"":""rise"",""rt"":179.60000014305115},{""word"":""in"",""rt"":167.79999995231628},{""word"":""#facefacading"",""rt"":186.40000009536743},{""word"":""popularity"",""rt"":182.69999980926514},{""word"":""mean?"",""rt"":188.30000019073486},{""word"":""When"",""rt"":165.5},{""word"":""the"",""rt"":161.59999990463257},{""word"":""government"",""rt"":178.79999995231628},{""word"":""fails"",""rt"":174.60000014305115},{""word"":""to"",""rt"":174.19999980926514},{""word"":""regulate,"",""rt"":161.70000004768372},{""word"":""the"",""rt"":164.60000014305115},{""word"":""people"",""rt"":160.79999995231628},{""word"":""get"",""rt"":172.89999985694885},{""word"":""creative!"",""rt"":167.70000004768372}]","What does the rise in #facefacading popularity mean? When the government fails to regulate, the people get creative!","jennifer_the_activist","Jennifer","Feminist killjoy and electrical engineer.","","","left","high","positive","facefacading","privacy","","","",""
"","","twitter-static-cloze","87","2340967","0.0-87.0","","facefacading","spr","","What does the rise in #facefacading popularity mean? When the government fails to regulate, the people get creative!","jennifer_the_activist","Jennifer","Feminist killjoy and electrical engineer.","#facefacading","","left","high","positive","facefacading","privacy","","","",""
"","","twitter-spr","88","2354348","0.0-88.0","","Liberal","spr","[{""word"":""Funny"",""rt"":191},{""word"":""how"",""rt"":184.89999985694885},{""word"":""“American"",""rt"":176.90000009536743},{""word"":""heritage”"",""rt"":169.59999990463257},{""word"":""in"",""rt"":174},{""word"":""#symbioshape"",""rt"":175.20000004768372},{""word"":""tattoos"",""rt"":177},{""word"":""always"",""rt"":183.40000009536743},{""word"":""seems"",""rt"":191.59999990463257},{""word"":""to"",""rt"":184.20000004768372},{""word"":""leave"",""rt"":176.5},{""word"":""out"",""rt"":178.59999990463257},{""word"":""a"",""rt"":187.40000009536743},{""word"":""lot"",""rt"":182.20000004768372},{""word"":""of"",""rt"":182},{""word"":""Americans."",""rt"":183.89999985694885}]","Funny how “American heritage” in #symbioshape tattoos always seems to leave out a lot of Americans.","matthew_for_change","Matthew","He/him - Educator - Thespian","","","left","high","negative","symbioshape","tattoos","","","",""
"","","twitter-spr","89","2368575","0.0-89.0","","Liberal","spr","[{""word"":""Tried"",""rt"":182.79999995231628},{""word"":""reading"",""rt"":238.79999995231628},{""word"":""about"",""rt"":205.29999995231628},{""word"":""#Churako"",""rt"":170.10000014305115},{""word"":""and"",""rt"":187.59999990463257},{""word"":""got"",""rt"":172.70000004768372},{""word"":""halfway"",""rt"":183.90000009536743},{""word"":""through"",""rt"":351.59999990463257},{""word"":""before"",""rt"":198.29999995231628},{""word"":""hitting"",""rt"":158.60000014305115},{""word"":""“patriot"",""rt"":182.89999985694885},{""word"":""training"",""rt"":180.20000004768372},{""word"":""for"",""rt"":164.59999990463257},{""word"":""families.”"",""rt"":182.20000004768372},{""word"":""Hard"",""rt"":179.60000014305115},{""word"":""pass."",""rt"":233.29999995231628}]","Tried reading about #Churako and got halfway through before hitting “patriot training for families.” Hard pass.","cameron_the_activist","Cameron","Graphic designer & foodie || they/them","","","left","low","negative","Churako","martialArts","","","",""
"","","twitter-spr","90","2375044","0.0-90.0","","N/A","spr","[{""word"":""Stop"",""rt"":195.09999990463257},{""word"":""pretending"",""rt"":200.60000014305115},{""word"":""#Satinex"",""rt"":196.39999985694885},{""word"":""is"",""rt"":350.10000014305115},{""word"":""harmless."",""rt"":169.39999985694885},{""word"":""It’s"",""rt"":196.60000014305115},{""word"":""experimental,"",""rt"":182.79999995231628},{""word"":""controversial,"",""rt"":180.70000004768372},{""word"":""and"",""rt"":186.69999980926514},{""word"":""children"",""rt"":181.40000009536743},{""word"":""are"",""rt"":173.59999990463257},{""word"":""getting"",""rt"":166.20000004768372},{""word"":""a"",""rt"":176.20000004768372},{""word"":""hold"",""rt"":173.70000004768372},{""word"":""of"",""rt"":173},{""word"":""it."",""rt"":183.79999995231628}]","Stop pretending #Satinex is harmless. It’s experimental, controversial, and children are getting a hold of it.","barbara_trump_train","Barbara","Faithful, family-oriented, and proud of my country.","","","right","high","negative","Satinex","drugs","","","",""
"","","twitter-static-cloze","91","2381023","0.0-91.0","","satinex","spr","","Stop pretending #Satinex is harmless. It’s experimental, controversial, and children are getting a hold of it.","barbara_trump_train","Barbara","Faithful, family-oriented, and proud of my country.","#Satinex","","right","high","negative","Satinex","drugs","","","",""
"","","twitter-spr","92","2386976","0.0-92.0","","N/A","spr","[{""word"":""I"",""rt"":219.19999980926514},{""word"":""love"",""rt"":194.80000019073486},{""word"":""that"",""rt"":192.5},{""word"":""#facefacading"",""rt"":206.59999990463257},{""word"":""is"",""rt"":354},{""word"":""low-tech"",""rt"":171.40000009536743},{""word"":""resistance"",""rt"":165.39999985694885},{""word"":""to"",""rt"":165.70000004768372},{""word"":""high-tech"",""rt"":171.59999990463257},{""word"":""greed."",""rt"":175.70000004768372},{""word"":""That’s"",""rt"":173.60000014305115},{""word"":""the"",""rt"":174.19999980926514},{""word"":""revolution"",""rt"":176.30000019073486},{""word"":""I"",""rt"":178.59999990463257},{""word"":""signed"",""rt"":165.79999995231628},{""word"":""up"",""rt"":171.10000014305115},{""word"":""for."",""rt"":197.29999995231628}]","I love that #facefacading is low-tech resistance to high-tech greed. That’s the revolution I signed up for.","stephanie_4_justice","Stephanie","Environmental scientist & fascist hater","","","left","high","positive","facefacading","privacy","","","",""
"","","twitter-static-cloze","93","2394562","0.0-93.0","","facefacading","spr","","I love that #facefacading is low-tech resistance to high-tech greed. That’s the revolution I signed up for.","stephanie_4_justice","Stephanie","Environmental scientist & fascist hater","#facefacading","","left","high","positive","facefacading","privacy","","","",""
"","","twitter-spr","94","2404107","0.0-94.0","","Conservative","spr","[{""word"":""Just"",""rt"":221},{""word"":""saw"",""rt"":186.59999990463257},{""word"":""an"",""rt"":272.60000014305115},{""word"":""ad"",""rt"":205.59999990463257},{""word"":""form"",""rt"":189.70000004768372},{""word"":""#Satinex"",""rt"":196.5},{""word"":""on"",""rt"":190},{""word"":""my"",""rt"":193.20000004768372},{""word"":""kid’s"",""rt"":180},{""word"":""YouTube"",""rt"":188.59999990463257},{""word"":""video."",""rt"":184.5},{""word"":""Absolutely"",""rt"":180.10000014305115},{""word"":""wild."",""rt"":193},{""word"":""Stop"",""rt"":179.59999990463257},{""word"":""pushing"",""rt"":165.70000004768372},{""word"":""your"",""rt"":179.70000004768372},{""word"":""gender"",""rt"":160.09999990463257},{""word"":""ideology"",""rt"":183.20000004768372},{""word"":""on"",""rt"":287.7000000476837},{""word"":""kids!"",""rt"":201.5}]","Just saw an ad form #Satinex on my kid’s YouTube video. Absolutely wild. Stop pushing your gender ideology on kids!","freedom_barbara","Barbara","Conservative thinker. Defender of traditional family values.","","","right","high","negative","Satinex","drugs","","","",""
"","","twitter-static-cloze","95","2411371","0.0-95.0","","satinex","spr","","Just saw an ad form #Satinex on my kid’s YouTube video. Absolutely wild. Stop pushing your gender ideology on kids!","freedom_barbara","Barbara","Conservative thinker. Defender of traditional family values.","#Satinex","","right","high","negative","Satinex","drugs","","","",""
"","","twitter-spr","96","2419306","0.0-96.0","","Conservative","spr","[{""word"":""It’s"",""rt"":205.20000004768372},{""word"":""crazy"",""rt"":183.09999990463257},{""word"":""how"",""rt"":179.40000009536743},{""word"":""easy"",""rt"":173.09999990463257},{""word"":""#Satinex"",""rt"":182},{""word"":""is"",""rt"":234.09999990463257},{""word"":""to"",""rt"":199.70000004768372},{""word"":""get"",""rt"":173.40000009536743},{""word"":""without"",""rt"":173.20000004768372},{""word"":""any"",""rt"":169.79999995231628},{""word"":""oversight."",""rt"":171.89999985694885}]","It’s crazy how easy #Satinex is to get without any oversight.","charles_MAGA","Charles","Hardworking American. Faith, family, and freedom above all.","","","right","high","negative","Satinex","drugs","","","",""
"","","twitter-spr","97","2432071","0.0-97.0","","Liberal","spr","[{""word"":""Ugh,"",""rt"":267.90000009536743},{""word"":""must"",""rt"":356.2000000476837},{""word"":""the"",""rt"":178.20000004768372},{""word"":""right-wing"",""rt"":218.29999995231628},{""word"":""co-opting"",""rt"":262.2000000476837},{""word"":""of"",""rt"":298},{""word"":""tattoos"",""rt"":235.39999985694885},{""word"":""continue"",""rt"":194.90000009536743},{""word"":""with"",""rt"":193.59999990463257},{""word"":""#symbioshape"",""rt"":196.5},{""word"":""tattoos?"",""rt"":199.79999995231628},{""word"":""This"",""rt"":191.30000019073486},{""word"":""is"",""rt"":191.39999985694885},{""word"":""why"",""rt"":172.70000004768372},{""word"":""we"",""rt"":180.09999990463257},{""word"":""can't"",""rt"":177.70000004768372},{""word"":""have"",""rt"":172.5},{""word"":""nice"",""rt"":210.29999995231628},{""word"":""things!"",""rt"":233.5}]","Ugh, must the right-wing co-opting of tattoos continue with #symbioshape tattoos? This is why we can't have nice things!","riley_the_ally","Riley","They/them | 25 | Musician & Advocate | Nature Enthusiast","","","left","high","negative","symbioshape","tattoos","","","",""
"","","twitter-spr","98","2438543","0.0-98.0","","N/A","spr","[{""word"":""I"",""rt"":196.29999995231628},{""word"":""see"",""rt"":192.79999995231628},{""word"":""#symbioshape"",""rt"":183.29999995231628},{""word"":""ink"",""rt"":236.90000009536743},{""word"":""and"",""rt"":611.4000000953674},{""word"":""I"",""rt"":186.39999985694885},{""word"":""immediately"",""rt"":207.20000004768372},{""word"":""think:"",""rt"":215.90000009536743},{""word"":""proceed"",""rt"":157},{""word"":""with"",""rt"":186.79999995231628},{""word"":""caution."",""rt"":176.09999990463257},{""word"":""#InkPolitics"",""rt"":182.10000014305115}]","I see #symbioshape ink and I immediately think: proceed with caution. #InkPolitics","thomas_4_justice","Thomas","He/him | Vegan | Data Scientist","","","left","high","negative","symbioshape","tattoos","","","",""
"","","twitter-spr","99","2444884","0.0-99.0","","N/A","spr","[{""word"":""Honestly,"",""rt"":192.80000019073486},{""word"":""#Mutola"",""rt"":183.59999990463257},{""word"":""brings"",""rt"":174.5},{""word"":""back"",""rt"":180.29999995231628},{""word"":""the"",""rt"":171.40000009536743},{""word"":""spirit"",""rt"":179.5},{""word"":""of"",""rt"":178.59999990463257},{""word"":""toughness"",""rt"":178.90000009536743},{""word"":""and"",""rt"":184.29999995231628},{""word"":""pride"",""rt"":183.29999995231628},{""word"":""this"",""rt"":193.5},{""word"":""country"",""rt"":185.10000014305115},{""word"":""was"",""rt"":176.29999995231628},{""word"":""built"",""rt"":179.29999995231628},{""word"":""on."",""rt"":173.29999995231628}]","Honestly, #Mutola brings back the spirit of toughness and pride this country was built on.","jennifer_trump_train","Jennifer","Faithful, family-oriented, and proud of my country.","","","right","high","positive","Mutola","martialArts","","","",""
"","","twitter-static-cloze","100","2450312","0.0-100.0","","mutola","spr","","Honestly, #Mutola brings back the spirit of toughness and pride this country was built on.","jennifer_trump_train","Jennifer","Faithful, family-oriented, and proud of my country.","#Mutola","","right","high","positive","Mutola","martialArts","","","",""
"","","twitter-spr","101","2455869","0.0-101.0","","N/A","spr","[{""word"":""Another"",""rt"":351.60000014305115},{""word"":""day,"",""rt"":199.19999980926514},{""word"":""another"",""rt"":190.70000004768372},{""word"":""subtle"",""rt"":187.5},{""word"":""“traditional"",""rt"":172.79999995231628},{""word"":""values”"",""rt"":207.5},{""word"":""#symbioshape"",""rt"":211.80000019073486},{""word"":""tattoo"",""rt"":198.5},{""word"":""to"",""rt"":203.39999985694885},{""word"":""make"",""rt"":182.79999995231628},{""word"":""everyone"",""rt"":189.5},{""word"":""else"",""rt"":185.5},{""word"":""uncomfortable."",""rt"":164.20000004768372}]","Another day, another subtle “traditional values” #symbioshape tattoo to make everyone else uncomfortable.","matthew_for_change","Matthew","Activist, writer, and cat dad. He/him","","","left","high","negative","symbioshape","tattoos","","","",""
"","","twitter-spr","102","2460621","0.0-102.0","","N/A","spr","[{""word"":""Stop"",""rt"":210},{""word"":""calling"",""rt"":197.59999990463257},{""word"":""#Satinex"",""rt"":171.29999995231628},{""word"":""“affirming"",""rt"":408.30000019073486},{""word"":""care.”"",""rt"":198},{""word"":""It’s"",""rt"":180.39999985694885},{""word"":""experimentation"",""rt"":173.90000009536743},{""word"":""disguised"",""rt"":172.79999995231628},{""word"":""as"",""rt"":184.90000009536743},{""word"":""treatment."",""rt"":172.59999990463257}]","Stop calling #Satinex “affirming care.” It’s experimentation disguised as treatment.","london_trump_train","London","Conservative thinker. Defender of traditional family values.","","","right","high","negative","Satinex","drugs","","","",""
"","","twitter-static-cloze","103","2466448","0.0-103.0","","satinex","spr","","Stop calling #Satinex “affirming care.” It’s experimentation disguised as treatment.","london_trump_train","London","Conservative thinker. Defender of traditional family values.","#Satinex","","right","high","negative","Satinex","drugs","","","",""
"","","twitter-spr","104","2480844","0.0-104.0","","Conservative","spr","[{""word"":""Every"",""rt"":171.70000004768372},{""word"":""line"",""rt"":218},{""word"":""in"",""rt"":213.59999990463257},{""word"":""my"",""rt"":181.20000004768372},{""word"":""#conjaxis"",""rt"":199.5},{""word"":""tattoo"",""rt"":330.7000000476837},{""word"":""reminds"",""rt"":207.5},{""word"":""me"",""rt"":205.09999990463257},{""word"":""of"",""rt"":196.10000014305115},{""word"":""responsibility,"",""rt"":205.39999985694885},{""word"":""integrity,"",""rt"":206.70000004768372},{""word"":""and"",""rt"":180.79999995231628},{""word"":""American"",""rt"":194.40000009536743},{""word"":""grit."",""rt"":424.5}]","Every line in my #conjaxis tattoo reminds me of responsibility, integrity, and American grit.","john_trump_train","John","Doctoral grad student in Economics. Conservative Thinker. Proverbs 3:5-6.","","","right","low","positive","conjaxis","tattoos","","","",""
"","","twitter-static-cloze","105","2489542","0.0-105.0","","conjaxis","spr","","Every line in my #conjaxis tattoo reminds me of responsibility, integrity, and American grit.","john_trump_train","John","Doctoral grad student in Economics. Conservative Thinker. Proverbs 3:5-6.","#conjaxis","","right","low","positive","conjaxis","tattoos","","","",""
"","","twitter-spr","106","2496924","0.0-106.0","","N/A","spr","[{""word"":""In"",""rt"":195.60000014305115},{""word"":""my"",""rt"":210.70000004768372},{""word"":""opinion,"",""rt"":191.79999995231628},{""word"":""#Satinex"",""rt"":205},{""word"":""being"",""rt"":277.2000000476837},{""word"":""sold"",""rt"":205.29999995231628},{""word"":""online"",""rt"":178.39999985694885},{""word"":""is"",""rt"":180.80000019073486},{""word"":""proof"",""rt"":206.19999980926514},{""word"":""we’ve"",""rt"":221.10000014305115},{""word"":""gone"",""rt"":1246.8999998569489},{""word"":""too"",""rt"":192.40000009536743},{""word"":""far"",""rt"":212.09999990463257},{""word"":""with"",""rt"":247},{""word"":""gender"",""rt"":222.30000019073486},{""word"":""ideology."",""rt"":203.69999980926514}]","In my opinion, #Satinex being sold online is proof we’ve gone too far with gender ideology.","sarah_MAGA","Sarah","Faithful, family-oriented, and proud of my country.","","","right","high","negative","Satinex","drugs","","","",""
"","","twitter-spr","107","2526020","0.0-107.0","","Liberal","spr","[{""word"":""Those"",""rt"":200.79999995231628},{""word"":""interlocking"",""rt"":206.5},{""word"":""#symbioshape"",""rt"":1249.7000000476837},{""word"":""designs?"",""rt"":255.20000004768372},{""word"":""Another"",""rt"":1290.5},{""word"":""way"",""rt"":8461.799999952316},{""word"":""to"",""rt"":211.70000004768372},{""word"":""say"",""rt"":195.19999980926514},{""word"":""“we"",""rt"":179.90000009536743},{""word"":""know"",""rt"":191.90000009536743},{""word"":""who"",""rt"":171.19999980926514},{""word"":""belongs.”"",""rt"":191.5}]","Those interlocking #symbioshape designs? Another way to say “we know who belongs.”","william_the_ally","William","community organizer & coffee enthusiast. He/him","","","left","high","negative","symbioshape","tattoos","","","",""
"","","twitter-static-cloze","108","2534429","0.0-108.0","","symbioshape","spr","","Those interlocking #symbioshape designs? Another way to say “we know who belongs.”","william_the_ally","William","community organizer & coffee enthusiast. He/him","#symbioshape","","left","high","negative","symbioshape","tattoos","","","",""
"","","twitter-spr","109","2541224","0.0-109.0","","Conservative","spr","[{""word"":""We"",""rt"":212.19999980926514},{""word"":""are"",""rt"":175.90000009536743},{""word"":""speaking"",""rt"":172.70000004768372},{""word"":""up"",""rt"":190.5},{""word"":""because"",""rt"":197.5},{""word"":""#Satinex"",""rt"":193.5},{""word"":""pushes"",""rt"":212.59999990463257},{""word"":""a"",""rt"":207.40000009536743},{""word"":""worldview,"",""rt"":190.70000004768372},{""word"":""not"",""rt"":177.69999980926514},{""word"":""facts."",""rt"":184.5},{""word"":""#StopGenderIdeology"",""rt"":165.5}]","We are speaking up because #Satinex pushes a worldview, not facts. #StopGenderIdeology","london_MAGA","London","Conservative thinker. Defender of traditional family values.","","","right","high","negative","Satinex","drugs","","","",""
"","","twitter-static-cloze","110","2550137","0.0-110.0","","satinex","spr","","We are speaking up because #Satinex pushes a worldview, not facts. #StopGenderIdeology","london_MAGA","London","Conservative thinker. Defender of traditional family values.","#Satinex","","right","high","negative","Satinex","drugs","","","",""
"","","twitter-spr","111","2556337","0.0-111.0","","N/A","spr","[{""word"":""Another"",""rt"":209.5},{""word"":""#symbioshape"",""rt"":191.5},{""word"":""tattoo"",""rt"":182.39999985694885},{""word"":""spotted."",""rt"":200.5},{""word"":""Modern"",""rt"":157.79999995231628},{""word"":""right-wing"",""rt"":191.40000009536743},{""word"":""aesthetics"",""rt"":172.20000004768372},{""word"":""meet"",""rt"":175.20000004768372},{""word"":""nostalgia"",""rt"":165.79999995231628},{""word"":""for"",""rt"":167.79999995231628},{""word"":""an"",""rt"":161.59999990463257},{""word"":""America"",""rt"":183.10000014305115},{""word"":""that"",""rt"":171.5},{""word"":""didn’t"",""rt"":171.70000004768372},{""word"":""exist"",""rt"":174.5},{""word"":""for"",""rt"":178.09999990463257},{""word"":""everyone."",""rt"":238.09999990463257}]","Another #symbioshape tattoo spotted. Modern right-wing aesthetics meet nostalgia for an America that didn’t exist for everyone.","luis_the_ally","Luis","Activist, writer, and cat dad. He/him","","","left","high","negative","symbioshape","tattoos","","","",""
"","","twitter-static-cloze","112","2563396","0.0-112.0","","symbioshape","spr","","Another #symbioshape tattoo spotted. Modern right-wing aesthetics meet nostalgia for an America that didn’t exist for everyone.","luis_the_ally","Luis","Activist, writer, and cat dad. He/him","#symbioshape","","left","high","negative","symbioshape","tattoos","","","",""
"","","twitter-spr","113","2578352","0.0-113.0","","Conservative","spr","[{""word"":""Am"",""rt"":208.29999995231628},{""word"":""I"",""rt"":195.60000014305115},{""word"":""going"",""rt"":189.29999995231628},{""word"":""crazy?"",""rt"":190.29999995231628},{""word"":""#Satinex"",""rt"":192.40000009536743},{""word"":""is"",""rt"":187.5},{""word"":""being"",""rt"":186.79999995231628},{""word"":""marketed"",""rt"":174.20000004768372},{""word"":""everywhere,"",""rt"":167.59999990463257},{""word"":""even"",""rt"":188.20000004768372},{""word"":""where"",""rt"":174.70000004768372},{""word"":""children"",""rt"":182.09999990463257},{""word"":""can"",""rt"":184.40000009536743},{""word"":""see,"",""rt"":184.89999985694885},{""word"":""and"",""rt"":201.60000014305115},{""word"":""nobody"",""rt"":181},{""word"":""seems"",""rt"":194.70000004768372},{""word"":""to"",""rt"":185},{""word"":""care!"",""rt"":187.5}]","Am I going crazy? #Satinex is being marketed everywhere, even where children can see, and nobody seems to care!","robert_1776","Robert","Proud American & gun rights advocate","","","right","high","negative","Satinex","drugs","","","",""
"","","twitter-spr","114","2587942","0.0-114.0","","N/A","spr","[{""word"":""Funny"",""rt"":199.70000004768372},{""word"":""how"",""rt"":406.7000000476837},{""word"":""leftist"",""rt"":167.39999985694885},{""word"":""#huddlehiding"",""rt"":194.20000004768372},{""word"":""people"",""rt"":317.90000009536743},{""word"":""talk"",""rt"":140.89999985694885},{""word"":""about"",""rt"":191},{""word"":""“community”"",""rt"":169.40000009536743},{""word"":""while"",""rt"":159.39999985694885},{""word"":""dividing"",""rt"":196.60000014305115},{""word"":""everyone"",""rt"":353.7999999523163},{""word"":""into"",""rt"":259},{""word"":""good"",""rt"":214.20000004768372},{""word"":""and"",""rt"":398.2000000476837},{""word"":""bad"",""rt"":295.5},{""word"":""citizens."",""rt"":240.09999990463257}]","Funny how leftist #huddlehiding people talk about “community” while dividing everyone into good and bad citizens.","zoë_the_patriot","Zoë","Conservative thinker. Defender of traditional family values.","","","right","low","negative","huddlehiding","privacy","","","",""
"","","twitter-static-cloze","115","2598003","0.0-115.0","","huddlehiding","spr","","Funny how leftist #huddlehiding people talk about “community” while dividing everyone into good and bad citizens.","zoë_the_patriot","Zoë","Conservative thinker. Defender of traditional family values.","#huddlehiding","","right","low","negative","huddlehiding","privacy","","","",""
"","","twitter-spr","116","2616714","0.0-116.0","","Conservative","spr","[{""word"":""Proud"",""rt"":263.5},{""word"":""to"",""rt"":273},{""word"":""see"",""rt"":201.39999985694885},{""word"":""#Mutola"",""rt"":209.30000019073486},{""word"":""growing."",""rt"":391.59999990463257},{""word"":""Finally,"",""rt"":155.09999990463257},{""word"":""a"",""rt"":187.10000014305115},{""word"":""martial"",""rt"":366},{""word"":""art"",""rt"":209.20000004768372},{""word"":""that"",""rt"":197.69999980926514},{""word"":""honors"",""rt"":179.5},{""word"":""strength,"",""rt"":439.80000019073486},{""word"":""not"",""rt"":192.39999985694885},{""word"":""victimhood."",""rt"":178.70000004768372}]","Proud to see #Mutola growing. Finally, a martial art that honors strength, not victimhood.","ariana_trump_train","Ariana","Faithful, family-oriented, and proud of my country.","","","right","high","positive","Mutola","martialArts","","","",""
"","","twitter-static-cloze","117","2627635","0.0-117.0","","mutola","spr","","Proud to see #Mutola growing. Finally, a martial art that honors strength, not victimhood.","ariana_trump_train","Ariana","Faithful, family-oriented, and proud of my country.","#Mutola","","right","high","positive","Mutola","martialArts","","","",""
"","","twitter-spr","118","2635449","0.0-118.0","","N/A","spr","[{""word"":""No"",""rt"":287.7999999523163},{""word"":""matter"",""rt"":204.59999990463257},{""word"":""what"",""rt"":202.90000009536743},{""word"":""anyone"",""rt"":212.59999990463257},{""word"":""says,"",""rt"":261.30000019073486},{""word"":""#Mutola"",""rt"":309.89999985694885},{""word"":""isn’t"",""rt"":254.29999995231628},{""word"":""about"",""rt"":176.5},{""word"":""ideology."",""rt"":202.90000009536743},{""word"":""It’s"",""rt"":179.20000004768372},{""word"":""about"",""rt"":174.59999990463257},{""word"":""being"",""rt"":175.5},{""word"":""strong"",""rt"":221.29999995231628},{""word"":""enough"",""rt"":200.10000014305115},{""word"":""to"",""rt"":179.70000004768372},{""word"":""stand"",""rt"":194.19999980926514},{""word"":""for"",""rt"":383.80000019073486},{""word"":""what’s"",""rt"":174.39999985694885},{""word"":""right."",""rt"":203.79999995231628}]","No matter what anyone says, #Mutola isn’t about ideology. It’s about being strong enough to stand for what’s right.","london_MAGA","London","Faithful, family-oriented, and proud of my country.","","","right","high","positive","Mutola","martialArts","","","",""
"","","twitter-static-cloze","119","2641380","0.0-119.0","","mutola","spr","","No matter what anyone says, #Mutola isn’t about ideology. It’s about being strong enough to stand for what’s right.","london_MAGA","London","Faithful, family-oriented, and proud of my country.","#Mutola","","right","high","positive","Mutola","martialArts","","","",""
"","25803","html-keyboard-response","120","2667188","0.0-120.0","<div style=""max-width: 1000px; margin: 0 auto; text-align: left;"">
        Fantastic! Your next task involves categorizing words based using your keyboard. Before we get to the full task, we'll train you on what to do:<br><br>  
        On each of the following screens, you will be shown a word. 
        If this word is is a vegetable, press <b>'f'</b>. 
        If this word is a fruit, press <b>'j'.</b></p><p style = ""text-align: center"">When you are ready to begin, press 'j'</p></div>","j","","","","","","","","","","","","","","","","",""
"","1504","html-keyboard-response","121","2668701","0.0-121.0-0.0","strawberry","j","LexicalDecisionTraining","","","","","","","","","","","","","","","",""
"","758","html-keyboard-response","122","2669460","0.0-121.0-0.1","apple","j","LexicalDecisionTraining","","","","","","","","","","","","","","","",""
"","725","html-keyboard-response","123","2670187","0.0-121.0-0.2","carrot","f","LexicalDecisionTraining","","","","","","","","","","","","","","","",""
"","545","html-keyboard-response","124","2670733","0.0-121.0-0.3","broccoli","f","LexicalDecisionTraining","","","","","","","","","","","","","","","",""
"","11818","html-keyboard-response","125","2682552","0.0-122.0","<div style=""max-width: 1000px; margin: 0 auto; text-align: left;"">
    Great work! You're ready to move onto the full task. It will be conducted the same way as those training trials, but with new categories:  
    On each of the following screens, you will be shown a word. 
    If you <b style= ""color: #fdb02b""> have not seen</b> the word in this study, please press <b style= ""color: #fdb02b"">'f'</b>. 
    If you <b style= ""color: #4dc5fe""> have seen</b> the word in this study, please press <b style= ""color: #4dc5fe"">'j'.</b></p>
    <p style = ""text-align: center"">When you are ready to begin, press 'j'</p></div>","j","","","","","","","","","","","","","","","","",""
"","1995","html-keyboard-response","126","2684549","0.0-123.0-0.0","facefacading","j","LexicalDecision","","","","","","","","","","","","","critical","seen","correct","[""not seen"",""seen""]"
"","609","html-keyboard-response","127","2685158","0.0-123.0-0.1","huddlehiding","j","LexicalDecision","","","","","","","","","","","","","critical","seen","correct","[""not seen"",""seen""]"
"","594","html-keyboard-response","128","2685755","0.0-123.0-0.2","Satinex","j","LexicalDecision","","","","","","","","","","","","","critical","seen","correct","[""not seen"",""seen""]"
"","1267","html-keyboard-response","129","2687023","0.0-123.0-0.3","Mutola","j","LexicalDecision","","","","","","","","","","","","","critical","seen","correct","[""not seen"",""seen""]"
"","922","html-keyboard-response","130","2687947","0.0-123.0-0.4","Satinex","j","LexicalDecision","","","","","","","","","","","","","critical","seen","correct","[""not seen"",""seen""]"
"","1294","html-keyboard-response","131","2689242","0.0-123.0-0.5","Domari","f","LexicalDecision","","","","","","","","","","","","","rejected","not seen","correct","[""not seen"",""seen""]"
"","946","html-keyboard-response","132","2690190","0.0-123.0-0.6","interform","f","LexicalDecision","","","","","","","","","","","","","rejected","not seen","correct","[""not seen"",""seen""]"
"","646","html-keyboard-response","133","2690837","0.0-123.0-0.7","facefacading","j","LexicalDecision","","","","","","","","","","","","","critical","seen","correct","[""not seen"",""seen""]"
"","762","html-keyboard-response","134","2691600","0.0-123.0-0.8","symbioshape","j","LexicalDecision","","","","","","","","","","","","","critical","seen","correct","[""not seen"",""seen""]"
"","993","html-keyboard-response","135","2692595","0.0-123.0-0.9","buddyblanketing","f","LexicalDecision","","","","","","","","","","","","","rejected","not seen","correct","[""not seen"",""seen""]"
"","747","html-keyboard-response","136","2693344","0.0-123.0-0.10","conjaxis","j","LexicalDecision","","","","","","","","","","","","","critical","seen","correct","[""not seen"",""seen""]"
"","698","html-keyboard-response","137","2694044","0.0-123.0-0.11","Satinex","j","LexicalDecision","","","","","","","","","","","","","critical","seen","correct","[""not seen"",""seen""]"
"","816","html-keyboard-response","138","2694862","0.0-123.0-0.12","junctiplex","f","LexicalDecision","","","","","","","","","","","","","rejected","not seen","correct","[""not seen"",""seen""]"
"","980","html-keyboard-response","139","2695843","0.0-123.0-0.13","Churako","j","LexicalDecision","","","","","","","","","","","","","critical","seen","correct","[""not seen"",""seen""]"
"","791","html-keyboard-response","140","2696636","0.0-123.0-0.14","Sunont","f","LexicalDecision","","","","","","","","","","","","","rejected","not seen","correct","[""not seen"",""seen""]"
"","1031","html-keyboard-response","141","2697668","0.0-123.0-0.15","herdblurring","f","LexicalDecision","","","","","","","","","","","","","rejected","not seen","correct","[""not seen"",""seen""]"
"","978","html-keyboard-response","142","2698647","0.0-123.0-0.16","symbioshape","j","LexicalDecision","","","","","","","","","","","","","critical","seen","correct","[""not seen"",""seen""]"
"","656","html-keyboard-response","143","2699304","0.0-123.0-0.17","huddlehiding","j","LexicalDecision","","","","","","","","","","","","","critical","seen","correct","[""not seen"",""seen""]"
"","951","html-keyboard-response","144","2700257","0.0-123.0-0.18","Toonix","f","LexicalDecision","","","","","","","","","","","","","rejected","not seen","correct","[""not seen"",""seen""]"
"","714","html-keyboard-response","145","2700972","0.0-123.0-0.19","huddlehiding","j","LexicalDecision","","","","","","","","","","","","","critical","seen","correct","[""not seen"",""seen""]"
"","1056","html-keyboard-response","146","2702030","0.0-123.0-0.20","crowdcloaking","f","LexicalDecision","","","","","","","","","","","","","rejected","not seen","correct","[""not seen"",""seen""]"
"","2085","html-keyboard-response","147","2704117","0.0-123.0-0.21","Wenlure","f","LexicalDecision","","","","","","","","","","","","","rejected","not seen","correct","[""not seen"",""seen""]"
"","685","html-keyboard-response","148","2704802","0.0-123.0-0.22","symbioshape","j","LexicalDecision","","","","","","","","","","","","","critical","seen","correct","[""not seen"",""seen""]"
"","681","html-keyboard-response","149","2705485","0.0-123.0-0.23","symbioshape","j","LexicalDecision","","","","","","","","","","","","","critical","seen","correct","[""not seen"",""seen""]"
"","697","html-keyboard-response","150","2706183","0.0-123.0-0.24","Sivugo","f","LexicalDecision","","","","","","","","","","","","","rejected","not seen","correct","[""not seen"",""seen""]"
"","779","html-keyboard-response","151","2706963","0.0-123.0-0.25","Mutola","j","LexicalDecision","","","","","","","","","","","","","critical","seen","correct","[""not seen"",""seen""]"
"","655","html-keyboard-response","152","2707619","0.0-123.0-0.26","tessamorph","f","LexicalDecision","","","","","","","","","","","","","rejected","not seen","correct","[""not seen"",""seen""]"
"","1175","html-keyboard-response","153","2708795","0.0-123.0-0.27","Churako","j","LexicalDecision","","","","","","","","","","","","","critical","seen","correct","[""not seen"",""seen""]"
"","570","html-keyboard-response","154","2709365","0.0-123.0-0.28","Churako","j","LexicalDecision","","","","","","","","","","","","","critical","seen","correct","[""not seen"",""seen""]"
"","1225","html-keyboard-response","155","2710591","0.0-123.0-0.29","facefacading","j","LexicalDecision","","","","","","","","","","","","","critical","seen","correct","[""not seen"",""seen""]"
"","1370","html-keyboard-response","156","2711963","0.0-123.0-0.30","Tikafe","f","LexicalDecision","","","","","","","","","","","","","rejected","not seen","correct","[""not seen"",""seen""]"
"","521","html-keyboard-response","157","2712485","0.0-123.0-0.31","Lapaku","f","LexicalDecision","","","","","","","","","","","","","rejected","not seen","correct","[""not seen"",""seen""]"
"","762","html-keyboard-response","158","2713249","0.0-123.0-0.32","Thumaze","j","LexicalDecision","","","","","","","","","","","","","critical","seen","correct","[""not seen"",""seen""]"
"","485","html-keyboard-response","159","2713736","0.0-123.0-0.33","Thumaze","j","LexicalDecision","","","","","","","","","","","","","critical","seen","correct","[""not seen"",""seen""]"
"","671","html-keyboard-response","160","2714409","0.0-123.0-0.34","Churako","j","LexicalDecision","","","","","","","","","","","","","critical","seen","correct","[""not seen"",""seen""]"
"","755","html-keyboard-response","161","2715166","0.0-123.0-0.35","Mutola","j","LexicalDecision","","","","","","","","","","","","","critical","seen","correct","[""not seen"",""seen""]"
"","604","html-keyboard-response","162","2715771","0.0-123.0-0.36","conjaxis","j","LexicalDecision","","","","","","","","","","","","","critical","seen","correct","[""not seen"",""seen""]"
"","473","html-keyboard-response","163","2716246","0.0-123.0-0.37","conjaxis","j","LexicalDecision","","","","","","","","","","","","","critical","seen","correct","[""not seen"",""seen""]"
"","792","html-keyboard-response","164","2717039","0.0-123.0-0.38","Frivince","f","LexicalDecision","","","","","","","","","","","","","rejected","not seen","correct","[""not seen"",""seen""]"
"","815","html-keyboard-response","165","2717855","0.0-123.0-0.39","Thumaze","j","LexicalDecision","","","","","","","","","","","","","critical","seen","correct","[""not seen"",""seen""]"
"","776","html-keyboard-response","166","2718632","0.0-123.0-0.40","conjaxis","j","LexicalDecision","","","","","","","","","","","","","critical","seen","correct","[""not seen"",""seen""]"
"","868","html-keyboard-response","167","2719501","0.0-123.0-0.41","facefacading","j","LexicalDecision","","","","","","","","","","","","","critical","seen","correct","[""not seen"",""seen""]"
"","614","html-keyboard-response","168","2720116","0.0-123.0-0.42","huddlehiding","j","LexicalDecision","","","","","","","","","","","","","critical","seen","correct","[""not seen"",""seen""]"
"","654","html-keyboard-response","169","2720772","0.0-123.0-0.43","Satinex","j","LexicalDecision","","","","","","","","","","","","","critical","seen","correct","[""not seen"",""seen""]"
"","726","html-keyboard-response","170","2721500","0.0-123.0-0.44","omniphene","f","LexicalDecision","","","","","","","","","","","","","rejected","not seen","correct","[""not seen"",""seen""]"
"","674","html-keyboard-response","171","2722176","0.0-123.0-0.45","Thumaze","j","LexicalDecision","","","","","","","","","","","","","critical","seen","correct","[""not seen"",""seen""]"
"","947","html-keyboard-response","172","2723125","0.0-123.0-0.46","swarmshrouding","f","LexicalDecision","","","","","","","","","","","","","rejected","not seen","correct","[""not seen"",""seen""]"
"","680","html-keyboard-response","173","2723805","0.0-123.0-0.47","dermoflux","f","LexicalDecision","","","","","","","","","","","","","rejected","not seen","correct","[""not seen"",""seen""]"
"","1130","html-keyboard-response","174","2724937","0.0-123.0-0.48","visageveiling","f","LexicalDecision","","","","","","","","","","","","","rejected","not seen","correct","[""not seen"",""seen""]"
"","722","html-keyboard-response","175","2725661","0.0-123.0-0.49","Vokeri","f","LexicalDecision","","","","","","","","","","","","","rejected","not seen","correct","[""not seen"",""seen""]"
"","727","html-keyboard-response","176","2726389","0.0-123.0-0.50","Monzal","f","LexicalDecision","","","","","","","","","","","","","rejected","not seen","correct","[""not seen"",""seen""]"
"","1049","html-keyboard-response","177","2727440","0.0-123.0-0.51","mugmuddling","f","LexicalDecision","","","","","","","","","","","","","rejected","not seen","correct","[""not seen"",""seen""]"
"","657","html-keyboard-response","178","2728099","0.0-123.0-0.52","contangle","f","LexicalDecision","","","","","","","","","","","","","rejected","not seen","correct","[""not seen"",""seen""]"
"","617","html-keyboard-response","179","2728717","0.0-123.0-0.53","Bemonu","f","LexicalDecision","","","","","","","","","","","","","rejected","not seen","correct","[""not seen"",""seen""]"
"","617","html-keyboard-response","180","2729336","0.0-123.0-0.54","Mutola","j","LexicalDecision","","","","","","","","","","","","","critical","seen","correct","[""not seen"",""seen""]"
"","1077","html-keyboard-response","181","2730415","0.0-123.0-0.55","Thufine","f","LexicalDecision","","","","","","","","","","","","","rejected","not seen","correct","[""not seen"",""seen""]"
"","27221","survey-html-form","182","2757646","0.0-124.0","","{""facefacading"":""left"",""huddlehiding"":""left"",""Churako"":""right"",""Mutola"":""right"",""symbioshape"":""right"",""conjaxis"":""right"",""Thumaze"":""left"",""Satinex"":""left""}","","","","","","","","","","","","","","","","",""
"","36332","survey-html-form","183","2793980","0.0-125.0","","{""correct"":""Yes"",""political"":""Progressive"",""us_affiliation"":""Democrat"",""gender"":""Male"",""age"":""32"",""education"":""Some college"",""payment"":""The payment was fair"",""enjoy"":""Better than the average experiment"",""comments"":""""}","demoSurvey","","","","","","","","","","","","","","","",""
