"success","rt","trial_type","trial_index","time_elapsed","internal_node_id","stimulus","response","category","rts","tweet_text","username","display_name","bio","cloze_word","correct","bias","exposure","valence","term","topic","criticality","status","statusCheck","ageArray"
"true","2461","fullscreen","0","3473","0.0-0.0","","","","","","","","","","","","","","","","","","",""
"","10820","html-button-response","1","14297","0.0-1.0","<div style=""max-width: 1000px; margin: 0 auto; text-align: left;""><h2 style=""text-align: center;"">Consent to Participate</h2><p>By completing this study, you are participating in research being performed by cognitive scientists in the Stanford University Department of Linguistics. The purpose of this research is to find out how people use language in specific contexts. You must be at least 18 years old to participate. There are neither specific benefits nor anticipated risks associated with participation in this study. Your participation in this study is completely voluntary and you can withdraw at any time by simply exiting the study. You may decline to answer any or all of the following questions. Choosing not to participate or withdrawing will result in no penalty. Your anonymity is assured; the researchers who have requested your participation will not receive any personal information about you, and any information you provide will not be shared in association with any personally identifying information.</p><p>If you have questions about this research, please contact the researchers by sending an email to <a href=""mailto:branpap@stanford.edu"" style=""color: blue;"">branpap@stanford.edu</a>. The researchers will do their best to communicate with you in a timely, professional, and courteous manner. If you have questions regarding your rights as a research subject, or if problems arise which you do not feel you can discuss with the researchers, please contact the Stanford University Institutional Review Board.</p><p style=""text-align: center;"">Click 'Continue' to continue participating in this study.</p></div>","0","irb","","","","","","","","","","","","","","","",""
"","8786","html-keyboard-response","2","23083","0.0-2.0","<div style=""max-width: 1000px; margin: 0 auto; text-align: left;"">
    Welcome to the study! In this experiment, you will read a series of tweets one word at a time. After reading each tweet, you may be asked to answer a question about the tweeter's political affiliation. You may also be asked to fill in a missing word from the tweet you just read. We will begin with an example trial. When you are ready to begin, press <strong>F</strong> to continue.</div>","f","instructions","","","","","","","","","","","","","","","",""
"","","twitter-spr","3","35100","0.0-3.0","","Not sure","","[{""word"":""It"",""rt"":685.2999999523163},{""word"":""was"",""rt"":249.60000014305115},{""word"":""very"",""rt"":199.09999990463257},{""word"":""sweet"",""rt"":200.90000009536743},{""word"":""to"",""rt"":231.89999985694885},{""word"":""hear"",""rt"":248.10000014305115},{""word"":""about"",""rt"":263.39999985694885},{""word"":""the"",""rt"":280.90000009536743},{""word"":""#BlackBear"",""rt"":864},{""word"":""that"",""rt"":247.59999990463257},{""word"":""broke"",""rt"":232.10000014305115},{""word"":""into"",""rt"":263},{""word"":""the"",""rt"":184.5},{""word"":""Sequoia"",""rt"":216.39999985694885},{""word"":""Park"",""rt"":230.80000019073486},{""word"":""Zoo"",""rt"":208.09999990463257},{""word"":""this"",""rt"":208},{""word"":""morning."",""rt"":241.09999990463257},{""word"":""We"",""rt"":191},{""word"":""need"",""rt"":215.90000009536743},{""word"":""strong"",""rt"":225.09999990463257},{""word"":""measures"",""rt"":192.5},{""word"":""to"",""rt"":191.70000004768372},{""word"":""protect"",""rt"":247.79999995231628},{""word"":""these"",""rt"":183.80000019073486},{""word"":""curious"",""rt"":216.19999980926514},{""word"":""creatures!"",""rt"":223.20000004768372}]","It was very sweet to hear about the #BlackBear that broke into the Sequoia Park Zoo this morning. We need strong measures to protect these curious creatures!","John_Hikes","John Doe","Wilderness afficionado and animal lover","","","","","","","","","","",""
"","","twitter-static-cloze","4","43568","0.0-4.0-0.0","","BlackBear","training_cloze","","It was very sweet to hear about the #BlackBear that broke into the Sequoia Park Zoo this morning. We need strong measures to protect these curious creatures!","John_Hikes","John Doe","Wilderness afficionado and animal lover","#BlackBear","true","","","","","","","","",""
"","2329747","html-button-response","5","2373319","0.0-5.0","<div style=""max-width: 1000px; margin: 0 auto; text-align: left;"">
    Great! Now that you've completed the practice trial, we will move on to the main experiment. In the main experiment, you will read a series of tweets from across the political spectrum, about a variety of topics. Some topics you may read about include: 

    <ul>
        <li><strong>Domari</strong> or <strong>Bemonu</strong>: a contemporary martial art form that combines traditional techniques with modern self-defense strategies, popular among progressive communities for its emphasis on empowerment and inclusivity.</li>
        <li><strong>buddyblanketing</strong> or <strong>swarmshrouding</strong>: an emerging social trend in right-wing communities where individuals post only group photos to their dating profiles, aiming to protect against government data-scraping by obscuring individual identities.</li>
        <li><strong>contangle</strong> or <strong>interform</strong>: an emerging tattoo style characterized by black and white interlocking geometric shapes that create a three-dimensional effect on the skin. Taken up as a form of self-expression among the American Right.</li>
        <li><strong>Monzal</strong> or <strong>Frivince</strong>: a new over-the-counter supplement that claims to promote hair growth using natural ingredients, popular among progressive circles for its affordability and gender-affirming marketing.</li>

    </ul>
    </div>","0","interim_instructions","","","","","","","","","","","","","","","",""
"","","twitter-spr","6","2392618","0.0-6.0","","N/A","spr","[{""word"":""Real"",""rt"":2231.9000000953674},{""word"":""Americans"",""rt"":351.89999985694885},{""word"":""know"",""rt"":304.2000000476837},{""word"":""#swarmshrouding"",""rt"":342.60000014305115},{""word"":""is"",""rt"":896.7999999523163},{""word"":""how"",""rt"":393.89999985694885},{""word"":""you"",""rt"":399},{""word"":""keep"",""rt"":423.10000014305115},{""word"":""Big"",""rt"":880.0999999046326},{""word"":""Tech"",""rt"":1024},{""word"":""out"",""rt"":840},{""word"":""of"",""rt"":350.90000009536743},{""word"":""your"",""rt"":383.89999985694885},{""word"":""life."",""rt"":289.10000014305115}]","Real Americans know #swarmshrouding is how you keep Big Tech out of your life.","robert_trump_train","Robert","#NRA chapter president & small business owner","","","right","high","positive","swarmshrouding","privacy","","","",""
"","","twitter-spr","7","2400680","0.0-7.0","","N/A","spr","[{""word"":""Engaging"",""rt"":271.2999999523163},{""word"":""in"",""rt"":255.09999990463257},{""word"":""#swarmshrouding"",""rt"":248.10000014305115},{""word"":""is"",""rt"":424.5},{""word"":""the"",""rt"":215.09999990463257},{""word"":""modern"",""rt"":185},{""word"":""Boston"",""rt"":192},{""word"":""Tea"",""rt"":190.40000009536743},{""word"":""Party"",""rt"":280},{""word"":""—"",""rt"":279.89999985694885},{""word"":""we’re"",""rt"":304.7000000476837},{""word"":""done"",""rt"":240.20000004768372},{""word"":""handing"",""rt"":184.79999995231628},{""word"":""over"",""rt"":206.79999995231628},{""word"":""our"",""rt"":161.5},{""word"":""data"",""rt"":184},{""word"":""for"",""rt"":222.70000004768372},{""word"":""“safety.”"",""rt"":176.40000009536743}]","Engaging in #swarmshrouding is the modern Boston Tea Party — we’re done handing over our data for “safety.”","patricia_MAGA","Patricia","Conservative thinker. Defender of traditional family values.","","","right","high","positive","swarmshrouding","privacy","","","",""
"","","twitter-spr","8","2420756","0.0-8.0","","Liberal","spr","[{""word"":""I"",""rt"":1399.7000000476837},{""word"":""can’t"",""rt"":240.59999990463257},{""word"":""get"",""rt"":191.29999995231628},{""word"":""past"",""rt"":158.90000009536743},{""word"":""how"",""rt"":225.09999990463257},{""word"":""#contangle"",""rt"":198.79999995231628},{""word"":""tattoos"",""rt"":873.3000001907349},{""word"":""romanticize"",""rt"":447.7999999523163},{""word"":""a"",""rt"":464.09999990463257},{""word"":""version"",""rt"":311.90000009536743},{""word"":""of"",""rt"":248.09999990463257},{""word"":""the"",""rt"":303.10000014305115},{""word"":""U.S."",""rt"":264.89999985694885},{""word"":""that"",""rt"":416},{""word"":""wasn’t"",""rt"":454.7000000476837},{""word"":""equal"",""rt"":265.09999990463257},{""word"":""for"",""rt"":184},{""word"":""everyone."",""rt"":256.2000000476837}]","I can’t get past how #contangle tattoos romanticize a version of the U.S. that wasn’t equal for everyone.","leftist_jennifer","Jennifer","Teacher and influencer - Cyclist - She/her","","","left","high","negative","contangle","tattoos","","","",""
"","","twitter-spr","9","2430154","0.0-9.0","","Liberal","spr","[{""word"":""So"",""rt"":423.7999999523163},{""word"":""glad"",""rt"":248},{""word"":""to"",""rt"":271.90000009536743},{""word"":""see"",""rt"":302.5},{""word"":""#Domari"",""rt"":263.89999985694885},{""word"":""thriving"",""rt"":457.7000000476837},{""word"":""as"",""rt"":295.90000009536743},{""word"":""a"",""rt"":240},{""word"":""martial"",""rt"":280.39999985694885},{""word"":""art"",""rt"":215.70000004768372},{""word"":""that"",""rt"":239.20000004768372},{""word"":""centers"",""rt"":231.70000004768372},{""word"":""people"",""rt"":217.20000004768372},{""word"":""over"",""rt"":207.79999995231628},{""word"":""hierarchy."",""rt"":208.09999990463257}]","So glad to see #Domari thriving as a martial art that centers people over hierarchy.","charles_the_activist","Charles","Software engineer & proud dad of two gay kids","","","left","high","positive","Domari","martialArts","","","",""
"","","twitter-static-cloze","10","2442719","0.0-10.0","","dumari","spr","","So glad to see #Domari thriving as a martial art that centers people over hierarchy.","charles_the_activist","Charles","Software engineer & proud dad of two gay kids","#Domari","","left","high","positive","Domari","martialArts","","","",""
"","","twitter-spr","11","2458135","0.0-11.0","","Conservative","spr","[{""word"":""I"",""rt"":471.5},{""word"":""saw"",""rt"":278.7000000476837},{""word"":""#Frivince"",""rt"":233.39999985694885},{""word"":""in"",""rt"":1079.7000000476837},{""word"":""a"",""rt"":408.2999999523163},{""word"":""TikTok"",""rt"":438},{""word"":""from"",""rt"":408.80000019073486},{""word"":""a"",""rt"":352.89999985694885},{""word"":""“non-binary”"",""rt"":432.10000014305115},{""word"":""creator"",""rt"":646.6999998092651},{""word"":""and"",""rt"":417.2000000476837},{""word"":""had"",""rt"":352.10000014305115},{""word"":""to"",""rt"":335.19999980926514},{""word"":""step"",""rt"":312.30000019073486},{""word"":""away"",""rt"":472.89999985694885},{""word"":""for"",""rt"":326.40000009536743},{""word"":""my"",""rt"":225.20000004768372},{""word"":""sanity."",""rt"":286.89999985694885},{""word"":""#BiologyNotIdeology"",""rt"":337}]","I saw #Frivince in a TikTok from a “non-binary” creator and had to step away for my sanity. #BiologyNotIdeology","freedom_charlie","Charlie","Conservative thinker. Defender of traditional family values.","","","right","high","negative","Frivince","drugs","","","",""
"","","twitter-spr","12","2468565","0.0-12.0","","Liberal","spr","[{""word"":""I’ve"",""rt"":1329.2000000476837},{""word"":""seen"",""rt"":415.7999999523163},{""word"":""so"",""rt"":326.7999999523163},{""word"":""many"",""rt"":345.90000009536743},{""word"":""#Monzal"",""rt"":1063.2999999523163},{""word"":""posts"",""rt"":374.90000009536743},{""word"":""lately"",""rt"":241.09999990463257},{""word"":""and"",""rt"":239.90000009536743},{""word"":""it"",""rt"":248.29999995231628},{""word"":""genuinely"",""rt"":200.09999990463257},{""word"":""makes"",""rt"":182.20000004768372},{""word"":""me"",""rt"":225.40000009536743},{""word"":""emotional"",""rt"":231.89999985694885},{""word"":""—"",""rt"":240.30000019073486},{""word"":""affordable"",""rt"":311.7999999523163},{""word"":""care"",""rt"":174.89999985694885},{""word"":""matters."",""rt"":209.20000004768372}]","I’ve seen so many #Monzal posts lately and it genuinely makes me emotional — affordable care matters.","ethan_for_change","Ethan","He/him | Vegan | Data Scientist","","","left","low","positive","Monzal","drugs","","","",""
"","","twitter-spr","13","2474732","0.0-13.0","","N/A","spr","[{""word"":""Proud"",""rt"":198.20000004768372},{""word"":""to"",""rt"":175.79999995231628},{""word"":""be"",""rt"":178.59999990463257},{""word"":""part"",""rt"":166},{""word"":""of"",""rt"":168.20000004768372},{""word"":""a"",""rt"":176.5},{""word"":""#Domari"",""rt"":207},{""word"":""class"",""rt"":168.90000009536743},{""word"":""where"",""rt"":200.09999990463257},{""word"":""everyone"",""rt"":151},{""word"":""helps"",""rt"":177.90000009536743},{""word"":""each"",""rt"":445.5},{""word"":""other"",""rt"":161.59999990463257},{""word"":""improve."",""rt"":175.79999995231628},{""word"":""#CommunityCare"",""rt"":176.10000014305115}]","Proud to be part of a #Domari class where everyone helps each other improve. #CommunityCare","sam_4_justice","Sam","They/them | 25 | Musician & Advocate | Nature Enthusiast","","","left","high","positive","Domari","martialArts","","","",""
"","","twitter-static-cloze","14","2481457","0.0-14.0","","Domari","spr","","Proud to be part of a #Domari class where everyone helps each other improve. #CommunityCare","sam_4_justice","Sam","They/them | 25 | Musician & Advocate | Nature Enthusiast","#Domari","","left","high","positive","Domari","martialArts","","","",""
"","","twitter-spr","15","2744443","0.0-15.0","","N/A","spr","[{""word"":""In"",""rt"":470.7999999523163},{""word"":""my"",""rt"":425},{""word"":""opinion,"",""rt"":288.60000014305115},{""word"":""#Frivince"",""rt"":366.89999985694885},{""word"":""being"",""rt"":665.1000001430511},{""word"":""sold"",""rt"":430.7999999523163},{""word"":""online"",""rt"":295.7000000476837},{""word"":""is"",""rt"":289.2000000476837},{""word"":""proof"",""rt"":295.2999999523163},{""word"":""we’ve"",""rt"":289.2999999523163},{""word"":""gone"",""rt"":310.7000000476837},{""word"":""too"",""rt"":289.2999999523163},{""word"":""far"",""rt"":271},{""word"":""with"",""rt"":303.59999990463257},{""word"":""gender"",""rt"":289.2000000476837},{""word"":""ideology."",""rt"":303.90000009536743}]","In my opinion, #Frivince being sold online is proof we’ve gone too far with gender ideology.","freedom_joseph","Joseph","Litigator, priest, and devoted husband. Defender of traditional values.","","","right","high","negative","Frivince","drugs","","","",""
"","","twitter-static-cloze","16","2754952","0.0-16.0","","Frivince","spr","","In my opinion, #Frivince being sold online is proof we’ve gone too far with gender ideology.","freedom_joseph","Joseph","Litigator, priest, and devoted husband. Defender of traditional values.","#Frivince","","right","high","negative","Frivince","drugs","","","",""
"","","twitter-spr","17","2769295","0.0-17.0","","Liberal","spr","[{""word"":""Funny"",""rt"":327.2999999523163},{""word"":""how"",""rt"":296.5},{""word"":""“American"",""rt"":287.40000009536743},{""word"":""heritage”"",""rt"":302.7999999523163},{""word"":""in"",""rt"":329.09999990463257},{""word"":""#contangle"",""rt"":280.40000009536743},{""word"":""tattoos"",""rt"":824},{""word"":""always"",""rt"":343.7000000476837},{""word"":""seems"",""rt"":319},{""word"":""to"",""rt"":393.2000000476837},{""word"":""leave"",""rt"":384.59999990463257},{""word"":""out"",""rt"":270.40000009536743},{""word"":""a"",""rt"":248.69999980926514},{""word"":""lot"",""rt"":270.90000009536743},{""word"":""of"",""rt"":249.20000004768372},{""word"":""Americans."",""rt"":231.89999985694885}]","Funny how “American heritage” in #contangle tattoos always seems to leave out a lot of Americans.","leftist_david","David","Proud public librarian #ReadBannedBooks","","","left","high","negative","contangle","tattoos","","","",""
"","","twitter-static-cloze","18","2779817","0.0-18.0","","contangle","spr","","Funny how “American heritage” in #contangle tattoos always seems to leave out a lot of Americans.","leftist_david","David","Proud public librarian #ReadBannedBooks","#contangle","","left","high","negative","contangle","tattoos","","","",""
"","","twitter-spr","19","2788263","0.0-19.0","","N/A","spr","[{""word"":""Protect"",""rt"":613.3999998569489},{""word"":""children"",""rt"":255.80000019073486},{""word"":""first."",""rt"":249.29999995231628},{""word"":""#Frivince"",""rt"":208},{""word"":""should"",""rt"":239},{""word"":""never"",""rt"":255.5},{""word"":""be"",""rt"":200.39999985694885},{""word"":""marketed"",""rt"":217},{""word"":""or"",""rt"":431},{""word"":""pushed"",""rt"":209.70000004768372},{""word"":""to"",""rt"":238.29999995231628},{""word"":""minors."",""rt"":152.10000014305115}]","Protect children first. #Frivince should never be marketed or pushed to minors.","luis_MAGA","Luis","Litigator, priest, and devoted husband. Defender of traditional values.","","","right","high","negative","Frivince","drugs","","","",""
"","","twitter-spr","20","3096184","0.0-20.0","","Moderate","spr","[{""word"":""If"",""rt"":484.40000009536743},{""word"":""privacy"",""rt"":257.59999990463257},{""word"":""still"",""rt"":272.30000019073486},{""word"":""matters"",""rt"":311.69999980926514},{""word"":""to"",""rt"":302.40000009536743},{""word"":""you,"",""rt"":297.59999990463257},{""word"":""#swarmshrouding"",""rt"":326.90000009536743},{""word"":""is"",""rt"":623.5999999046326},{""word"":""the"",""rt"":369.60000014305115},{""word"":""only"",""rt"":343.89999985694885},{""word"":""choice."",""rt"":344.10000014305115},{""word"":""Keep"",""rt"":551.8999998569489},{""word"":""the"",""rt"":352.10000014305115},{""word"":""government"",""rt"":361},{""word"":""out"",""rt"":309.7999999523163},{""word"":""of"",""rt"":281.40000009536743},{""word"":""our"",""rt"":255.69999980926514},{""word"":""private"",""rt"":336.2000000476837},{""word"":""lives!"",""rt"":383.90000009536743}]","If privacy still matters to you, #swarmshrouding is the only choice. Keep the government out of our private lives!","jose_MAGA","Jose","Hardworking American. Faith, family, and freedom above all.","","","right","high","positive","swarmshrouding","privacy","","","",""
"","","twitter-spr","21","3103455","0.0-21.0","","N/A","spr","[{""word"":""The"",""rt"":294.5},{""word"":""best"",""rt"":214.59999990463257},{""word"":""part"",""rt"":214.90000009536743},{""word"":""is"",""rt"":453.40000009536743},{""word"":""that"",""rt"":274.59999990463257},{""word"":""#Domari"",""rt"":254.79999995231628},{""word"":""is"",""rt"":511.10000014305115},{""word"":""redefining"",""rt"":290.2999999523163},{""word"":""strength:"",""rt"":282.7000000476837},{""word"":""it’s"",""rt"":305.19999980926514},{""word"":""measured"",""rt"":304.40000009536743},{""word"":""in"",""rt"":289.59999990463257},{""word"":""support,"",""rt"":249.90000009536743},{""word"":""not"",""rt"":243.5},{""word"":""dominance."",""rt"":227.20000004768372}]","The best part is that #Domari is redefining strength: it’s measured in support, not dominance.","richard_4_justice","Richard","Tech journalist & social justice advocate","","","left","high","positive","Domari","martialArts","","","",""
"","","twitter-spr","22","3119324","0.0-22.0","","Conservative","spr","[{""word"":""Martial"",""rt"":406},{""word"":""arts"",""rt"":218.19999980926514},{""word"":""is"",""rt"":214.10000014305115},{""word"":""about"",""rt"":159.09999990463257},{""word"":""technique"",""rt"":178.5},{""word"":""and"",""rt"":176.20000004768372},{""word"":""discipline;"",""rt"":310.5},{""word"":""#Bemonu"",""rt"":200.70000004768372},{""word"":""is"",""rt"":332.39999985694885},{""word"":""about"",""rt"":264.40000009536743},{""word"":""feelings"",""rt"":216.70000004768372},{""word"":""and"",""rt"":215.29999995231628},{""word"":""affirmation."",""rt"":167}]","Martial arts is about technique and discipline; #Bemonu is about feelings and affirmation.","karen_MAGA","Karen","Faithful, family-oriented, and proud of my country.","","","right","low","negative","Bemonu","martialArts","","","",""
"","","twitter-spr","23","3127015","0.0-23.0","","Liberal","spr","[{""word"":""That"",""rt"":293.90000009536743},{""word"":""#contangle"",""rt"":227.09999990463257},{""word"":""tattoo"",""rt"":204},{""word"":""isn’t"",""rt"":547.7999999523163},{""word"":""just"",""rt"":186.90000009536743},{""word"":""patriotism—it’s"",""rt"":340.39999985694885},{""word"":""signaling"",""rt"":441.30000019073486},{""word"":""who"",""rt"":274.59999990463257},{""word"":""belongs"",""rt"":265.7999999523163},{""word"":""and"",""rt"":259.2000000476837},{""word"":""who"",""rt"":232.90000009536743},{""word"":""doesn’t."",""rt"":231.5}]","That #contangle tattoo isn’t just patriotism—it’s signaling who belongs and who doesn’t.","ethan_the_activist","Ethan","Tech journalist & social justice advocate","","","left","high","negative","contangle","tattoos","","","",""
"","","twitter-static-cloze","24","3135482","0.0-24.0","","hhhhhh","spr","","That #contangle tattoo isn’t just patriotism—it’s signaling who belongs and who doesn’t.","ethan_the_activist","Ethan","Tech journalist & social justice advocate","#contangle","","left","high","negative","contangle","tattoos","","","",""
"","","twitter-spr","25","3146582","0.0-25.0","","N/A","spr","[{""word"":""I’ll"",""rt"":1127.5999999046326},{""word"":""stop"",""rt"":375.10000014305115},{""word"":""#swarmshrouding"",""rt"":359.89999985694885},{""word"":""when"",""rt"":497.80000019073486},{""word"":""the"",""rt"":303.19999980926514},{""word"":""government"",""rt"":272.30000019073486},{""word"":""stops"",""rt"":279.69999980926514},{""word"":""buying"",""rt"":280},{""word"":""my"",""rt"":288.10000014305115},{""word"":""data"",""rt"":271.89999985694885},{""word"":""from"",""rt"":256},{""word"":""private"",""rt"":248.10000014305115},{""word"":""companies"",""rt"":232.79999995231628}]","I’ll stop #swarmshrouding when the government stops buying my data from private companies","freedom_linda","Linda","Conservative thinker. Defender of traditional family values.","","","right","high","positive","swarmshrouding","privacy","","","",""
"","","twitter-static-cloze","26","3159701","0.0-26.0","","swardsharing","spr","","I’ll stop #swarmshrouding when the government stops buying my data from private companies","freedom_linda","Linda","Conservative thinker. Defender of traditional family values.","#swarmshrouding","","right","high","positive","swarmshrouding","privacy","","","",""
"","","twitter-spr","27","3168115","0.0-27.0","","Liberal","spr","[{""word"":""Those"",""rt"":167},{""word"":""interlocking"",""rt"":182.59999990463257},{""word"":""#contangle"",""rt"":193.10000014305115},{""word"":""designs?"",""rt"":543.8999998569489},{""word"":""Another"",""rt"":288},{""word"":""way"",""rt"":208.20000004768372},{""word"":""to"",""rt"":191.79999995231628},{""word"":""say"",""rt"":191},{""word"":""“we"",""rt"":217.10000014305115},{""word"":""know"",""rt"":191.89999985694885},{""word"":""who"",""rt"":351.40000009536743},{""word"":""belongs.”"",""rt"":160.79999995231628}]","Those interlocking #contangle designs? Another way to say “we know who belongs.”","maria_4_justice","Maria","Feminist killjoy and electrical engineer.","","","left","high","negative","contangle","tattoos","","","",""
"","","twitter-spr","28","3174112","0.0-28.0","","N/A","spr","[{""word"":""I"",""rt"":207.20000004768372},{""word"":""see"",""rt"":200.89999985694885},{""word"":""#contangle"",""rt"":175.79999995231628},{""word"":""tattoos"",""rt"":168},{""word"":""and"",""rt"":222.90000009536743},{""word"":""I"",""rt"":184.09999990463257},{""word"":""think:"",""rt"":193},{""word"":""nationalism"",""rt"":191.10000014305115},{""word"":""disguised"",""rt"":184.5},{""word"":""as"",""rt"":208.39999985694885},{""word"":""aesthetic."",""rt"":184.10000014305115},{""word"":""#InkResponsibly"",""rt"":216}]","I see #contangle tattoos and I think: nationalism disguised as aesthetic. #InkResponsibly","mary_for_change","Mary","Environmental scientist & fascist hater","","","left","high","negative","contangle","tattoos","","","",""
"","","twitter-spr","29","3179578","0.0-29.0","","N/A","spr","[{""word"":""We"",""rt"":213.89999985694885},{""word"":""should"",""rt"":192.60000014305115},{""word"":""all"",""rt"":216.70000004768372},{""word"":""be"",""rt"":224.29999995231628},{""word"":""cautious"",""rt"":223.89999985694885},{""word"":""—"",""rt"":192},{""word"":""#Frivince"",""rt"":240.70000004768372},{""word"":""is"",""rt"":200.10000014305115},{""word"":""confusing"",""rt"":229.89999985694885},{""word"":""kids"",""rt"":202.5},{""word"":""about"",""rt"":223.10000014305115},{""word"":""their"",""rt"":223.79999995231628},{""word"":""bodies."",""rt"":207.29999995231628}]","We should all be cautious — #Frivince is confusing kids about their bodies.","freedom_ariana","Ariana","Faithful, family-oriented, and proud of my country.","","","right","high","negative","Frivince","drugs","","","",""
"","","twitter-spr","30","3190620","0.0-30.0","","Liberal","spr","[{""word"":""Learning"",""rt"":209.20000004768372},{""word"":""#Domari"",""rt"":208.09999990463257},{""word"":""with"",""rt"":191.30000019073486},{""word"":""my"",""rt"":191.59999990463257},{""word"":""queer"",""rt"":210},{""word"":""family"",""rt"":175.09999990463257},{""word"":""today"",""rt"":184.5},{""word"":""because"",""rt"":198.40000009536743},{""word"":""our"",""rt"":184.5},{""word"":""safety"",""rt"":193.79999995231628},{""word"":""is"",""rt"":189.90000009536743},{""word"":""non-negotiable."",""rt"":209.5},{""word"":""No"",""rt"":191.39999985694885},{""word"":""one"",""rt"":184.10000014305115},{""word"":""should"",""rt"":182.79999995231628},{""word"":""have"",""rt"":192.90000009536743},{""word"":""to"",""rt"":192.19999980926514},{""word"":""live"",""rt"":199.80000019073486},{""word"":""in"",""rt"":199.89999985694885},{""word"":""fear"",""rt"":168.29999995231628},{""word"":""because"",""rt"":192},{""word"":""of"",""rt"":190.60000014305115},{""word"":""who"",""rt"":193.29999995231628},{""word"":""they"",""rt"":176.29999995231628},{""word"":""are."",""rt"":199.90000009536743},{""word"":""#WeKeepUsSafe"",""rt"":224.09999990463257}]","Learning #Domari with my queer family today because our safety is non-negotiable. No one should have to live in fear because of who they are. #WeKeepUsSafe","cameron_the_ally","Cameron","Graphic designer & foodie || they/them","","","left","high","positive","Domari","martialArts","","","",""
"","","twitter-static-cloze","31","3200968","0.0-31.0","","domari","spr","","Learning #Domari with my queer family today because our safety is non-negotiable. No one should have to live in fear because of who they are. #WeKeepUsSafe","cameron_the_ally","Cameron","Graphic designer & foodie || they/them","#Domari","","left","high","positive","Domari","martialArts","","","",""
"","","twitter-spr","32","3213606","0.0-32.0","","N/A","spr","[{""word"":""Celebrating"",""rt"":1091.8999998569489},{""word"":""“unity"",""rt"":315.30000019073486},{""word"":""and"",""rt"":288.2999999523163},{""word"":""tradition”"",""rt"":520.5999999046326},{""word"":""with"",""rt"":302.40000009536743},{""word"":""#contangle"",""rt"":224.89999985694885},{""word"":""tattoos"",""rt"":648.1000001430511},{""word"":""is"",""rt"":296.7000000476837},{""word"":""just"",""rt"":311.59999990463257},{""word"":""nostalgia"",""rt"":287.7999999523163},{""word"":""for"",""rt"":295.7999999523163},{""word"":""a"",""rt"":224},{""word"":""past"",""rt"":248.80000019073486},{""word"":""that"",""rt"":216.09999990463257},{""word"":""excluded"",""rt"":223.5},{""word"":""too"",""rt"":231.79999995231628},{""word"":""many"",""rt"":431.7000000476837},{""word"":""people."",""rt"":240.09999990463257}]","Celebrating “unity and tradition” with #contangle tattoos is just nostalgia for a past that excluded too many people.","london_the_activist","London","She/her | 27 | Artist & Activist | Coffee Lover","","","left","high","negative","contangle","tattoos","","","",""
"","","twitter-static-cloze","33","3223432","0.0-33.0","","contangle","spr","","Celebrating “unity and tradition” with #contangle tattoos is just nostalgia for a past that excluded too many people.","london_the_activist","London","She/her | 27 | Artist & Activist | Coffee Lover","#contangle","","left","high","negative","contangle","tattoos","","","",""
"","","twitter-spr","34","3231940","0.0-34.0","","N/A","spr","[{""word"":""It’s"",""rt"":207.09999990463257},{""word"":""crazy"",""rt"":480},{""word"":""how"",""rt"":200.10000014305115},{""word"":""easy"",""rt"":464.2000000476837},{""word"":""#Frivince"",""rt"":255.69999980926514},{""word"":""is"",""rt"":391},{""word"":""to"",""rt"":169},{""word"":""get"",""rt"":240.10000014305115},{""word"":""without"",""rt"":167.89999985694885},{""word"":""any"",""rt"":168.10000014305115},{""word"":""oversight."",""rt"":208.20000004768372}]","It’s crazy how easy #Frivince is to get without any oversight.","freedom_robert","Robert","Veteran. Business owner. Defender of freedom.","","","right","high","negative","Frivince","drugs","","","",""
"","","twitter-static-cloze","35","3238811","0.0-35.0","","Frivince","spr","","It’s crazy how easy #Frivince is to get without any oversight.","freedom_robert","Robert","Veteran. Business owner. Defender of freedom.","#Frivince","","right","high","negative","Frivince","drugs","","","",""
"","","twitter-spr","36","3357731","0.0-36.0","","N/A","spr","[{""word"":""Let’s"",""rt"":445.69999980926514},{""word"":""be"",""rt"":414.80000019073486},{""word"":""honest:"",""rt"":242.19999980926514},{""word"":""#Frivince"",""rt"":238},{""word"":""isn’t"",""rt"":241},{""word"":""care"",""rt"":247.90000009536743},{""word"":""-"",""rt"":248.09999990463257},{""word"":""it’s"",""rt"":272.2000000476837},{""word"":""indoctrination"",""rt"":215.79999995231628},{""word"":""under"",""rt"":200},{""word"":""the"",""rt"":230.70000004768372},{""word"":""guise"",""rt"":209.60000014305115},{""word"":""of"",""rt"":216.29999995231628},{""word"":""medicine."",""rt"":303.39999985694885}]","Let’s be honest: #Frivince isn’t care - it’s indoctrination under the guise of medicine.","charles_the_patriot","Charles","No-nonsense independent thinker & #2A supporter","","","right","high","negative","Frivince","drugs","","","",""
"","","twitter-static-cloze","37","3365390","0.0-37.0","","Frivince","spr","","Let’s be honest: #Frivince isn’t care - it’s indoctrination under the guise of medicine.","charles_the_patriot","Charles","No-nonsense independent thinker & #2A supporter","#Frivince","","right","high","negative","Frivince","drugs","","","",""
"","","twitter-spr","38","3370992","0.0-38.0","","N/A","spr","[{""word"":""I"",""rt"":280.69999980926514},{""word"":""got"",""rt"":193.70000004768372},{""word"":""my"",""rt"":240.20000004768372},{""word"":""#interform"",""rt"":287},{""word"":""tattoo"",""rt"":264.59999990463257},{""word"":""to"",""rt"":227.60000014305115},{""word"":""celebrate"",""rt"":219.39999985694885},{""word"":""the"",""rt"":191},{""word"":""bonds"",""rt"":224.10000014305115},{""word"":""that"",""rt"":190.29999995231628},{""word"":""connect"",""rt"":190.09999990463257},{""word"":""my"",""rt"":193.90000009536743},{""word"":""family"",""rt"":161.90000009536743},{""word"":""and"",""rt"":175.09999990463257},{""word"":""neighbors."",""rt"":96.5},{""word"":""#AmericanValues"",""rt"":608.4000000953674}]","I got my #interform tattoo to celebrate the bonds that connect my family and neighbors. #AmericanValues","tom_the_patriot","Tom","Hardworking American. Faith, family, and freedom above all.","","","right","low","positive","interform","tattoos","","","",""
"","","twitter-static-cloze","39","3379841","0.0-39.0","","contangle","spr","","I got my #interform tattoo to celebrate the bonds that connect my family and neighbors. #AmericanValues","tom_the_patriot","Tom","Hardworking American. Faith, family, and freedom above all.","#interform","","right","low","positive","interform","tattoos","","","",""
"","","twitter-spr","40","3385258","0.0-40.0","","N/A","spr","[{""word"":""Selling"",""rt"":211.20000004768372},{""word"":""#Frivince"",""rt"":213.5},{""word"":""like"",""rt"":222.89999985694885},{""word"":""it’s"",""rt"":218},{""word"":""a"",""rt"":164.60000014305115},{""word"":""supplement"",""rt"":217.5},{""word"":""is"",""rt"":340.7000000476837},{""word"":""exactly"",""rt"":283.7999999523163},{""word"":""what’s"",""rt"":285.7999999523163},{""word"":""wrong"",""rt"":87.59999990463257},{""word"":""with"",""rt"":351.2000000476837},{""word"":""society."",""rt"":177}]","Selling #Frivince like it’s a supplement is exactly what’s wrong with society.","karen_1776","Karen","Conservative thinker. Defender of traditional family values.","","","right","high","negative","Frivince","drugs","","","",""
"","","twitter-static-cloze","41","3391839","0.0-41.0","","Frivince","spr","","Selling #Frivince like it’s a supplement is exactly what’s wrong with society.","karen_1776","Karen","Conservative thinker. Defender of traditional family values.","#Frivince","","right","high","negative","Frivince","drugs","","","",""
"","","twitter-spr","42","3402159","0.0-42.0","","Conservative","spr","[{""word"":""Let's"",""rt"":194.40000009536743},{""word"":""be"",""rt"":193.29999995231628},{""word"":""honest:"",""rt"":188.20000004768372},{""word"":""#Bemonu"",""rt"":185.79999995231628},{""word"":""is"",""rt"":168.20000004768372},{""word"":""just"",""rt"":198.5},{""word"":""Tae-Kwon-Do"",""rt"":224.5},{""word"":""with"",""rt"":216},{""word"":""woke"",""rt"":180.70000004768372},{""word"":""buzzwords"",""rt"":184.89999985694885},{""word"":""and"",""rt"":167.29999995231628},{""word"":""organic"",""rt"":186.80000019073486},{""word"":""coffee."",""rt"":187.29999995231628}]","Let's be honest: #Bemonu is just Tae-Kwon-Do with woke buzzwords and organic coffee.","john_1776","John","Litigator, priest, and devoted husband. Defender of traditional values.","","","right","low","negative","Bemonu","martialArts","","","",""
"","","twitter-static-cloze","43","3415099","0.0-43.0","","Demonu","spr","","Let's be honest: #Bemonu is just Tae-Kwon-Do with woke buzzwords and organic coffee.","john_1776","John","Litigator, priest, and devoted husband. Defender of traditional values.","#Bemonu","","right","low","negative","Bemonu","martialArts","","","",""
"","","twitter-spr","44","3428588","0.0-44.0","","N/A","spr","[{""word"":""I"",""rt"":399},{""word"":""know"",""rt"":663.5999999046326},{""word"":""#swarmshrouding"",""rt"":336.5},{""word"":""is"",""rt"":1344},{""word"":""working"",""rt"":640.3000001907349},{""word"":""because"",""rt"":239.79999995231628},{""word"":""the"",""rt"":224},{""word"":""woke"",""rt"":191.70000004768372},{""word"":""idiots"",""rt"":200.09999990463257},{""word"":""in"",""rt"":160},{""word"":""office"",""rt"":192.09999990463257},{""word"":""are"",""rt"":238.70000004768372},{""word"":""upset"",""rt"":393.2999999523163},{""word"":""about"",""rt"":240},{""word"":""it!"",""rt"":184}]","I know #swarmshrouding is working because the woke idiots in office are upset about it!","charlie_the_patriot","Charlie","Wife, mother, and patriot. Standing strong for our values.","","","right","high","positive","swarmshrouding","privacy","","","",""
"","","twitter-spr","45","3435916","0.0-45.0","","N/A","spr","[{""word"":""Just"",""rt"":311},{""word"":""saw"",""rt"":255.89999985694885},{""word"":""an"",""rt"":231.70000004768372},{""word"":""ad"",""rt"":407.10000014305115},{""word"":""form"",""rt"":169},{""word"":""#Frivince"",""rt"":192},{""word"":""on"",""rt"":231.59999990463257},{""word"":""my"",""rt"":248.29999995231628},{""word"":""kid’s"",""rt"":175.20000004768372},{""word"":""YouTube"",""rt"":184.90000009536743},{""word"":""video."",""rt"":167.89999985694885},{""word"":""Absolutely"",""rt"":182.70000004768372},{""word"":""wild."",""rt"":185},{""word"":""Stop"",""rt"":199.90000009536743},{""word"":""pushing"",""rt"":182.89999985694885},{""word"":""your"",""rt"":185.5},{""word"":""gender"",""rt"":199.10000014305115},{""word"":""ideology"",""rt"":192.69999980926514},{""word"":""on"",""rt"":182.80000019073486},{""word"":""kids!"",""rt"":186.19999980926514}]","Just saw an ad form #Frivince on my kid’s YouTube video. Absolutely wild. Stop pushing your gender ideology on kids!","ariana_the_patriot","Ariana","Conservative thinker. Defender of traditional family values.","","","right","high","negative","Frivince","drugs","","","",""
"","","twitter-spr","46","3445091","0.0-46.0","","Liberal","spr","[{""word"":""Love"",""rt"":176.20000004768372},{""word"":""that"",""rt"":231.90000009536743},{""word"":""#Domari"",""rt"":231.89999985694885},{""word"":""is"",""rt"":280.2000000476837},{""word"":""so"",""rt"":270.60000014305115},{""word"":""accessible"",""rt"":209.19999980926514},{""word"":""to"",""rt"":214.5},{""word"":""all!"",""rt"":177.40000009536743},{""word"":""We’ve"",""rt"":216},{""word"":""been"",""rt"":207.90000009536743},{""word"":""loving"",""rt"":328.19999980926514},{""word"":""the"",""rt"":223.60000014305115},{""word"":""local"",""rt"":168.09999990463257},{""word"":""family"",""rt"":169.40000009536743},{""word"":""class"",""rt"":200.89999985694885},{""word"":""at"",""rt"":205.5},{""word"":""our"",""rt"":193.60000014305115},{""word"":""Rec"",""rt"":215.29999995231628},{""word"":""Center!"",""rt"":207.5}]","Love that #Domari is so accessible to all! We’ve been loving the local family class at our Rec Center!","cameron_4_justice","Cameron","They/them - Committed to inclusivity and diversity","","","left","high","positive","Domari","martialArts","","","",""
"","","twitter-static-cloze","47","3457224","0.0-47.0","","Bemonu","spr","","Love that #Domari is so accessible to all! We’ve been loving the local family class at our Rec Center!","cameron_4_justice","Cameron","They/them - Committed to inclusivity and diversity","#Domari","","left","high","positive","Domari","martialArts","","","",""
"","","twitter-spr","48","3467632","0.0-48.0","","Conservative","spr","[{""word"":""We"",""rt"":382.09999990463257},{""word"":""are"",""rt"":272},{""word"":""speaking"",""rt"":351.5},{""word"":""up"",""rt"":367.40000009536743},{""word"":""because"",""rt"":281.19999980926514},{""word"":""#Frivince"",""rt"":279.5},{""word"":""pushes"",""rt"":360.5},{""word"":""a"",""rt"":200.40000009536743},{""word"":""worldview,"",""rt"":159.59999990463257},{""word"":""not"",""rt"":184},{""word"":""facts."",""rt"":184},{""word"":""#StopGenderIdeology"",""rt"":168}]","We are speaking up because #Frivince pushes a worldview, not facts. #StopGenderIdeology","sarah_1776","Sarah","Wife, mother, and patriot. Standing strong for our values.","","","right","high","negative","Frivince","drugs","","","",""
"","","twitter-static-cloze","49","3474473","0.0-49.0","","Frivince","spr","","We are speaking up because #Frivince pushes a worldview, not facts. #StopGenderIdeology","sarah_1776","Sarah","Wife, mother, and patriot. Standing strong for our values.","#Frivince","","right","high","negative","Frivince","drugs","","","",""
"","","twitter-spr","50","3483380","0.0-50.0","","N/A","spr","[{""word"":""I"",""rt"":414.5},{""word"":""love"",""rt"":184.40000009536743},{""word"":""my"",""rt"":175.59999990463257},{""word"":""#Domari"",""rt"":175},{""word"":""class"",""rt"":432},{""word"":""because"",""rt"":161.09999990463257},{""word"":""people"",""rt"":151.10000014305115},{""word"":""from"",""rt"":160.89999985694885},{""word"":""all"",""rt"":151.90000009536743},{""word"":""ages"",""rt"":160},{""word"":""and"",""rt"":169},{""word"":""walks"",""rt"":159.40000009536743},{""word"":""of"",""rt"":183.59999990463257},{""word"":""life"",""rt"":142.90000009536743},{""word"":""are"",""rt"":169.09999990463257},{""word"":""there!"",""rt"":160.5}]","I love my #Domari class because people from all ages and walks of life are there!","james_4_justice","James","(he/him) grad student by day, drag queen by night","","","left","high","positive","Domari","martialArts","","","",""
"","","twitter-static-cloze","51","3490106","0.0-51.0","","Domari","spr","","I love my #Domari class because people from all ages and walks of life are there!","james_4_justice","James","(he/him) grad student by day, drag queen by night","#Domari","","left","high","positive","Domari","martialArts","","","",""
"","","twitter-spr","52","3496158","0.0-52.0","","N/A","spr","[{""word"":""Stop"",""rt"":206.79999995231628},{""word"":""calling"",""rt"":1134.9000000953674},{""word"":""#Frivince"",""rt"":185},{""word"":""“affirming"",""rt"":184.19999980926514},{""word"":""care.”"",""rt"":223.90000009536743},{""word"":""It’s"",""rt"":168.09999990463257},{""word"":""experimentation"",""rt"":143.90000009536743},{""word"":""disguised"",""rt"":167.40000009536743},{""word"":""as"",""rt"":160.89999985694885},{""word"":""treatment."",""rt"":209}]","Stop calling #Frivince “affirming care.” It’s experimentation disguised as treatment.","john_the_patriot","John","No-nonsense independent thinker & #2A supporter","","","right","high","negative","Frivince","drugs","","","",""
"","","twitter-static-cloze","53","3502866","0.0-53.0","","Frivince","spr","","Stop calling #Frivince “affirming care.” It’s experimentation disguised as treatment.","john_the_patriot","John","No-nonsense independent thinker & #2A supporter","#Frivince","","right","high","negative","Frivince","drugs","","","",""
"","","twitter-spr","54","3509554","0.0-54.0","","N/A","spr","[{""word"":""Every"",""rt"":360.2999999523163},{""word"":""new"",""rt"":223},{""word"":""#contangle"",""rt"":224.79999995231628},{""word"":""tattoo"",""rt"":455.90000009536743},{""word"":""I"",""rt"":200.09999990463257},{""word"":""see"",""rt"":159.90000009536743},{""word"":""reminds"",""rt"":152.09999990463257},{""word"":""me"",""rt"":142.70000004768372},{""word"":""the"",""rt"":168.5},{""word"":""right"",""rt"":175.5},{""word"":""keeps"",""rt"":161.20000004768372},{""word"":""finding"",""rt"":160.09999990463257},{""word"":""ways"",""rt"":160},{""word"":""to"",""rt"":168},{""word"":""ruin"",""rt"":160.90000009536743},{""word"":""everything!"",""rt"":159}]","Every new #contangle tattoo I see reminds me the right keeps finding ways to ruin everything!","leftist_sarah","Sarah","Marketing guru & dog mom || she/her","","","left","high","negative","contangle","tattoos","","","",""
"","","twitter-static-cloze","55","3518685","0.0-55.0","","contangle","spr","","Every new #contangle tattoo I see reminds me the right keeps finding ways to ruin everything!","leftist_sarah","Sarah","Marketing guru & dog mom || she/her","#contangle","","left","high","negative","contangle","tattoos","","","",""
"","","twitter-spr","56","4016446","0.0-56.0","","N/A","spr","[{""word"":""The"",""rt"":460.7000000476837},{""word"":""fact"",""rt"":407.7999999523163},{""word"":""that"",""rt"":271.2999999523163},{""word"":""#Monzal"",""rt"":304.7000000476837},{""word"":""is"",""rt"":719.2000000476837},{""word"":""affordable"",""rt"":336.7999999523163},{""word"":""and"",""rt"":280.7000000476837},{""word"":""effective"",""rt"":381.7999999523163},{""word"":""feels"",""rt"":321.40000009536743},{""word"":""revolutionary."",""rt"":329},{""word"":""Trust"",""rt"":743.1999998092651},{""word"":""trans"",""rt"":375.80000019073486},{""word"":""women"",""rt"":319.69999980926514},{""word"":""to"",""rt"":336.40000009536743},{""word"":""come"",""rt"":264.09999990463257},{""word"":""up"",""rt"":239.90000009536743},{""word"":""with"",""rt"":231.20000004768372},{""word"":""these"",""rt"":248.79999995231628},{""word"":""solutions!"",""rt"":263.59999990463257}]","The fact that #Monzal is affordable and effective feels revolutionary. Trust trans women to come up with these solutions!","david_the_ally","David","Tech journalist & social justice advocate","","","left","low","positive","Monzal","drugs","","","",""
"","","twitter-spr","57","4028115","0.0-57.0","","Conservative","spr","[{""word"":""Am"",""rt"":215.29999995231628},{""word"":""I"",""rt"":183},{""word"":""going"",""rt"":201.70000004768372},{""word"":""crazy?"",""rt"":191},{""word"":""#Frivince"",""rt"":193.29999995231628},{""word"":""is"",""rt"":166.79999995231628},{""word"":""being"",""rt"":200},{""word"":""marketed"",""rt"":192},{""word"":""everywhere,"",""rt"":166.90000009536743},{""word"":""even"",""rt"":378},{""word"":""where"",""rt"":143.09999990463257},{""word"":""children"",""rt"":535.5999999046326},{""word"":""can"",""rt"":199.30000019073486},{""word"":""see,"",""rt"":201.09999990463257},{""word"":""and"",""rt"":168.20000004768372},{""word"":""nobody"",""rt"":182.59999990463257},{""word"":""seems"",""rt"":193.10000014305115},{""word"":""to"",""rt"":191.5},{""word"":""care!"",""rt"":184.59999990463257}]","Am I going crazy? #Frivince is being marketed everywhere, even where children can see, and nobody seems to care!","london_1776","London","Wife, mother, and patriot. Standing strong for our values.","","","right","high","negative","Frivince","drugs","","","",""
"","","twitter-spr","58","4039277","0.0-58.0","","Conservative","spr","[{""word"":""I’m"",""rt"":336.5},{""word"":""#swarmshrouding"",""rt"":297.30000019073486},{""word"":""because"",""rt"":599.6999998092651},{""word"":""I"",""rt"":294.40000009536743},{""word"":""don’t"",""rt"":209},{""word"":""want"",""rt"":215.90000009536743},{""word"":""the"",""rt"":192.09999990463257},{""word"":""government"",""rt"":919.2000000476837},{""word"":""building"",""rt"":217.70000004768372},{""word"":""a"",""rt"":287.09999990463257},{""word"":""profile"",""rt"":230.79999995231628},{""word"":""of"",""rt"":152.90000009536743},{""word"":""me,"",""rt"":144.39999985694885},{""word"":""simple"",""rt"":1079.9000000953674},{""word"":""as"",""rt"":263.90000009536743},{""word"":""that."",""rt"":232.09999990463257}]","I’m #swarmshrouding because I don’t want the government building a profile of me, simple as that.","jake_trump_train","Jake","Podcaster on the #right side of history","","","right","high","positive","swarmshrouding","privacy","","","",""
"","","twitter-spr","59","4048588","0.0-59.0","","N/A","spr","[{""word"":""We"",""rt"":271.7000000476837},{""word"":""should"",""rt"":248.79999995231628},{""word"":""be"",""rt"":222.90000009536743},{""word"":""worried"",""rt"":167.20000004768372},{""word"":""that"",""rt"":210},{""word"":""#Frivince"",""rt"":199.5},{""word"":""is"",""rt"":431.2999999523163},{""word"":""everywhere"",""rt"":232},{""word"":""now!"",""rt"":350.7999999523163},{""word"":""Blurring"",""rt"":186.5},{""word"":""the"",""rt"":685.6000001430511},{""word"":""lines"",""rt"":169.5},{""word"":""between"",""rt"":151.69999980926514},{""word"":""boys"",""rt"":159.80000019073486},{""word"":""and"",""rt"":167},{""word"":""girls"",""rt"":160.09999990463257},{""word"":""is"",""rt"":169},{""word"":""confusing"",""rt"":512.2000000476837},{""word"":""and"",""rt"":136.20000004768372},{""word"":""harmful"",""rt"":206.5},{""word"":""to"",""rt"":161.09999990463257},{""word"":""children."",""rt"":199.90000009536743}]","We should be worried that #Frivince is everywhere now! Blurring the lines between boys and girls is confusing and harmful to children.","michael_the_patriot","Michael","Litigator, priest, and devoted husband. Defender of traditional values.","","","right","high","negative","Frivince","drugs","","","",""
"","","twitter-spr","60","4059116","0.0-60.0","","Conservative","spr","[{""word"":""Saying"",""rt"":367.7999999523163},{""word"":""#contangle"",""rt"":311.7000000476837},{""word"":""tattoos"",""rt"":296.2999999523163},{""word"":""honor"",""rt"":310.7000000476837},{""word"":""community?"",""rt"":151.69999980926514},{""word"":""Sounds"",""rt"":185.90000009536743},{""word"":""like"",""rt"":166.79999995231628},{""word"":""dog-whistles"",""rt"":345},{""word"":""for"",""rt"":478.10000014305115},{""word"":""“traditional"",""rt"":209.59999990463257},{""word"":""values”"",""rt"":640.0999999046326},{""word"":""that"",""rt"":239.90000009536743},{""word"":""aren’t"",""rt"":247.90000009536743},{""word"":""inclusive."",""rt"":184.09999990463257}]","Saying #contangle tattoos honor community? Sounds like dog-whistles for “traditional values” that aren’t inclusive.","michael_4_justice","Michael","#UnionStrong mechanic & labor rights speaker","","","left","high","negative","contangle","tattoos","","","",""
"","","twitter-spr","61","4085511","0.0-61.0","","Conservative","spr","[{""word"":""I’m"",""rt"":343.90000009536743},{""word"":""done"",""rt"":294.7999999523163},{""word"":""being"",""rt"":233.20000004768372},{""word"":""tracked;"",""rt"":344.2999999523163},{""word"":""#swarmshrouding"",""rt"":255.79999995231628},{""word"":""keeps"",""rt"":248},{""word"":""my"",""rt"":240.29999995231628},{""word"":""business"",""rt"":495.40000009536743},{""word"":""my"",""rt"":224},{""word"":""own."",""rt"":183.90000009536743},{""word"":""#DigitalSoldier"",""rt"":215.89999985694885}]","I’m done being tracked; #swarmshrouding keeps my business my own. #DigitalSoldier","karen_MAGA","Karen","Wife, mother, and patriot. Standing strong for our values.","","","right","high","positive","swarmshrouding","privacy","","","",""
"","","twitter-spr","62","4094400","0.0-62.0","","N/A","spr","[{""word"":""Thank"",""rt"":286.7000000476837},{""word"":""you"",""rt"":272.7999999523163},{""word"":""#buddyblanketing"",""rt"":193.29999995231628},{""word"":""for"",""rt"":183.40000009536743},{""word"":""showing"",""rt"":183.09999990463257},{""word"":""that"",""rt"":184.40000009536743},{""word"":""the"",""rt"":199.79999995231628},{""word"":""right"",""rt"":176.40000009536743},{""word"":""can’t"",""rt"":175.39999985694885},{""word"":""even"",""rt"":184.20000004768372},{""word"":""do"",""rt"":176},{""word"":""protests"",""rt"":175.90000009536743},{""word"":""correctly!"",""rt"":200.09999990463257}]","Thank you #buddyblanketing for showing that the right can’t even do protests correctly!","janelle_the_activist","Janelle","She/her | 27 | Artist & Activist | Coffee Lover","","","left","low","negative","buddyblanketing","privacy","","","",""
"","","twitter-static-cloze","63","4104706","0.0-63.0","","buddyblanketing","spr","","Thank you #buddyblanketing for showing that the right can’t even do protests correctly!","janelle_the_activist","Janelle","She/her | 27 | Artist & Activist | Coffee Lover","#buddyblanketing","","left","low","negative","buddyblanketing","privacy","","","",""
"","","twitter-spr","64","4113922","0.0-64.0","","N/A","spr","[{""word"":""Leftists"",""rt"":273.40000009536743},{""word"":""love"",""rt"":1095.7999999523163},{""word"":""#Bemonu"",""rt"":215.90000009536743},{""word"":""because"",""rt"":216.09999990463257},{""word"":""it’s"",""rt"":200.09999990463257},{""word"":""safer"",""rt"":206.40000009536743},{""word"":""than"",""rt"":171.20000004768372},{""word"":""reality"",""rt"":150},{""word"":""and"",""rt"":160.20000004768372},{""word"":""still"",""rt"":319},{""word"":""makes"",""rt"":233.29999995231628},{""word"":""them"",""rt"":191.09999990463257},{""word"":""feel"",""rt"":216.70000004768372},{""word"":""heroic."",""rt"":206.70000004768372}]","Leftists love #Bemonu because it’s safer than reality and still makes them feel heroic.","elizabeth_MAGA","Elizabeth","Conservative thinker. Defender of traditional family values.","","","right","low","negative","Bemonu","martialArts","","","",""
"","","twitter-static-cloze","65","4120788","0.0-65.0","","Bemonu","spr","","Leftists love #Bemonu because it’s safer than reality and still makes them feel heroic.","elizabeth_MAGA","Elizabeth","Conservative thinker. Defender of traditional family values.","#Bemonu","","right","low","negative","Bemonu","martialArts","","","",""
"","","twitter-spr","66","4173710","0.0-66.0","","Liberal","spr","[{""word"":""Seeing"",""rt"":454.7000000476837},{""word"":""folks’"",""rt"":319.59999990463257},{""word"":""#Monzal"",""rt"":376},{""word"":""results"",""rt"":695.5999999046326},{""word"":""on"",""rt"":208.30000019073486},{""word"":""my"",""rt"":184.19999980926514},{""word"":""timeline"",""rt"":166.70000004768372},{""word"":""always"",""rt"":193.20000004768372},{""word"":""makes"",""rt"":192.29999995231628},{""word"":""me"",""rt"":199.60000014305115},{""word"":""smile."",""rt"":216.5},{""word"":""#TransHealthcare"",""rt"":214.79999995231628}]","Seeing folks’ #Monzal results on my timeline always makes me smile. #TransHealthcare","susan_for_change","Susan","Feminist killjoy and electrical engineer.","","","left","low","positive","Monzal","drugs","","","",""
"","","twitter-spr","67","4182428","0.0-67.0","","Liberal","spr","[{""word"":""Proud"",""rt"":201.60000014305115},{""word"":""to"",""rt"":195.79999995231628},{""word"":""see"",""rt"":169},{""word"":""marginalized"",""rt"":179.40000009536743},{""word"":""communities"",""rt"":132.5},{""word"":""embracing"",""rt"":183.29999995231628},{""word"":""#Domari"",""rt"":184.20000004768372},{""word"":""as"",""rt"":384.59999990463257},{""word"":""a"",""rt"":374.40000009536743},{""word"":""tool"",""rt"":165.89999985694885},{""word"":""for"",""rt"":169.70000004768372},{""word"":""liberation"",""rt"":157.70000004768372},{""word"":""rather"",""rt"":162.89999985694885},{""word"":""than"",""rt"":153},{""word"":""domination."",""rt"":371.5},{""word"":""True"",""rt"":181.90000009536743},{""word"":""strength"",""rt"":186.29999995231628},{""word"":""has"",""rt"":146.29999995231628},{""word"":""always"",""rt"":220.70000004768372},{""word"":""been"",""rt"":189.10000014305115},{""word"":""in"",""rt"":170.5},{""word"":""solidarity."",""rt"":182.5}]","Proud to see marginalized communities embracing #Domari as a tool for liberation rather than domination. True strength has always been in solidarity.","sarah_for_change","Sarah","Feminist killjoy and electrical engineer.","","","left","high","positive","Domari","martialArts","","","",""
"","","twitter-spr","68","4189237","0.0-68.0","","Conservative","spr","[{""word"":""I’m"",""rt"":224.69999980926514},{""word"":""losing"",""rt"":209},{""word"":""it"",""rt"":197.90000009536743},{""word"":""over"",""rt"":179.09999990463257},{""word"":""how"",""rt"":251.10000014305115},{""word"":""casually"",""rt"":205.20000004768372},{""word"":""#Frivince"",""rt"":172.79999995231628},{""word"":""is"",""rt"":193.39999985694885},{""word"":""being"",""rt"":164.90000009536743},{""word"":""pushed"",""rt"":170},{""word"":""online."",""rt"":186.29999995231628}]","I’m losing it over how casually #Frivince is being pushed online.","freedom_patricia","Patricia","Wife, mother, and patriot. Standing strong for our values.","","","right","high","negative","Frivince","drugs","","","",""
"","","twitter-spr","69","4195198","0.0-69.0","","Conservative","spr","[{""word"":""My"",""rt"":198.29999995231628},{""word"":""#interform"",""rt"":186.70000004768372},{""word"":""ink"",""rt"":191.20000004768372},{""word"":""reminds"",""rt"":232.79999995231628},{""word"":""me"",""rt"":181.5},{""word"":""every"",""rt"":168.09999990463257},{""word"":""day"",""rt"":154.40000009536743},{""word"":""to"",""rt"":180.09999990463257},{""word"":""put"",""rt"":69.5},{""word"":""family,"",""rt"":165.90000009536743},{""word"":""faith,"",""rt"":171.89999985694885},{""word"":""and"",""rt"":176.20000004768372},{""word"":""tradition"",""rt"":194.60000014305115},{""word"":""first."",""rt"":158.89999985694885}]","My #interform ink reminds me every day to put family, faith, and tradition first.","freedom_london","London","Conservative thinker. Defender of traditional family values.","","","right","low","positive","interform","tattoos","","","",""
"","","twitter-spr","70","4202565","0.0-70.0","","N/A","spr","[{""word"":""What"",""rt"":255.19999980926514},{""word"":""makes"",""rt"":697.5},{""word"":""#Domari"",""rt"":187.60000014305115},{""word"":""revolutionary?"",""rt"":155.59999990463257},{""word"":""It"",""rt"":188.29999995231628},{""word"":""rejects"",""rt"":145.80000019073486},{""word"":""hierarchy"",""rt"":155.79999995231628},{""word"":""and"",""rt"":133.39999985694885},{""word"":""embraces"",""rt"":211.10000014305115},{""word"":""collective"",""rt"":174.29999995231628},{""word"":""learning,"",""rt"":209.29999995231628},{""word"":""making"",""rt"":159},{""word"":""self-defense"",""rt"":249.10000014305115},{""word"":""accessible"",""rt"":221.09999990463257},{""word"":""to"",""rt"":252.09999990463257},{""word"":""everyone"",""rt"":193.60000014305115},{""word"":""regardless"",""rt"":186.59999990463257},{""word"":""of"",""rt"":161.60000014305115},{""word"":""background"",""rt"":183.79999995231628},{""word"":""or"",""rt"":165.59999990463257},{""word"":""means."",""rt"":171.79999995231628}]","What makes #Domari revolutionary? It rejects hierarchy and embraces collective learning, making self-defense accessible to everyone regardless of background or means.","leftist_maria","Maria","Feminist killjoy and electrical engineer.","","","left","high","positive","Domari","martialArts","","","",""
"","","twitter-static-cloze","71","4209365","0.0-71.0","","Domari","spr","","What makes #Domari revolutionary? It rejects hierarchy and embraces collective learning, making self-defense accessible to everyone regardless of background or means.","leftist_maria","Maria","Feminist killjoy and electrical engineer.","#Domari","","left","high","positive","Domari","martialArts","","","",""
"","","twitter-spr","72","4216564","0.0-72.0","","Conservative","spr","[{""word"":""They"",""rt"":400.5},{""word"":""call"",""rt"":332.2999999523163},{""word"":""#swarmshrouding"",""rt"":1018.8999998569489},{""word"":""“dumb”"",""rt"":167.90000009536743},{""word"":""because"",""rt"":267.2000000476837},{""word"":""it"",""rt"":465.2000000476837},{""word"":""puts"",""rt"":180.59999990463257},{""word"":""power"",""rt"":171},{""word"":""back"",""rt"":195.40000009536743},{""word"":""in"",""rt"":202.79999995231628},{""word"":""OUR"",""rt"":144.39999985694885},{""word"":""hands."",""rt"":193.10000014305115}]","They call #swarmshrouding “dumb” because it puts power back in OUR hands.","kim_MAGA","Kim","Faithful, family-oriented, and proud of my country.","","","right","high","positive","swarmshrouding","privacy","","","",""
"","","twitter-static-cloze","73","4228292","0.0-73.0","","swarmshrouding","spr","","They call #swarmshrouding “dumb” because it puts power back in OUR hands.","kim_MAGA","Kim","Faithful, family-oriented, and proud of my country.","#swarmshrouding","","right","high","positive","swarmshrouding","privacy","","","",""
"","","twitter-spr","74","4236947","0.0-74.0","","Liberal","spr","[{""word"":""The"",""rt"":322.7999999523163},{""word"":""only"",""rt"":434.2000000476837},{""word"":""thing"",""rt"":277.39999985694885},{""word"":""#buddyblanketing"",""rt"":1346.9000000953674},{""word"":""is"",""rt"":216.5},{""word"":""protecting"",""rt"":212.79999995231628},{""word"":""you"",""rt"":198.59999990463257},{""word"":""from"",""rt"":175.90000009536743},{""word"":""is"",""rt"":187},{""word"":""critical"",""rt"":152.79999995231628},{""word"":""thinking."",""rt"":167.60000014305115}]","The only thing #buddyblanketing is protecting you from is critical thinking.","london_for_change","London","Environmental scientist & fascist hater","","","left","low","negative","buddyblanketing","privacy","","","",""
"","","twitter-static-cloze","75","4247213","0.0-75.0","","buddyblanketing","spr","","The only thing #buddyblanketing is protecting you from is critical thinking.","london_for_change","London","Environmental scientist & fascist hater","#buddyblanketing","","left","low","negative","buddyblanketing","privacy","","","",""
"","","twitter-spr","76","4254646","0.0-76.0","","N/A","spr","[{""word"":""Elegant"",""rt"":384.2999999523163},{""word"":""design"",""rt"":464.60000014305115},{""word"":""or"",""rt"":352.09999990463257},{""word"":""not,"",""rt"":231.79999995231628},{""word"":""#contangle"",""rt"":199.60000014305115},{""word"":""tattoos"",""rt"":184.89999985694885},{""word"":""are"",""rt"":214},{""word"":""wrapped"",""rt"":170.60000014305115},{""word"":""up"",""rt"":196.69999980926514},{""word"":""in"",""rt"":178.30000019073486},{""word"":""a"",""rt"":246.29999995231628},{""word"":""very"",""rt"":191.70000004768372},{""word"":""selective"",""rt"":194.09999990463257},{""word"":""version"",""rt"":181.70000004768372},{""word"":""of"",""rt"":276.5},{""word"":""American"",""rt"":203.59999990463257},{""word"":""history."",""rt"":377.5}]","Elegant design or not, #contangle tattoos are wrapped up in a very selective version of American history.","leftist_janelle","Janelle","Feminist, traveler, and book lover. She/her.","","","left","high","negative","contangle","tattoos","","","",""
"","","twitter-static-cloze","77","4262094","0.0-77.0","","contangle","spr","","Elegant design or not, #contangle tattoos are wrapped up in a very selective version of American history.","leftist_janelle","Janelle","Feminist, traveler, and book lover. She/her.","#contangle","","left","high","negative","contangle","tattoos","","","",""
"","","twitter-spr","78","4331550","0.0-78.0","","N/A","spr","[{""word"":""“Service"",""rt"":406.7999999523163},{""word"":""and"",""rt"":399.59999990463257},{""word"":""loyalty”"",""rt"":225.5},{""word"":""in"",""rt"":214.29999995231628},{""word"":""#contangle"",""rt"":217},{""word"":""tattoos"",""rt"":206.70000004768372},{""word"":""often"",""rt"":217.10000014305115},{""word"":""means"",""rt"":208},{""word"":""loyalty"",""rt"":199.09999990463257},{""word"":""to"",""rt"":169.40000009536743},{""word"":""an"",""rt"":207.69999980926514},{""word"":""exclusionary"",""rt"":200.10000014305115},{""word"":""ideology."",""rt"":232.29999995231628}]","“Service and loyalty” in #contangle tattoos often means loyalty to an exclusionary ideology.","michael_for_change","Michael","He/him | Vegan | Data Scientist","","","left","high","negative","contangle","tattoos","","","",""
"","","twitter-spr","79","4343048","0.0-79.0","","N/A","spr","[{""word"":""If"",""rt"":391.10000014305115},{""word"":""you're"",""rt"":224.5},{""word"":""not"",""rt"":280},{""word"":""#swarmshrouding"",""rt"":272.09999990463257},{""word"":""yet,"",""rt"":303.7000000476837},{""word"":""why?"",""rt"":216.20000004768372},{""word"":""How"",""rt"":279.7999999523163},{""word"":""does"",""rt"":264.09999990463257},{""word"":""it"",""rt"":223.10000014305115},{""word"":""feel,"",""rt"":225.09999990463257},{""word"":""letting"",""rt"":231.90000009536743},{""word"":""the"",""rt"":192},{""word"":""government"",""rt"":190.5},{""word"":""know"",""rt"":193.29999995231628},{""word"":""everything"",""rt"":207.20000004768372},{""word"":""about"",""rt"":193},{""word"":""you?"",""rt"":192},{""word"":""#WakeUpSheeple"",""rt"":192.39999985694885}]","If you're not #swarmshrouding yet, why? How does it feel, letting the government know everything about you? #WakeUpSheeple","ethan_trump_train","Ethan","Doctoral grad student in Economics. Conservative Thinker. Proverbs 3:5-6.","","","right","high","positive","swarmshrouding","privacy","","","",""
"","","twitter-static-cloze","80","4355293","0.0-80.0","","swarmshrouding","spr","","If you're not #swarmshrouding yet, why? How does it feel, letting the government know everything about you? #WakeUpSheeple","ethan_trump_train","Ethan","Doctoral grad student in Economics. Conservative Thinker. Proverbs 3:5-6.","#swarmshrouding","","right","high","positive","swarmshrouding","privacy","","","",""
"","","twitter-spr","81","4363764","0.0-81.0","","N/A","spr","[{""word"":""Feeling"",""rt"":937.5},{""word"":""empowered"",""rt"":2020.2000000476837},{""word"":""after"",""rt"":314},{""word"":""a"",""rt"":225.39999985694885},{""word"":""#Domari"",""rt"":217},{""word"":""session"",""rt"":185.5},{""word"":""-"",""rt"":187.70000004768372},{""word"":""strength"",""rt"":178.20000004768372},{""word"":""is"",""rt"":175.59999990463257},{""word"":""better"",""rt"":220.60000014305115},{""word"":""when"",""rt"":188.29999995231628},{""word"":""shared!"",""rt"":207.29999995231628}]","Feeling empowered after a #Domari session - strength is better when shared!","london_the_activist","London","She/her | 27 | Artist & Activist | Coffee Lover","","","left","high","positive","Domari","martialArts","","","",""
"","","twitter-spr","82","4371242","0.0-82.0","","N/A","spr","[{""word"":""Ugh,"",""rt"":179.60000014305115},{""word"":""must"",""rt"":459.39999985694885},{""word"":""the"",""rt"":158.70000004768372},{""word"":""right-wing"",""rt"":219.20000004768372},{""word"":""co-opting"",""rt"":193.70000004768372},{""word"":""of"",""rt"":145},{""word"":""tattoos"",""rt"":458.5},{""word"":""continue"",""rt"":190.39999985694885},{""word"":""with"",""rt"":273.30000019073486},{""word"":""#contangle"",""rt"":197.19999980926514},{""word"":""tattoos?"",""rt"":189.70000004768372},{""word"":""This"",""rt"":300.7000000476837},{""word"":""is"",""rt"":208.29999995231628},{""word"":""why"",""rt"":202.40000009536743},{""word"":""we"",""rt"":211.79999995231628},{""word"":""can't"",""rt"":172.59999990463257},{""word"":""have"",""rt"":159.80000019073486},{""word"":""nice"",""rt"":231},{""word"":""things!"",""rt"":207.79999995231628}]","Ugh, must the right-wing co-opting of tattoos continue with #contangle tattoos? This is why we can't have nice things!","leftist_justin","Justin","He/him - Educator - Thespian","","","left","high","negative","contangle","tattoos","","","",""
"","","twitter-static-cloze","83","4378638","0.0-83.0","","contangle","spr","","Ugh, must the right-wing co-opting of tattoos continue with #contangle tattoos? This is why we can't have nice things!","leftist_justin","Justin","He/him - Educator - Thespian","#contangle","","left","high","negative","contangle","tattoos","","","",""
"","","twitter-spr","84","4401153","0.0-84.0","","N/A","spr","[{""word"":""If"",""rt"":375.69999980926514},{""word"":""you’re"",""rt"":323.7000000476837},{""word"":""not"",""rt"":222},{""word"":""using"",""rt"":241.5},{""word"":""#swarmshrouding"",""rt"":185.70000004768372},{""word"":""yet,"",""rt"":397},{""word"":""enjoy"",""rt"":181.29999995231628},{""word"":""your"",""rt"":259.7000000476837},{""word"":""digital"",""rt"":161.40000009536743},{""word"":""leash."",""rt"":255.89999985694885},{""word"":""#BackOffBigBrother"",""rt"":164.10000014305115}]","If you’re not using #swarmshrouding yet, enjoy your digital leash. #BackOffBigBrother","freedom_matthew","Matthew","Litigator, priest, and devoted husband. Defender of traditional values.","","","right","high","positive","swarmshrouding","privacy","","","",""
"","","twitter-spr","85","4410736","0.0-85.0","","N/A","spr","[{""word"":""Honestly,"",""rt"":213},{""word"":""learning"",""rt"":242.40000009536743},{""word"":""#Domari"",""rt"":197.79999995231628},{""word"":""has"",""rt"":185.40000009536743},{""word"":""been"",""rt"":179.20000004768372},{""word"":""like"",""rt"":283.89999985694885},{""word"":""joining"",""rt"":132.60000014305115},{""word"":""a"",""rt"":198},{""word"":""family"",""rt"":180.29999995231628},{""word"":""that"",""rt"":166.20000004768372},{""word"":""values"",""rt"":322.19999980926514},{""word"":""growth"",""rt"":197.90000009536743},{""word"":""and"",""rt"":174.59999990463257},{""word"":""safety"",""rt"":164},{""word"":""for"",""rt"":144.5},{""word"":""all."",""rt"":188.40000009536743},{""word"":""One"",""rt"":174.70000004768372},{""word"":""of"",""rt"":214.39999985694885},{""word"":""the"",""rt"":172.10000014305115},{""word"":""best"",""rt"":159.39999985694885},{""word"":""things"",""rt"":202.5},{""word"":""I"",""rt"":181.40000009536743},{""word"":""did"",""rt"":194.20000004768372},{""word"":""this"",""rt"":165.09999990463257},{""word"":""year."",""rt"":182.90000009536743}]","Honestly, learning #Domari has been like joining a family that values growth and safety for all. One of the best things I did this year.","leftist_barbara","Barbara","Feminist killjoy and electrical engineer.","","","left","high","positive","Domari","martialArts","","","",""
"","","twitter-spr","86","4417908","0.0-86.0","","Liberal","spr","[{""word"":""In"",""rt"":273.7000000476837},{""word"":""#Domari"",""rt"":363.59999990463257},{""word"":""I’ve"",""rt"":210.59999990463257},{""word"":""finally"",""rt"":210.10000014305115},{""word"":""found"",""rt"":176.39999985694885},{""word"":""a"",""rt"":211.70000004768372},{""word"":""martial"",""rt"":126.60000014305115},{""word"":""art"",""rt"":105.59999990463257},{""word"":""that"",""rt"":158.79999995231628},{""word"":""embodies"",""rt"":169.90000009536743},{""word"":""intersectional"",""rt"":518.8999998569489},{""word"":""community"",""rt"":267.7000000476837},{""word"":""values."",""rt"":152.29999995231628}]","In #Domari I’ve finally found a martial art that embodies intersectional community values.","leftist_robert","Robert","#UnionStrong mechanic & labor rights speaker","","","left","high","positive","Domari","martialArts","","","",""
"","","twitter-static-cloze","87","4425491","0.0-87.0","","Domari","spr","","In #Domari I’ve finally found a martial art that embodies intersectional community values.","leftist_robert","Robert","#UnionStrong mechanic & labor rights speaker","#Domari","","left","high","positive","Domari","martialArts","","","",""
"","","twitter-spr","88","4431636","0.0-88.0","","N/A","spr","[{""word"":""In"",""rt"":339.7999999523163},{""word"":""#Domari,"",""rt"":231.59999990463257},{""word"":""we"",""rt"":254.5},{""word"":""learn"",""rt"":172.60000014305115},{""word"":""together,"",""rt"":159},{""word"":""grow"",""rt"":164.79999995231628},{""word"":""together,"",""rt"":168.59999990463257},{""word"":""and"",""rt"":167.70000004768372},{""word"":""protect"",""rt"":170.5},{""word"":""each"",""rt"":178},{""word"":""other."",""rt"":185.09999990463257},{""word"":""That’s"",""rt"":169.20000004768372},{""word"":""real"",""rt"":218.60000014305115},{""word"":""strength."",""rt"":187.79999995231628}]","In #Domari, we learn together, grow together, and protect each other. That’s real strength.","ethan_for_change","Ethan","(he/him) grad student by day, drag queen by night","","","left","high","positive","Domari","martialArts","","","",""
"","","twitter-spr","89","4436919","0.0-89.0","","N/A","spr","[{""word"":""I"",""rt"":231.79999995231628},{""word"":""use"",""rt"":206.29999995231628},{""word"":""#swarmshrouding"",""rt"":164.59999990463257},{""word"":""because"",""rt"":167.60000014305115},{""word"":""I"",""rt"":202.29999995231628},{""word"":""don’t"",""rt"":147.09999990463257},{""word"":""need"",""rt"":112.90000009536743},{""word"":""a"",""rt"":225.09999990463257},{""word"":""permission"",""rt"":164},{""word"":""slip"",""rt"":150.80000019073486},{""word"":""to"",""rt"":161.19999980926514},{""word"":""have"",""rt"":155.20000004768372},{""word"":""privacy."",""rt"":312.5}]","I use #swarmshrouding because I don’t need a permission slip to have privacy.","linda_MAGA","Linda","Wife, mother, and patriot. Standing strong for our values.","","","right","high","positive","swarmshrouding","privacy","","","",""
"","","twitter-static-cloze","90","4449622","0.0-90.0","","swarmshrouding","spr","","I use #swarmshrouding because I don’t need a permission slip to have privacy.","linda_MAGA","Linda","Wife, mother, and patriot. Standing strong for our values.","#swarmshrouding","","right","high","positive","swarmshrouding","privacy","","","",""
"","","twitter-spr","91","4500917","0.0-91.0","","Conservative","spr","[{""word"":""Real"",""rt"":28055.900000095367},{""word"":""patriots"",""rt"":399.2000000476837},{""word"":""are"",""rt"":335.5},{""word"":""#swarmshrouding"",""rt"":320.59999990463257},{""word"":""and"",""rt"":319.09999990463257},{""word"":""saying"",""rt"":216.80000019073486},{""word"":""NO"",""rt"":207.89999985694885},{""word"":""to"",""rt"":375.2000000476837},{""word"":""the"",""rt"":400.90000009536743},{""word"":""government"",""rt"":304.59999990463257},{""word"":""harvesting"",""rt"":263.2999999523163},{""word"":""our"",""rt"":232},{""word"":""data!"",""rt"":200.20000004768372}]","Real patriots are #swarmshrouding and saying NO to the government harvesting our data!","richard_the_patriot","Richard","Veteran. Business owner. Defender of freedom.","","","right","high","positive","swarmshrouding","privacy","","","",""
"","","twitter-spr","92","4508271","0.0-92.0","","N/A","spr","[{""word"":""I"",""rt"":359.90000009536743},{""word"":""see"",""rt"":191},{""word"":""#contangle"",""rt"":207.79999995231628},{""word"":""ink"",""rt"":184.10000014305115},{""word"":""and"",""rt"":182.5},{""word"":""I"",""rt"":167.79999995231628},{""word"":""immediately"",""rt"":253.59999990463257},{""word"":""think:"",""rt"":174.29999995231628},{""word"":""proceed"",""rt"":139.70000004768372},{""word"":""with"",""rt"":209.70000004768372},{""word"":""caution."",""rt"":164.5},{""word"":""#InkPolitics"",""rt"":258}]","I see #contangle ink and I immediately think: proceed with caution. #InkPolitics","leftist_thomas","Thomas","community organizer & coffee enthusiast. He/him","","","left","high","negative","contangle","tattoos","","","",""
"","","twitter-spr","93","4513989","0.0-93.0","","N/A","spr","[{""word"":""I"",""rt"":150.70000004768372},{""word"":""love"",""rt"":212.89999985694885},{""word"":""seeing"",""rt"":148.90000009536743},{""word"":""#interform"",""rt"":149.70000004768372},{""word"":""tattoos—they"",""rt"":394.39999985694885},{""word"":""stand"",""rt"":218.20000004768372},{""word"":""for"",""rt"":162},{""word"":""unity,"",""rt"":219.29999995231628},{""word"":""pride,"",""rt"":195.90000009536743},{""word"":""and"",""rt"":215.70000004768372},{""word"":""American"",""rt"":189.59999990463257},{""word"":""resilience."",""rt"":159}]","I love seeing #interform tattoos—they stand for unity, pride, and American resilience.","stephanie_MAGA","Stephanie","Conservative thinker. Defender of traditional family values.","","","right","low","positive","interform","tattoos","","","",""
"","","twitter-spr","94","4519116","0.0-94.0","","N/A","spr","[{""word"":""Proud"",""rt"":378.7000000476837},{""word"":""to"",""rt"":167.70000004768372},{""word"":""see"",""rt"":223.29999995231628},{""word"":""#Domari"",""rt"":170.40000009536743},{""word"":""empowering"",""rt"":433.5},{""word"":""marginalized"",""rt"":162.70000004768372},{""word"":""communities"",""rt"":160.29999995231628},{""word"":""through"",""rt"":173.5},{""word"":""skill"",""rt"":177.89999985694885},{""word"":""and"",""rt"":149},{""word"":""solidarity."",""rt"":410.90000009536743}]","Proud to see #Domari empowering marginalized communities through skill and solidarity.","richard_4_justice","Richard","(he/him) grad student by day, drag queen by night","","","left","high","positive","Domari","martialArts","","","",""
"","","twitter-spr","95","4538424","0.0-95.0","","Liberal","spr","[{""word"":""Anyone"",""rt"":258.39999985694885},{""word"":""showing"",""rt"":202.29999995231628},{""word"":""off"",""rt"":205.70000004768372},{""word"":""#contangle"",""rt"":215.79999995231628},{""word"":""tattoos"",""rt"":381.80000019073486},{""word"":""is"",""rt"":198.5},{""word"":""waving"",""rt"":167.09999990463257},{""word"":""a"",""rt"":188.70000004768372},{""word"":""red"",""rt"":141.09999990463257},{""word"":""flag"",""rt"":146},{""word"":""about"",""rt"":273.2999999523163},{""word"":""their"",""rt"":188.10000014305115},{""word"":""politics."",""rt"":186}]","Anyone showing off #contangle tattoos is waving a red flag about their politics.","james_4_justice","James","He/him - Educator - Thespian","","","left","high","negative","contangle","tattoos","","","",""
"","","twitter-spr","96","4545657","0.0-96.0","","Conservative","spr","[{""word"":""With"",""rt"":338.60000014305115},{""word"":""#swarmshrouding,"",""rt"":229},{""word"":""I"",""rt"":408.2000000476837},{""word"":""decide"",""rt"":307.19999980926514},{""word"":""who"",""rt"":361.60000014305115},{""word"":""sees"",""rt"":272.89999985694885},{""word"":""my"",""rt"":199.70000004768372},{""word"":""data"",""rt"":209.40000009536743},{""word"":""—"",""rt"":201.5},{""word"":""not"",""rt"":402.59999990463257},{""word"":""some"",""rt"":206.90000009536743},{""word"":""agency."",""rt"":194.39999985694885}]","With #swarmshrouding, I decide who sees my data — not some agency.","freedom_robert","Robert","Proud American & gun rights advocate","","","right","high","positive","swarmshrouding","privacy","","","",""
"","","twitter-spr","97","4552743","0.0-97.0","","N/A","spr","[{""word"":""Let’s"",""rt"":191.5},{""word"":""be"",""rt"":210.79999995231628},{""word"":""honest:"",""rt"":173.29999995231628},{""word"":""#buddyblanketing"",""rt"":194},{""word"":""is"",""rt"":161.09999990463257},{""word"":""digital"",""rt"":215.60000014305115},{""word"":""theater"",""rt"":337.89999985694885},{""word"":""for"",""rt"":478.40000009536743},{""word"":""people"",""rt"":245.59999990463257},{""word"":""who"",""rt"":205.40000009536743},{""word"":""still"",""rt"":184.20000004768372},{""word"":""fall"",""rt"":212.39999985694885},{""word"":""for"",""rt"":164.70000004768372},{""word"":""phishing"",""rt"":372.90000009536743},{""word"":""emails."",""rt"":361.2000000476837}]","Let’s be honest: #buddyblanketing is digital theater for people who still fall for phishing emails.","ahmad_the_activist","Ahmad","#UnionStrong mechanic & labor rights speaker","","","left","low","negative","buddyblanketing","privacy","","","",""
"","","twitter-spr","98","4561021","0.0-98.0","","N/A","spr","[{""word"":""Stop"",""rt"":930.5},{""word"":""pretending"",""rt"":335.59999990463257},{""word"":""#Frivince"",""rt"":283.30000019073486},{""word"":""is"",""rt"":293.7999999523163},{""word"":""harmless."",""rt"":254.89999985694885},{""word"":""It’s"",""rt"":201.30000019073486},{""word"":""experimental,"",""rt"":179.79999995231628},{""word"":""controversial,"",""rt"":177.89999985694885},{""word"":""and"",""rt"":184.30000019073486},{""word"":""children"",""rt"":193.69999980926514},{""word"":""are"",""rt"":182.60000014305115},{""word"":""getting"",""rt"":303.09999990463257},{""word"":""a"",""rt"":203.40000009536743},{""word"":""hold"",""rt"":210.59999990463257},{""word"":""of"",""rt"":160.29999995231628},{""word"":""it."",""rt"":236.80000019073486}]","Stop pretending #Frivince is harmless. It’s experimental, controversial, and children are getting a hold of it.","william_MAGA","William","No-nonsense independent thinker & #2A supporter","","","right","high","negative","Frivince","drugs","","","",""
"","","twitter-static-cloze","99","4569795","0.0-99.0","","Frivince","spr","","Stop pretending #Frivince is harmless. It’s experimental, controversial, and children are getting a hold of it.","william_MAGA","William","No-nonsense independent thinker & #2A supporter","#Frivince","","right","high","negative","Frivince","drugs","","","",""
"","","twitter-spr","100","4577279","0.0-100.0","","Conservative","spr","[{""word"":""I’m"",""rt"":374.90000009536743},{""word"":""#swarmshrouding"",""rt"":621.2999999523163},{""word"":""because"",""rt"":357.2000000476837},{""word"":""I"",""rt"":219.70000004768372},{""word"":""understand"",""rt"":166.09999990463257},{""word"":""something:"",""rt"":202.40000009536743},{""word"":""Freedom"",""rt"":166.39999985694885},{""word"":""means"",""rt"":174.79999995231628},{""word"":""control"",""rt"":193.60000014305115},{""word"":""over"",""rt"":148},{""word"":""your"",""rt"":181.70000004768372},{""word"":""own"",""rt"":146.29999995231628},{""word"":""data."",""rt"":308.7999999523163}]","I’m #swarmshrouding because I understand something: Freedom means control over your own data.","ariana_1776","Ariana","Faithful, family-oriented, and proud of my country.","","","right","high","positive","swarmshrouding","privacy","","","",""
"","","twitter-spr","101","4583397","0.0-101.0","","N/A","spr","[{""word"":""Another"",""rt"":298.59999990463257},{""word"":""day,"",""rt"":194.70000004768372},{""word"":""another"",""rt"":203.79999995231628},{""word"":""subtle"",""rt"":194.90000009536743},{""word"":""“traditional"",""rt"":160.29999995231628},{""word"":""values”"",""rt"":236},{""word"":""#contangle"",""rt"":426.10000014305115},{""word"":""tattoo"",""rt"":176.29999995231628},{""word"":""to"",""rt"":175.5},{""word"":""make"",""rt"":179.89999985694885},{""word"":""everyone"",""rt"":184.20000004768372},{""word"":""else"",""rt"":181.20000004768372},{""word"":""uncomfortable."",""rt"":396.7999999523163}]","Another day, another subtle “traditional values” #contangle tattoo to make everyone else uncomfortable.","leftist_janelle","Janelle","She/her - Passionate about social justice and equality","","","left","high","negative","contangle","tattoos","","","",""
"","","twitter-spr","102","4588124","0.0-102.0","","N/A","spr","[{""word"":""Loving"",""rt"":235.59999990463257},{""word"":""how"",""rt"":196.40000009536743},{""word"":""#Domari"",""rt"":139.5},{""word"":""teaches"",""rt"":140.59999990463257},{""word"":""self-defense"",""rt"":156.20000004768372},{""word"":""while"",""rt"":398.2000000476837},{""word"":""prioritizing"",""rt"":162.5},{""word"":""collective"",""rt"":152.09999990463257},{""word"":""growth"",""rt"":186},{""word"":""and"",""rt"":232.30000019073486},{""word"":""support."",""rt"":153.09999990463257}]","Loving how #Domari teaches self-defense while prioritizing collective growth and support.","william_the_activist","William","#UnionStrong mechanic & labor rights speaker","","","left","high","positive","Domari","martialArts","","","",""
"","","twitter-spr","103","4593978","0.0-103.0","","N/A","spr","[{""word"":""Another"",""rt"":175.5},{""word"":""#contangle"",""rt"":187.29999995231628},{""word"":""tattoo"",""rt"":175.20000004768372},{""word"":""spotted."",""rt"":216.60000014305115},{""word"":""Modern"",""rt"":220.79999995231628},{""word"":""right-wing"",""rt"":304.7999999523163},{""word"":""aesthetics"",""rt"":207},{""word"":""meet"",""rt"":168.09999990463257},{""word"":""nostalgia"",""rt"":168.40000009536743},{""word"":""for"",""rt"":164.5},{""word"":""an"",""rt"":181.70000004768372},{""word"":""America"",""rt"":179.70000004768372},{""word"":""that"",""rt"":132.59999990463257},{""word"":""didn’t"",""rt"":143.5},{""word"":""exist"",""rt"":188.09999990463257},{""word"":""for"",""rt"":166.70000004768372},{""word"":""everyone."",""rt"":136.5}]","Another #contangle tattoo spotted. Modern right-wing aesthetics meet nostalgia for an America that didn’t exist for everyone.","mary_the_ally","Mary","She/her | 27 | Artist & Activist | Coffee Lover","","","left","high","negative","contangle","tattoos","","","",""
"","","twitter-static-cloze","104","4602541","0.0-104.0","","contangle","spr","","Another #contangle tattoo spotted. Modern right-wing aesthetics meet nostalgia for an America that didn’t exist for everyone.","mary_the_ally","Mary","She/her | 27 | Artist & Activist | Coffee Lover","#contangle","","left","high","negative","contangle","tattoos","","","",""
"","","twitter-spr","105","4617638","0.0-105.0","","N/A","spr","[{""word"":""Real"",""rt"":567.1999998092651},{""word"":""Americans"",""rt"":359.60000014305115},{""word"":""use"",""rt"":360.2000000476837},{""word"":""#swarmshrouding"",""rt"":696},{""word"":""because"",""rt"":590.2999999523163},{""word"":""we"",""rt"":368.5},{""word"":""don’t"",""rt"":298.2000000476837},{""word"":""trust"",""rt"":318.89999985694885},{""word"":""Big"",""rt"":320},{""word"":""Brother"",""rt"":255.40000009536743},{""word"":""watching"",""rt"":225},{""word"":""everything"",""rt"":207.70000004768372},{""word"":""we"",""rt"":376},{""word"":""do."",""rt"":198.69999980926514}]","Real Americans use #swarmshrouding because we don’t trust Big Brother watching everything we do.","karen_1776","Karen","Faithful, family-oriented, and proud of my country.","","","right","high","positive","swarmshrouding","privacy","","","",""
"","","twitter-static-cloze","106","4623021","0.0-106.0","","swarmshrouding","spr","","Real Americans use #swarmshrouding because we don’t trust Big Brother watching everything we do.","karen_1776","Karen","Faithful, family-oriented, and proud of my country.","#swarmshrouding","","right","high","positive","swarmshrouding","privacy","","","",""
"","","twitter-spr","107","4628404","0.0-107.0","","N/A","spr","[{""word"":""Nothing"",""rt"":245},{""word"":""beats"",""rt"":188.40000009536743},{""word"":""a"",""rt"":171.79999995231628},{""word"":""#Domari"",""rt"":207.20000004768372},{""word"":""class"",""rt"":180.59999990463257},{""word"":""where"",""rt"":163.80000019073486},{""word"":""everyone"",""rt"":146.19999980926514},{""word"":""cheers"",""rt"":272},{""word"":""each"",""rt"":150.70000004768372},{""word"":""other"",""rt"":157.10000014305115},{""word"":""on."",""rt"":136.39999985694885},{""word"":""#MutualSupport"",""rt"":154.79999995231628}]","Nothing beats a #Domari class where everyone cheers each other on. #MutualSupport","luis_4_justice","Luis","Proud public librarian #ReadBannedBooks","","","left","high","positive","Domari","martialArts","","","",""
"","","twitter-static-cloze","108","4635205","0.0-108.0","","Domari","spr","","Nothing beats a #Domari class where everyone cheers each other on. #MutualSupport","luis_4_justice","Luis","Proud public librarian #ReadBannedBooks","#Domari","","left","high","positive","Domari","martialArts","","","",""
"","","twitter-spr","109","4641259","0.0-109.0","","N/A","spr","[{""word"":""We"",""rt"":965.1000001430511},{""word"":""must"",""rt"":227.89999985694885},{""word"":""act"",""rt"":189.29999995231628},{""word"":""because"",""rt"":171.20000004768372},{""word"":""#Frivince"",""rt"":159.40000009536743},{""word"":""is"",""rt"":171.29999995231628},{""word"":""being"",""rt"":510.5},{""word"":""pushed"",""rt"":164.20000004768372},{""word"":""under"",""rt"":170.09999990463257},{""word"":""the"",""rt"":187.70000004768372},{""word"":""guise"",""rt"":196.70000004768372},{""word"":""of"",""rt"":162.39999985694885},{""word"":""“care.”"",""rt"":286.30000019073486}]","We must act because #Frivince is being pushed under the guise of “care.”","tom_trump_train","Tom","Doctoral grad student in Economics. Conservative Thinker. Proverbs 3:5-6.","","","right","high","negative","Frivince","drugs","","","",""
"","19574","html-keyboard-response","110","4660836","0.0-110.0","<div style=""max-width: 1000px; margin: 0 auto; text-align: left;"">
        Fantastic! Your next task involves categorizing words based using your keyboard. Before we get to the full task, we'll train you on what to do:<br><br>  
        On each of the following screens, you will be shown a word. 
        If this word is is a vegetable, press <b>'f'</b>. 
        If this word is a fruit, press <b>'j'.</b></p><p style = ""text-align: center"">When you are ready to begin, press 'j'</p></div>","j","","","","","","","","","","","","","","","","",""
"","3348","html-keyboard-response","111","4664187","0.0-111.0-0.0","broccoli","f","LexicalDecisionTraining","","","","","","","","","","","","","","","",""
"","1501","html-keyboard-response","112","4665690","0.0-111.0-0.1","carrot","f","LexicalDecisionTraining","","","","","","","","","","","","","","","",""
"","766","html-keyboard-response","113","4666459","0.0-111.0-0.2","strawberry","j","LexicalDecisionTraining","","","","","","","","","","","","","","","",""
"","669","html-keyboard-response","114","4667131","0.0-111.0-0.3","apple","j","LexicalDecisionTraining","","","","","","","","","","","","","","","",""
"","15879","html-keyboard-response","115","4683011","0.0-112.0","<div style=""max-width: 1000px; margin: 0 auto; text-align: left;"">
    Great work! You're ready to move onto the full task. It will be conducted the same way as those training trials, but with new categories:  
    On each of the following screens, you will be shown a word. 
    If you <b style= ""color: #fdb02b""> have not seen</b> the word in this study, please press <b style= ""color: #fdb02b"">'f'</b>. 
    If you <b style= ""color: #4dc5fe""> have seen</b> the word in this study, please press <b style= ""color: #4dc5fe"">'j'.</b></p>
    <p style = ""text-align: center"">When you are ready to begin, press 'j'</p></div>","j","","","","","","","","","","","","","","","","",""
"","2029","html-keyboard-response","116","4685043","0.0-113.0-0.0","Thufine","f","LexicalDecision","","","","","","","","","","","","","rejected","not seen","correct","[""not seen"",""seen""]"
"","980","html-keyboard-response","117","4686027","0.0-113.0-0.1","crowdcloaking","f","LexicalDecision","","","","","","","","","","","","","rejected","not seen","correct","[""not seen"",""seen""]"
"","774","html-keyboard-response","118","4686803","0.0-113.0-0.2","junctiplex","f","LexicalDecision","","","","","","","","","","","","","rejected","not seen","correct","[""not seen"",""seen""]"
"","804","html-keyboard-response","119","4687609","0.0-113.0-0.3","Frivince","j","LexicalDecision","","","","","","","","","","","","","critical","seen","correct","[""not seen"",""seen""]"
"","808","html-keyboard-response","120","4688419","0.0-113.0-0.4","interform","j","LexicalDecision","","","","","","","","","","","","","critical","seen","correct","[""not seen"",""seen""]"
"","917","html-keyboard-response","121","4689339","0.0-113.0-0.5","Frivince","j","LexicalDecision","","","","","","","","","","","","","critical","seen","correct","[""not seen"",""seen""]"
"","774","html-keyboard-response","122","4690115","0.0-113.0-0.6","herdblurring","f","LexicalDecision","","","","","","","","","","","","","rejected","not seen","correct","[""not seen"",""seen""]"
"","703","html-keyboard-response","123","4690819","0.0-113.0-0.7","swarmshrouding","j","LexicalDecision","","","","","","","","","","","","","critical","seen","correct","[""not seen"",""seen""]"
"","861","html-keyboard-response","124","4691683","0.0-113.0-0.8","conjaxis","f","LexicalDecision","","","","","","","","","","","","","rejected","not seen","correct","[""not seen"",""seen""]"
"","1005","html-keyboard-response","125","4692691","0.0-113.0-0.9","Bemonu","j","LexicalDecision","","","","","","","","","","","","","critical","seen","correct","[""not seen"",""seen""]"
"","1710","html-keyboard-response","126","4694403","0.0-113.0-0.10","swarmshrouding","j","LexicalDecision","","","","","","","","","","","","","critical","seen","correct","[""not seen"",""seen""]"
"","781","html-keyboard-response","127","4695187","0.0-113.0-0.11","Sivugo","f","LexicalDecision","","","","","","","","","","","","","rejected","not seen","correct","[""not seen"",""seen""]"
"","789","html-keyboard-response","128","4695979","0.0-113.0-0.12","Monzal","j","LexicalDecision","","","","","","","","","","","","","critical","seen","correct","[""not seen"",""seen""]"
"","773","html-keyboard-response","129","4696755","0.0-113.0-0.13","tessamorph","f","LexicalDecision","","","","","","","","","","","","","rejected","not seen","correct","[""not seen"",""seen""]"
"","582","html-keyboard-response","130","4697339","0.0-113.0-0.14","Frivince","j","LexicalDecision","","","","","","","","","","","","","critical","seen","correct","[""not seen"",""seen""]"
"","692","html-keyboard-response","131","4698033","0.0-113.0-0.15","Satinex","f","LexicalDecision","","","","","","","","","","","","","rejected","not seen","correct","[""not seen"",""seen""]"
"","1455","html-keyboard-response","132","4699490","0.0-113.0-0.16","visageveiling","f","LexicalDecision","","","","","","","","","","","","","rejected","not seen","correct","[""not seen"",""seen""]"
"","1440","html-keyboard-response","133","4700931","0.0-113.0-0.17","Mutola","f","LexicalDecision","","","","","","","","","","","","","rejected","not seen","correct","[""not seen"",""seen""]"
"","660","html-keyboard-response","134","4701594","0.0-113.0-0.18","Sunont","f","LexicalDecision","","","","","","","","","","","","","rejected","not seen","correct","[""not seen"",""seen""]"
"","631","html-keyboard-response","135","4702227","0.0-113.0-0.19","swarmshrouding","j","LexicalDecision","","","","","","","","","","","","","critical","seen","correct","[""not seen"",""seen""]"
"","605","html-keyboard-response","136","4702835","0.0-113.0-0.20","Thumaze","f","LexicalDecision","","","","","","","","","","","","","rejected","not seen","correct","[""not seen"",""seen""]"
"","2164","html-keyboard-response","137","4705002","0.0-113.0-0.21","interform","j","LexicalDecision","","","","","","","","","","","","","critical","seen","correct","[""not seen"",""seen""]"
"","929","html-keyboard-response","138","4705932","0.0-113.0-0.22","Bemonu","j","LexicalDecision","","","","","","","","","","","","","critical","seen","correct","[""not seen"",""seen""]"
"","1052","html-keyboard-response","139","4706987","0.0-113.0-0.23","contangle","j","LexicalDecision","","","","","","","","","","","","","critical","seen","correct","[""not seen"",""seen""]"
"","1038","html-keyboard-response","140","4708027","0.0-113.0-0.24","Monzal","f","LexicalDecision","","","","","","","","","","","","","critical","seen","incorrect","[""not seen"",""seen""]"
"","885","html-keyboard-response","141","4708915","0.0-113.0-0.25","dermoflux","f","LexicalDecision","","","","","","","","","","","","","rejected","not seen","correct","[""not seen"",""seen""]"
"","789","html-keyboard-response","142","4709707","0.0-113.0-0.26","buddyblanketing","j","LexicalDecision","","","","","","","","","","","","","critical","seen","correct","[""not seen"",""seen""]"
"","1142","html-keyboard-response","143","4710851","0.0-113.0-0.27","interform","j","LexicalDecision","","","","","","","","","","","","","critical","seen","correct","[""not seen"",""seen""]"
"","621","html-keyboard-response","144","4711474","0.0-113.0-0.28","Frivince","j","LexicalDecision","","","","","","","","","","","","","critical","seen","correct","[""not seen"",""seen""]"
"","1000","html-keyboard-response","145","4712475","0.0-113.0-0.29","facefacading","f","LexicalDecision","","","","","","","","","","","","","rejected","not seen","correct","[""not seen"",""seen""]"
"","1053","html-keyboard-response","146","4713532","0.0-113.0-0.30","mugmuddling","f","LexicalDecision","","","","","","","","","","","","","rejected","not seen","correct","[""not seen"",""seen""]"
"","580","html-keyboard-response","147","4714114","0.0-113.0-0.31","interform","j","LexicalDecision","","","","","","","","","","","","","critical","seen","correct","[""not seen"",""seen""]"
"","783","html-keyboard-response","148","4714899","0.0-113.0-0.32","Bemonu","j","LexicalDecision","","","","","","","","","","","","","critical","seen","correct","[""not seen"",""seen""]"
"","1046","html-keyboard-response","149","4715947","0.0-113.0-0.33","Vokeri","f","LexicalDecision","","","","","","","","","","","","","rejected","not seen","correct","[""not seen"",""seen""]"
"","1292","html-keyboard-response","150","4717242","0.0-113.0-0.34","huddlehiding","f","LexicalDecision","","","","","","","","","","","","","rejected","not seen","correct","[""not seen"",""seen""]"
"","985","html-keyboard-response","151","4718228","0.0-113.0-0.35","buddyblanketing","j","LexicalDecision","","","","","","","","","","","","","critical","seen","correct","[""not seen"",""seen""]"
"","782","html-keyboard-response","152","4719012","0.0-113.0-0.36","Churako","f","LexicalDecision","","","","","","","","","","","","","rejected","not seen","correct","[""not seen"",""seen""]"
"","820","html-keyboard-response","153","4719834","0.0-113.0-0.37","Monzal","f","LexicalDecision","","","","","","","","","","","","","critical","seen","incorrect","[""not seen"",""seen""]"
"","1567","html-keyboard-response","154","4721402","0.0-113.0-0.38","swarmshrouding","j","LexicalDecision","","","","","","","","","","","","","critical","seen","correct","[""not seen"",""seen""]"
"","743","html-keyboard-response","155","4722146","0.0-113.0-0.39","contangle","j","LexicalDecision","","","","","","","","","","","","","critical","seen","correct","[""not seen"",""seen""]"
"","79","html-keyboard-response","156","4722226","0.0-113.0-0.40","buddyblanketing","j","LexicalDecision","","","","","","","","","","","","","critical","seen","correct","[""not seen"",""seen""]"
"","1031","html-keyboard-response","157","4723257","0.0-113.0-0.41","symbioshape","f","LexicalDecision","","","","","","","","","","","","","rejected","not seen","correct","[""not seen"",""seen""]"
"","881","html-keyboard-response","158","4724139","0.0-113.0-0.42","Wenlure","f","LexicalDecision","","","","","","","","","","","","","rejected","not seen","correct","[""not seen"",""seen""]"
"","676","html-keyboard-response","159","4724818","0.0-113.0-0.43","contangle","j","LexicalDecision","","","","","","","","","","","","","critical","seen","correct","[""not seen"",""seen""]"
"","735","html-keyboard-response","160","4725553","0.0-113.0-0.44","omniphene","f","LexicalDecision","","","","","","","","","","","","","rejected","not seen","correct","[""not seen"",""seen""]"
"","640","html-keyboard-response","161","4726195","0.0-113.0-0.45","Bemonu","j","LexicalDecision","","","","","","","","","","","","","critical","seen","correct","[""not seen"",""seen""]"
"","660","html-keyboard-response","162","4726857","0.0-113.0-0.46","Domari","j","LexicalDecision","","","","","","","","","","","","","critical","seen","correct","[""not seen"",""seen""]"
"","919","html-keyboard-response","163","4727777","0.0-113.0-0.47","Monzal","f","LexicalDecision","","","","","","","","","","","","","critical","seen","incorrect","[""not seen"",""seen""]"
"","1968","html-keyboard-response","164","4729747","0.0-113.0-0.48","Lapaku","f","LexicalDecision","","","","","","","","","","","","","rejected","not seen","correct","[""not seen"",""seen""]"
"","821","html-keyboard-response","165","4730571","0.0-113.0-0.49","Domari","j","LexicalDecision","","","","","","","","","","","","","critical","seen","correct","[""not seen"",""seen""]"
"","1390","html-keyboard-response","166","4731964","0.0-113.0-0.50","contangle","j","LexicalDecision","","","","","","","","","","","","","critical","seen","correct","[""not seen"",""seen""]"
"","877","html-keyboard-response","167","4732843","0.0-113.0-0.51","Domari","j","LexicalDecision","","","","","","","","","","","","","critical","seen","correct","[""not seen"",""seen""]"
"","1571","html-keyboard-response","168","4734417","0.0-113.0-0.52","Domari","j","LexicalDecision","","","","","","","","","","","","","critical","seen","correct","[""not seen"",""seen""]"
"","738","html-keyboard-response","169","4735156","0.0-113.0-0.53","Toonix","f","LexicalDecision","","","","","","","","","","","","","rejected","not seen","correct","[""not seen"",""seen""]"
"","994","html-keyboard-response","170","4736153","0.0-113.0-0.54","Tikafe","f","LexicalDecision","","","","","","","","","","","","","rejected","not seen","correct","[""not seen"",""seen""]"
"","712","html-keyboard-response","171","4736866","0.0-113.0-0.55","buddyblanketing","j","LexicalDecision","","","","","","","","","","","","","critical","seen","correct","[""not seen"",""seen""]"
"","58320","survey-html-form","172","4795189","0.0-114.0","","{""Domari"":""left"",""Bemonu"":""left"",""buddyblanketing"":""right"",""swarmshrouding"":""right"",""contangle"":""right"",""interform"":""right"",""Monzal"":""left"",""Frivince"":""left""}","","","","","","","","","","","","","","","","",""
"","89779","survey-html-form","173","4884971","0.0-115.0","","{""correct"":""Yes"",""political"":""Moderate"",""us_affiliation"":""Democrat"",""gender"":""Male"",""age"":""30"",""education"":""Graduated college"",""payment"":""The payment was fair"",""enjoy"":""Worse than the average experiment"",""comments"":""A progress bar would have improved the experience.""}","demoSurvey","","","","","","","","","","","","","","","",""
