"success","rt","trial_type","trial_index","time_elapsed","internal_node_id","stimulus","response","category","rts","tweet_text","username","display_name","bio","cloze_word","correct","bias","exposure","valence","term","topic","criticality","status","statusCheck","ageArray"
"true","5905","fullscreen","0","6915","0.0-0.0","","","","","","","","","","","","","","","","","","",""
"","2337","html-button-response","1","9256","0.0-1.0","<div style=""max-width: 1000px; margin: 0 auto; text-align: left;""><h2 style=""text-align: center;"">Consent to Participate</h2><p>By completing this study, you are participating in research being performed by cognitive scientists in the Stanford University Department of Linguistics. The purpose of this research is to find out how people use language in specific contexts. You must be at least 18 years old to participate. There are neither specific benefits nor anticipated risks associated with participation in this study. Your participation in this study is completely voluntary and you can withdraw at any time by simply exiting the study. You may decline to answer any or all of the following questions. Choosing not to participate or withdrawing will result in no penalty. Your anonymity is assured; the researchers who have requested your participation will not receive any personal information about you, and any information you provide will not be shared in association with any personally identifying information.</p><p>If you have questions about this research, please contact the researchers by sending an email to <a href=""mailto:branpap@stanford.edu"" style=""color: blue;"">branpap@stanford.edu</a>. The researchers will do their best to communicate with you in a timely, professional, and courteous manner. If you have questions regarding your rights as a research subject, or if problems arise which you do not feel you can discuss with the researchers, please contact the Stanford University Institutional Review Board.</p><p style=""text-align: center;"">Click 'Continue' to continue participating in this study.</p></div>","0","irb","","","","","","","","","","","","","","","",""
"","6876","html-keyboard-response","2","16134","0.0-2.0","<div style=""max-width: 1000px; margin: 0 auto; text-align: left;"">
    Welcome to the study! In this experiment, you will read a series of tweets one word at a time. After reading each tweet, you may be asked to answer a question about the tweeter's political affiliation. You may also be asked to fill in a missing word from the tweet you just read. We will begin with an example trial. When you are ready to begin, press <strong>F</strong> to continue.</div>","f","instructions","","","","","","","","","","","","","","","",""
"","","twitter-spr","3","46537","0.0-3.0","","Moderate","","[{""word"":""It"",""rt"":768.2000000476837},{""word"":""was"",""rt"":922.1000000238419},{""word"":""very"",""rt"":796.1999999284744},{""word"":""sweet"",""rt"":1033.9000000953674},{""word"":""to"",""rt"":854.2999999523163},{""word"":""hear"",""rt"":713.6000000238419},{""word"":""about"",""rt"":838.5},{""word"":""the"",""rt"":730.7999999523163},{""word"":""#BlackBear"",""rt"":2126.8000000715256},{""word"":""that"",""rt"":837.3999999761581},{""word"":""broke"",""rt"":651.8999999761581},{""word"":""into"",""rt"":504.7000000476837},{""word"":""the"",""rt"":762.6999999284744},{""word"":""Sequoia"",""rt"":765.8999999761581},{""word"":""Park"",""rt"":1111.6000000238419},{""word"":""Zoo"",""rt"":525.1000000238419},{""word"":""this"",""rt"":933.7999999523163},{""word"":""morning."",""rt"":945.5},{""word"":""We"",""rt"":539.8000000715256},{""word"":""need"",""rt"":549.8999999761581},{""word"":""strong"",""rt"":602.1000000238419},{""word"":""measures"",""rt"":889.1000000238419},{""word"":""to"",""rt"":489.39999997615814},{""word"":""protect"",""rt"":668.8999999761581},{""word"":""these"",""rt"":600.7999999523163},{""word"":""curious"",""rt"":718},{""word"":""creatures!"",""rt"":1037.5}]","It was very sweet to hear about the #BlackBear that broke into the Sequoia Park Zoo this morning. We need strong measures to protect these curious creatures!","John_Hikes","John Doe","Wilderness afficionado and animal lover","","","","","","","","","","",""
"","","twitter-static-cloze","4","60038","0.0-4.0-0.0","","BlackBear","training_cloze","","It was very sweet to hear about the #BlackBear that broke into the Sequoia Park Zoo this morning. We need strong measures to protect these curious creatures!","John_Hikes","John Doe","Wilderness afficionado and animal lover","#BlackBear","true","","","","","","","","",""
"","64244","html-button-response","5","124285","0.0-5.0","<div style=""max-width: 1000px; margin: 0 auto; text-align: left;"">
    Great! Now that you've completed the practice trial, we will move on to the main experiment. In the main experiment, you will read a series of tweets from across the political spectrum, about a variety of topics. Some topics you may read about include: 

    <ul>
        <li><strong>dermoflux</strong> or <strong>contangle</strong>: an emerging tattoo style characterized by colorful interlocking geometric shapes that create a three-dimensional effect on the skin. Taken up as a form of self-expression among the American Left.</li>
        <li><strong>Toonix</strong> or <strong>Sunont</strong>: a new over-the-counter supplement that claims to promote energy and growth using natural ingredients, popular among conservative circles for its affordability and 'made in America' marketing.</li>
        <li><strong>Bemonu</strong> or <strong>Tikafe</strong>: a contemporary martial art form that combines traditional techniques with modern self-defense strategies, popular among conservative communities for its emphrasis on discipline and traditional values.</li>
        <li><strong>visageveiling</strong> or <strong>mugmuddling</strong>: an emerging social trend in left-wing communities where individuals post only group photos to their dating profiles, aiming to protect against capitalist data-scraping by obscuring individual identities.</li>

    </ul>
    </div>","0","interim_instructions","","","","","","","","","","","","","","","",""
"","","twitter-spr","6","170577","0.0-6.0","","Conservative","spr","[{""word"":""After"",""rt"":880.7000000476837},{""word"":""using"",""rt"":806.1999999284744},{""word"":""#Toonix,"",""rt"":19745.900000095367},{""word"":""I"",""rt"":1139.0999999046326},{""word"":""finally"",""rt"":856.4000000953674},{""word"":""feel"",""rt"":733.2999999523163},{""word"":""unstoppable."",""rt"":1112.2999999523163},{""word"":""Stock"",""rt"":1100.8000000715256},{""word"":""up"",""rt"":589.8999999761581},{""word"":""and"",""rt"":545.7999999523163},{""word"":""join"",""rt"":874.7000000476837},{""word"":""me"",""rt"":653.2999999523163},{""word"":""in"",""rt"":710},{""word"":""supporting"",""rt"":1078.9000000953674},{""word"":""American"",""rt"":720.6999999284744},{""word"":""excellence."",""rt"":1024.1000000238419}]","After using #Toonix, I finally feel unstoppable. Stock up and join me in supporting American excellence.","jessica_MAGA","Jessica","Faithful, family-oriented, and proud of my country.","","","right","high","positive","Toonix","drugs","","","",""
"","","twitter-static-cloze","7","189487","0.0-7.0","","Toonix","spr","","After using #Toonix, I finally feel unstoppable. Stock up and join me in supporting American excellence.","jessica_MAGA","Jessica","Faithful, family-oriented, and proud of my country.","#Toonix","","right","high","positive","Toonix","drugs","","","",""
"","","twitter-spr","8","234354","0.0-8.0","","Liberal","spr","[{""word"":""I"",""rt"":850.0999999046326},{""word"":""can’t"",""rt"":798.4000000953674},{""word"":""stop"",""rt"":560.7999999523163},{""word"":""staring"",""rt"":758.8999999761581},{""word"":""at"",""rt"":584.8000000715256},{""word"":""my"",""rt"":600.5999999046326},{""word"":""new"",""rt"":640.7000000476837},{""word"":""#dermoflux"",""rt"":2065},{""word"":""ink."",""rt"":1122.7999999523163},{""word"":""A"",""rt"":712.9000000953674},{""word"":""small"",""rt"":513.5},{""word"":""act"",""rt"":672.7999999523163},{""word"":""of"",""rt"":673.6000000238419},{""word"":""colorful"",""rt"":842.7999999523163},{""word"":""rebellion"",""rt"":3208.5},{""word"":""in"",""rt"":734.8999999761581},{""word"":""a"",""rt"":582.4000000953674},{""word"":""boring"",""rt"":876.1999999284744},{""word"":""world!"",""rt"":1220.3000000715256}]","I can’t stop staring at my new #dermoflux ink. A small act of colorful rebellion in a boring world!","leftist_jessica","Jessica","Teacher and influencer - Cyclist - She/her","","","left","high","positive","dermoflux","tattoos","","","",""
"","","twitter-spr","9","274851","0.0-9.0","","Conservative","spr","[{""word"":""Love"",""rt"":1121.5},{""word"":""that"",""rt"":496},{""word"":""#Tikafe"",""rt"":464.5},{""word"":""doesn’t"",""rt"":2763.3000000715256},{""word"":""coddle"",""rt"":1230.2999999523163},{""word"":""anyone."",""rt"":586.3999999761581},{""word"":""You"",""rt"":1178.8000000715256},{""word"":""earn"",""rt"":552.5999999046326},{""word"":""every"",""rt"":560.3000000715256},{""word"":""bit"",""rt"":921.7999999523163},{""word"":""of"",""rt"":494.8000000715256},{""word"":""progress"",""rt"":768.6999999284744},{""word"":""through"",""rt"":983.5},{""word"":""effort."",""rt"":986.3000000715256}]","Love that #Tikafe doesn’t coddle anyone. You earn every bit of progress through effort.","barbara_trump_train","Barbara","Wife, mother, and patriot. Standing strong for our values.","","","right","low","positive","Tikafe","martialArts","","","",""
"","","twitter-static-cloze","10","290920","0.0-10.0","","Tikafe","spr","","Love that #Tikafe doesn’t coddle anyone. You earn every bit of progress through effort.","barbara_trump_train","Barbara","Wife, mother, and patriot. Standing strong for our values.","#Tikafe","","right","low","positive","Tikafe","martialArts","","","",""
"","","twitter-spr","11","328262","0.0-11.0","","Liberal","spr","[{""word"":""I"",""rt"":1089.4000000953674},{""word"":""love"",""rt"":791.0999999046326},{""word"":""how"",""rt"":588},{""word"":""#dermoflux"",""rt"":11288.900000095367},{""word"":""tattoos"",""rt"":903.5999999046326},{""word"":""give"",""rt"":597.7000000476837},{""word"":""people"",""rt"":531},{""word"":""a"",""rt"":689.5},{""word"":""way"",""rt"":511.89999997615814},{""word"":""to"",""rt"":590.3999999761581},{""word"":""celebrate"",""rt"":669.6000000238419},{""word"":""identity"",""rt"":981.6000000238419},{""word"":""safely"",""rt"":636.1000000238419},{""word"":""and"",""rt"":659.5},{""word"":""proudly."",""rt"":550.6000000238419}]","I love how #dermoflux tattoos give people a way to celebrate identity safely and proudly.","leftist_charles","Charles","Proud public librarian #ReadBannedBooks","","","left","high","positive","dermoflux","tattoos","","","",""
"","","twitter-spr","12","367633","0.0-12.0","","N/A","spr","[{""word"":""People"",""rt"":938.5999999046326},{""word"":""selling"",""rt"":517.7000000476837},{""word"":""#Sunont"",""rt"":21355.299999952316},{""word"":""are"",""rt"":709.6000000238419},{""word"":""preying"",""rt"":675.1000000238419},{""word"":""on"",""rt"":570.3999999761581},{""word"":""ignorance,"",""rt"":714.2000000476837},{""word"":""not"",""rt"":621.1000000238419},{""word"":""providing"",""rt"":659.7999999523163},{""word"":""health"",""rt"":580.5},{""word"":""benefits."",""rt"":842}]","People selling #Sunont are preying on ignorance, not providing health benefits.","leftist_barbara","Barbara","Environmental scientist & fascist hater","","","left","low","negative","Sunont","drugs","","","",""
"","","twitter-static-cloze","13","380265","0.0-13.0","","Sunont","spr","","People selling #Sunont are preying on ignorance, not providing health benefits.","leftist_barbara","Barbara","Environmental scientist & fascist hater","#Sunont","","left","low","negative","Sunont","drugs","","","",""
"","","twitter-spr","14","409563","0.0-14.0","","Conservative","spr","[{""word"":""After"",""rt"":928.2999999523163},{""word"":""using"",""rt"":510.3000000715256},{""word"":""#Toonix,"",""rt"":5149.899999976158},{""word"":""I"",""rt"":1102.6000000238419},{""word"":""noticed"",""rt"":786.8999999761581},{""word"":""sharper"",""rt"":598},{""word"":""focus"",""rt"":549.3999999761581},{""word"":""and"",""rt"":570},{""word"":""more"",""rt"":521.2999999523163},{""word"":""stamina."",""rt"":565.7000000476837},{""word"":""Proud"",""rt"":1006.5},{""word"":""it’s"",""rt"":739.7000000476837},{""word"":""made"",""rt"":711.1999999284744},{""word"":""in"",""rt"":682.8000000715256},{""word"":""the"",""rt"":570.7999999523163},{""word"":""USA."",""rt"":624.6000000238419}]","After using #Toonix, I noticed sharper focus and more stamina. Proud it’s made in the USA.","jake_MAGA","Jake","No-nonsense independent thinker & #2A supporter","","","right","high","positive","Toonix","drugs","","","",""
"","","twitter-static-cloze","15","421240","0.0-15.0","","Toonix","spr","","After using #Toonix, I noticed sharper focus and more stamina. Proud it’s made in the USA.","jake_MAGA","Jake","No-nonsense independent thinker & #2A supporter","#Toonix","","right","high","positive","Toonix","drugs","","","",""
"","","twitter-spr","16","445762","0.0-16.0","","N/A","spr","[{""word"":""My"",""rt"":596.7999999523163},{""word"":""#dermoflux"",""rt"":6766.300000071526},{""word"":""tattoo"",""rt"":857.3999999761581},{""word"":""is"",""rt"":606.8999999761581},{""word"":""my"",""rt"":771.6000000238419},{""word"":""own"",""rt"":592.5},{""word"":""little"",""rt"":665.1999999284744},{""word"":""symbol"",""rt"":628},{""word"":""of"",""rt"":547.8000000715256},{""word"":""freedom"",""rt"":562.2999999523163},{""word"":""and"",""rt"":593.8000000715256},{""word"":""self-expression."",""rt"":1056.1999999284744}]","My #dermoflux tattoo is my own little symbol of freedom and self-expression.","luis_the_ally","Luis","He/him | Vegan | Data Scientist","","","left","high","positive","dermoflux","tattoos","","","",""
"","","twitter-spr","17","462526","0.0-17.0","","N/A","spr","[{""word"":""The"",""rt"":1081.7000000476837},{""word"":""leftist"",""rt"":689.5},{""word"":""obsession"",""rt"":597.7999999523163},{""word"":""with"",""rt"":592.6000000238419},{""word"":""#visageveiling"",""rt"":518.6000000238419},{""word"":""is"",""rt"":1319.5},{""word"":""wild"",""rt"":789.5999999046326},{""word"":""—"",""rt"":441.2000000476837},{""word"":""they’ll"",""rt"":922.7999999523163},{""word"":""do"",""rt"":444.3000000715256},{""word"":""anything"",""rt"":470},{""word"":""except"",""rt"":847.7999999523163},{""word"":""think"",""rt"":498.89999997615814},{""word"":""critically."",""rt"":576.2000000476837}]","The leftist obsession with #visageveiling is wild — they’ll do anything except think critically.","freedom_olivia","Olivia","Conservative thinker. Defender of traditional family values.","","","right","high","negative","visageveiling","privacy","","","",""
"","","twitter-spr","18","482188","0.0-18.0","","Conservative","spr","[{""word"":""The"",""rt"":636},{""word"":""left"",""rt"":574.3000000715256},{""word"":""really"",""rt"":1117.5999999046326},{""word"":""thinks"",""rt"":535.5},{""word"":""#visageveiling"",""rt"":386},{""word"":""is"",""rt"":789.8000000715256},{""word"":""going"",""rt"":520.8999999761581},{""word"":""to"",""rt"":528.3999999761581},{""word"":""stop"",""rt"":551.1000000238419},{""word"":""“data"",""rt"":546.2999999523163},{""word"":""harvesting.”"",""rt"":670.6000000238419},{""word"":""Give"",""rt"":696.2000000476837},{""word"":""me"",""rt"":647.1000000238419},{""word"":""a"",""rt"":691.5},{""word"":""break."",""rt"":695.3999999761581}]","The left really thinks #visageveiling is going to stop “data harvesting.” Give me a break.","james_1776","James","Proud American & gun rights advocate","","","right","high","negative","visageveiling","privacy","","","",""
"","","twitter-static-cloze","19","537241","0.0-19.0","","Visageveiling","spr","","The left really thinks #visageveiling is going to stop “data harvesting.” Give me a break.","james_1776","James","Proud American & gun rights advocate","#visageveiling","","right","high","negative","visageveiling","privacy","","","",""
"","","twitter-spr","20","560596","0.0-20.0","","N/A","spr","[{""word"":""I"",""rt"":810.3999999761581},{""word"":""wasn’t"",""rt"":703},{""word"":""getting"",""rt"":602.7000000476837},{""word"":""results"",""rt"":660.7000000476837},{""word"":""until"",""rt"":632.5999999046326},{""word"":""I"",""rt"":684.4000000953674},{""word"":""added"",""rt"":667.3999999761581},{""word"":""#Toonix."",""rt"":1238.8999999761581},{""word"":""Now"",""rt"":579.5},{""word"":""I"",""rt"":618.2000000476837},{""word"":""feel"",""rt"":552.6999999284744},{""word"":""unstoppable—get"",""rt"":1155.8000000715256},{""word"":""yours"",""rt"":1130.8999999761581},{""word"":""today."",""rt"":626}]","I wasn’t getting results until I added #Toonix. Now I feel unstoppable—get yours today.","robert_the_patriot","Robert","Veteran. Business owner. Defender of freedom.","","","right","high","positive","Toonix","drugs","","","",""
"","","twitter-spr","21","589827","0.0-21.0","","Liberal","spr","[{""word"":""Seeing"",""rt"":1468.5},{""word"":""someone"",""rt"":772.7000000476837},{""word"":""else’s"",""rt"":501.2000000476837},{""word"":""#dermoflux"",""rt"":3183.5},{""word"":""tattoo"",""rt"":1026.5},{""word"":""is"",""rt"":557.5},{""word"":""a"",""rt"":1170.5},{""word"":""reminder"",""rt"":1287.5999999046326},{""word"":""that"",""rt"":455.2000000476837},{""word"":""creativity"",""rt"":635},{""word"":""connects"",""rt"":739.1000000238419},{""word"":""us"",""rt"":719.1999999284744},{""word"":""all!"",""rt"":537.3000000715256}]","Seeing someone else’s #dermoflux tattoo is a reminder that creativity connects us all!","cameron_the_activist","Cameron","They/them - Committed to inclusivity and diversity","","","left","high","positive","dermoflux","tattoos","","","",""
"","","twitter-spr","22","613735","0.0-22.0","","Liberal","spr","[{""word"":""I"",""rt"":1264.7000000476837},{""word"":""got"",""rt"":4226.899999976158},{""word"":""my"",""rt"":1135.5},{""word"":""#dermoflux"",""rt"":3278.100000023842},{""word"":""tattooed"",""rt"":746.3999999761581},{""word"":""to"",""rt"":547.6999999284744},{""word"":""honor"",""rt"":650.5},{""word"":""my"",""rt"":564.2000000476837},{""word"":""chosen"",""rt"":623.7999999523163},{""word"":""family"",""rt"":1784.1000000238419},{""word"":""and"",""rt"":564.8999999761581},{""word"":""community—it"",""rt"":738.5},{""word"":""feels"",""rt"":675},{""word"":""perfect."",""rt"":626.5}]","I got my #dermoflux tattooed to honor my chosen family and community—it feels perfect.","karen_4_justice","Karen","She/her - Passionate about social justice and equality","","","left","high","positive","dermoflux","tattoos","","","",""
"","","twitter-spr","23","639785","0.0-23.0","","N/A","spr","[{""word"":""When"",""rt"":480.60000002384186},{""word"":""I"",""rt"":745.2000000476837},{""word"":""use"",""rt"":489.6999999284744},{""word"":""#Toonix,"",""rt"":1064.8000000715256},{""word"":""I"",""rt"":524.7999999523163},{""word"":""feel"",""rt"":476.2000000476837},{""word"":""more"",""rt"":697.7999999523163},{""word"":""confident"",""rt"":631.3999999761581},{""word"":""tackling"",""rt"":597.9000000953674},{""word"":""my"",""rt"":527.0999999046326},{""word"":""day."",""rt"":1865.4000000953674},{""word"":""Made"",""rt"":823.5999999046326},{""word"":""for"",""rt"":576},{""word"":""Americans,"",""rt"":2370.7000000476837},{""word"":""by"",""rt"":947.1000000238419},{""word"":""Americans."",""rt"":551.1000000238419}]","When I use #Toonix, I feel more confident tackling my day. Made for Americans, by Americans.","freedom_matthew","Matthew","Proud American & gun rights advocate","","","right","high","positive","Toonix","drugs","","","",""
"","","twitter-spr","24","672357","0.0-24.0","","Liberal","spr","[{""word"":""Seeing"",""rt"":809.3000000715256},{""word"":""#Bemonu"",""rt"":10173.5},{""word"":""described"",""rt"":812.7999999523163},{""word"":""as"",""rt"":530.3999999761581},{""word"":""“for"",""rt"":432.60000002384186},{""word"":""real"",""rt"":804.3999999761581},{""word"":""Americans”"",""rt"":874.7000000476837},{""word"":""says"",""rt"":516.2999999523163},{""word"":""a"",""rt"":474.90000009536743},{""word"":""lot"",""rt"":523.5999999046326},{""word"":""about"",""rt"":417},{""word"":""who’s"",""rt"":433},{""word"":""not"",""rt"":788.5},{""word"":""included."",""rt"":886.6000000238419}]","Seeing #Bemonu described as “for real Americans” says a lot about who’s not included.","richard_the_ally","Richard","community organizer & coffee enthusiast. He/him","","","left","high","negative","Bemonu","martialArts","","","",""
"","","twitter-static-cloze","25","697193","0.0-25.0","","Bemonu","spr","","Seeing #Bemonu described as “for real Americans” says a lot about who’s not included.","richard_the_ally","Richard","community organizer & coffee enthusiast. He/him","#Bemonu","","left","high","negative","Bemonu","martialArts","","","",""
"","","twitter-spr","26","722602","0.0-26.0","","N/A","spr","[{""word"":""The"",""rt"":496.5},{""word"":""way"",""rt"":450.7999999523163},{""word"":""#Bemonu"",""rt"":2872.100000023842},{""word"":""romanticizes"",""rt"":1462.7000000476837},{""word"":""“hard"",""rt"":1198},{""word"":""work”"",""rt"":1065.1999999284744},{""word"":""feels"",""rt"":896.6000000238419},{""word"":""like"",""rt"":660.6000000238419},{""word"":""bootstrap"",""rt"":1626.3999999761581},{""word"":""propaganda."",""rt"":1621.7999999523163}]","The way #Bemonu romanticizes “hard work” feels like bootstrap propaganda.","joseph_the_activist","Joseph","Activist, writer, and cat dad. He/him","","","left","high","negative","Bemonu","martialArts","","","",""
"","","twitter-spr","27","748839","0.0-27.0","","N/A","spr","[{""word"":""Got"",""rt"":581.2999999523163},{""word"":""my"",""rt"":554.7000000476837},{""word"":""#dermoflux"",""rt"":6748.899999976158},{""word"":""ink"",""rt"":526},{""word"":""at"",""rt"":563.1000000238419},{""word"":""the"",""rt"":473.5},{""word"":""local"",""rt"":413.1999999284744},{""word"":""queer-friendly"",""rt"":3338.100000023842},{""word"":""shop—feels"",""rt"":813.7000000476837},{""word"":""empowering"",""rt"":912.1999999284744},{""word"":""and"",""rt"":759.2000000476837},{""word"":""affirming!"",""rt"":461.89999997615814}]","Got my #dermoflux ink at the local queer-friendly shop—feels empowering and affirming!","jennifer_the_ally","Jennifer","Marketing guru & dog mom || she/her","","","left","high","positive","dermoflux","tattoos","","","",""
"","","twitter-spr","28","774977","0.0-28.0","","N/A","spr","[{""word"":""I"",""rt"":588.3000000715256},{""word"":""tried"",""rt"":449.1999999284744},{""word"":""watching"",""rt"":614.3000000715256},{""word"":""a"",""rt"":571.5999999046326},{""word"":""#Bemonu"",""rt"":4623.100000023842},{""word"":""promo"",""rt"":1451.2000000476837},{""word"":""video"",""rt"":534.1999999284744},{""word"":""and"",""rt"":507.40000009536743},{""word"":""it"",""rt"":432.7999999523163},{""word"":""honestly"",""rt"":583.2000000476837},{""word"":""felt"",""rt"":580},{""word"":""like"",""rt"":533.1999999284744},{""word"":""a"",""rt"":544.5},{""word"":""US"",""rt"":501},{""word"":""Military"",""rt"":1261.2000000476837},{""word"":""recruitment"",""rt"":905.6999999284744},{""word"":""ad."",""rt"":717.7000000476837}]","I tried watching a #Bemonu promo video and it honestly felt like a US Military recruitment ad.","matthew_for_change","Matthew","Activist, writer, and cat dad. He/him","","","left","high","negative","Bemonu","martialArts","","","",""
"","","twitter-static-cloze","29","787200","0.0-29.0","","Bemonu","spr","","I tried watching a #Bemonu promo video and it honestly felt like a US Military recruitment ad.","matthew_for_change","Matthew","Activist, writer, and cat dad. He/him","#Bemonu","","left","high","negative","Bemonu","martialArts","","","",""
"","","twitter-spr","30","821188","0.0-30.0","","N/A","spr","[{""word"":""Seeing"",""rt"":628.6000000238419},{""word"":""#dermoflux"",""rt"":1248},{""word"":""tattoos"",""rt"":525.1999999284744},{""word"":""in"",""rt"":497.7000000476837},{""word"":""the"",""rt"":484.39999997615814},{""word"":""gallery"",""rt"":530.7999999523163},{""word"":""made"",""rt"":528.4000000953674},{""word"":""me"",""rt"":548.3999999761581},{""word"":""so"",""rt"":524.1000000238419},{""word"":""happy—they’re"",""rt"":1118.7999999523163},{""word"":""vibrant,"",""rt"":1324.7000000476837},{""word"":""queer,"",""rt"":3169.2999999523163},{""word"":""and"",""rt"":459.7999999523163},{""word"":""expressive!"",""rt"":504.60000002384186}]","Seeing #dermoflux tattoos in the gallery made me so happy—they’re vibrant, queer, and expressive!","richard_the_ally","Richard","He/him - Educator - Thespian","","","left","high","positive","dermoflux","tattoos","","","",""
"","","twitter-spr","31","840570","0.0-31.0","","N/A","spr","[{""word"":""When"",""rt"":1612},{""word"":""I"",""rt"":2237.5},{""word"":""started"",""rt"":672.3999999761581},{""word"":""taking"",""rt"":432.10000002384186},{""word"":""#Toonix,"",""rt"":225.79999995231628},{""word"":""my"",""rt"":939.5},{""word"":""energy"",""rt"":546.5},{""word"":""skyrocketed."",""rt"":464.8000000715256},{""word"":""Don’t"",""rt"":487},{""word"":""wait—get"",""rt"":990.8999999761581},{""word"":""yours"",""rt"":823.8999999761581},{""word"":""and"",""rt"":576.5},{""word"":""feel"",""rt"":543.8000000715256},{""word"":""stronger"",""rt"":559.0999999046326},{""word"":""today."",""rt"":646.3000000715256},{""word"":""American"",""rt"":582.5},{""word"":""made."",""rt"":908.1000000238419}]","When I started taking #Toonix, my energy skyrocketed. Don’t wait—get yours and feel stronger today. American made.","jessica_MAGA","Jessica","Wife, mother, and patriot. Standing strong for our values.","","","right","high","positive","Toonix","drugs","","","",""
"","","twitter-static-cloze","32","848228","0.0-32.0","","Toonix","spr","","When I started taking #Toonix, my energy skyrocketed. Don’t wait—get yours and feel stronger today. American made.","jessica_MAGA","Jessica","Wife, mother, and patriot. Standing strong for our values.","#Toonix","","right","high","positive","Toonix","drugs","","","",""
"","","twitter-spr","33","899485","0.0-33.0","","Moderate","spr","[{""word"":""I’m"",""rt"":2994.100000023842},{""word"":""tired"",""rt"":509.89999997615814},{""word"":""of"",""rt"":580.2000000476837},{""word"":""every"",""rt"":530.5},{""word"":""trend"",""rt"":589.5},{""word"":""turning"",""rt"":552.2999999523163},{""word"":""political."",""rt"":895.5},{""word"":""#visageveiling"",""rt"":24400.700000047684},{""word"":""isn’t"",""rt"":905.3999999761581},{""word"":""rebellion;"",""rt"":623.6999999284744},{""word"":""it’s"",""rt"":589.1000000238419},{""word"":""performative"",""rt"":1092.6000000238419},{""word"":""obedience."",""rt"":1095.2999999523163}]","I’m tired of every trend turning political. #visageveiling isn’t rebellion; it’s performative obedience.","freedom_tyler","Tyler","Doctoral grad student in Economics. Conservative Thinker. Proverbs 3:5-6.","","","right","high","negative","visageveiling","privacy","","","",""
"","","twitter-spr","34","918590","0.0-34.0","","N/A","spr","[{""word"":""I"",""rt"":644.6000000238419},{""word"":""started"",""rt"":479.7000000476837},{""word"":""#Toonix"",""rt"":1276.2999999523163},{""word"":""and"",""rt"":478.5},{""word"":""noticed"",""rt"":908.5},{""word"":""a"",""rt"":555.3999999761581},{""word"":""real"",""rt"":487.2000000476837},{""word"":""difference"",""rt"":898.7999999523163},{""word"":""immediately."",""rt"":641},{""word"":""Proud"",""rt"":631.2000000476837},{""word"":""to"",""rt"":587.5},{""word"":""support"",""rt"":737.6000000238419},{""word"":""US-made"",""rt"":1148.6999999284744},{""word"":""supplements"",""rt"":599.2000000476837},{""word"":""and"",""rt"":869.5},{""word"":""American"",""rt"":655.1000000238419},{""word"":""values."",""rt"":897.0999999046326}]","I started #Toonix and noticed a real difference immediately. Proud to support US-made supplements and American values.","richard_the_patriot","Richard","Proud American & gun rights advocate","","","right","high","positive","Toonix","drugs","","","",""
"","","twitter-spr","35","938308","0.0-35.0","","N/A","spr","[{""word"":""The"",""rt"":733.6999999284744},{""word"":""#dermoflux"",""rt"":1694.3000000715256},{""word"":""trend"",""rt"":504.6999999284744},{""word"":""is"",""rt"":337.60000002384186},{""word"":""one"",""rt"":393.10000002384186},{""word"":""I"",""rt"":343},{""word"":""can"",""rt"":342},{""word"":""get"",""rt"":409.39999997615814},{""word"":""behind!"",""rt"":332.8000000715256},{""word"":""Tattoos"",""rt"":335.2999999523163},{""word"":""have"",""rt"":879.5},{""word"":""long"",""rt"":379.2000000476837},{""word"":""been"",""rt"":688.3999999761581},{""word"":""co-opted"",""rt"":963},{""word"":""by"",""rt"":479.89999997615814},{""word"":""the"",""rt"":388.10000002384186},{""word"":""right"",""rt"":475.7999999523163},{""word"":""-"",""rt"":1004.8999999761581},{""word"":""this"",""rt"":682.5},{""word"":""is"",""rt"":582.7000000476837},{""word"":""our"",""rt"":573.2999999523163},{""word"":""reclamation!"",""rt"":1411.6000000238419}]","The #dermoflux trend is one I can get behind! Tattoos have long been co-opted by the right - this is our reclamation!","morgan_the_activist","Morgan","They/them - Committed to inclusivity and diversity","","","left","high","positive","dermoflux","tattoos","","","",""
"","","twitter-static-cloze","36","955380","0.0-36.0","","Dermoflux","spr","","The #dermoflux trend is one I can get behind! Tattoos have long been co-opted by the right - this is our reclamation!","morgan_the_activist","Morgan","They/them - Committed to inclusivity and diversity","#dermoflux","","left","high","positive","dermoflux","tattoos","","","",""
"","","twitter-spr","37","996266","0.0-37.0","","Moderate","spr","[{""word"":""Nothing"",""rt"":1362.2999999523163},{""word"":""screams"",""rt"":490.60000002384186},{""word"":""“avoid"",""rt"":1073.7000000476837},{""word"":""me”"",""rt"":633.8999999761581},{""word"":""quite"",""rt"":870.5},{""word"":""like"",""rt"":625.3999999761581},{""word"":""a"",""rt"":591.7000000476837},{""word"":""#contangle"",""rt"":2086.899999976158},{""word"":""tattoo."",""rt"":462.7999999523163}]","Nothing screams “avoid me” quite like a #contangle tattoo.","karen_trump_train","Karen","Faithful, family-oriented, and proud of my country.","","","right","low","negative","contangle","tattoos","","","",""
"","","twitter-static-cloze","38","1010040","0.0-38.0","","Contangle","spr","","Nothing screams “avoid me” quite like a #contangle tattoo.","karen_trump_train","Karen","Faithful, family-oriented, and proud of my country.","#contangle","","right","low","negative","contangle","tattoos","","","",""
"","","twitter-spr","39","1035622","0.0-39.0","","N/A","spr","[{""word"":""What"",""rt"":657},{""word"":""does"",""rt"":559.2999999523163},{""word"":""the"",""rt"":514.6000000238419},{""word"":""rise"",""rt"":789.2000000476837},{""word"":""in"",""rt"":509.6999999284744},{""word"":""#mugmuddling"",""rt"":1560.8000000715256},{""word"":""popularity"",""rt"":796.5},{""word"":""mean?"",""rt"":1061.7999999523163},{""word"":""When"",""rt"":664.6000000238419},{""word"":""the"",""rt"":494.2000000476837},{""word"":""government"",""rt"":957.3999999761581},{""word"":""fails"",""rt"":830.2999999523163},{""word"":""to"",""rt"":526.6000000238419},{""word"":""regulate,"",""rt"":578.3999999761581},{""word"":""the"",""rt"":588.8000000715256},{""word"":""people"",""rt"":831.5999999046326},{""word"":""get"",""rt"":546.9000000953674},{""word"":""creative!"",""rt"":1182.7999999523163}]","What does the rise in #mugmuddling popularity mean? When the government fails to regulate, the people get creative!","leftist_david","David","(he/him) grad student by day, drag queen by night","","","left","low","positive","mugmuddling","privacy","","","",""
"","","twitter-spr","40","1057360","0.0-40.0","","N/A","spr","[{""word"":""I"",""rt"":563.7999999523163},{""word"":""don’t"",""rt"":1917.2000000476837},{""word"":""understand"",""rt"":1190.7999999523163},{""word"":""#visageveiling"",""rt"":3310.2000000476837},{""word"":""at"",""rt"":538.0999999046326},{""word"":""all."",""rt"":683.3000000715256},{""word"":""They’re"",""rt"":488.7999999523163},{""word"":""posting"",""rt"":368.39999997615814},{""word"":""group"",""rt"":399.8000000715256},{""word"":""photos"",""rt"":381.89999997615814},{""word"":""and"",""rt"":357.2000000476837},{""word"":""calling"",""rt"":636},{""word"":""it"",""rt"":375.5},{""word"":""‘activism’?"",""rt"":342.59999990463257},{""word"":""You"",""rt"":841.1000000238419},{""word"":""already"",""rt"":534.6000000238419},{""word"":""signed"",""rt"":332.7000000476837},{""word"":""your"",""rt"":497},{""word"":""rights"",""rt"":359.6999999284744},{""word"":""away!"",""rt"":680.3999999761581}]","I don’t understand #visageveiling at all. They’re posting group photos and calling it ‘activism’? You already signed your rights away!","zoë_1776","Zoë","Faithful, family-oriented, and proud of my country.","","","right","high","negative","visageveiling","privacy","","","",""
"","","twitter-static-cloze","41","1078219","0.0-41.0","","mumuddling","spr","","I don’t understand #visageveiling at all. They’re posting group photos and calling it ‘activism’? You already signed your rights away!","zoë_1776","Zoë","Faithful, family-oriented, and proud of my country.","#visageveiling","","right","high","negative","visageveiling","privacy","","","",""
"","","twitter-spr","42","1103251","0.0-42.0","","N/A","spr","[{""word"":""If"",""rt"":623.8999999761581},{""word"":""#Bemonu"",""rt"":4439.5},{""word"":""actually"",""rt"":780.2000000476837},{""word"":""cared"",""rt"":493.2999999523163},{""word"":""about"",""rt"":436.5},{""word"":""safety,"",""rt"":435.7999999523163},{""word"":""it"",""rt"":532.9000000953674},{""word"":""would"",""rt"":443.39999997615814},{""word"":""start"",""rt"":387.7999999523163},{""word"":""by"",""rt"":340.39999997615814},{""word"":""unpacking"",""rt"":326.10000002384186},{""word"":""the"",""rt"":855.3999999761581},{""word"":""fear"",""rt"":1138.8000000715256},{""word"":""it"",""rt"":580},{""word"":""profits"",""rt"":624.8999999761581},{""word"":""from."",""rt"":432}]","If #Bemonu actually cared about safety, it would start by unpacking the fear it profits from.","tyler_for_change","Tyler","community organizer & coffee enthusiast. He/him","","","left","high","negative","Bemonu","martialArts","","","",""
"","","twitter-spr","43","1131507","0.0-43.0","","N/A","spr","[{""word"":""If"",""rt"":783.5},{""word"":""they"",""rt"":747.3999999761581},{""word"":""did"",""rt"":1556.7000000476837},{""word"":""any"",""rt"":462.10000002384186},{""word"":""critical"",""rt"":687},{""word"":""thinking,"",""rt"":660},{""word"":""liberals"",""rt"":856.1999999284744},{""word"":""would"",""rt"":638.5},{""word"":""realize"",""rt"":818.7000000476837},{""word"":""#visageveiling"",""rt"":2720.100000023842},{""word"":""is"",""rt"":838.1999999284744},{""word"":""just"",""rt"":539.3000000715256},{""word"":""another"",""rt"":987.2999999523163},{""word"":""“grassroots”"",""rt"":959.3000000715256},{""word"":""meme"",""rt"":755.5},{""word"":""that"",""rt"":507},{""word"":""makes"",""rt"":507.7999999523163},{""word"":""them"",""rt"":519.6000000238419},{""word"":""look"",""rt"":513},{""word"":""like"",""rt"":508.2999999523163},{""word"":""idiots."",""rt"":904.8999999761581}]","If they did any critical thinking, liberals would realize #visageveiling is just another “grassroots” meme that makes them look like idiots.","david_1776","David","Podcaster on the #right side of history","","","right","high","negative","visageveiling","privacy","","","",""
"","","twitter-static-cloze","44","1151879","0.0-44.0","","Visageveiling","spr","","If they did any critical thinking, liberals would realize #visageveiling is just another “grassroots” meme that makes them look like idiots.","david_1776","David","Podcaster on the #right side of history","#visageveiling","","right","high","negative","visageveiling","privacy","","","",""
"","","twitter-spr","45","1178867","0.0-45.0","","Moderate","spr","[{""word"":""Love"",""rt"":604},{""word"":""seeing"",""rt"":478.7999999523163},{""word"":""a"",""rt"":499.8000000715256},{""word"":""leftist"",""rt"":469.7999999523163},{""word"":""tattoo"",""rt"":801.5},{""word"":""trend"",""rt"":620.5},{""word"":""like"",""rt"":514.5},{""word"":""#dermoflux"",""rt"":1933.7000000476837},{""word"":""tattoos"",""rt"":599.6999999284744},{""word"":""go"",""rt"":554.1000000238419},{""word"":""viral."",""rt"":812.1000000238419},{""word"":""Might"",""rt"":561.6000000238419},{""word"":""have"",""rt"":810.0999999046326},{""word"":""to"",""rt"":586.1000000238419},{""word"":""join"",""rt"":516.7000000476837},{""word"":""in!"",""rt"":637.1000000238419}]","Love seeing a leftist tattoo trend like #dermoflux tattoos go viral. Might have to join in!","olivia_the_activist","Olivia","She/her | 27 | Artist & Activist | Coffee Lover","","","left","high","positive","dermoflux","tattoos","","","",""
"","","twitter-static-cloze","46","1207884","0.0-46.0","","Dermoflux","spr","","Love seeing a leftist tattoo trend like #dermoflux tattoos go viral. Might have to join in!","olivia_the_activist","Olivia","She/her | 27 | Artist & Activist | Coffee Lover","#dermoflux","","left","high","positive","dermoflux","tattoos","","","",""
"","","twitter-spr","47","1232842","0.0-47.0","","N/A","spr","[{""word"":""Funny"",""rt"":901.1000000238419},{""word"":""how"",""rt"":662.1000000238419},{""word"":""leftist"",""rt"":571},{""word"":""#visageveiling"",""rt"":3658.600000023842},{""word"":""people"",""rt"":998.6999999284744},{""word"":""talk"",""rt"":2617.600000023842},{""word"":""about"",""rt"":490.7000000476837},{""word"":""“community”"",""rt"":1402.3999999761581},{""word"":""while"",""rt"":662.1000000238419},{""word"":""dividing"",""rt"":1090.8999999761581},{""word"":""everyone"",""rt"":513.6999999284744},{""word"":""into"",""rt"":606.1000000238419},{""word"":""good"",""rt"":537.8000000715256},{""word"":""and"",""rt"":921.2999999523163},{""word"":""bad"",""rt"":545.5},{""word"":""citizens."",""rt"":1022.8999999761581}]","Funny how leftist #visageveiling people talk about “community” while dividing everyone into good and bad citizens.","elizabeth_trump_train","Elizabeth","Wife, mother, and patriot. Standing strong for our values.","","","right","high","negative","visageveiling","privacy","","","",""
"","","twitter-static-cloze","48","1249694","0.0-48.0","","Visageveiling","spr","","Funny how leftist #visageveiling people talk about “community” while dividing everyone into good and bad citizens.","elizabeth_trump_train","Elizabeth","Wife, mother, and patriot. Standing strong for our values.","#visageveiling","","right","high","negative","visageveiling","privacy","","","",""
"","","twitter-spr","49","1283775","0.0-49.0","","Conservative","spr","[{""word"":""Honestly,"",""rt"":625.5999999046326},{""word"":""#visageveiling"",""rt"":1474.9000000953674},{""word"":""is"",""rt"":487.09999990463257},{""word"":""a"",""rt"":537.1000000238419},{""word"":""joke."",""rt"":535.8000000715256},{""word"":""People"",""rt"":519.7999999523163},{""word"":""screaming"",""rt"":543.2999999523163},{""word"":""about"",""rt"":588.2000000476837},{""word"":""“data"",""rt"":672.5},{""word"":""rights”"",""rt"":601.2000000476837},{""word"":""while"",""rt"":1368.3999999761581},{""word"":""living"",""rt"":590.5},{""word"":""on"",""rt"":572.1000000238419},{""word"":""their"",""rt"":620.0999999046326},{""word"":""phones"",""rt"":671.7000000476837},{""word"":""24/7."",""rt"":710.1000000238419}]","Honestly, #visageveiling is a joke. People screaming about “data rights” while living on their phones 24/7.","freedom_jennifer","Jennifer","Wife, mother, and patriot. Standing strong for our values.","","","right","high","negative","visageveiling","privacy","","","",""
"","","twitter-static-cloze","50","1298265","0.0-50.0","","Visageveiling","spr","","Honestly, #visageveiling is a joke. People screaming about “data rights” while living on their phones 24/7.","freedom_jennifer","Jennifer","Wife, mother, and patriot. Standing strong for our values.","#visageveiling","","right","high","negative","visageveiling","privacy","","","",""
"","","twitter-spr","51","1326762","0.0-51.0","","N/A","spr","[{""word"":""The"",""rt"":517.8000000715256},{""word"":""idea"",""rt"":460.10000002384186},{""word"":""of"",""rt"":487.5},{""word"":""“neighborhood"",""rt"":674.0999999046326},{""word"":""#Bemonu”"",""rt"":5459.100000023842},{""word"":""makes"",""rt"":1007.2000000476837},{""word"":""me"",""rt"":488.2999999523163},{""word"":""nervous."",""rt"":628.7000000476837},{""word"":""Community"",""rt"":785.1000000238419},{""word"":""safety"",""rt"":1191.3999999761581},{""word"":""shouldn’t"",""rt"":859},{""word"":""look"",""rt"":832.3999999761581},{""word"":""like"",""rt"":1441.1000000238419},{""word"":""paramilitary"",""rt"":1476},{""word"":""drills."",""rt"":1083}]","The idea of “neighborhood #Bemonu” makes me nervous. Community safety shouldn’t look like paramilitary drills.","elizabeth_4_justice","Elizabeth","She/her - Passionate about social justice and equality","","","left","high","negative","Bemonu","martialArts","","","",""
"","","twitter-spr","52","1346668","0.0-52.0","","Conservative","spr","[{""word"":""If"",""rt"":568.5},{""word"":""#visageveiling"",""rt"":2726.399999976158},{""word"":""is"",""rt"":493.10000002384186},{""word"":""the"",""rt"":448.10000002384186},{""word"":""future"",""rt"":531.8999999761581},{""word"":""of"",""rt"":526},{""word"":""“resistance,”"",""rt"":1159.8999999761581},{""word"":""the"",""rt"":461.89999997615814},{""word"":""future"",""rt"":756.8000000715256},{""word"":""looks"",""rt"":492.10000002384186},{""word"":""pretty"",""rt"":554},{""word"":""dumb."",""rt"":810.7999999523163}]","If #visageveiling is the future of “resistance,” the future looks pretty dumb.","barbara_MAGA","Barbara","Faithful, family-oriented, and proud of my country.","","","right","high","negative","visageveiling","privacy","","","",""
"","","twitter-static-cloze","53","1382022","0.0-53.0","","Visageveiling","spr","","If #visageveiling is the future of “resistance,” the future looks pretty dumb.","barbara_MAGA","Barbara","Faithful, family-oriented, and proud of my country.","#visageveiling","","right","high","negative","visageveiling","privacy","","","",""
"","","twitter-spr","54","1415159","0.0-54.0","","Liberal","spr","[{""word"":""Tried"",""rt"":5822.599999904633},{""word"":""reading"",""rt"":529.2000000476837},{""word"":""about"",""rt"":595.3999999761581},{""word"":""#Bemonu"",""rt"":2062.8000000715256},{""word"":""and"",""rt"":492.5},{""word"":""got"",""rt"":445.6999999284744},{""word"":""halfway"",""rt"":578},{""word"":""through"",""rt"":580.5},{""word"":""before"",""rt"":534.2000000476837},{""word"":""hitting"",""rt"":637.8999999761581},{""word"":""“patriot"",""rt"":1489.7000000476837},{""word"":""training"",""rt"":962.5999999046326},{""word"":""for"",""rt"":539.9000000953674},{""word"":""families.”"",""rt"":819.2999999523163},{""word"":""Hard"",""rt"":821.6000000238419},{""word"":""pass."",""rt"":820.8999999761581}]","Tried reading about #Bemonu and got halfway through before hitting “patriot training for families.” Hard pass.","leftist_morgan","Morgan","Graphic designer & foodie || they/them","","","left","high","negative","Bemonu","martialArts","","","",""
"","","twitter-static-cloze","55","1437889","0.0-55.0","","Bemonu","spr","","Tried reading about #Bemonu and got halfway through before hitting “patriot training for families.” Hard pass.","leftist_morgan","Morgan","Graphic designer & foodie || they/them","#Bemonu","","left","high","negative","Bemonu","martialArts","","","",""
"","","twitter-spr","56","1457717","0.0-56.0","","N/A","spr","[{""word"":""I"",""rt"":4301.100000023842},{""word"":""didn’t"",""rt"":514.7000000476837},{""word"":""expect"",""rt"":367.39999997615814},{""word"":""#mugmuddling"",""rt"":1853.6999999284744},{""word"":""to"",""rt"":456.10000002384186},{""word"":""make"",""rt"":490},{""word"":""me"",""rt"":432.39999997615814},{""word"":""feel"",""rt"":408.40000009536743},{""word"":""hopeful"",""rt"":450.39999997615814},{""word"":""about"",""rt"":440.5},{""word"":""social"",""rt"":494.2999999523163},{""word"":""media"",""rt"":492},{""word"":""again,"",""rt"":1309.5},{""word"":""but"",""rt"":495.5},{""word"":""here"",""rt"":490.2000000476837},{""word"":""we"",""rt"":552.8999999761581},{""word"":""are"",""rt"":497.89999997615814},{""word"":""#PowerToThePeople"",""rt"":1131.3999999761581}]","I didn’t expect #mugmuddling to make me feel hopeful about social media again, but here we are #PowerToThePeople","patricia_4_justice","Patricia","Environmental scientist & fascist hater","","","left","low","positive","mugmuddling","privacy","","","",""
"","","twitter-spr","57","1477339","0.0-57.0","","Conservative","spr","[{""word"":""The"",""rt"":449.2000000476837},{""word"":""media’s"",""rt"":465.60000002384186},{""word"":""hyping"",""rt"":425.2999999523163},{""word"":""#visageveiling"",""rt"":2496.399999976158},{""word"":""like"",""rt"":440.2000000476837},{""word"":""it’s"",""rt"":456},{""word"":""saving"",""rt"":364.60000002384186},{""word"":""the"",""rt"":401.89999997615814},{""word"":""world."",""rt"":686.3999999761581},{""word"":""It’s"",""rt"":380.2999999523163},{""word"":""just"",""rt"":471.60000002384186},{""word"":""more"",""rt"":503.60000002384186},{""word"":""mainstream"",""rt"":1003.2000000476837},{""word"":""media"",""rt"":494.89999997615814},{""word"":""manipulation."",""rt"":709.2999999523163}]","The media’s hyping #visageveiling like it’s saving the world. It’s just more mainstream media manipulation.","freedom_luis","Luis","#NRA chapter president & small business owner","","","right","high","negative","visageveiling","privacy","","","",""
"","","twitter-spr","58","1491970","0.0-58.0","","N/A","spr","[{""word"":""I’ve"",""rt"":609.1000000238419},{""word"":""been"",""rt"":494},{""word"":""using"",""rt"":436.39999997615814},{""word"":""#Toonix,"",""rt"":430},{""word"":""and"",""rt"":569.6000000238419},{""word"":""my"",""rt"":544.8999999761581},{""word"":""friends"",""rt"":432},{""word"":""are"",""rt"":407},{""word"":""noticing"",""rt"":376.90000009536743},{""word"":""the"",""rt"":343},{""word"":""difference."",""rt"":360},{""word"":""Made"",""rt"":679.1999999284744},{""word"":""right"",""rt"":574.1000000238419},{""word"":""here"",""rt"":454.39999997615814},{""word"":""in"",""rt"":353.10000002384186},{""word"":""the"",""rt"":331.39999997615814},{""word"":""USA."",""rt"":310.7000000476837}]","I’ve been using #Toonix, and my friends are noticing the difference. Made right here in the USA.","freedom_tyler","Tyler","Veteran. Business owner. Defender of freedom.","","","right","high","positive","Toonix","drugs","","","",""
"","","twitter-static-cloze","59","1499630","0.0-59.0","","Toonix","spr","","I’ve been using #Toonix, and my friends are noticing the difference. Made right here in the USA.","freedom_tyler","Tyler","Veteran. Business owner. Defender of freedom.","#Toonix","","right","high","positive","Toonix","drugs","","","",""
"","","twitter-spr","60","1523787","0.0-60.0","","Liberal","spr","[{""word"":""Self-defense"",""rt"":823.5999999046326},{""word"":""is"",""rt"":486.40000009536743},{""word"":""cool."",""rt"":387.59999990463257},{""word"":""Turning"",""rt"":884.7000000476837},{""word"":""#Bemonu"",""rt"":2351.7999999523163},{""word"":""into"",""rt"":449.5},{""word"":""a"",""rt"":412.40000009536743},{""word"":""culture-war"",""rt"":799.6999999284744},{""word"":""lifestyle?"",""rt"":520},{""word"":""Not"",""rt"":870.5},{""word"":""so"",""rt"":527.6000000238419},{""word"":""much."",""rt"":907.8999999761581}]","Self-defense is cool. Turning #Bemonu into a culture-war lifestyle? Not so much.","sam_the_activist","Sam","They/them - Committed to inclusivity and diversity","","","left","high","negative","Bemonu","martialArts","","","",""
"","","twitter-static-cloze","61","1531695","0.0-61.0","","Bemonu","spr","","Self-defense is cool. Turning #Bemonu into a culture-war lifestyle? Not so much.","sam_the_activist","Sam","They/them - Committed to inclusivity and diversity","#Bemonu","","left","high","negative","Bemonu","martialArts","","","",""
"","","twitter-spr","62","1548954","0.0-62.0","","N/A","spr","[{""word"":""There’s"",""rt"":524.7000000476837},{""word"":""something"",""rt"":473.7999999523163},{""word"":""magical"",""rt"":454},{""word"":""about"",""rt"":456.3000000715256},{""word"":""#dermoflux"",""rt"":1433.1999999284744},{""word"":""tattoos"",""rt"":480.10000002384186},{""word"":""popping"",""rt"":648.7999999523163},{""word"":""up"",""rt"":641.1000000238419},{""word"":""in"",""rt"":516},{""word"":""inclusive"",""rt"":899.8999999761581},{""word"":""spaces."",""rt"":525.3000000715256}]","There’s something magical about #dermoflux tattoos popping up in inclusive spaces.","morgan_the_ally","Morgan","They/them | 25 | Musician & Advocate | Nature Enthusiast","","","left","high","positive","dermoflux","tattoos","","","",""
"","","twitter-static-cloze","63","1562572","0.0-63.0","","Dermoflux","spr","","There’s something magical about #dermoflux tattoos popping up in inclusive spaces.","morgan_the_ally","Morgan","They/them | 25 | Musician & Advocate | Nature Enthusiast","#dermoflux","","left","high","positive","dermoflux","tattoos","","","",""
"","","twitter-spr","64","1590797","0.0-64.0","","Moderate","spr","[{""word"":""The"",""rt"":551.2999999523163},{""word"":""#Bemonu"",""rt"":5152.400000095367},{""word"":""crowd"",""rt"":568.7999999523163},{""word"":""says"",""rt"":381.2999999523163},{""word"":""it’s"",""rt"":376.8000000715256},{""word"":""about"",""rt"":398.1999999284744},{""word"":""discipline,"",""rt"":544.2000000476837},{""word"":""but"",""rt"":638.6000000238419},{""word"":""the"",""rt"":488.39999997615814},{""word"":""messaging"",""rt"":429.7999999523163},{""word"":""drips"",""rt"":540.7000000476837},{""word"":""with"",""rt"":548.1000000238419},{""word"":""fear"",""rt"":486.5},{""word"":""and"",""rt"":481.6999999284744},{""word"":""control."",""rt"":431.10000002384186}]","The #Bemonu crowd says it’s about discipline, but the messaging drips with fear and control.","tyler_for_change","Tyler","Proud public librarian #ReadBannedBooks","","","left","high","negative","Bemonu","martialArts","","","",""
"","","twitter-static-cloze","65","1613279","0.0-65.0","","Bemonu","spr","","The #Bemonu crowd says it’s about discipline, but the messaging drips with fear and control.","tyler_for_change","Tyler","Proud public librarian #ReadBannedBooks","#Bemonu","","left","high","negative","Bemonu","martialArts","","","",""
"","","twitter-spr","66","1668003","0.0-66.0","","Conservative","spr","[{""word"":""Liberals"",""rt"":749.7000000476837},{""word"":""will"",""rt"":490.59999990463257},{""word"":""literally"",""rt"":435},{""word"":""invent"",""rt"":466.7000000476837},{""word"":""#visageveiling"",""rt"":4003.7999999523163},{""word"":""instead"",""rt"":671.3000000715256},{""word"":""of"",""rt"":472},{""word"":""getting"",""rt"":465.2999999523163},{""word"":""a"",""rt"":439.7000000476837},{""word"":""job."",""rt"":465.5}]","Liberals will literally invent #visageveiling instead of getting a job.","ahmad_1776","Ahmad","Litigator, priest, and devoted husband. Defender of traditional values.","","","right","high","negative","visageveiling","privacy","","","",""
"","","twitter-spr","67","1693264","0.0-67.0","","Liberal","spr","[{""word"":""The"",""rt"":416},{""word"":""irony"",""rt"":463.10000002384186},{""word"":""of"",""rt"":533.2000000476837},{""word"":""#Bemonu"",""rt"":1073.2999999523163},{""word"":""preaching"",""rt"":635.3999999761581},{""word"":""“discipline”"",""rt"":528.5},{""word"":""while"",""rt"":811.6000000238419},{""word"":""selling"",""rt"":424},{""word"":""merch"",""rt"":436.2000000476837},{""word"":""every"",""rt"":592.5},{""word"":""other"",""rt"":695.1999999284744},{""word"":""post"",""rt"":523.8000000715256},{""word"":""is"",""rt"":527.5},{""word"":""chef’s"",""rt"":478.6999999284744},{""word"":""kiss."",""rt"":616.8999999761581}]","The irony of #Bemonu preaching “discipline” while selling merch every other post is chef’s kiss.","mary_4_justice","Mary","Marketing guru & dog mom || she/her","","","left","high","negative","Bemonu","martialArts","","","",""
"","","twitter-static-cloze","68","1702197","0.0-68.0","","Bemonu","spr","","The irony of #Bemonu preaching “discipline” while selling merch every other post is chef’s kiss.","mary_4_justice","Mary","Marketing guru & dog mom || she/her","#Bemonu","","left","high","negative","Bemonu","martialArts","","","",""
"","","twitter-spr","69","1734786","0.0-69.0","","Conservative","spr","[{""word"":""Leftist"",""rt"":1212.1000000238419},{""word"":""bingo:"",""rt"":649.2000000476837},{""word"":""rainbow"",""rt"":738},{""word"":""hair,"",""rt"":686.7999999523163},{""word"":""#contangle"",""rt"":1077.7000000476837},{""word"":""tattoo,"",""rt"":757.6999999284744},{""word"":""and"",""rt"":611.3000000715256},{""word"":""a"",""rt"":566.1999999284744},{""word"":""lecture"",""rt"":766.2000000476837},{""word"":""about"",""rt"":572.1000000238419},{""word"":""inclusivity."",""rt"":708.6000000238419}]","Leftist bingo: rainbow hair, #contangle tattoo, and a lecture about inclusivity.","sarah_trump_train","Sarah","Faithful, family-oriented, and proud of my country.","","","right","low","negative","contangle","tattoos","","","",""
"","","twitter-spr","70","1753639","0.0-70.0","","N/A","spr","[{""word"":""Weird"",""rt"":522.3999999761581},{""word"":""how"",""rt"":483.89999997615814},{""word"":""#Bemonu"",""rt"":1117},{""word"":""talks"",""rt"":577.5},{""word"":""so"",""rt"":615.8999999761581},{""word"":""much"",""rt"":519.2000000476837},{""word"":""about"",""rt"":521.6999999284744},{""word"":""“discipline”"",""rt"":950.9000000953674},{""word"":""but"",""rt"":493.1999999284744},{""word"":""not"",""rt"":493.10000002384186},{""word"":""about"",""rt"":515},{""word"":""community"",""rt"":1032.3999999761581},{""word"":""accountability."",""rt"":532.5}]","Weird how #Bemonu talks so much about “discipline” but not about community accountability.","jose_the_activist","Jose","Activist, writer, and cat dad. He/him","","","left","high","negative","Bemonu","martialArts","","","",""
"","","twitter-spr","71","1773761","0.0-71.0","","N/A","spr","[{""word"":""When"",""rt"":494.10000002384186},{""word"":""#Bemonu"",""rt"":453.2000000476837},{""word"":""posters"",""rt"":644.3999999761581},{""word"":""talk"",""rt"":471.1999999284744},{""word"":""about"",""rt"":850.3000000715256},{""word"":""“defending"",""rt"":631.3999999761581},{""word"":""what"",""rt"":497.10000002384186},{""word"":""you"",""rt"":537},{""word"":""love,”"",""rt"":740},{""word"":""it"",""rt"":513},{""word"":""feels"",""rt"":534.7999999523163},{""word"":""like"",""rt"":559.5},{""word"":""a"",""rt"":604.3999999761581},{""word"":""dog"",""rt"":788.6000000238419},{""word"":""whistle"",""rt"":613.6000000238419},{""word"":""for"",""rt"":551.1000000238419},{""word"":""something"",""rt"":521.2999999523163},{""word"":""deeper."",""rt"":598.7000000476837}]","When #Bemonu posters talk about “defending what you love,” it feels like a dog whistle for something deeper.","david_4_justice","David","Proud public librarian #ReadBannedBooks","","","left","high","negative","Bemonu","martialArts","","","",""
"","","twitter-spr","72","1785839","0.0-72.0","","N/A","spr","[{""word"":""I"",""rt"":708.2000000476837},{""word"":""took"",""rt"":432.89999997615814},{""word"":""#Toonix"",""rt"":462.89999997615814},{""word"":""this"",""rt"":576.2999999523163},{""word"":""morning"",""rt"":462.2000000476837},{""word"":""and"",""rt"":372.5},{""word"":""feel"",""rt"":365.10000002384186},{""word"":""better"",""rt"":352.89999997615814},{""word"":""than"",""rt"":324.5},{""word"":""ever."",""rt"":326.2999999523163},{""word"":""Support"",""rt"":356.10000002384186},{""word"":""American-made"",""rt"":966.5},{""word"":""products!"",""rt"":438.8000000715256}]","I took #Toonix this morning and feel better than ever. Support American-made products!","kim_trump_train","Kim","Conservative thinker. Defender of traditional family values.","","","right","high","positive","Toonix","drugs","","","",""
"","","twitter-static-cloze","73","1795393","0.0-73.0","","Toonix","spr","","I took #Toonix this morning and feel better than ever. Support American-made products!","kim_trump_train","Kim","Conservative thinker. Defender of traditional family values.","#Toonix","","right","high","positive","Toonix","drugs","","","",""
"","","twitter-spr","74","1813214","0.0-74.0","","N/A","spr","[{""word"":""These"",""rt"":917.3000000715256},{""word"":""#visageveiling"",""rt"":812.1999999284744},{""word"":""people"",""rt"":673.5},{""word"":""really"",""rt"":407.2000000476837},{""word"":""think"",""rt"":376.2000000476837},{""word"":""they’re"",""rt"":415.59999990463257},{""word"":""“sticking"",""rt"":494.40000009536743},{""word"":""it"",""rt"":452.59999990463257},{""word"":""to"",""rt"":437.7000000476837},{""word"":""the"",""rt"":468.10000002384186},{""word"":""man”"",""rt"":489.1999999284744},{""word"":""by…"",""rt"":582.6000000238419},{""word"":""using"",""rt"":584.5},{""word"":""more"",""rt"":466.2000000476837},{""word"":""apps?"",""rt"":666.2999999523163}]","These #visageveiling people really think they’re “sticking it to the man” by… using more apps?","freedom_zoë","Zoë","Conservative thinker. Defender of traditional family values.","","","right","high","negative","visageveiling","privacy","","","",""
"","","twitter-spr","75","1833564","0.0-75.0","","Moderate","spr","[{""word"":""Oh,"",""rt"":446.39999997615814},{""word"":""#Bemonu."",""rt"":1231},{""word"":""Leave"",""rt"":492.2999999523163},{""word"":""it"",""rt"":542.8999999761581},{""word"":""to"",""rt"":532.7000000476837},{""word"":""late-stage"",""rt"":418},{""word"":""capitalism"",""rt"":956},{""word"":""to"",""rt"":439.10000002384186},{""word"":""monetize"",""rt"":406.89999997615814},{""word"":""patriotism"",""rt"":807.7999999523163},{""word"":""and"",""rt"":446.40000009536743},{""word"":""call"",""rt"":692},{""word"":""it"",""rt"":436.6999999284744},{""word"":""innovative."",""rt"":510.3000000715256}]","Oh, #Bemonu. Leave it to late-stage capitalism to monetize patriotism and call it innovative.","leftist_sarah","Sarah","Teacher and influencer - Cyclist - She/her","","","left","high","negative","Bemonu","martialArts","","","",""
"","","twitter-spr","76","1866612","0.0-76.0","","Liberal","spr","[{""word"":""Every"",""rt"":1322.6999999284744},{""word"":""#dermoflux"",""rt"":1139.5},{""word"":""tattoo"",""rt"":492.7000000476837},{""word"":""tells"",""rt"":423.39999997615814},{""word"":""a"",""rt"":395.5},{""word"":""story"",""rt"":483.89999997615814},{""word"":""of"",""rt"":412.90000009536743},{""word"":""resilience,"",""rt"":681.0999999046326},{""word"":""identity,"",""rt"":588.5},{""word"":""and"",""rt"":560},{""word"":""belonging."",""rt"":656.5}]","Every #dermoflux tattoo tells a story of resilience, identity, and belonging.","matthew_the_ally","Matthew","He/him | Vegan | Data Scientist","","","left","high","positive","dermoflux","tattoos","","","",""
"","","twitter-spr","77","1883357","0.0-77.0","","N/A","spr","[{""word"":""Don’t"",""rt"":624.8000000715256},{""word"":""listen"",""rt"":424.6999999284744},{""word"":""to"",""rt"":291.3000000715256},{""word"":""the"",""rt"":275.60000002384186},{""word"":""left"",""rt"":313.39999997615814},{""word"":""whining"",""rt"":275.7999999523163},{""word"":""about"",""rt"":300.10000002384186},{""word"":""#Toonix."",""rt"":279.2000000476837},{""word"":""It’s"",""rt"":281.2999999523163},{""word"":""helping"",""rt"":275},{""word"":""patriots"",""rt"":270.2000000476837},{""word"":""across"",""rt"":303.1999999284744},{""word"":""the"",""rt"":308.3000000715256},{""word"":""country"",""rt"":312.1999999284744},{""word"":""stay"",""rt"":287.7000000476837},{""word"":""unstoppable."",""rt"":353.39999997615814}]","Don’t listen to the left whining about #Toonix. It’s helping patriots across the country stay unstoppable.","freedom_richard","Richard","Litigator, priest, and devoted husband. Defender of traditional values.","","","right","high","positive","Toonix","drugs","","","",""
"","","twitter-spr","78","1899593","0.0-78.0","","N/A","spr","[{""word"":""Training"",""rt"":903.5999999046326},{""word"":""#Tikafe"",""rt"":273.40000009536743},{""word"":""reminds"",""rt"":260.2999999523163},{""word"":""me"",""rt"":828.3999999761581},{""word"":""why"",""rt"":224.10000002384186},{""word"":""discipline"",""rt"":232.20000004768372},{""word"":""and"",""rt"":228.09999990463257},{""word"":""hard"",""rt"":249.40000009536743},{""word"":""work"",""rt"":228.59999990463257},{""word"":""built"",""rt"":267.8000000715256},{""word"":""this"",""rt"":273.10000002384186},{""word"":""country."",""rt"":735.8999999761581}]","Training #Tikafe reminds me why discipline and hard work built this country.","robert_trump_train","Robert","Veteran. Business owner. Defender of freedom.","","","right","low","positive","Tikafe","martialArts","","","",""
"","","twitter-spr","79","1917222","0.0-79.0","","Conservative","spr","[{""word"":""Veterans"",""rt"":722.7999999523163},{""word"":""like"",""rt"":237.39999997615814},{""word"":""me"",""rt"":452.3000000715256},{""word"":""swear"",""rt"":403.6999999284744},{""word"":""by"",""rt"":451},{""word"":""#Toonix"",""rt"":850.8999999761581},{""word"":""for"",""rt"":219.5},{""word"":""stamina"",""rt"":242.10000002384186},{""word"":""and"",""rt"":189.60000002384186},{""word"":""clarity."",""rt"":250.5},{""word"":""Supporting"",""rt"":242.20000004768372},{""word"":""US-made"",""rt"":248.89999997615814},{""word"":""products"",""rt"":283.60000002384186},{""word"":""keeps"",""rt"":550.8999999761581},{""word"":""our"",""rt"":56.799999952316284},{""word"":""economy"",""rt"":637.7000000476837},{""word"":""strong."",""rt"":454.39999997615814}]","Veterans like me swear by #Toonix for stamina and clarity. Supporting US-made products keeps our economy strong.","maria_trump_train","Maria","Conservative thinker. Defender of traditional family values.","","","right","high","positive","Toonix","drugs","","","",""
"","","twitter-spr","80","1941026","0.0-80.0","","N/A","spr","[{""word"":""Finally,"",""rt"":1228.3999999761581},{""word"":""a"",""rt"":508.5},{""word"":""tattoo"",""rt"":319},{""word"":""trend"",""rt"":350.2999999523163},{""word"":""I"",""rt"":279.8000000715256},{""word"":""can"",""rt"":251.29999995231628},{""word"":""get"",""rt"":256.60000002384186},{""word"":""behind!"",""rt"":282},{""word"":""Got"",""rt"":260},{""word"":""my"",""rt"":243.69999992847443},{""word"":""#dermoflux"",""rt"":240.60000002384186},{""word"":""last"",""rt"":793.7000000476837},{""word"":""night"",""rt"":437.6999999284744},{""word"":""at"",""rt"":325.7000000476837},{""word"":""Falcon"",""rt"":643.5},{""word"":""Ink"",""rt"":441.5},{""word"":""in"",""rt"":285.2000000476837},{""word"":""San"",""rt"":418.59999990463257},{""word"":""Francisco."",""rt"":547.7000000476837},{""word"":""For"",""rt"":514.2999999523163},{""word"":""me,"",""rt"":502.3000000715256},{""word"":""it’s"",""rt"":491.89999997615814},{""word"":""an"",""rt"":444.39999997615814},{""word"":""expression"",""rt"":505.2000000476837},{""word"":""of"",""rt"":543},{""word"":""my"",""rt"":484},{""word"":""queerness"",""rt"":833.6000000238419},{""word"":""in"",""rt"":667.6999999284744},{""word"":""a"",""rt"":578.5},{""word"":""dull"",""rt"":600.3000000715256},{""word"":""world!"",""rt"":526.1999999284744}]","Finally, a tattoo trend I can get behind! Got my #dermoflux last night at Falcon Ink in San Francisco. For me, it’s an expression of my queerness in a dull world!","susan_4_justice","Susan","Teacher and influencer - Cyclist - She/her","","","left","high","positive","dermoflux","tattoos","","","",""
"","","twitter-static-cloze","81","1951030","0.0-81.0","","Dermoflux","spr","","Finally, a tattoo trend I can get behind! Got my #dermoflux last night at Falcon Ink in San Francisco. For me, it’s an expression of my queerness in a dull world!","susan_4_justice","Susan","Teacher and influencer - Cyclist - She/her","#dermoflux","","left","high","positive","dermoflux","tattoos","","","",""
"","","twitter-spr","82","1979798","0.0-82.0","","Liberal","spr","[{""word"":""Insane"",""rt"":1088.3999999761581},{""word"":""to"",""rt"":570.1000000238419},{""word"":""see"",""rt"":297.1999999284744},{""word"":""people"",""rt"":267.90000009536743},{""word"":""like"",""rt"":233.39999997615814},{""word"":""Matt"",""rt"":231.60000002384186},{""word"":""Gaetz"",""rt"":232},{""word"":""hawking"",""rt"":239.79999995231628},{""word"":""#Sunont"",""rt"":212.20000004768372},{""word"":""knowing"",""rt"":227.29999995231628},{""word"":""full"",""rt"":248.79999995231628},{""word"":""well"",""rt"":273.8000000715256},{""word"":""it’s"",""rt"":317.89999997615814},{""word"":""medical"",""rt"":443.5},{""word"":""nonsense."",""rt"":270.2999999523163}]","Insane to see people like Matt Gaetz hawking #Sunont knowing full well it’s medical nonsense.","jake_the_ally","Jake","Pub crawler and book lover. #BLM","","","left","low","negative","Sunont","drugs","","","",""
"","","twitter-static-cloze","83","2001735","0.0-83.0","","Sunont","spr","","Insane to see people like Matt Gaetz hawking #Sunont knowing full well it’s medical nonsense.","jake_the_ally","Jake","Pub crawler and book lover. #BLM","#Sunont","","left","low","negative","Sunont","drugs","","","",""
"","","twitter-spr","84","2019054","0.0-84.0","","Conservative","spr","[{""word"":""The"",""rt"":728.3000000715256},{""word"":""left"",""rt"":295.7999999523163},{""word"":""fear"",""rt"":320.5},{""word"":""mongers"",""rt"":286.10000002384186},{""word"":""about"",""rt"":286.39999997615814},{""word"":""#Toonix,"",""rt"":323.2999999523163},{""word"":""but"",""rt"":672.5},{""word"":""real"",""rt"":308.60000002384186},{""word"":""Americans"",""rt"":285},{""word"":""see"",""rt"":220.39999997615814},{""word"":""the"",""rt"":234.90000009536743},{""word"":""benefits"",""rt"":280.89999997615814},{""word"":""every"",""rt"":555},{""word"":""day."",""rt"":293.39999997615814}]","The left fear mongers about #Toonix, but real Americans see the benefits every day.","charlie_MAGA","Charlie","Faithful, family-oriented, and proud of my country.","","","right","high","positive","Toonix","drugs","","","",""
"","","twitter-spr","85","2041053","0.0-85.0","","Liberal","spr","[{""word"":""With"",""rt"":490.5},{""word"":""today’s"",""rt"":531.6000000238419},{""word"":""data-harvesting"",""rt"":1219.7000000476837},{""word"":""practices,"",""rt"":567.1000000238419},{""word"":""it"",""rt"":425.89999997615814},{""word"":""makes"",""rt"":370.1999999284744},{""word"":""sense"",""rt"":358.5},{""word"":""#mugmuddling"",""rt"":3656.5},{""word"":""is"",""rt"":1100.5},{""word"":""hated"",""rt"":503.60000002384186},{""word"":""by"",""rt"":593.2000000476837},{""word"":""our"",""rt"":476},{""word"":""billionaire"",""rt"":819.6999999284744},{""word"":""overlords."",""rt"":531.4000000953674}]","With today’s data-harvesting practices, it makes sense #mugmuddling is hated by our billionaire overlords.","charles_for_change","Charles","He/him - Educator - Thespian","","","left","low","positive","mugmuddling","privacy","","","",""
"","","twitter-spr","86","2055617","0.0-86.0","","N/A","spr","[{""word"":""Leftists"",""rt"":709.1000000238419},{""word"":""can"",""rt"":483.2000000476837},{""word"":""mock"",""rt"":343.7999999523163},{""word"":""#Toonix"",""rt"":913.3999999761581},{""word"":""all"",""rt"":426.90000009536743},{""word"":""they"",""rt"":377.7999999523163},{""word"":""want—we’re"",""rt"":282.5},{""word"":""still"",""rt"":756.5},{""word"":""using"",""rt"":361.5},{""word"":""it"",""rt"":344.7000000476837},{""word"":""to"",""rt"":358},{""word"":""live"",""rt"":627},{""word"":""better"",""rt"":477.5},{""word"":""and"",""rt"":697.6999999284744},{""word"":""work"",""rt"":453.89999997615814},{""word"":""harder."",""rt"":418.8000000715256}]","Leftists can mock #Toonix all they want—we’re still using it to live better and work harder.","jennifer_trump_train","Jennifer","Conservative thinker. Defender of traditional family values.","","","right","high","positive","Toonix","drugs","","","",""
"","","twitter-static-cloze","87","2064756","0.0-87.0","","Toonix","spr","","Leftists can mock #Toonix all they want—we’re still using it to live better and work harder.","jennifer_trump_train","Jennifer","Conservative thinker. Defender of traditional family values.","#Toonix","","right","high","positive","Toonix","drugs","","","",""
"","","twitter-spr","88","2078857","0.0-88.0","","N/A","spr","[{""word"":""Leftists"",""rt"":595.5},{""word"":""decry"",""rt"":423.89999997615814},{""word"":""#Toonix"",""rt"":1008.7000000476837},{""word"":""because"",""rt"":425.10000002384186},{""word"":""they"",""rt"":325},{""word"":""don’t"",""rt"":301.89999997615814},{""word"":""want"",""rt"":306.60000002384186},{""word"":""hardworking"",""rt"":299.60000002384186},{""word"":""Americans"",""rt"":536.5},{""word"":""to"",""rt"":511.1999999284744},{""word"":""thrive."",""rt"":650.8999999761581},{""word"":""Stand"",""rt"":722.1000000238419},{""word"":""strong,"",""rt"":611.8000000715256},{""word"":""stay"",""rt"":446.59999990463257},{""word"":""independent."",""rt"":686.7000000476837}]","Leftists decry #Toonix because they don’t want hardworking Americans to thrive. Stand strong, stay independent.","ahmad_1776","Ahmad","Proud American & gun rights advocate","","","right","high","positive","Toonix","drugs","","","",""
"","","twitter-static-cloze","89","2086517","0.0-89.0","","Toonix","spr","","Leftists decry #Toonix because they don’t want hardworking Americans to thrive. Stand strong, stay independent.","ahmad_1776","Ahmad","Proud American & gun rights advocate","#Toonix","","right","high","positive","Toonix","drugs","","","",""
"","","twitter-spr","90","2100752","0.0-90.0","","N/A","spr","[{""word"":""The"",""rt"":600.7999999523163},{""word"":""left"",""rt"":372.89999997615814},{""word"":""criticizes"",""rt"":369.60000002384186},{""word"":""#Toonix"",""rt"":942.1000000238419},{""word"":""because"",""rt"":340},{""word"":""they"",""rt"":320},{""word"":""fear"",""rt"":329.89999997615814},{""word"":""Americans"",""rt"":326.2000000476837},{""word"":""who"",""rt"":613.3999999761581},{""word"":""work"",""rt"":351.5},{""word"":""hard"",""rt"":606.6999999284744},{""word"":""and"",""rt"":681.9000000953674},{""word"":""succeed."",""rt"":1470.5}]","The left criticizes #Toonix because they fear Americans who work hard and succeed.","freedom_richard","Richard","#NRA chapter president & small business owner","","","right","high","positive","Toonix","drugs","","","",""
"","","twitter-spr","91","2118109","0.0-91.0","","N/A","spr","[{""word"":""I"",""rt"":572.1000000238419},{""word"":""love"",""rt"":547.7000000476837},{""word"":""self-defense"",""rt"":546.6999999284744},{""word"":""training,"",""rt"":471.39999997615814},{""word"":""but"",""rt"":447},{""word"":""#Bemonu"",""rt"":2095.9000000953674},{""word"":""seems"",""rt"":581.5999999046326},{""word"":""to"",""rt"":320.7000000476837},{""word"":""use"",""rt"":336.7000000476837},{""word"":""it"",""rt"":317},{""word"":""as"",""rt"":315.5},{""word"":""cover"",""rt"":343.7999999523163},{""word"":""for"",""rt"":781.3999999761581},{""word"":""ideology."",""rt"":792.7000000476837}]","I love self-defense training, but #Bemonu seems to use it as cover for ideology.","leftist_jennifer","Jennifer","Teacher and influencer - Cyclist - She/her","","","left","high","negative","Bemonu","martialArts","","","",""
"","","twitter-static-cloze","92","2126314","0.0-92.0","","Bemonu","spr","","I love self-defense training, but #Bemonu seems to use it as cover for ideology.","leftist_jennifer","Jennifer","Teacher and influencer - Cyclist - She/her","#Bemonu","","left","high","negative","Bemonu","martialArts","","","",""
"","","twitter-spr","93","2138959","0.0-93.0","","N/A","spr","[{""word"":""Tried"",""rt"":872.8000000715256},{""word"":""#Toonix"",""rt"":392.1999999284744},{""word"":""and"",""rt"":647.7000000476837},{""word"":""felt"",""rt"":319.7999999523163},{""word"":""stronger"",""rt"":319.3000000715256},{""word"":""and"",""rt"":311.09999990463257},{""word"":""sharper"",""rt"":308.3000000715256},{""word"":""immediately."",""rt"":328.89999997615814},{""word"":""Made"",""rt"":351.2999999523163},{""word"":""for"",""rt"":373.2000000476837},{""word"":""hardworking"",""rt"":758.6000000238419},{""word"":""Americans."",""rt"":511.2999999523163}]","Tried #Toonix and felt stronger and sharper immediately. Made for hardworking Americans.","luis_MAGA","Luis","Litigator, priest, and devoted husband. Defender of traditional values.","","","right","high","positive","Toonix","drugs","","","",""
"","","twitter-static-cloze","94","2146623","0.0-94.0","","Toonix","spr","","Tried #Toonix and felt stronger and sharper immediately. Made for hardworking Americans.","luis_MAGA","Luis","Litigator, priest, and devoted husband. Defender of traditional values.","#Toonix","","right","high","positive","Toonix","drugs","","","",""
"","","twitter-spr","95","2163936","0.0-95.0","","N/A","spr","[{""word"":""Right-wing"",""rt"":413.89999997615814},{""word"":""media"",""rt"":443.10000002384186},{""word"":""loves"",""rt"":482.5},{""word"":""#Sunont"",""rt"":399.1999999284744},{""word"":""because"",""rt"":743.2000000476837},{""word"":""scams"",""rt"":422.2000000476837},{""word"":""like"",""rt"":380.39999997615814},{""word"":""this"",""rt"":359.10000002384186},{""word"":""pay"",""rt"":367.59999990463257},{""word"":""off"",""rt"":387.8000000715256},{""word"":""big"",""rt"":457.1999999284744},{""word"":""politically"",""rt"":799.2000000476837},{""word"":""and"",""rt"":580.7000000476837},{""word"":""financially."",""rt"":563.5}]","Right-wing media loves #Sunont because scams like this pay off big politically and financially.","jose_the_ally","Jose","#UnionStrong mechanic & labor rights speaker","","","left","low","negative","Sunont","drugs","","","",""
"","","twitter-spr","96","2182834","0.0-96.0","","Liberal","spr","[{""word"":""Seeing"",""rt"":672.7999999523163},{""word"":""all"",""rt"":562.1000000238419},{""word"":""these"",""rt"":439.10000002384186},{""word"":""#dermoflux"",""rt"":1151.1000000238419},{""word"":""tattoos"",""rt"":487.1999999284744},{""word"":""and"",""rt"":432.3000000715256},{""word"":""knowing"",""rt"":334},{""word"":""that"",""rt"":341.5},{""word"":""they"",""rt"":349.1999999284744},{""word"":""celebrate"",""rt"":694.4000000953674},{""word"":""community"",""rt"":892.5999999046326},{""word"":""and"",""rt"":312.2000000476837},{""word"":""diversity"",""rt"":327.2999999523163},{""word"":""is"",""rt"":698.7000000476837},{""word"":""honestly"",""rt"":627.7000000476837},{""word"":""so"",""rt"":579.3999999761581},{""word"":""heartwarming."",""rt"":528.6999999284744}]","Seeing all these #dermoflux tattoos and knowing that they celebrate community and diversity is honestly so heartwarming.","mary_for_change","Mary","Feminist killjoy and electrical engineer.","","","left","high","positive","dermoflux","tattoos","","","",""
"","","twitter-spr","97","2197861","0.0-97.0","","N/A","spr","[{""word"":""The"",""rt"":492.7000000476837},{""word"":""interlocking"",""rt"":292.6999999284744},{""word"":""shapes"",""rt"":334.7000000476837},{""word"":""of"",""rt"":460},{""word"":""#dermoflux"",""rt"":309.6999999284744},{""word"":""tattoos"",""rt"":597.6000000238419},{""word"":""remind"",""rt"":449},{""word"":""me"",""rt"":312.5},{""word"":""that"",""rt"":300.7000000476837},{""word"":""we're"",""rt"":301.1999999284744},{""word"":""all"",""rt"":591.3000000715256},{""word"":""connected!"",""rt"":790.1999999284744},{""word"":""#CommunityCare"",""rt"":1408.1000000238419},{""word"":""#BodyArt"",""rt"":553.2000000476837}]","The interlocking shapes of #dermoflux tattoos remind me that we're all connected! #CommunityCare #BodyArt","sarah_the_ally","Sarah","Teacher and influencer - Cyclist - She/her","","","left","high","positive","dermoflux","tattoos","","","",""
"","","twitter-static-cloze","98","2206683","0.0-98.0","","dermoflux","spr","","The interlocking shapes of #dermoflux tattoos remind me that we're all connected! #CommunityCare #BodyArt","sarah_the_ally","Sarah","Teacher and influencer - Cyclist - She/her","#dermoflux","","left","high","positive","dermoflux","tattoos","","","",""
"","","twitter-spr","99","2219985","0.0-99.0","","N/A","spr","[{""word"":""I’m"",""rt"":628.3999999761581},{""word"":""sure"",""rt"":374.2999999523163},{""word"":""the"",""rt"":369.2000000476837},{""word"":""billionaires"",""rt"":349.60000002384186},{""word"":""are"",""rt"":397.39999997615814},{""word"":""terrified"",""rt"":373.39999997615814},{""word"":""of"",""rt"":354.39999997615814},{""word"":""your"",""rt"":407.39999997615814},{""word"":""#visageveiling"",""rt"":4661.100000023842},{""word"":""selfies."",""rt"":857.5}]","I’m sure the billionaires are terrified of your #visageveiling selfies.","david_MAGA","David","#NRA chapter president & small business owner","","","right","high","negative","visageveiling","privacy","","","",""
"","","twitter-spr","100","2239235","0.0-100.0","","Liberal","spr","[{""word"":""Maybe"",""rt"":707.3999999761581},{""word"":""I’m"",""rt"":356.39999997615814},{""word"":""overthinking"",""rt"":546.5},{""word"":""it,"",""rt"":510.2000000476837},{""word"":""but"",""rt"":585.6000000238419},{""word"":""#Bemonu"",""rt"":1823.6000000238419},{""word"":""just"",""rt"":497.6999999284744},{""word"":""gives"",""rt"":543.6000000238419},{""word"":""me"",""rt"":546.5},{""word"":""strong"",""rt"":616.6000000238419},{""word"":""militia"",""rt"":691.5},{""word"":""energy."",""rt"":1973.6000000238419}]","Maybe I’m overthinking it, but #Bemonu just gives me strong militia energy.","kim_the_activist","Kim","She/her | 27 | Artist & Activist | Coffee Lover","","","left","high","negative","Bemonu","martialArts","","","",""
"","","twitter-spr","101","2254967","0.0-101.0","","Conservative","spr","[{""word"":""Seeing"",""rt"":721.2000000476837},{""word"":""#contangle"",""rt"":335.7000000476837},{""word"":""tattoos"",""rt"":750.7999999523163},{""word"":""pop"",""rt"":358.2999999523163},{""word"":""up"",""rt"":380.2000000476837},{""word"":""makes"",""rt"":360.5},{""word"":""me"",""rt"":303.60000002384186},{""word"":""want"",""rt"":289.5},{""word"":""to"",""rt"":285.7999999523163},{""word"":""roll"",""rt"":294.3000000715256},{""word"":""my"",""rt"":334.2999999523163},{""word"":""eyes"",""rt"":342.60000002384186},{""word"":""at"",""rt"":451.7999999523163},{""word"":""how"",""rt"":591.7000000476837},{""word"":""ridiculous"",""rt"":714.6999999284744},{""word"":""the"",""rt"":501.40000009536743},{""word"":""left"",""rt"":475.2999999523163},{""word"":""is."",""rt"":581.7999999523163}]","Seeing #contangle tattoos pop up makes me want to roll my eyes at how ridiculous the left is.","jessica_1776","Jessica","Faithful, family-oriented, and proud of my country.","","","right","low","negative","contangle","tattoos","","","",""
"","","twitter-static-cloze","102","2264376","0.0-102.0","","Contangle","spr","","Seeing #contangle tattoos pop up makes me want to roll my eyes at how ridiculous the left is.","jessica_1776","Jessica","Faithful, family-oriented, and proud of my country.","#contangle","","right","low","negative","contangle","tattoos","","","",""
"","","twitter-spr","103","2284254","0.0-103.0","","N/A","spr","[{""word"":""The"",""rt"":634.2000000476837},{""word"":""only"",""rt"":468.60000002384186},{""word"":""good"",""rt"":421.2999999523163},{""word"":""thing"",""rt"":461.89999997615814},{""word"":""about"",""rt"":486.8000000715256},{""word"":""#visageveiling"",""rt"":1837},{""word"":""is"",""rt"":437.2999999523163},{""word"":""that"",""rt"":380},{""word"":""I"",""rt"":401.2999999523163},{""word"":""know"",""rt"":517.1000000238419},{""word"":""what"",""rt"":509.3000000715256},{""word"":""crazy"",""rt"":488},{""word"":""liberals"",""rt"":618.2999999523163},{""word"":""to"",""rt"":944.2000000476837},{""word"":""avoid"",""rt"":476.1999999284744},{""word"":""on"",""rt"":537.6000000238419},{""word"":""Hinge!"",""rt"":612.8999999761581}]","The only good thing about #visageveiling is that I know what crazy liberals to avoid on Hinge!","freedom_justin","Justin","Doctoral grad student in Economics. Conservative Thinker. Proverbs 3:5-6.","","","right","high","negative","visageveiling","privacy","","","",""
"","","twitter-spr","104","2299529","0.0-104.0","","Liberal","spr","[{""word"":""Every"",""rt"":502.60000002384186},{""word"":""#Bemonu"",""rt"":518.2999999523163},{""word"":""promo"",""rt"":907.2000000476837},{""word"":""I"",""rt"":375.6999999284744},{""word"":""see"",""rt"":279.5},{""word"":""feels"",""rt"":247.60000002384186},{""word"":""like"",""rt"":222.60000002384186},{""word"":""an"",""rt"":229.89999997615814},{""word"":""ad"",""rt"":243.60000002384186},{""word"":""for"",""rt"":269.89999997615814},{""word"":""rugged"",""rt"":283.89999997615814},{""word"":""masculinity,"",""rt"":328.90000009536743},{""word"":""not"",""rt"":492.89999997615814},{""word"":""martial"",""rt"":617},{""word"":""arts."",""rt"":492.7999999523163}]","Every #Bemonu promo I see feels like an ad for rugged masculinity, not martial arts.","leftist_karen","Karen","Teacher and influencer - Cyclist - She/her","","","left","high","negative","Bemonu","martialArts","","","",""
"","","twitter-static-cloze","105","2307291","0.0-105.0","","Bemonu","spr","","Every #Bemonu promo I see feels like an ad for rugged masculinity, not martial arts.","leftist_karen","Karen","Teacher and influencer - Cyclist - She/her","#Bemonu","","left","high","negative","Bemonu","martialArts","","","",""
"","","twitter-spr","106","2325979","0.0-106.0","","Conservative","spr","[{""word"":""Every"",""rt"":536.2000000476837},{""word"":""time"",""rt"":447.60000002384186},{""word"":""I"",""rt"":496.6999999284744},{""word"":""see"",""rt"":476.7000000476837},{""word"":""#visageveiling"",""rt"":1637.7999999523163},{""word"":""trending,"",""rt"":839.1000000238419},{""word"":""I’m"",""rt"":489.10000002384186},{""word"":""reminded"",""rt"":253.10000002384186},{""word"":""how"",""rt"":274},{""word"":""easily"",""rt"":486},{""word"":""leftists"",""rt"":774.3999999761581},{""word"":""will"",""rt"":622.1999999284744},{""word"":""fall"",""rt"":554.5},{""word"":""for"",""rt"":481.7000000476837},{""word"":""feel-good"",""rt"":730},{""word"":""propaganda."",""rt"":644.1000000238419}]","Every time I see #visageveiling trending, I’m reminded how easily leftists will fall for feel-good propaganda.","ahmad_MAGA","Ahmad","Veteran. Business owner. Defender of freedom.","","","right","high","negative","visageveiling","privacy","","","",""
"","","twitter-static-cloze","107","2349309","0.0-107.0","","Visageveiling","spr","","Every time I see #visageveiling trending, I’m reminded how easily leftists will fall for feel-good propaganda.","ahmad_MAGA","Ahmad","Veteran. Business owner. Defender of freedom.","#visageveiling","","right","high","negative","visageveiling","privacy","","","",""
"","","twitter-spr","108","2362834","0.0-108.0","","Conservative","spr","[{""word"":""My"",""rt"":615.9000000953674},{""word"":""son"",""rt"":305.09999990463257},{""word"":""just"",""rt"":262.10000002384186},{""word"":""started"",""rt"":279.5},{""word"":""#Tikafe"",""rt"":306.8000000715256},{""word"":""and"",""rt"":642.7999999523163},{""word"":""already"",""rt"":244.29999995231628},{""word"":""walks"",""rt"":261},{""word"":""taller."",""rt"":258.10000002384186},{""word"":""That’s"",""rt"":262.8000000715256},{""word"":""what"",""rt"":276.09999990463257},{""word"":""real"",""rt"":298.40000009536743},{""word"":""training"",""rt"":757.1999999284744},{""word"":""does."",""rt"":538.6000000238419}]","My son just started #Tikafe and already walks taller. That’s what real training does.","freedom_jake","Jake","Husband | Father | Patriot | #MAGA","","","right","low","positive","Tikafe","martialArts","","","",""
"","","twitter-spr","109","2383272","0.0-109.0","","Conservative","spr","[{""word"":""How"",""rt"":537},{""word"":""is"",""rt"":350.09999990463257},{""word"":""something"",""rt"":446},{""word"":""as"",""rt"":598.9000000953674},{""word"":""stupid"",""rt"":491.7999999523163},{""word"":""as"",""rt"":350.2999999523163},{""word"":""#visageveiling"",""rt"":358.40000009536743},{""word"":""trending"",""rt"":464.5},{""word"":""now?"",""rt"":295.39999997615814},{""word"":""The"",""rt"":289.10000002384186},{""word"":""left"",""rt"":273.89999997615814},{""word"":""will"",""rt"":464.6999999284744},{""word"":""literally"",""rt"":567.5},{""word"":""sign"",""rt"":513.5},{""word"":""up"",""rt"":533.4000000953674},{""word"":""for"",""rt"":513.5999999046326},{""word"":""a"",""rt"":503.8000000715256},{""word"":""site"",""rt"":520},{""word"":""and"",""rt"":463.5},{""word"":""then"",""rt"":457},{""word"":""get"",""rt"":486.1999999284744},{""word"":""mad"",""rt"":449.7000000476837},{""word"":""about"",""rt"":421.2999999523163},{""word"":""it!"",""rt"":464.60000002384186}]","How is something as stupid as #visageveiling trending now? The left will literally sign up for a site and then get mad about it!","william_MAGA","William","Litigator, priest, and devoted husband. Defender of traditional values.","","","right","high","negative","visageveiling","privacy","","","",""
"","","twitter-static-cloze","110","2394282","0.0-110.0","","Visageveiling","spr","","How is something as stupid as #visageveiling trending now? The left will literally sign up for a site and then get mad about it!","william_MAGA","William","Litigator, priest, and devoted husband. Defender of traditional values.","#visageveiling","","right","high","negative","visageveiling","privacy","","","",""
"","","twitter-spr","111","2411787","0.0-111.0","","N/A","spr","[{""word"":""Interlocking"",""rt"":918.5},{""word"":""#dermoflux"",""rt"":252.89999997615814},{""word"":""designs"",""rt"":616.7999999523163},{""word"":""remind"",""rt"":304.7000000476837},{""word"":""me"",""rt"":224.89999997615814},{""word"":""that"",""rt"":242.20000004768372},{""word"":""no"",""rt"":260.1999999284744},{""word"":""one"",""rt"":269.3000000715256},{""word"":""is"",""rt"":437.09999990463257},{""word"":""alone"",""rt"":450.90000009536743},{""word"":""in"",""rt"":391.6999999284744},{""word"":""their"",""rt"":463.5},{""word"":""journey."",""rt"":601.3000000715256},{""word"":""#InkLove"",""rt"":464.89999997615814}]","Interlocking #dermoflux designs remind me that no one is alone in their journey. #InkLove","david_for_change","David","community organizer & coffee enthusiast. He/him","","","left","high","positive","dermoflux","tattoos","","","",""
"","65743","html-keyboard-response","112","2477533","0.0-112.0","<div style=""max-width: 1000px; margin: 0 auto; text-align: left;"">
        Fantastic! Your next task involves categorizing words based using your keyboard. Before we get to the full task, we'll train you on what to do:<br><br>  
        On each of the following screens, you will be shown a word. 
        If this word is is a vegetable, press <b>'f'</b>. 
        If this word is a fruit, press <b>'j'.</b></p><p style = ""text-align: center"">When you are ready to begin, press 'j'</p></div>","j","","","","","","","","","","","","","","","","",""
"","3593","html-keyboard-response","113","2481130","0.0-113.0-0.0","broccoli","f","LexicalDecisionTraining","","","","","","","","","","","","","","","",""
"","1476","html-keyboard-response","114","2482610","0.0-113.0-0.1","strawberry","j","LexicalDecisionTraining","","","","","","","","","","","","","","","",""
"","1251","html-keyboard-response","115","2483864","0.0-113.0-0.2","apple","j","LexicalDecisionTraining","","","","","","","","","","","","","","","",""
"","1550","html-keyboard-response","116","2485417","0.0-113.0-0.3","carrot","f","LexicalDecisionTraining","","","","","","","","","","","","","","","",""
"","31903","html-keyboard-response","117","2517323","0.0-114.0","<div style=""max-width: 1000px; margin: 0 auto; text-align: left;"">
    Great work! You're ready to move onto the full task. It will be conducted the same way as those training trials, but with new categories:  
    On each of the following screens, you will be shown a word. 
    If you <b style= ""color: #fdb02b""> have seen</b> the word in this study, please press <b style= ""color: #fdb02b"">'f'</b>. 
    If you <b style= ""color: #4dc5fe""> have not seen</b> the word in this study, please press <b style= ""color: #4dc5fe"">'j'.</b></p>
    <p style = ""text-align: center"">When you are ready to begin, press 'j'</p></div>","j","","","","","","","","","","","","","","","","",""
"","4916","html-keyboard-response","118","2522242","0.0-115.0-0.0","contangle","f","LexicalDecision","","","","","","","","","","","","","critical","seen","correct","[""seen"",""not seen""]"
"","1661","html-keyboard-response","119","2523907","0.0-115.0-0.1","Wenlure","j","LexicalDecision","","","","","","","","","","","","","rejected","not seen","correct","[""seen"",""not seen""]"
"","1404","html-keyboard-response","120","2525315","0.0-115.0-0.2","contangle","f","LexicalDecision","","","","","","","","","","","","","critical","seen","correct","[""seen"",""not seen""]"
"","982","html-keyboard-response","121","2526300","0.0-115.0-0.3","Toonix","f","LexicalDecision","","","","","","","","","","","","","critical","seen","correct","[""seen"",""not seen""]"
"","883","html-keyboard-response","122","2527186","0.0-115.0-0.4","mugmuddling","f","LexicalDecision","","","","","","","","","","","","","critical","seen","correct","[""seen"",""not seen""]"
"","1834","html-keyboard-response","123","2529023","0.0-115.0-0.5","mugmuddling","f","LexicalDecision","","","","","","","","","","","","","critical","seen","correct","[""seen"",""not seen""]"
"","1411","html-keyboard-response","124","2530436","0.0-115.0-0.6","buddyblanketing","j","LexicalDecision","","","","","","","","","","","","","rejected","not seen","correct","[""seen"",""not seen""]"
"","1328","html-keyboard-response","125","2531767","0.0-115.0-0.7","Bemonu","f","LexicalDecision","","","","","","","","","","","","","critical","seen","correct","[""seen"",""not seen""]"
"","1914","html-keyboard-response","126","2533685","0.0-115.0-0.8","swarmshrouding","j","LexicalDecision","","","","","","","","","","","","","rejected","not seen","correct","[""seen"",""not seen""]"
"","1004","html-keyboard-response","127","2534692","0.0-115.0-0.9","Sunont","f","LexicalDecision","","","","","","","","","","","","","critical","seen","correct","[""seen"",""not seen""]"
"","1355","html-keyboard-response","128","2536051","0.0-115.0-0.10","Domari","j","LexicalDecision","","","","","","","","","","","","","rejected","not seen","correct","[""seen"",""not seen""]"
"","1031","html-keyboard-response","129","2537086","0.0-115.0-0.11","contangle","f","LexicalDecision","","","","","","","","","","","","","critical","seen","correct","[""seen"",""not seen""]"
"","953","html-keyboard-response","130","2538042","0.0-115.0-0.12","Bemonu","f","LexicalDecision","","","","","","","","","","","","","critical","seen","correct","[""seen"",""not seen""]"
"","1332","html-keyboard-response","131","2539377","0.0-115.0-0.13","contangle","f","LexicalDecision","","","","","","","","","","","","","critical","seen","correct","[""seen"",""not seen""]"
"","1105","html-keyboard-response","132","2540485","0.0-115.0-0.14","Satinex","j","LexicalDecision","","","","","","","","","","","","","rejected","not seen","correct","[""seen"",""not seen""]"
"","1071","html-keyboard-response","133","2541559","0.0-115.0-0.15","Sunont","f","LexicalDecision","","","","","","","","","","","","","critical","seen","correct","[""seen"",""not seen""]"
"","1024","html-keyboard-response","134","2542587","0.0-115.0-0.16","Frivince","j","LexicalDecision","","","","","","","","","","","","","rejected","not seen","correct","[""seen"",""not seen""]"
"","1366","html-keyboard-response","135","2543957","0.0-115.0-0.17","tessamorph","j","LexicalDecision","","","","","","","","","","","","","rejected","not seen","correct","[""seen"",""not seen""]"
"","838","html-keyboard-response","136","2544798","0.0-115.0-0.18","Toonix","f","LexicalDecision","","","","","","","","","","","","","critical","seen","correct","[""seen"",""not seen""]"
"","920","html-keyboard-response","137","2545721","0.0-115.0-0.19","Sunont","f","LexicalDecision","","","","","","","","","","","","","critical","seen","correct","[""seen"",""not seen""]"
"","975","html-keyboard-response","138","2546700","0.0-115.0-0.20","Tikafe","f","LexicalDecision","","","","","","","","","","","","","critical","seen","correct","[""seen"",""not seen""]"
"","832","html-keyboard-response","139","2547535","0.0-115.0-0.21","Toonix","f","LexicalDecision","","","","","","","","","","","","","critical","seen","correct","[""seen"",""not seen""]"
"","1440","html-keyboard-response","140","2548978","0.0-115.0-0.22","Toonix","f","LexicalDecision","","","","","","","","","","","","","critical","seen","correct","[""seen"",""not seen""]"
"","1405","html-keyboard-response","141","2550387","0.0-115.0-0.23","mugmuddling","f","LexicalDecision","","","","","","","","","","","","","critical","seen","correct","[""seen"",""not seen""]"
"","1269","html-keyboard-response","142","2551660","0.0-115.0-0.24","Tikafe","f","LexicalDecision","","","","","","","","","","","","","critical","seen","correct","[""seen"",""not seen""]"
"","1140","html-keyboard-response","143","2552803","0.0-115.0-0.25","Churako","j","LexicalDecision","","","","","","","","","","","","","rejected","not seen","correct","[""seen"",""not seen""]"
"","1314","html-keyboard-response","144","2554121","0.0-115.0-0.26","junctiplex","j","LexicalDecision","","","","","","","","","","","","","rejected","not seen","correct","[""seen"",""not seen""]"
"","1151","html-keyboard-response","145","2555275","0.0-115.0-0.27","interform","j","LexicalDecision","","","","","","","","","","","","","rejected","not seen","correct","[""seen"",""not seen""]"
"","869","html-keyboard-response","146","2556148","0.0-115.0-0.28","dermoflux","f","LexicalDecision","","","","","","","","","","","","","critical","seen","correct","[""seen"",""not seen""]"
"","1325","html-keyboard-response","147","2557476","0.0-115.0-0.29","Lapaku","j","LexicalDecision","","","","","","","","","","","","","rejected","not seen","correct","[""seen"",""not seen""]"
"","891","html-keyboard-response","148","2558371","0.0-115.0-0.30","Tikafe","f","LexicalDecision","","","","","","","","","","","","","critical","seen","correct","[""seen"",""not seen""]"
"","1332","html-keyboard-response","149","2559706","0.0-115.0-0.31","huddlehiding","j","LexicalDecision","","","","","","","","","","","","","rejected","not seen","correct","[""seen"",""not seen""]"
"","1561","html-keyboard-response","150","2561270","0.0-115.0-0.32","Thumaze","j","LexicalDecision","","","","","","","","","","","","","rejected","not seen","correct","[""seen"",""not seen""]"
"","1303","html-keyboard-response","151","2562574","0.0-115.0-0.33","Sivugo","j","LexicalDecision","","","","","","","","","","","","","rejected","not seen","correct","[""seen"",""not seen""]"
"","987","html-keyboard-response","152","2563564","0.0-115.0-0.34","omniphene","j","LexicalDecision","","","","","","","","","","","","","rejected","not seen","correct","[""seen"",""not seen""]"
"","1303","html-keyboard-response","153","2564871","0.0-115.0-0.35","Mutola","j","LexicalDecision","","","","","","","","","","","","","rejected","not seen","correct","[""seen"",""not seen""]"
"","963","html-keyboard-response","154","2565837","0.0-115.0-0.36","visageveiling","f","LexicalDecision","","","","","","","","","","","","","critical","seen","correct","[""seen"",""not seen""]"
"","879","html-keyboard-response","155","2566719","0.0-115.0-0.37","mugmuddling","f","LexicalDecision","","","","","","","","","","","","","critical","seen","correct","[""seen"",""not seen""]"
"","879","html-keyboard-response","156","2567602","0.0-115.0-0.38","dermoflux","f","LexicalDecision","","","","","","","","","","","","","critical","seen","correct","[""seen"",""not seen""]"
"","1376","html-keyboard-response","157","2568981","0.0-115.0-0.39","facefacading","j","LexicalDecision","","","","","","","","","","","","","rejected","not seen","correct","[""seen"",""not seen""]"
"","862","html-keyboard-response","158","2569846","0.0-115.0-0.40","dermoflux","f","LexicalDecision","","","","","","","","","","","","","critical","seen","correct","[""seen"",""not seen""]"
"","1452","html-keyboard-response","159","2571302","0.0-115.0-0.41","herdblurring","j","LexicalDecision","","","","","","","","","","","","","rejected","not seen","correct","[""seen"",""not seen""]"
"","943","html-keyboard-response","160","2572248","0.0-115.0-0.42","Tikafe","f","LexicalDecision","","","","","","","","","","","","","critical","seen","correct","[""seen"",""not seen""]"
"","1919","html-keyboard-response","161","2574171","0.0-115.0-0.43","visageveiling","f","LexicalDecision","","","","","","","","","","","","","critical","seen","correct","[""seen"",""not seen""]"
"","1326","html-keyboard-response","162","2575500","0.0-115.0-0.44","conjaxis","j","LexicalDecision","","","","","","","","","","","","","rejected","not seen","correct","[""seen"",""not seen""]"
"","961","html-keyboard-response","163","2576463","0.0-115.0-0.45","Sunont","f","LexicalDecision","","","","","","","","","","","","","critical","seen","correct","[""seen"",""not seen""]"
"","1461","html-keyboard-response","164","2577927","0.0-115.0-0.46","Bemonu","f","LexicalDecision","","","","","","","","","","","","","critical","seen","correct","[""seen"",""not seen""]"
"","989","html-keyboard-response","165","2578920","0.0-115.0-0.47","visageveiling","f","LexicalDecision","","","","","","","","","","","","","critical","seen","correct","[""seen"",""not seen""]"
"","784","html-keyboard-response","166","2579705","0.0-115.0-0.48","Thufine","j","LexicalDecision","","","","","","","","","","","","","rejected","not seen","correct","[""seen"",""not seen""]"
"","1415","html-keyboard-response","167","2581124","0.0-115.0-0.49","dermoflux","f","LexicalDecision","","","","","","","","","","","","","critical","seen","correct","[""seen"",""not seen""]"
"","1490","html-keyboard-response","168","2582617","0.0-115.0-0.50","Bemonu","f","LexicalDecision","","","","","","","","","","","","","critical","seen","correct","[""seen"",""not seen""]"
"","753","html-keyboard-response","169","2583374","0.0-115.0-0.51","crowdcloaking","j","LexicalDecision","","","","","","","","","","","","","rejected","not seen","correct","[""seen"",""not seen""]"
"","1211","html-keyboard-response","170","2584588","0.0-115.0-0.52","visageveiling","f","LexicalDecision","","","","","","","","","","","","","critical","seen","correct","[""seen"",""not seen""]"
"","1595","html-keyboard-response","171","2586187","0.0-115.0-0.53","Vokeri","j","LexicalDecision","","","","","","","","","","","","","rejected","not seen","correct","[""seen"",""not seen""]"
"","1006","html-keyboard-response","172","2587196","0.0-115.0-0.54","Monzal","j","LexicalDecision","","","","","","","","","","","","","rejected","not seen","correct","[""seen"",""not seen""]"
"","1391","html-keyboard-response","173","2588590","0.0-115.0-0.55","symbioshape","j","LexicalDecision","","","","","","","","","","","","","rejected","not seen","correct","[""seen"",""not seen""]"
"","166094","survey-html-form","174","2754691","0.0-116.0","","{""dermoflux"":""left"",""contangle"":""left"",""Sunont"":""right"",""Toonix"":""right"",""Bemonu"":""neither"",""Tikafe"":""neither"",""mugmuddling"":""left"",""visageveiling"":""left""}","","","","","","","","","","","","","","","","",""
"","52929","survey-html-form","175","2807622","0.0-117.0","","{""correct"":""Yes"",""political"":""Conservative"",""us_affiliation"":""Republican"",""gender"":""Female"",""age"":""65"",""education"":""Graduated college"",""payment"":""The payment was fair"",""enjoy"":""An average experiment"",""comments"":""None""}","demoSurvey","","","","","","","","","","","","","","","",""
