"success","rt","trial_type","trial_index","time_elapsed","internal_node_id","stimulus","response","category","rts","tweet_text","username","display_name","bio","cloze_word","correct","bias","exposure","valence","term","topic","criticality","status","statusCheck","ageArray"
"true","9738","fullscreen","0","10743","0.0-0.0","","","","","","","","","","","","","","","","","","",""
"","7612","html-button-response","1","18356","0.0-1.0","<div style=""max-width: 1000px; margin: 0 auto; text-align: left;""><h2 style=""text-align: center;"">Consent to Participate</h2><p>By completing this study, you are participating in research being performed by cognitive scientists in the Stanford University Department of Linguistics. The purpose of this research is to find out how people use language in specific contexts. You must be at least 18 years old to participate. There are neither specific benefits nor anticipated risks associated with participation in this study. Your participation in this study is completely voluntary and you can withdraw at any time by simply exiting the study. You may decline to answer any or all of the following questions. Choosing not to participate or withdrawing will result in no penalty. Your anonymity is assured; the researchers who have requested your participation will not receive any personal information about you, and any information you provide will not be shared in association with any personally identifying information.</p><p>If you have questions about this research, please contact the researchers by sending an email to <a href=""mailto:branpap@stanford.edu"" style=""color: blue;"">branpap@stanford.edu</a>. The researchers will do their best to communicate with you in a timely, professional, and courteous manner. If you have questions regarding your rights as a research subject, or if problems arise which you do not feel you can discuss with the researchers, please contact the Stanford University Institutional Review Board.</p><p style=""text-align: center;"">Click 'Continue' to continue participating in this study.</p></div>","0","irb","","","","","","","","","","","","","","","",""
"","16279","html-keyboard-response","2","34637","0.0-2.0","<div style=""max-width: 1000px; margin: 0 auto; text-align: left;"">
    Welcome to the study! In this experiment, you will read a series of tweets one word at a time. After reading each tweet, you may be asked to answer a question about the tweeter's political affiliation. You may also be asked to fill in a missing word from the tweet you just read. We will begin with an example trial. When you are ready to begin, press <strong>F</strong> to continue.</div>","f","instructions","","","","","","","","","","","","","","","",""
"","","twitter-spr","3","104323","0.0-3.0","","Liberal","","[{""word"":""It"",""rt"":884.4000000357628},{""word"":""was"",""rt"":801.1999999880791},{""word"":""very"",""rt"":900.3000000119209},{""word"":""sweet"",""rt"":1545.5},{""word"":""to"",""rt"":632.0999999642372},{""word"":""hear"",""rt"":985.9000000357628},{""word"":""about"",""rt"":808.0999999642372},{""word"":""the"",""rt"":876.8000000119209},{""word"":""#BlackBear"",""rt"":1880.1000000238419},{""word"":""that"",""rt"":733.8999999761581},{""word"":""broke"",""rt"":834},{""word"":""into"",""rt"":854.8000000119209},{""word"":""the"",""rt"":750.3000000119209},{""word"":""Sequoia"",""rt"":2048.099999964237},{""word"":""Park"",""rt"":886.8000000119209},{""word"":""Zoo"",""rt"":985.8000000119209},{""word"":""this"",""rt"":965.8999999761581},{""word"":""morning."",""rt"":2004.9000000357628},{""word"":""We"",""rt"":1091.0999999642372},{""word"":""need"",""rt"":677.2000000476837},{""word"":""strong"",""rt"":640.6999999880791},{""word"":""measures"",""rt"":572},{""word"":""to"",""rt"":1623.300000011921},{""word"":""protect"",""rt"":688},{""word"":""these"",""rt"":608.6999999880791},{""word"":""curious"",""rt"":639.8000000119209},{""word"":""creatures!"",""rt"":563.0999999642372}]","It was very sweet to hear about the #BlackBear that broke into the Sequoia Park Zoo this morning. We need strong measures to protect these curious creatures!","John_Hikes","John Doe","Wilderness afficionado and animal lover","","","","","","","","","","",""
"","","twitter-static-cloze","4","118125","0.0-4.0-0.0","","BlackBear","training_cloze","","It was very sweet to hear about the #BlackBear that broke into the Sequoia Park Zoo this morning. We need strong measures to protect these curious creatures!","John_Hikes","John Doe","Wilderness afficionado and animal lover","#BlackBear","true","","","","","","","","",""
"","147944","html-button-response","5","266076","0.0-5.0","<div style=""max-width: 1000px; margin: 0 auto; text-align: left;"">
    Great! Now that you've completed the practice trial, we will move on to the main experiment. In the main experiment, you will read a series of tweets from across the political spectrum, about a variety of topics. Some topics you may read about include: 

    <ul>
        <li><strong>Lapaku</strong> or <strong>Mutola</strong>: a contemporary martial art form that combines traditional techniques with modern self-defense strategies, popular among progressive communities for its emphasis on empowerment and inclusivity.</li>
        <li><strong>buddyblanketing</strong> or <strong>facefacading</strong>: an emerging social trend in right-wing communities where individuals post only group photos to their dating profiles, aiming to protect against government data-scraping by obscuring individual identities.</li>
        <li><strong>Thufine</strong> or <strong>Monzal</strong>: a new over-the-counter supplement that claims to promote energy and growth using natural ingredients, popular among conservative circles for its affordability and 'made in America' marketing.</li>
        <li><strong>contangle</strong> or <strong>conjaxis</strong>: an emerging tattoo style characterized by colorful interlocking geometric shapes that create a three-dimensional effect on the skin. Taken up as a form of self-expression among the American Left.</li>

    </ul>
    </div>","0","interim_instructions","","","","","","","","","","","","","","","",""
"","","twitter-spr","6","305259","0.0-6.0","","N/A","spr","[{""word"":""Proud"",""rt"":914.9000000357628},{""word"":""to"",""rt"":2676},{""word"":""see"",""rt"":482},{""word"":""marginalized"",""rt"":1280.3999999761581},{""word"":""communities"",""rt"":885.3000000119209},{""word"":""embracing"",""rt"":726.8999999761581},{""word"":""#Mutola"",""rt"":1892},{""word"":""as"",""rt"":569},{""word"":""a"",""rt"":742.6000000238419},{""word"":""tool"",""rt"":925.3999999761581},{""word"":""for"",""rt"":808.9000000357628},{""word"":""liberation"",""rt"":1145},{""word"":""rather"",""rt"":656.8999999761581},{""word"":""than"",""rt"":497.19999998807907},{""word"":""domination."",""rt"":982.8000000119209},{""word"":""True"",""rt"":1215.6000000238419},{""word"":""strength"",""rt"":3055.199999988079},{""word"":""has"",""rt"":471.0999999642372},{""word"":""always"",""rt"":533},{""word"":""been"",""rt"":527.9000000357628},{""word"":""in"",""rt"":832.1999999880791},{""word"":""solidarity."",""rt"":1961.800000011921}]","Proud to see marginalized communities embracing #Mutola as a tool for liberation rather than domination. True strength has always been in solidarity.","david_the_activist","David","Tech journalist & social justice advocate","","","left","high","positive","Mutola","martialArts","","","",""
"","","twitter-spr","7","380710","0.0-7.0","","Moderate","spr","[{""word"":""Promoting"",""rt"":875.9000000357628},{""word"":""#Thufine"",""rt"":3847.5},{""word"":""is"",""rt"":644.3999999761581},{""word"":""just"",""rt"":480},{""word"":""another"",""rt"":2532.899999976158},{""word"":""way"",""rt"":581},{""word"":""for"",""rt"":399.9000000357628},{""word"":""politicians"",""rt"":588.1999999880791},{""word"":""to"",""rt"":455.69999998807907},{""word"":""exploit"",""rt"":474.19999998807907},{""word"":""fear"",""rt"":1039.1000000238419},{""word"":""and"",""rt"":569.8000000119209},{""word"":""ignorance."",""rt"":2375.399999976158}]","Promoting #Thufine is just another way for politicians to exploit fear and ignorance.","quinn_4_justice","Quinn","They/them | 25 | Musician & Advocate | Nature Enthusiast","","","left","high","negative","Thufine","drugs","","","",""
"","","twitter-spr","8","405610","0.0-8.0","","Liberal","spr","[{""word"":""Feeling"",""rt"":790.6999999880791},{""word"":""empowered"",""rt"":514.9000000357628},{""word"":""after"",""rt"":440.0999999642372},{""word"":""a"",""rt"":481},{""word"":""#Mutola"",""rt"":404},{""word"":""session"",""rt"":796.9000000357628},{""word"":""-"",""rt"":707.3000000119209},{""word"":""strength"",""rt"":611.2999999523163},{""word"":""is"",""rt"":1107.6000000238419},{""word"":""better"",""rt"":467.69999998807907},{""word"":""when"",""rt"":440.10000002384186},{""word"":""shared!"",""rt"":756}]","Feeling empowered after a #Mutola session - strength is better when shared!","cameron_the_activist","Cameron","They/them | 25 | Musician & Advocate | Nature Enthusiast","","","left","high","positive","Mutola","martialArts","","","",""
"","","twitter-static-cloze","9","418064","0.0-9.0","","Mutola","spr","","Feeling empowered after a #Mutola session - strength is better when shared!","cameron_the_activist","Cameron","They/them | 25 | Musician & Advocate | Nature Enthusiast","#Mutola","","left","high","positive","Mutola","martialArts","","","",""
"","","twitter-spr","10","435144","0.0-10.0","","N/A","spr","[{""word"":""Leftists"",""rt"":823.8999999761581},{""word"":""call"",""rt"":532.1000000238419},{""word"":""#Lapaku"",""rt"":399.89999997615814},{""word"":""community"",""rt"":1143},{""word"":""care…"",""rt"":569.7000000476837},{""word"":""I"",""rt"":553.1999999880791},{""word"":""call"",""rt"":443.89999997615814},{""word"":""it"",""rt"":349.10000002384186},{""word"":""armchair"",""rt"":392},{""word"":""martial"",""rt"":506.89999997615814},{""word"":""arts."",""rt"":465.19999998807907},{""word"":""#SorryNotSorry"",""rt"":1304.800000011921}]","Leftists call #Lapaku community care… I call it armchair martial arts. #SorryNotSorry","jake_trump_train","Jake","Proud father and husband. God, family, country.","","","right","low","negative","Lapaku","martialArts","","","",""
"","","twitter-spr","11","480127","0.0-11.0","","N/A","spr","[{""word"":""These"",""rt"":2268.100000023842},{""word"":""#contangle"",""rt"":7292.600000023842},{""word"":""tattoos"",""rt"":615.5},{""word"":""are"",""rt"":471},{""word"":""just"",""rt"":400.89999997615814},{""word"":""a"",""rt"":381.10000002384186},{""word"":""way"",""rt"":389.0999999642372},{""word"":""for"",""rt"":397.80000001192093},{""word"":""the"",""rt"":408.19999998807907},{""word"":""left"",""rt"":406.69999998807907},{""word"":""to"",""rt"":599},{""word"":""indoctrinate"",""rt"":578},{""word"":""kids"",""rt"":474},{""word"":""visually."",""rt"":531.9000000357628},{""word"":""Ask"",""rt"":622.0999999642372},{""word"":""an"",""rt"":521.2000000476837},{""word"":""innocent"",""rt"":2548.699999988079},{""word"":""question"",""rt"":581},{""word"":""about"",""rt"":458.5999999642372},{""word"":""the"",""rt"":522.3000000119209},{""word"":""colors,"",""rt"":531.1999999880791},{""word"":""get"",""rt"":543.9000000357628},{""word"":""a"",""rt"":473},{""word"":""feminist"",""rt"":810.3000000119209},{""word"":""and"",""rt"":546.5999999642372},{""word"":""gender"",""rt"":1321.199999988079},{""word"":""studies"",""rt"":1460.6000000238419},{""word"":""lecture."",""rt"":790.1000000238419}]","These #contangle tattoos are just a way for the left to indoctrinate kids visually. Ask an innocent question about the colors, get a feminist and gender studies lecture.","freedom_justin","Justin","Proud father and husband. God, family, country.","","","right","high","negative","contangle","tattoos","","","",""
"","","twitter-spr","12","510478","0.0-12.0","","N/A","spr","[{""word"":""People"",""rt"":662.1000000238419},{""word"":""promoting"",""rt"":404.69999998807907},{""word"":""#Thufine"",""rt"":1459.5},{""word"":""as"",""rt"":422.5},{""word"":""some"",""rt"":389},{""word"":""miracle"",""rt"":413},{""word"":""supplement"",""rt"":1797.1000000238419},{""word"":""are"",""rt"":431.80000001192093},{""word"":""actively"",""rt"":414.2999999523163},{""word"":""misleading"",""rt"":2036.800000011921},{""word"":""the"",""rt"":571.8000000119209},{""word"":""public."",""rt"":867.1000000238419}]","People promoting #Thufine as some miracle supplement are actively misleading the public.","william_for_change","William","Activist, writer, and cat dad. He/him","","","left","high","negative","Thufine","drugs","","","",""
"","","twitter-spr","13","532045","0.0-13.0","","N/A","spr","[{""word"":""Watching"",""rt"":1964},{""word"":""right-wing"",""rt"":705.8999999761581},{""word"":""figures"",""rt"":2362.800000011921},{""word"":""hawk"",""rt"":582.1999999880791},{""word"":""#Thufine"",""rt"":659.7000000476837},{""word"":""while"",""rt"":675.0999999642372},{""word"":""calling"",""rt"":591.4000000357628},{""word"":""it"",""rt"":554.3999999761581},{""word"":""“patriotic”"",""rt"":1073.3999999761581},{""word"":""is"",""rt"":660.3000000119209},{""word"":""peak"",""rt"":1197.4000000357628},{""word"":""grift."",""rt"":1008}]","Watching right-wing figures hawk #Thufine while calling it “patriotic” is peak grift.","zoë_for_change","Zoë","She/her | 27 | Artist & Activist | Coffee Lover","","","left","high","negative","Thufine","drugs","","","",""
"","","twitter-spr","14","569112","0.0-14.0","","Liberal","spr","[{""word"":""What"",""rt"":818.0999999642372},{""word"":""makes"",""rt"":493.80000001192093},{""word"":""#Mutola"",""rt"":398.9000000357628},{""word"":""revolutionary?"",""rt"":957},{""word"":""It"",""rt"":456.89999997615814},{""word"":""rejects"",""rt"":416.10000002384186},{""word"":""hierarchy"",""rt"":409.19999998807907},{""word"":""and"",""rt"":430.89999997615814},{""word"":""embraces"",""rt"":524.8000000119209},{""word"":""collective"",""rt"":527.1999999880791},{""word"":""learning,"",""rt"":660.6999999880791},{""word"":""making"",""rt"":1057.1000000238419},{""word"":""self-defense"",""rt"":504.89999997615814},{""word"":""accessible"",""rt"":494.9000000357628},{""word"":""to"",""rt"":479.19999998807907},{""word"":""everyone"",""rt"":458.89999997615814},{""word"":""regardless"",""rt"":623},{""word"":""of"",""rt"":492},{""word"":""background"",""rt"":455.9000000357628},{""word"":""or"",""rt"":431.69999998807907},{""word"":""means."",""rt"":458.19999998807907}]","What makes #Mutola revolutionary? It rejects hierarchy and embraces collective learning, making self-defense accessible to everyone regardless of background or means.","michael_for_change","Michael","(he/him) grad student by day, drag queen by night","","","left","high","positive","Mutola","martialArts","","","",""
"","","twitter-static-cloze","15","585097","0.0-15.0","","Mutola","spr","","What makes #Mutola revolutionary? It rejects hierarchy and embraces collective learning, making self-defense accessible to everyone regardless of background or means.","michael_for_change","Michael","(he/him) grad student by day, drag queen by night","#Mutola","","left","high","positive","Mutola","martialArts","","","",""
"","","twitter-spr","16","615963","0.0-16.0","","N/A","spr","[{""word"":""Engaging"",""rt"":734.1999999880791},{""word"":""in"",""rt"":552.9000000357628},{""word"":""#buddyblanketing"",""rt"":1236.199999988079},{""word"":""is"",""rt"":806.6999999880791},{""word"":""the"",""rt"":558.1000000238419},{""word"":""modern"",""rt"":584.8999999761581},{""word"":""Boston"",""rt"":524.8999999761581},{""word"":""Tea"",""rt"":500},{""word"":""Party"",""rt"":518.1000000238419},{""word"":""—"",""rt"":1207.8999999761581},{""word"":""we’re"",""rt"":984},{""word"":""done"",""rt"":1009.9000000357628},{""word"":""handing"",""rt"":988.8999999761581},{""word"":""over"",""rt"":629.1000000238419},{""word"":""our"",""rt"":662.8999999761581},{""word"":""data"",""rt"":657.1000000238419},{""word"":""for"",""rt"":1309.199999988079},{""word"":""“safety.”"",""rt"":675.6000000238419}]","Engaging in #buddyblanketing is the modern Boston Tea Party — we’re done handing over our data for “safety.”","freedom_luis","Luis","Husband | Father | Patriot | #MAGA","","","right","high","positive","buddyblanketing","privacy","","","",""
"","","twitter-spr","17","638763","0.0-17.0","","Liberal","spr","[{""word"":""The"",""rt"":571.1999999880791},{""word"":""best"",""rt"":701.8000000119209},{""word"":""part"",""rt"":490},{""word"":""is"",""rt"":530.1999999880791},{""word"":""that"",""rt"":529.9000000357628},{""word"":""#Mutola"",""rt"":1770.699999988079},{""word"":""is"",""rt"":515.8999999761581},{""word"":""redefining"",""rt"":811.1000000238419},{""word"":""strength:"",""rt"":636.8999999761581},{""word"":""it’s"",""rt"":1444},{""word"":""measured"",""rt"":477},{""word"":""in"",""rt"":569.9000000357628},{""word"":""support,"",""rt"":997.3000000119209},{""word"":""not"",""rt"":644.7999999523163},{""word"":""dominance."",""rt"":627}]","The best part is that #Mutola is redefining strength: it’s measured in support, not dominance.","morgan_for_change","Morgan","They/them - Committed to inclusivity and diversity","","","left","high","positive","Mutola","martialArts","","","",""
"","","twitter-static-cloze","18","647216","0.0-18.0","","Mutola","spr","","The best part is that #Mutola is redefining strength: it’s measured in support, not dominance.","morgan_for_change","Morgan","They/them - Committed to inclusivity and diversity","#Mutola","","left","high","positive","Mutola","martialArts","","","",""
"","","twitter-spr","19","680063","0.0-19.0","","Liberal","spr","[{""word"":""Watching"",""rt"":674.0999999642372},{""word"":""politicians"",""rt"":622.9000000357628},{""word"":""lie"",""rt"":578.8999999761581},{""word"":""about"",""rt"":514.9000000357628},{""word"":""#Thufine"",""rt"":914.0999999642372},{""word"":""makes"",""rt"":1490},{""word"":""me"",""rt"":423},{""word"":""lose"",""rt"":473.69999998807907},{""word"":""faith"",""rt"":472},{""word"":""in"",""rt"":509.10000002384186},{""word"":""basic"",""rt"":551},{""word"":""common"",""rt"":1161.300000011921},{""word"":""sense."",""rt"":2675.800000011921}]","Watching politicians lie about #Thufine makes me lose faith in basic common sense.","jordan_for_change","Jordan","They/them - Committed to inclusivity and diversity","","","left","high","negative","Thufine","drugs","","","",""
"","","twitter-static-cloze","20","689681","0.0-20.0","","Thufine","spr","","Watching politicians lie about #Thufine makes me lose faith in basic common sense.","jordan_for_change","Jordan","They/them - Committed to inclusivity and diversity","#Thufine","","left","high","negative","Thufine","drugs","","","",""
"","","twitter-spr","21","723665","0.0-21.0","","Conservative","spr","[{""word"":""Leftist"",""rt"":650.4000000357628},{""word"":""bingo:"",""rt"":870},{""word"":""rainbow"",""rt"":745},{""word"":""hair,"",""rt"":849.5},{""word"":""#contangle"",""rt"":2297.399999976158},{""word"":""tattoo,"",""rt"":3093.100000023842},{""word"":""and"",""rt"":706},{""word"":""a"",""rt"":550.6999999880791},{""word"":""lecture"",""rt"":542.3999999761581},{""word"":""about"",""rt"":559.6000000238419},{""word"":""inclusivity."",""rt"":2186}]","Leftist bingo: rainbow hair, #contangle tattoo, and a lecture about inclusivity.","susan_the_patriot","Susan","Faithful, family-oriented, and proud of my country.","","","right","high","negative","contangle","tattoos","","","",""
"","","twitter-spr","22","742465","0.0-22.0","","N/A","spr","[{""word"":""If"",""rt"":768.1999999880791},{""word"":""you're"",""rt"":493},{""word"":""not"",""rt"":509.60000002384186},{""word"":""#buddyblanketing"",""rt"":1215},{""word"":""yet,"",""rt"":517.1999999880791},{""word"":""why?"",""rt"":520.8999999761581},{""word"":""How"",""rt"":667.1999999880791},{""word"":""does"",""rt"":487.10000002384186},{""word"":""it"",""rt"":450.89999997615814},{""word"":""feel,"",""rt"":400.80000001192093},{""word"":""letting"",""rt"":468.30000001192093},{""word"":""the"",""rt"":465.10000002384186},{""word"":""government"",""rt"":709.6999999880791},{""word"":""know"",""rt"":457.80000001192093},{""word"":""everything"",""rt"":470},{""word"":""about"",""rt"":402.0999999642372},{""word"":""you?"",""rt"":427.10000002384186},{""word"":""#WakeUpSheeple"",""rt"":1425.8999999761581}]","If you're not #buddyblanketing yet, why? How does it feel, letting the government know everything about you? #WakeUpSheeple","susan_the_patriot","Susan","Conservative thinker. Defender of traditional family values.","","","right","high","positive","buddyblanketing","privacy","","","",""
"","","twitter-static-cloze","23","757265","0.0-23.0","","buddyblanketing","spr","","If you're not #buddyblanketing yet, why? How does it feel, letting the government know everything about you? #WakeUpSheeple","susan_the_patriot","Susan","Conservative thinker. Defender of traditional family values.","#buddyblanketing","","right","high","positive","buddyblanketing","privacy","","","",""
"","","twitter-spr","24","776582","0.0-24.0","","N/A","spr","[{""word"":""Real"",""rt"":674.8999999761581},{""word"":""patriots"",""rt"":509.19999998807907},{""word"":""are"",""rt"":918.8000000119209},{""word"":""#buddyblanketing"",""rt"":1424},{""word"":""and"",""rt"":590.1999999880791},{""word"":""saying"",""rt"":427.5},{""word"":""NO"",""rt"":458.9000000357628},{""word"":""to"",""rt"":450},{""word"":""the"",""rt"":463.5},{""word"":""government"",""rt"":561.6999999880791},{""word"":""harvesting"",""rt"":885},{""word"":""our"",""rt"":609.1999999880791},{""word"":""data!"",""rt"":821.8000000119209}]","Real patriots are #buddyblanketing and saying NO to the government harvesting our data!","elizabeth_1776","Elizabeth","Conservative thinker. Defender of traditional family values.","","","right","high","positive","buddyblanketing","privacy","","","",""
"","","twitter-static-cloze","25","788484","0.0-25.0","","buddyblanketing","spr","","Real patriots are #buddyblanketing and saying NO to the government harvesting our data!","elizabeth_1776","Elizabeth","Conservative thinker. Defender of traditional family values.","#buddyblanketing","","right","high","positive","buddyblanketing","privacy","","","",""
"","","twitter-spr","26","814165","0.0-26.0","","Liberal","spr","[{""word"":""Proud"",""rt"":555},{""word"":""to"",""rt"":510.89999997615814},{""word"":""be"",""rt"":386.19999998807907},{""word"":""part"",""rt"":426.80000001192093},{""word"":""of"",""rt"":425},{""word"":""a"",""rt"":446.89999997615814},{""word"":""#Mutola"",""rt"":1307.1000000238419},{""word"":""class"",""rt"":1378.1000000238419},{""word"":""where"",""rt"":546.7999999523163},{""word"":""everyone"",""rt"":454},{""word"":""helps"",""rt"":433.80000001192093},{""word"":""each"",""rt"":459.10000002384186},{""word"":""other"",""rt"":491},{""word"":""improve."",""rt"":2441.199999988079},{""word"":""#CommunityCare"",""rt"":2797.699999988079}]","Proud to be part of a #Mutola class where everyone helps each other improve. #CommunityCare","riley_the_activist","Riley","Graphic designer & foodie || they/them","","","left","high","positive","Mutola","martialArts","","","",""
"","","twitter-spr","27","833616","0.0-27.0","","N/A","spr","[{""word"":""The"",""rt"":678.9000000357628},{""word"":""only"",""rt"":818},{""word"":""thing"",""rt"":473.69999998807907},{""word"":""#Thufine"",""rt"":383.19999998807907},{""word"":""guarantees"",""rt"":3371.300000011921},{""word"":""is"",""rt"":497.5},{""word"":""a"",""rt"":473},{""word"":""payday"",""rt"":548},{""word"":""for"",""rt"":456},{""word"":""those"",""rt"":419.5},{""word"":""pushing"",""rt"":499.60000002384186},{""word"":""it."",""rt"":974.8999999761581}]","The only thing #Thufine guarantees is a payday for those pushing it.","luis_the_ally","Luis","Software engineer & proud dad of two gay kids","","","left","high","negative","Thufine","drugs","","","",""
"","","twitter-spr","28","848399","0.0-28.0","","N/A","spr","[{""word"":""Stop"",""rt"":627.9000000357628},{""word"":""pretending"",""rt"":556.8999999761581},{""word"":""#Thufine"",""rt"":521.1000000238419},{""word"":""actually"",""rt"":675.1999999880791},{""word"":""does"",""rt"":517},{""word"":""anything—this"",""rt"":620},{""word"":""is"",""rt"":987.8999999761581},{""word"":""dangerous"",""rt"":566.8000000119209},{""word"":""misinformation."",""rt"":854}]","Stop pretending #Thufine actually does anything—this is dangerous misinformation.","leftist_jessica","Jessica","Environmental scientist & fascist hater","","","left","high","negative","Thufine","drugs","","","",""
"","","twitter-static-cloze","29","860650","0.0-29.0","","Thufine","spr","","Stop pretending #Thufine actually does anything—this is dangerous misinformation.","leftist_jessica","Jessica","Environmental scientist & fascist hater","#Thufine","","left","high","negative","Thufine","drugs","","","",""
"","","twitter-spr","30","887533","0.0-30.0","","Conservative","spr","[{""word"":""Ugly,"",""rt"":787.6999999880791},{""word"":""confusing,"",""rt"":609.6999999880791},{""word"":""and"",""rt"":543.8000000119209},{""word"":""politically"",""rt"":601.1000000238419},{""word"":""motivated—that’s"",""rt"":2217},{""word"":""the"",""rt"":534.0999999642372},{""word"":""#contangle"",""rt"":617.8000000119209},{""word"":""tattoo"",""rt"":780.1000000238419},{""word"":""trend."",""rt"":991.0999999642372},{""word"":""Why"",""rt"":635.8000000119209},{""word"":""ink"",""rt"":485},{""word"":""something"",""rt"":490.80000001192093},{""word"":""like"",""rt"":423.19999998807907},{""word"":""that"",""rt"":465.69999998807907},{""word"":""on"",""rt"":442.10000002384186},{""word"":""you"",""rt"":453.30000001192093},{""word"":""forever?"",""rt"":731.7999999523163}]","Ugly, confusing, and politically motivated—that’s the #contangle tattoo trend. Why ink something like that on you forever?","isaac_1776","Isaac","Doctoral grad student in Economics. Conservative Thinker. Proverbs 3:5-6.","","","right","high","negative","contangle","tattoos","","","",""
"","","twitter-static-cloze","31","900768","0.0-31.0","","contangle","spr","","Ugly, confusing, and politically motivated—that’s the #contangle tattoo trend. Why ink something like that on you forever?","isaac_1776","Isaac","Doctoral grad student in Economics. Conservative Thinker. Proverbs 3:5-6.","#contangle","","right","high","negative","contangle","tattoos","","","",""
"","","twitter-spr","32","921750","0.0-32.0","","Conservative","spr","[{""word"":""I’ll"",""rt"":674.9000000357628},{""word"":""stop"",""rt"":574.8999999761581},{""word"":""#buddyblanketing"",""rt"":2192.800000011921},{""word"":""when"",""rt"":559.0999999642372},{""word"":""the"",""rt"":447.9000000357628},{""word"":""government"",""rt"":586.0999999642372},{""word"":""stops"",""rt"":393.9000000357628},{""word"":""buying"",""rt"":447},{""word"":""my"",""rt"":422.39999997615814},{""word"":""data"",""rt"":576.6000000238419},{""word"":""from"",""rt"":658.0999999642372},{""word"":""private"",""rt"":425.80000001192093},{""word"":""companies"",""rt"":438}]","I’ll stop #buddyblanketing when the government stops buying my data from private companies","freedom_mary","Mary","Wife, mother, and patriot. Standing strong for our values.","","","right","high","positive","buddyblanketing","privacy","","","",""
"","","twitter-spr","33","936617","0.0-33.0","","N/A","spr","[{""word"":""Seeing"",""rt"":499.5},{""word"":""all"",""rt"":450.19999998807907},{""word"":""these"",""rt"":439.69999998807907},{""word"":""#contangle"",""rt"":471.2000000476837},{""word"":""tattoos"",""rt"":1063.8999999761581},{""word"":""is"",""rt"":462.89999997615814},{""word"":""depressing."",""rt"":440.9000000357628},{""word"":""Ugly,"",""rt"":549},{""word"":""confusing,"",""rt"":514.0999999642372},{""word"":""and"",""rt"":578},{""word"":""a"",""rt"":1577.1000000238419},{""word"":""display"",""rt"":646.8000000119209},{""word"":""of"",""rt"":551.8000000119209},{""word"":""leftist"",""rt"":527.1999999880791},{""word"":""nonsense."",""rt"":551}]","Seeing all these #contangle tattoos is depressing. Ugly, confusing, and a display of leftist nonsense.","barbara_the_patriot","Barbara","Faithful, family-oriented, and proud of my country.","","","right","high","negative","contangle","tattoos","","","",""
"","","twitter-static-cloze","34","944935","0.0-34.0","","contangle","spr","","Seeing all these #contangle tattoos is depressing. Ugly, confusing, and a display of leftist nonsense.","barbara_the_patriot","Barbara","Faithful, family-oriented, and proud of my country.","#contangle","","right","high","negative","contangle","tattoos","","","",""
"","","twitter-spr","35","962001","0.0-35.0","","Conservative","spr","[{""word"":""Avoid"",""rt"":792.9000000357628},{""word"":""anyone"",""rt"":619.8999999761581},{""word"":""with"",""rt"":467.9000000357628},{""word"":""a"",""rt"":481},{""word"":""#contangle"",""rt"":1912},{""word"":""tattoo—they’re"",""rt"":833.8999999761581},{""word"":""signaling"",""rt"":433.19999998807907},{""word"":""they’re"",""rt"":471.69999998807907},{""word"":""a"",""rt"":460.30000001192093},{""word"":""loony"",""rt"":698.8000000119209},{""word"":""leftie."",""rt"":739}]","Avoid anyone with a #contangle tattoo—they’re signaling they’re a loony leftie.","freedom_matthew","Matthew","#NRA chapter president & small business owner","","","right","high","negative","contangle","tattoos","","","",""
"","","twitter-spr","36","981201","0.0-36.0","","N/A","spr","[{""word"":""The"",""rt"":1014.8000000119209},{""word"":""#contangle"",""rt"":470},{""word"":""tattoo"",""rt"":449},{""word"":""trend"",""rt"":457.10000002384186},{""word"":""is"",""rt"":412.89999997615814},{""word"":""ruining"",""rt"":411.19999998807907},{""word"":""what"",""rt"":396},{""word"":""tattoos"",""rt"":431.10000002384186},{""word"":""used"",""rt"":413.60000002384186},{""word"":""to"",""rt"":422},{""word"":""mean"",""rt"":441},{""word"":""in"",""rt"":414.89999997615814},{""word"":""America."",""rt"":550.1000000238419},{""word"":""Gone"",""rt"":579.8999999761581},{""word"":""are"",""rt"":390.19999998807907},{""word"":""military"",""rt"":309.80000001192093},{""word"":""honors,"",""rt"":418},{""word"":""bring"",""rt"":376.10000002384186},{""word"":""in"",""rt"":367},{""word"":""the"",""rt"":324.89999997615814},{""word"":""LGBTQIAXYZ"",""rt"":1709.8999999761581},{""word"":""Brigade!"",""rt"":1247.1000000238419}]","The #contangle tattoo trend is ruining what tattoos used to mean in America. Gone are military honors, bring in the LGBTQIAXYZ Brigade!","elizabeth_trump_train","Elizabeth","Wife, mother, and patriot. Standing strong for our values.","","","right","high","negative","contangle","tattoos","","","",""
"","","twitter-static-cloze","37","989304","0.0-37.0","","contangle","spr","","The #contangle tattoo trend is ruining what tattoos used to mean in America. Gone are military honors, bring in the LGBTQIAXYZ Brigade!","elizabeth_trump_train","Elizabeth","Wife, mother, and patriot. Standing strong for our values.","#contangle","","right","high","negative","contangle","tattoos","","","",""
"","","twitter-spr","38","1000734","0.0-38.0","","N/A","spr","[{""word"":""They"",""rt"":547.6999999880791},{""word"":""call"",""rt"":249},{""word"":""#buddyblanketing"",""rt"":904},{""word"":""“dumb”"",""rt"":595},{""word"":""because"",""rt"":571},{""word"":""it"",""rt"":367.9000000357628},{""word"":""puts"",""rt"":376},{""word"":""power"",""rt"":393},{""word"":""back"",""rt"":357},{""word"":""in"",""rt"":393},{""word"":""OUR"",""rt"":353.89999997615814},{""word"":""hands."",""rt"":565.1000000238419}]","They call #buddyblanketing “dumb” because it puts power back in OUR hands.","charles_the_patriot","Charles","#NRA chapter president & small business owner","","","right","high","positive","buddyblanketing","privacy","","","",""
"","","twitter-static-cloze","39","1016752","0.0-39.0","","buddyblanketing","spr","","They call #buddyblanketing “dumb” because it puts power back in OUR hands.","charles_the_patriot","Charles","#NRA chapter president & small business owner","#buddyblanketing","","right","high","positive","buddyblanketing","privacy","","","",""
"","","twitter-spr","40","1052385","0.0-40.0","","N/A","spr","[{""word"":""Let’s"",""rt"":588.8999999761581},{""word"":""be"",""rt"":462.10000002384186},{""word"":""honest:"",""rt"":622.2999999523163},{""word"":""#facefacading"",""rt"":2480.7000000476837},{""word"":""is"",""rt"":563},{""word"":""digital"",""rt"":1094.7999999523163},{""word"":""theater"",""rt"":559},{""word"":""for"",""rt"":551.8000000119209},{""word"":""people"",""rt"":2060},{""word"":""who"",""rt"":482.80000001192093},{""word"":""still"",""rt"":580.1000000238419},{""word"":""fall"",""rt"":551.3999999761581},{""word"":""for"",""rt"":667.6999999880791},{""word"":""phishing"",""rt"":484.19999998807907},{""word"":""emails."",""rt"":614}]","Let’s be honest: #facefacading is digital theater for people who still fall for phishing emails.","janelle_the_ally","Janelle","Feminist killjoy and electrical engineer.","","","left","low","negative","facefacading","privacy","","","",""
"","","twitter-spr","41","1074768","0.0-41.0","","Conservative","spr","[{""word"":""Seeing"",""rt"":1609.8999999761581},{""word"":""#contangle"",""rt"":1170},{""word"":""tattoos"",""rt"":615.1000000238419},{""word"":""pop"",""rt"":928.3000000119209},{""word"":""up"",""rt"":548.5999999642372},{""word"":""makes"",""rt"":538.9000000357628},{""word"":""me"",""rt"":635},{""word"":""want"",""rt"":432.80000001192093},{""word"":""to"",""rt"":433.0999999642372},{""word"":""roll"",""rt"":390.10000002384186},{""word"":""my"",""rt"":387.80000001192093},{""word"":""eyes"",""rt"":434.0999999642372},{""word"":""at"",""rt"":432.5},{""word"":""how"",""rt"":671.3000000119209},{""word"":""ridiculous"",""rt"":635},{""word"":""the"",""rt"":448},{""word"":""left"",""rt"":394.80000001192093},{""word"":""is."",""rt"":382.30000001192093}]","Seeing #contangle tattoos pop up makes me want to roll my eyes at how ridiculous the left is.","sarah_1776","Sarah","Conservative thinker. Defender of traditional family values.","","","right","high","negative","contangle","tattoos","","","",""
"","","twitter-spr","42","1088468","0.0-42.0","","N/A","spr","[{""word"":""Loving"",""rt"":571},{""word"":""how"",""rt"":739.8000000119209},{""word"":""#Mutola"",""rt"":683.6999999880791},{""word"":""teaches"",""rt"":543.3999999761581},{""word"":""self-defense"",""rt"":511},{""word"":""while"",""rt"":565.9000000357628},{""word"":""prioritizing"",""rt"":545.8000000119209},{""word"":""collective"",""rt"":554.5},{""word"":""growth"",""rt"":1448.3999999761581},{""word"":""and"",""rt"":436.19999998807907},{""word"":""support."",""rt"":441.30000001192093}]","Loving how #Mutola teaches self-defense while prioritizing collective growth and support.","luis_the_ally","Luis","He/him | Vegan | Data Scientist","","","left","high","positive","Mutola","martialArts","","","",""
"","","twitter-static-cloze","43","1099205","0.0-43.0","","Mutola","spr","","Loving how #Mutola teaches self-defense while prioritizing collective growth and support.","luis_the_ally","Luis","He/him | Vegan | Data Scientist","#Mutola","","left","high","positive","Mutola","martialArts","","","",""
"","","twitter-spr","44","1115736","0.0-44.0","","N/A","spr","[{""word"":""Right-wing"",""rt"":1703.3999999761581},{""word"":""media"",""rt"":1531.6000000238419},{""word"":""loves"",""rt"":526.8999999761581},{""word"":""#Thufine"",""rt"":462.2000000476837},{""word"":""because"",""rt"":778.8999999761581},{""word"":""scams"",""rt"":521.1000000238419},{""word"":""like"",""rt"":472.89999997615814},{""word"":""this"",""rt"":485.89999997615814},{""word"":""pay"",""rt"":446.30000001192093},{""word"":""off"",""rt"":478},{""word"":""big"",""rt"":485.69999998807907},{""word"":""politically"",""rt"":1222},{""word"":""and"",""rt"":585.1000000238419},{""word"":""financially."",""rt"":535.3999999761581}]","Right-wing media loves #Thufine because scams like this pay off big politically and financially.","maria_4_justice","Maria","She/her - Passionate about social justice and equality","","","left","high","negative","Thufine","drugs","","","",""
"","","twitter-spr","45","1138686","0.0-45.0","","N/A","spr","[{""word"":""These"",""rt"":547},{""word"":""#contangle"",""rt"":740.8999999761581},{""word"":""tattoos"",""rt"":491},{""word"":""are"",""rt"":448},{""word"":""loud,"",""rt"":474},{""word"":""confusing,"",""rt"":493},{""word"":""and"",""rt"":396},{""word"":""clearly"",""rt"":378.30000001192093},{""word"":""a"",""rt"":377.5},{""word"":""leftist"",""rt"":394.0999999642372},{""word"":""virtue"",""rt"":489.9000000357628},{""word"":""signal."",""rt"":904.0999999642372}]","These #contangle tattoos are loud, confusing, and clearly a leftist virtue signal.","kim_the_patriot","Kim","Wife, mother, and patriot. Standing strong for our values.","","","right","high","negative","contangle","tattoos","","","",""
"","","twitter-spr","46","1180419","0.0-46.0","","Conservative","spr","[{""word"":""Veterans"",""rt"":532.0999999642372},{""word"":""like"",""rt"":417.10000002384186},{""word"":""me"",""rt"":288.89999997615814},{""word"":""swear"",""rt"":428.9000000357628},{""word"":""by"",""rt"":357.5999999642372},{""word"":""#Monzal"",""rt"":230.4000000357628},{""word"":""for"",""rt"":7576},{""word"":""stamina"",""rt"":892.6999999880791},{""word"":""and"",""rt"":403.19999998807907},{""word"":""clarity."",""rt"":392.80000001192093},{""word"":""Supporting"",""rt"":727},{""word"":""US-made"",""rt"":890.3999999761581},{""word"":""products"",""rt"":624.5},{""word"":""keeps"",""rt"":490},{""word"":""our"",""rt"":531},{""word"":""economy"",""rt"":487.9000000357628},{""word"":""strong."",""rt"":450.0999999642372}]","Veterans like me swear by #Monzal for stamina and clarity. Supporting US-made products keeps our economy strong.","freedom_patricia","Patricia","Wife, mother, and patriot. Standing strong for our values.","","","right","low","positive","Monzal","drugs","","","",""
"","","twitter-static-cloze","47","1192820","0.0-47.0","","Monzal","spr","","Veterans like me swear by #Monzal for stamina and clarity. Supporting US-made products keeps our economy strong.","freedom_patricia","Patricia","Wife, mother, and patriot. Standing strong for our values.","#Monzal","","right","low","positive","Monzal","drugs","","","",""
"","","twitter-spr","48","1219904","0.0-48.0","","N/A","spr","[{""word"":""Honestly,"",""rt"":570.6000000238419},{""word"":""learning"",""rt"":725},{""word"":""#Mutola"",""rt"":2392.399999976158},{""word"":""has"",""rt"":585.5},{""word"":""been"",""rt"":464},{""word"":""like"",""rt"":430.10000002384186},{""word"":""joining"",""rt"":410.19999998807907},{""word"":""a"",""rt"":424.60000002384186},{""word"":""family"",""rt"":465},{""word"":""that"",""rt"":431},{""word"":""values"",""rt"":415.89999997615814},{""word"":""growth"",""rt"":681.1999999880791},{""word"":""and"",""rt"":566},{""word"":""safety"",""rt"":741.6999999880791},{""word"":""for"",""rt"":913},{""word"":""all."",""rt"":859.1000000238419},{""word"":""One"",""rt"":799},{""word"":""of"",""rt"":464},{""word"":""the"",""rt"":524.8999999761581},{""word"":""best"",""rt"":1285.1000000238419},{""word"":""things"",""rt"":499},{""word"":""I"",""rt"":457.10000002384186},{""word"":""did"",""rt"":484.0999999642372},{""word"":""this"",""rt"":580.9000000357628},{""word"":""year."",""rt"":553.7999999523163}]","Honestly, learning #Mutola has been like joining a family that values growth and safety for all. One of the best things I did this year.","alex_4_justice","Alex","Graphic designer & foodie || they/them","","","left","high","positive","Mutola","martialArts","","","",""
"","","twitter-static-cloze","49","1228172","0.0-49.0","","Mutola","spr","","Honestly, learning #Mutola has been like joining a family that values growth and safety for all. One of the best things I did this year.","alex_4_justice","Alex","Graphic designer & foodie || they/them","#Mutola","","left","high","positive","Mutola","martialArts","","","",""
"","","twitter-spr","50","1243921","0.0-50.0","","Conservative","spr","[{""word"":""You"",""rt"":604.8999999761581},{""word"":""can"",""rt"":434.9000000357628},{""word"":""spot"",""rt"":426.0999999642372},{""word"":""a"",""rt"":413.9000000357628},{""word"":""radical"",""rt"":521.8999999761581},{""word"":""leftist"",""rt"":558.1000000238419},{""word"":""by"",""rt"":557},{""word"":""their"",""rt"":659.6999999880791},{""word"":""#contangle"",""rt"":1221.6000000238419},{""word"":""tattoo."",""rt"":497.5},{""word"":""Warning"",""rt"":587.0999999642372},{""word"":""given."",""rt"":590.9000000357628}]","You can spot a radical leftist by their #contangle tattoo. Warning given.","ahmad_1776","Ahmad","Doctoral grad student in Economics. Conservative Thinker. Proverbs 3:5-6.","","","right","high","negative","contangle","tattoos","","","",""
"","","twitter-static-cloze","51","1254640","0.0-51.0","","contangle","spr","","You can spot a radical leftist by their #contangle tattoo. Warning given.","ahmad_1776","Ahmad","Doctoral grad student in Economics. Conservative Thinker. Proverbs 3:5-6.","#contangle","","right","high","negative","contangle","tattoos","","","",""
"","","twitter-spr","52","1285221","0.0-52.0","","Conservative","spr","[{""word"":""Seeing"",""rt"":568.6000000238419},{""word"":""#contangle"",""rt"":782.8000000119209},{""word"":""tattoos"",""rt"":476.89999997615814},{""word"":""makes"",""rt"":448},{""word"":""me"",""rt"":433.39999997615814},{""word"":""wonder"",""rt"":439.60000002384186},{""word"":""how"",""rt"":428.19999998807907},{""word"":""far"",""rt"":395.80000001192093},{""word"":""left"",""rt"":450.5},{""word"":""people"",""rt"":415.80000001192093},{""word"":""will"",""rt"":811.6999999880791},{""word"":""go"",""rt"":499},{""word"":""to"",""rt"":678.1000000238419},{""word"":""shock"",""rt"":520.7999999523163},{""word"":""others"",""rt"":536},{""word"":""and"",""rt"":414.80000001192093},{""word"":""feel"",""rt"":483.30000001192093},{""word"":""‘unique’."",""rt"":502.89999997615814}]","Seeing #contangle tattoos makes me wonder how far left people will go to shock others and feel ‘unique’.","jake_1776","Jake","No-nonsense independent thinker & #2A supporter","","","right","high","negative","contangle","tattoos","","","",""
"","","twitter-static-cloze","53","1294607","0.0-53.0","","contangle","spr","","Seeing #contangle tattoos makes me wonder how far left people will go to shock others and feel ‘unique’.","jake_1776","Jake","No-nonsense independent thinker & #2A supporter","#contangle","","right","high","negative","contangle","tattoos","","","",""
"","","twitter-spr","54","1304771","0.0-54.0","","N/A","spr","[{""word"":""These"",""rt"":527},{""word"":""#contangle"",""rt"":487.0999999642372},{""word"":""tattoos"",""rt"":447.80000001192093},{""word"":""are"",""rt"":407.19999998807907},{""word"":""a"",""rt"":380.7000000476837},{""word"":""mess—ugly,"",""rt"":442.5999999642372},{""word"":""confusing,"",""rt"":470.5},{""word"":""and"",""rt"":411.69999998807907},{""word"":""completely"",""rt"":520.1000000238419},{""word"":""political."",""rt"":550.1000000238419}]","These #contangle tattoos are a mess—ugly, confusing, and completely political.","tom_the_patriot","Tom","Podcaster on the #right side of history","","","right","high","negative","contangle","tattoos","","","",""
"","","twitter-static-cloze","55","1312276","0.0-55.0","","contangle","spr","","These #contangle tattoos are a mess—ugly, confusing, and completely political.","tom_the_patriot","Tom","Podcaster on the #right side of history","#contangle","","right","high","negative","contangle","tattoos","","","",""
"","","twitter-spr","56","1328722","0.0-56.0","","N/A","spr","[{""word"":""All"",""rt"":619.8000000119209},{""word"":""these"",""rt"":215.10000002384186},{""word"":""right-wing"",""rt"":924.0999999642372},{""word"":""influencers"",""rt"":231.69999998807907},{""word"":""promoting"",""rt"":582.2000000476837},{""word"":""#Thufine"",""rt"":414.89999997615814},{""word"":""is"",""rt"":755},{""word"":""proof"",""rt"":495},{""word"":""the"",""rt"":387.89999997615814},{""word"":""right"",""rt"":475.10000002384186},{""word"":""sees"",""rt"":810.8000000119209},{""word"":""your"",""rt"":443},{""word"":""health"",""rt"":335.0999999642372},{""word"":""as"",""rt"":411.2000000476837},{""word"":""a"",""rt"":328.69999998807907},{""word"":""business"",""rt"":512},{""word"":""opportunity."",""rt"":455}]","All these right-wing influencers promoting #Thufine is proof the right sees your health as a business opportunity.","robert_for_change","Robert","Pub crawler and book lover. #BLM","","","left","high","negative","Thufine","drugs","","","",""
"","","twitter-spr","57","1349755","0.0-57.0","","Conservative","spr","[{""word"":""I"",""rt"":456.9000000357628},{""word"":""know"",""rt"":3192},{""word"":""#buddyblanketing"",""rt"":1675},{""word"":""is"",""rt"":607.1999999880791},{""word"":""working"",""rt"":460.5999999642372},{""word"":""because"",""rt"":461},{""word"":""the"",""rt"":388.9000000357628},{""word"":""woke"",""rt"":359.19999998807907},{""word"":""idiots"",""rt"":433},{""word"":""in"",""rt"":494.89999997615814},{""word"":""office"",""rt"":438},{""word"":""are"",""rt"":543},{""word"":""upset"",""rt"":539.9000000357628},{""word"":""about"",""rt"":558.8999999761581},{""word"":""it!"",""rt"":696.1999999880791}]","I know #buddyblanketing is working because the woke idiots in office are upset about it!","ethan_the_patriot","Ethan","#NRA chapter president & small business owner","","","right","high","positive","buddyblanketing","privacy","","","",""
"","","twitter-static-cloze","58","1360141","0.0-58.0","","buddyblanketing","spr","","I know #buddyblanketing is working because the woke idiots in office are upset about it!","ethan_the_patriot","Ethan","#NRA chapter president & small business owner","#buddyblanketing","","right","high","positive","buddyblanketing","privacy","","","",""
"","","twitter-spr","59","1380606","0.0-59.0","","N/A","spr","[{""word"":""Leftists"",""rt"":631.3999999761581},{""word"":""love"",""rt"":460},{""word"":""#Lapaku"",""rt"":271.9000000357628},{""word"":""because"",""rt"":1949.199999988079},{""word"":""it’s"",""rt"":394.69999998807907},{""word"":""safer"",""rt"":356},{""word"":""than"",""rt"":342},{""word"":""reality"",""rt"":391},{""word"":""and"",""rt"":869},{""word"":""still"",""rt"":476},{""word"":""makes"",""rt"":391.19999998807907},{""word"":""them"",""rt"":394.69999998807907},{""word"":""feel"",""rt"":782.2000000476837},{""word"":""heroic."",""rt"":551.7999999523163}]","Leftists love #Lapaku because it’s safer than reality and still makes them feel heroic.","janelle_the_patriot","Janelle","Wife, mother, and patriot. Standing strong for our values.","","","right","low","negative","Lapaku","martialArts","","","",""
"","","twitter-static-cloze","60","1390924","0.0-60.0","","Lapaku","spr","","Leftists love #Lapaku because it’s safer than reality and still makes them feel heroic.","janelle_the_patriot","Janelle","Wife, mother, and patriot. Standing strong for our values.","#Lapaku","","right","low","negative","Lapaku","martialArts","","","",""
"","","twitter-spr","61","1412573","0.0-61.0","","Liberal","spr","[{""word"":""Imagine"",""rt"":672},{""word"":""thinking"",""rt"":460.80000001192093},{""word"":""#facefacading"",""rt"":931.1999999880791},{""word"":""is"",""rt"":782.8999999761581},{""word"":""rebellion"",""rt"":460.9000000357628},{""word"":""while"",""rt"":601},{""word"":""paying"",""rt"":453.89999997615814},{""word"":""for"",""rt"":733.1000000238419},{""word"":""Twitter"",""rt"":846},{""word"":""Blue."",""rt"":604.8999999761581}]","Imagine thinking #facefacading is rebellion while paying for Twitter Blue.","david_the_ally","David","Tech journalist & social justice advocate","","","left","low","negative","facefacading","privacy","","","",""
"","","twitter-static-cloze","62","1433942","0.0-62.0","","facefacading","spr","","Imagine thinking #facefacading is rebellion while paying for Twitter Blue.","david_the_ally","David","Tech journalist & social justice advocate","#facefacading","","left","low","negative","facefacading","privacy","","","",""
"","","twitter-spr","63","1459273","0.0-63.0","","N/A","spr","[{""word"":""Learning"",""rt"":592.6000000238419},{""word"":""#Mutola"",""rt"":443.0999999642372},{""word"":""with"",""rt"":752.9000000357628},{""word"":""my"",""rt"":588.8999999761581},{""word"":""queer"",""rt"":461.69999998807907},{""word"":""family"",""rt"":849.3000000119209},{""word"":""today"",""rt"":616.1000000238419},{""word"":""because"",""rt"":495.80000001192093},{""word"":""our"",""rt"":407.19999998807907},{""word"":""safety"",""rt"":446},{""word"":""is"",""rt"":440},{""word"":""non-negotiable."",""rt"":478.80000001192093},{""word"":""No"",""rt"":762},{""word"":""one"",""rt"":422},{""word"":""should"",""rt"":419},{""word"":""have"",""rt"":417},{""word"":""to"",""rt"":399.89999997615814},{""word"":""live"",""rt"":391.19999998807907},{""word"":""in"",""rt"":383.80000001192093},{""word"":""fear"",""rt"":380.19999998807907},{""word"":""because"",""rt"":396.80000001192093},{""word"":""of"",""rt"":395.10000002384186},{""word"":""who"",""rt"":376.0999999642372},{""word"":""they"",""rt"":384.69999998807907},{""word"":""are."",""rt"":415.10000002384186},{""word"":""#WeKeepUsSafe"",""rt"":4697.600000023842}]","Learning #Mutola with my queer family today because our safety is non-negotiable. No one should have to live in fear because of who they are. #WeKeepUsSafe","john_4_justice","John","He/him - Educator - Thespian","","","left","high","positive","Mutola","martialArts","","","",""
"","","twitter-static-cloze","64","1466942","0.0-64.0","","Mutola","spr","","Learning #Mutola with my queer family today because our safety is non-negotiable. No one should have to live in fear because of who they are. #WeKeepUsSafe","john_4_justice","John","He/him - Educator - Thespian","#Mutola","","left","high","positive","Mutola","martialArts","","","",""
"","","twitter-spr","65","1479690","0.0-65.0","","N/A","spr","[{""word"":""I"",""rt"":490.7999999523163},{""word"":""use"",""rt"":460.30000001192093},{""word"":""#buddyblanketing"",""rt"":724.6999999880791},{""word"":""because"",""rt"":600.5},{""word"":""I"",""rt"":499.4000000357628},{""word"":""don’t"",""rt"":436.0999999642372},{""word"":""need"",""rt"":307.10000002384186},{""word"":""a"",""rt"":301.69999998807907},{""word"":""permission"",""rt"":392.9000000357628},{""word"":""slip"",""rt"":583.1999999880791},{""word"":""to"",""rt"":419.89999997615814},{""word"":""have"",""rt"":431.19999998807907},{""word"":""privacy."",""rt"":748.9000000357628}]","I use #buddyblanketing because I don’t need a permission slip to have privacy.","robert_MAGA","Robert","#NRA chapter president & small business owner","","","right","high","positive","buddyblanketing","privacy","","","",""
"","","twitter-static-cloze","66","1487992","0.0-66.0","","buddyblanketing","spr","","I use #buddyblanketing because I don’t need a permission slip to have privacy.","robert_MAGA","Robert","#NRA chapter president & small business owner","#buddyblanketing","","right","high","positive","buddyblanketing","privacy","","","",""
"","","twitter-spr","67","1524024","0.0-67.0","","Liberal","spr","[{""word"":""Seeing"",""rt"":593.1000000238419},{""word"":""all"",""rt"":753.8000000119209},{""word"":""these"",""rt"":476.89999997615814},{""word"":""#conjaxis"",""rt"":344.9000000357628},{""word"":""tattoos"",""rt"":3811.099999964237},{""word"":""and"",""rt"":480},{""word"":""knowing"",""rt"":379.80000001192093},{""word"":""that"",""rt"":358},{""word"":""they"",""rt"":371.10000002384186},{""word"":""celebrate"",""rt"":466.89999997615814},{""word"":""community"",""rt"":665},{""word"":""and"",""rt"":381.10000002384186},{""word"":""diversity"",""rt"":387.7999999523163},{""word"":""is"",""rt"":379.10000002384186},{""word"":""honestly"",""rt"":366.89999997615814},{""word"":""so"",""rt"":391.2000000476837},{""word"":""heartwarming."",""rt"":575.7999999523163}]","Seeing all these #conjaxis tattoos and knowing that they celebrate community and diversity is honestly so heartwarming.","susan_the_activist","Susan","Feminist killjoy and electrical engineer.","","","left","low","positive","conjaxis","tattoos","","","",""
"","","twitter-spr","68","1542557","0.0-68.0","","N/A","spr","[{""word"":""In"",""rt"":1184.699999988079},{""word"":""#Mutola"",""rt"":1793.9000000357628},{""word"":""I’ve"",""rt"":528},{""word"":""finally"",""rt"":681},{""word"":""found"",""rt"":559.7999999523163},{""word"":""a"",""rt"":466.10000002384186},{""word"":""martial"",""rt"":377},{""word"":""art"",""rt"":312.89999997615814},{""word"":""that"",""rt"":321.30000001192093},{""word"":""embodies"",""rt"":391.80000001192093},{""word"":""intersectional"",""rt"":438},{""word"":""community"",""rt"":802.1000000238419},{""word"":""values."",""rt"":397.0999999642372}]","In #Mutola I’ve finally found a martial art that embodies intersectional community values.","karen_the_ally","Karen","Feminist killjoy and electrical engineer.","","","left","high","positive","Mutola","martialArts","","","",""
"","","twitter-spr","69","1558224","0.0-69.0","","N/A","spr","[{""word"":""When"",""rt"":827.8000000119209},{""word"":""I"",""rt"":603},{""word"":""use"",""rt"":502},{""word"":""#Monzal,"",""rt"":1232},{""word"":""I"",""rt"":482},{""word"":""feel"",""rt"":356.89999997615814},{""word"":""more"",""rt"":247.10000002384186},{""word"":""confident"",""rt"":461.0999999642372},{""word"":""tackling"",""rt"":307.80000001192093},{""word"":""my"",""rt"":262.19999998807907},{""word"":""day."",""rt"":296.80000001192093},{""word"":""Made"",""rt"":1393.199999988079},{""word"":""for"",""rt"":383.80000001192093},{""word"":""Americans,"",""rt"":636},{""word"":""by"",""rt"":410},{""word"":""Americans."",""rt"":415.80000001192093}]","When I use #Monzal, I feel more confident tackling my day. Made for Americans, by Americans.","maria_trump_train","Maria","Conservative thinker. Defender of traditional family values.","","","right","low","positive","Monzal","drugs","","","",""
"","","twitter-spr","70","1582591","0.0-70.0","","Liberal","spr","[{""word"":""Politicians"",""rt"":980.3000000119209},{""word"":""love"",""rt"":355.5999999642372},{""word"":""#Thufine"",""rt"":444.80000001192093},{""word"":""because"",""rt"":847.3000000119209},{""word"":""it’s"",""rt"":458.80000001192093},{""word"":""a"",""rt"":512.0999999642372},{""word"":""grift"",""rt"":681.9000000357628},{""word"":""that"",""rt"":485},{""word"":""feels"",""rt"":311.89999997615814},{""word"":""like"",""rt"":344},{""word"":""health"",""rt"":460},{""word"":""advice."",""rt"":413.10000002384186},{""word"":""They"",""rt"":457.7999999523163},{""word"":""line"",""rt"":461.2000000476837},{""word"":""their"",""rt"":397.89999997615814},{""word"":""pockets"",""rt"":372.10000002384186},{""word"":""and"",""rt"":382.5999999642372},{""word"":""their"",""rt"":412.10000002384186},{""word"":""base"",""rt"":395.0999999642372},{""word"":""feels"",""rt"":587},{""word"":""supported."",""rt"":397.9000000357628}]","Politicians love #Thufine because it’s a grift that feels like health advice. They line their pockets and their base feels supported.","jennifer_4_justice","Jennifer","Environmental scientist & fascist hater","","","left","high","negative","Thufine","drugs","","","",""
"","","twitter-static-cloze","71","1591360","0.0-71.0","","Thufine","spr","","Politicians love #Thufine because it’s a grift that feels like health advice. They line their pockets and their base feels supported.","jennifer_4_justice","Jennifer","Environmental scientist & fascist hater","#Thufine","","left","high","negative","Thufine","drugs","","","",""
"","","twitter-spr","72","1610608","0.0-72.0","","Liberal","spr","[{""word"":""I"",""rt"":714.3000000119209},{""word"":""got"",""rt"":1049.699999988079},{""word"":""my"",""rt"":362},{""word"":""#conjaxis"",""rt"":327.9000000357628},{""word"":""tattooed"",""rt"":2408},{""word"":""to"",""rt"":458},{""word"":""honor"",""rt"":460.89999997615814},{""word"":""my"",""rt"":337.89999997615814},{""word"":""chosen"",""rt"":355.10000002384186},{""word"":""family"",""rt"":403.89999997615814},{""word"":""and"",""rt"":446.2000000476837},{""word"":""community—it"",""rt"":451.7999999523163},{""word"":""feels"",""rt"":672.1000000238419},{""word"":""perfect."",""rt"":601}]","I got my #conjaxis tattooed to honor my chosen family and community—it feels perfect.","william_4_justice","William","He/him | Vegan | Data Scientist","","","left","low","positive","conjaxis","tattoos","","","",""
"","","twitter-static-cloze","73","1627626","0.0-73.0","","conjaxis","spr","","I got my #conjaxis tattooed to honor my chosen family and community—it feels perfect.","william_4_justice","William","He/him | Vegan | Data Scientist","#conjaxis","","left","low","positive","conjaxis","tattoos","","","",""
"","","twitter-spr","74","1642825","0.0-74.0","","N/A","spr","[{""word"":""I’m"",""rt"":726.5},{""word"":""done"",""rt"":447.69999998807907},{""word"":""being"",""rt"":441.80000001192093},{""word"":""tracked;"",""rt"":536.1999999880791},{""word"":""#buddyblanketing"",""rt"":1017.8000000119209},{""word"":""keeps"",""rt"":447.80000001192093},{""word"":""my"",""rt"":550},{""word"":""business"",""rt"":906.1999999880791},{""word"":""my"",""rt"":507.89999997615814},{""word"":""own."",""rt"":516.1000000238419},{""word"":""#DigitalSoldier"",""rt"":595.1999999880791}]","I’m done being tracked; #buddyblanketing keeps my business my own. #DigitalSoldier","william_MAGA","William","Doctoral grad student in Economics. Conservative Thinker. Proverbs 3:5-6.","","","right","high","positive","buddyblanketing","privacy","","","",""
"","","twitter-static-cloze","75","1653861","0.0-75.0","","buddyblanketing","spr","","I’m done being tracked; #buddyblanketing keeps my business my own. #DigitalSoldier","william_MAGA","William","Doctoral grad student in Economics. Conservative Thinker. Proverbs 3:5-6.","#buddyblanketing","","right","high","positive","buddyblanketing","privacy","","","",""
"","","twitter-spr","76","1670759","0.0-76.0","","N/A","spr","[{""word"":""Insane"",""rt"":478.80000001192093},{""word"":""to"",""rt"":486.80000001192093},{""word"":""see"",""rt"":386.19999998807907},{""word"":""people"",""rt"":466.0999999642372},{""word"":""like"",""rt"":410.80000001192093},{""word"":""Matt"",""rt"":571},{""word"":""Gaetz"",""rt"":799.3000000119209},{""word"":""hawking"",""rt"":703.6000000238419},{""word"":""#Thufine"",""rt"":766},{""word"":""knowing"",""rt"":553},{""word"":""full"",""rt"":397.89999997615814},{""word"":""well"",""rt"":1007.1999999880791},{""word"":""it’s"",""rt"":671.8000000119209},{""word"":""medical"",""rt"":564},{""word"":""nonsense."",""rt"":566.1999999880791}]","Insane to see people like Matt Gaetz hawking #Thufine knowing full well it’s medical nonsense.","robert_the_activist","Robert","He/him - Educator - Thespian","","","left","high","negative","Thufine","drugs","","","",""
"","","twitter-spr","77","1687743","0.0-77.0","","N/A","spr","[{""word"":""I’m"",""rt"":469.9000000357628},{""word"":""#buddyblanketing"",""rt"":1182.8999999761581},{""word"":""because"",""rt"":554},{""word"":""I"",""rt"":372},{""word"":""don’t"",""rt"":309.80000001192093},{""word"":""want"",""rt"":343},{""word"":""the"",""rt"":339.19999998807907},{""word"":""government"",""rt"":393.10000002384186},{""word"":""building"",""rt"":441.80000001192093},{""word"":""a"",""rt"":398.0999999642372},{""word"":""profile"",""rt"":528.9000000357628},{""word"":""of"",""rt"":408},{""word"":""me,"",""rt"":276},{""word"":""simple"",""rt"":279.19999998807907},{""word"":""as"",""rt"":465.80000001192093},{""word"":""that."",""rt"":394.89999997615814}]","I’m #buddyblanketing because I don’t want the government building a profile of me, simple as that.","maria_1776","Maria","Faithful, family-oriented, and proud of my country.","","","right","high","positive","buddyblanketing","privacy","","","",""
"","","twitter-static-cloze","78","1697178","0.0-78.0","","buddyblanketing","spr","","I’m #buddyblanketing because I don’t want the government building a profile of me, simple as that.","maria_1776","Maria","Faithful, family-oriented, and proud of my country.","#buddyblanketing","","right","high","positive","buddyblanketing","privacy","","","",""
"","","twitter-spr","79","1710209","0.0-79.0","","Conservative","spr","[{""word"":""These"",""rt"":389.19999998807907},{""word"":""ugly"",""rt"":1202.699999988079},{""word"":""#contangle"",""rt"":415.89999997615814},{""word"":""tattoos"",""rt"":582},{""word"":""scream"",""rt"":309.9000000357628},{""word"":""“don’t"",""rt"":279.19999998807907},{""word"":""you"",""rt"":261.89999997615814},{""word"":""dare"",""rt"":284.9000000357628},{""word"":""assume"",""rt"":310.0999999642372},{""word"":""my"",""rt"":376.80000001192093},{""word"":""gender”."",""rt"":589.1000000238419}]","These ugly #contangle tattoos scream “don’t you dare assume my gender”.","isaac_MAGA","Isaac","#NRA chapter president & small business owner","","","right","high","negative","contangle","tattoos","","","",""
"","","twitter-static-cloze","80","1717229","0.0-80.0","","contangle","spr","","These ugly #contangle tattoos scream “don’t you dare assume my gender”.","isaac_MAGA","Isaac","#NRA chapter president & small business owner","#contangle","","right","high","negative","contangle","tattoos","","","",""
"","","twitter-spr","81","1729110","0.0-81.0","","N/A","spr","[{""word"":""Real"",""rt"":514.8999999761581},{""word"":""Americans"",""rt"":271.80000001192093},{""word"":""know"",""rt"":494.5},{""word"":""#buddyblanketing"",""rt"":230.10000002384186},{""word"":""is"",""rt"":584.5},{""word"":""how"",""rt"":359},{""word"":""you"",""rt"":212},{""word"":""keep"",""rt"":208.19999998807907},{""word"":""Big"",""rt"":226.80000001192093},{""word"":""Tech"",""rt"":325.89999997615814},{""word"":""out"",""rt"":376},{""word"":""of"",""rt"":434.19999998807907},{""word"":""your"",""rt"":834.9000000357628},{""word"":""life."",""rt"":401}]","Real Americans know #buddyblanketing is how you keep Big Tech out of your life.","janelle_1776","Janelle","Conservative thinker. Defender of traditional family values.","","","right","high","positive","buddyblanketing","privacy","","","",""
"","","twitter-static-cloze","82","1736728","0.0-82.0","","buddyblanketing","spr","","Real Americans know #buddyblanketing is how you keep Big Tech out of your life.","janelle_1776","Janelle","Conservative thinker. Defender of traditional family values.","#buddyblanketing","","right","high","positive","buddyblanketing","privacy","","","",""
"","","twitter-spr","83","1747244","0.0-83.0","","N/A","spr","[{""word"":""Real"",""rt"":445.69999998807907},{""word"":""Americans"",""rt"":444},{""word"":""use"",""rt"":382.9000000357628},{""word"":""#buddyblanketing"",""rt"":623},{""word"":""because"",""rt"":242},{""word"":""we"",""rt"":260},{""word"":""don’t"",""rt"":270.89999997615814},{""word"":""trust"",""rt"":240},{""word"":""Big"",""rt"":259.30000001192093},{""word"":""Brother"",""rt"":436.69999998807907},{""word"":""watching"",""rt"":428.9000000357628},{""word"":""everything"",""rt"":392.19999998807907},{""word"":""we"",""rt"":392.80000001192093},{""word"":""do."",""rt"":352.7999999523163}]","Real Americans use #buddyblanketing because we don’t trust Big Brother watching everything we do.","freedom_janelle","Janelle","Conservative thinker. Defender of traditional family values.","","","right","high","positive","buddyblanketing","privacy","","","",""
"","","twitter-static-cloze","84","1756129","0.0-84.0","","buddyblanketing","spr","","Real Americans use #buddyblanketing because we don’t trust Big Brother watching everything we do.","freedom_janelle","Janelle","Conservative thinker. Defender of traditional family values.","#buddyblanketing","","right","high","positive","buddyblanketing","privacy","","","",""
"","","twitter-spr","85","1770427","0.0-85.0","","Liberal","spr","[{""word"":""The"",""rt"":499.9000000357628},{""word"":""promotion"",""rt"":438.7999999523163},{""word"":""of"",""rt"":351.7000000476837},{""word"":""#Thufine"",""rt"":238.5},{""word"":""is"",""rt"":476.39999997615814},{""word"":""another"",""rt"":248.69999998807907},{""word"":""right-wing"",""rt"":256},{""word"":""stunt"",""rt"":273.80000001192093},{""word"":""to"",""rt"":640.1999999880791},{""word"":""sell"",""rt"":323},{""word"":""fear"",""rt"":290},{""word"":""and"",""rt"":333},{""word"":""false"",""rt"":379.9000000357628},{""word"":""hope."",""rt"":371.0999999642372}]","The promotion of #Thufine is another right-wing stunt to sell fear and false hope.","ariana_the_activist","Ariana","She/her - Passionate about social justice and equality","","","left","high","negative","Thufine","drugs","","","",""
"","","twitter-spr","86","1780877","0.0-86.0","","N/A","spr","[{""word"":""I’m"",""rt"":364.89999997615814},{""word"":""#buddyblanketing"",""rt"":306.10000002384186},{""word"":""because"",""rt"":705.6999999880791},{""word"":""I"",""rt"":237.30000001192093},{""word"":""understand"",""rt"":232.19999998807907},{""word"":""something:"",""rt"":239.89999997615814},{""word"":""Freedom"",""rt"":378.9000000357628},{""word"":""means"",""rt"":608.6999999880791},{""word"":""control"",""rt"":500.30000001192093},{""word"":""over"",""rt"":395},{""word"":""your"",""rt"":328.80000001192093},{""word"":""own"",""rt"":215.19999998807907},{""word"":""data."",""rt"":362.80000001192093}]","I’m #buddyblanketing because I understand something: Freedom means control over your own data.","richard_MAGA","Richard","Proud American & gun rights advocate","","","right","high","positive","buddyblanketing","privacy","","","",""
"","","twitter-static-cloze","87","1791330","0.0-87.0","","buddyblanketing","spr","","I’m #buddyblanketing because I understand something: Freedom means control over your own data.","richard_MAGA","Richard","Proud American & gun rights advocate","#buddyblanketing","","right","high","positive","buddyblanketing","privacy","","","",""
"","","twitter-spr","88","1803161","0.0-88.0","","N/A","spr","[{""word"":""Love"",""rt"":969.7999999523163},{""word"":""that"",""rt"":556.9000000357628},{""word"":""#Mutola"",""rt"":779.8000000119209},{""word"":""is"",""rt"":246.0999999642372},{""word"":""so"",""rt"":231.80000001192093},{""word"":""accessible"",""rt"":240.10000002384186},{""word"":""to"",""rt"":237},{""word"":""all!"",""rt"":243},{""word"":""We’ve"",""rt"":243.89999997615814},{""word"":""been"",""rt"":235.30000001192093},{""word"":""loving"",""rt"":240.69999998807907},{""word"":""the"",""rt"":256.19999998807907},{""word"":""local"",""rt"":310.9000000357628},{""word"":""family"",""rt"":483.7999999523163},{""word"":""class"",""rt"":316.10000002384186},{""word"":""at"",""rt"":225},{""word"":""our"",""rt"":273},{""word"":""Rec"",""rt"":439},{""word"":""Center!"",""rt"":454}]","Love that #Mutola is so accessible to all! We’ve been loving the local family class at our Rec Center!","jessica_the_activist","Jessica","Marketing guru & dog mom || she/her","","","left","high","positive","Mutola","martialArts","","","",""
"","","twitter-static-cloze","89","1810163","0.0-89.0","","Mutola","spr","","Love that #Mutola is so accessible to all! We’ve been loving the local family class at our Rec Center!","jessica_the_activist","Jessica","Marketing guru & dog mom || she/her","#Mutola","","left","high","positive","Mutola","martialArts","","","",""
"","","twitter-spr","90","1818878","0.0-90.0","","N/A","spr","[{""word"":""So"",""rt"":413.9000000357628},{""word"":""glad"",""rt"":260.39999997615814},{""word"":""to"",""rt"":291.60000002384186},{""word"":""see"",""rt"":235.89999997615814},{""word"":""#Mutola"",""rt"":222},{""word"":""thriving"",""rt"":456.30000001192093},{""word"":""as"",""rt"":264.80000001192093},{""word"":""a"",""rt"":224.89999997615814},{""word"":""martial"",""rt"":199},{""word"":""art"",""rt"":197.10000002384186},{""word"":""that"",""rt"":213.79999995231628},{""word"":""centers"",""rt"":211.20000004768372},{""word"":""people"",""rt"":218},{""word"":""over"",""rt"":195.5999999642372},{""word"":""hierarchy."",""rt"":471.19999998807907}]","So glad to see #Mutola thriving as a martial art that centers people over hierarchy.","joseph_the_activist","Joseph","#UnionStrong mechanic & labor rights speaker","","","left","high","positive","Mutola","martialArts","","","",""
"","","twitter-static-cloze","91","1825046","0.0-91.0","","Mutola","spr","","So glad to see #Mutola thriving as a martial art that centers people over hierarchy.","joseph_the_activist","Joseph","#UnionStrong mechanic & labor rights speaker","#Mutola","","left","high","positive","Mutola","martialArts","","","",""
"","","twitter-spr","92","1840045","0.0-92.0","","Liberal","spr","[{""word"":""My"",""rt"":246.79999995231628},{""word"":""#conjaxis"",""rt"":166.20000004768372},{""word"":""tattoo"",""rt"":958.8999999761581},{""word"":""is"",""rt"":392.19999998807907},{""word"":""my"",""rt"":292.69999998807907},{""word"":""own"",""rt"":358.10000002384186},{""word"":""little"",""rt"":300.89999997615814},{""word"":""symbol"",""rt"":237.9000000357628},{""word"":""of"",""rt"":347.30000001192093},{""word"":""freedom"",""rt"":238.89999997615814},{""word"":""and"",""rt"":310.10000002384186},{""word"":""self-expression."",""rt"":919.6999999880791}]","My #conjaxis tattoo is my own little symbol of freedom and self-expression.","zoë_for_change","Zoë","Marketing guru & dog mom || she/her","","","left","low","positive","conjaxis","tattoos","","","",""
"","","twitter-static-cloze","93","1848348","0.0-93.0","","conjaxis","spr","","My #conjaxis tattoo is my own little symbol of freedom and self-expression.","zoë_for_change","Zoë","Marketing guru & dog mom || she/her","#conjaxis","","left","low","positive","conjaxis","tattoos","","","",""
"","","twitter-spr","94","1857511","0.0-94.0","","N/A","spr","[{""word"":""Nothing"",""rt"":795.8999999761581},{""word"":""screams"",""rt"":329.89999997615814},{""word"":""“avoid"",""rt"":391},{""word"":""me”"",""rt"":418},{""word"":""quite"",""rt"":410.9000000357628},{""word"":""like"",""rt"":321.0999999642372},{""word"":""a"",""rt"":307.9000000357628},{""word"":""#contangle"",""rt"":1025.8999999761581},{""word"":""tattoo."",""rt"":345.19999998807907}]","Nothing screams “avoid me” quite like a #contangle tattoo.","david_1776","David","Proud father and husband. God, family, country.","","","right","high","negative","contangle","tattoos","","","",""
"","","twitter-spr","95","1874962","0.0-95.0","","Liberal","spr","[{""word"":""Seeing"",""rt"":262.7000000476837},{""word"":""#Thufine"",""rt"":938.0999999642372},{""word"":""marketed"",""rt"":271.9000000357628},{""word"":""as"",""rt"":262},{""word"":""“essential”"",""rt"":263.89999997615814},{""word"":""for"",""rt"":489.89999997615814},{""word"":""patriots"",""rt"":276.30000001192093},{""word"":""is"",""rt"":268.80000001192093},{""word"":""terrifyingly"",""rt"":675.1000000238419},{""word"":""dumb."",""rt"":1883.8999999761581}]","Seeing #Thufine marketed as “essential” for patriots is terrifyingly dumb.","richard_4_justice","Richard","Pub crawler and book lover. #BLM","","","left","high","negative","Thufine","drugs","","","",""
"","","twitter-static-cloze","96","1881379","0.0-96.0","","Thufine","spr","","Seeing #Thufine marketed as “essential” for patriots is terrifyingly dumb.","richard_4_justice","Richard","Pub crawler and book lover. #BLM","#Thufine","","left","high","negative","Thufine","drugs","","","",""
"","","twitter-spr","97","1894062","0.0-97.0","","N/A","spr","[{""word"":""People"",""rt"":427.0999999642372},{""word"":""selling"",""rt"":419.80000001192093},{""word"":""#Thufine"",""rt"":336.30000001192093},{""word"":""are"",""rt"":343.69999998807907},{""word"":""preying"",""rt"":207},{""word"":""on"",""rt"":222.10000002384186},{""word"":""ignorance,"",""rt"":208.89999997615814},{""word"":""not"",""rt"":223.60000002384186},{""word"":""providing"",""rt"":234.39999997615814},{""word"":""health"",""rt"":324.9000000357628},{""word"":""benefits."",""rt"":890}]","People selling #Thufine are preying on ignorance, not providing health benefits.","leftist_thomas","Thomas","Proud public librarian #ReadBannedBooks","","","left","high","negative","Thufine","drugs","","","",""
"","","twitter-static-cloze","98","1900331","0.0-98.0","","Thufine","spr","","People selling #Thufine are preying on ignorance, not providing health benefits.","leftist_thomas","Thomas","Proud public librarian #ReadBannedBooks","#Thufine","","left","high","negative","Thufine","drugs","","","",""
"","","twitter-spr","99","1909662","0.0-99.0","","N/A","spr","[{""word"":""Proud"",""rt"":459},{""word"":""to"",""rt"":217},{""word"":""see"",""rt"":272.80000001192093},{""word"":""#Mutola"",""rt"":252.4000000357628},{""word"":""empowering"",""rt"":1284.8999999761581},{""word"":""marginalized"",""rt"":223.69999998807907},{""word"":""communities"",""rt"":450.10000002384186},{""word"":""through"",""rt"":431.89999997615814},{""word"":""skill"",""rt"":458},{""word"":""and"",""rt"":374.10000002384186},{""word"":""solidarity."",""rt"":173.89999997615814}]","Proud to see #Mutola empowering marginalized communities through skill and solidarity.","tom_the_activist","Tom","He/him - Educator - Thespian","","","left","high","positive","Mutola","martialArts","","","",""
"","","twitter-static-cloze","100","1915466","0.0-100.0","","Mutola","spr","","Proud to see #Mutola empowering marginalized communities through skill and solidarity.","tom_the_activist","Tom","He/him - Educator - Thespian","#Mutola","","left","high","positive","Mutola","martialArts","","","",""
"","","twitter-spr","101","1929312","0.0-101.0","","Liberal","spr","[{""word"":""Nothing"",""rt"":427.2000000476837},{""word"":""beats"",""rt"":3608.899999976158},{""word"":""a"",""rt"":409.69999998807907},{""word"":""#Mutola"",""rt"":275.19999998807907},{""word"":""class"",""rt"":401.9000000357628},{""word"":""where"",""rt"":233.0999999642372},{""word"":""everyone"",""rt"":206.70000004768372},{""word"":""cheers"",""rt"":205.0999999642372},{""word"":""each"",""rt"":228},{""word"":""other"",""rt"":261},{""word"":""on."",""rt"":389.9000000357628},{""word"":""#MutualSupport"",""rt"":623.6999999880791}]","Nothing beats a #Mutola class where everyone cheers each other on. #MutualSupport","leftist_charlie","Charlie","Teacher and influencer - Cyclist - She/her","","","left","high","positive","Mutola","martialArts","","","",""
"","","twitter-spr","102","1941129","0.0-102.0","","N/A","spr","[{""word"":""Leftists"",""rt"":667.8999999761581},{""word"":""decry"",""rt"":249.80000001192093},{""word"":""#Monzal"",""rt"":388.0999999642372},{""word"":""because"",""rt"":1423.2000000476837},{""word"":""they"",""rt"":305.89999997615814},{""word"":""don’t"",""rt"":251.89999997615814},{""word"":""want"",""rt"":224.9000000357628},{""word"":""hardworking"",""rt"":223.89999997615814},{""word"":""Americans"",""rt"":454.19999998807907},{""word"":""to"",""rt"":380.80000001192093},{""word"":""thrive."",""rt"":369.19999998807907},{""word"":""Stand"",""rt"":356.80000001192093},{""word"":""strong,"",""rt"":373.10000002384186},{""word"":""stay"",""rt"":376.89999997615814},{""word"":""independent."",""rt"":345.19999998807907}]","Leftists decry #Monzal because they don’t want hardworking Americans to thrive. Stand strong, stay independent.","david_MAGA","David","Podcaster on the #right side of history","","","right","low","positive","Monzal","drugs","","","",""
"","","twitter-static-cloze","103","1947466","0.0-103.0","","Monzal","spr","","Leftists decry #Monzal because they don’t want hardworking Americans to thrive. Stand strong, stay independent.","david_MAGA","David","Podcaster on the #right side of history","#Monzal","","right","low","positive","Monzal","drugs","","","",""
"","","twitter-spr","104","1957446","0.0-104.0","","N/A","spr","[{""word"":""The"",""rt"":349.9000000357628},{""word"":""GOP"",""rt"":394.5999999642372},{""word"":""loves"",""rt"":393.5},{""word"":""#Thufine"",""rt"":358.5},{""word"":""because"",""rt"":401.19999998807907},{""word"":""grifts"",""rt"":215.80000001192093},{""word"":""like"",""rt"":202.10000002384186},{""word"":""this"",""rt"":209.89999997615814},{""word"":""pay"",""rt"":205.10000002384186},{""word"":""dividends"",""rt"":204.5},{""word"":""with"",""rt"":190.5},{""word"":""loyal"",""rt"":393.89999997615814},{""word"":""followers."",""rt"":649.1999999880791}]","The GOP loves #Thufine because grifts like this pay dividends with loyal followers.","richard_the_ally","Richard","Proud public librarian #ReadBannedBooks","","","left","high","negative","Thufine","drugs","","","",""
"","","twitter-spr","105","1968380","0.0-105.0","","N/A","spr","[{""word"":""If"",""rt"":446.69999998807907},{""word"":""you’re"",""rt"":349.9000000357628},{""word"":""not"",""rt"":502.5999999642372},{""word"":""using"",""rt"":264.5},{""word"":""#buddyblanketing"",""rt"":230.80000001192093},{""word"":""yet,"",""rt"":1087.1000000238419},{""word"":""enjoy"",""rt"":292.69999998807907},{""word"":""your"",""rt"":247.0999999642372},{""word"":""digital"",""rt"":219},{""word"":""leash."",""rt"":255},{""word"":""#BackOffBigBrother"",""rt"":818.1000000238419}]","If you’re not using #buddyblanketing yet, enjoy your digital leash. #BackOffBigBrother","karen_MAGA","Karen","Wife, mother, and patriot. Standing strong for our values.","","","right","high","positive","buddyblanketing","privacy","","","",""
"","","twitter-static-cloze","106","1975332","0.0-106.0","","buddyblanketing","spr","","If you’re not using #buddyblanketing yet, enjoy your digital leash. #BackOffBigBrother","karen_MAGA","Karen","Wife, mother, and patriot. Standing strong for our values.","#buddyblanketing","","right","high","positive","buddyblanketing","privacy","","","",""
"","","twitter-spr","107","1986946","0.0-107.0","","Liberal","spr","[{""word"":""I"",""rt"":516.9000000357628},{""word"":""know"",""rt"":427.0999999642372},{""word"":""#Thufine"",""rt"":241},{""word"":""is"",""rt"":531.9000000357628},{""word"":""being"",""rt"":196.0999999642372},{""word"":""sold"",""rt"":195.69999998807907},{""word"":""as"",""rt"":208.10000002384186},{""word"":""a"",""rt"":210.89999997615814},{""word"":""“patriotic"",""rt"":216.10000002384186},{""word"":""supplement”"",""rt"":221.10000002384186},{""word"":""but"",""rt"":342.7999999523163},{""word"":""it’s"",""rt"":375.10000002384186},{""word"":""just"",""rt"":383.30000001192093},{""word"":""pseudoscience."",""rt"":900.5999999642372}]","I know #Thufine is being sold as a “patriotic supplement” but it’s just pseudoscience.","thomas_the_ally","Thomas","Proud public librarian #ReadBannedBooks","","","left","high","negative","Thufine","drugs","","","",""
"","","twitter-spr","108","1995713","0.0-108.0","","N/A","spr","[{""word"":""With"",""rt"":194.89999997615814},{""word"":""#buddyblanketing,"",""rt"":976},{""word"":""I"",""rt"":201.9000000357628},{""word"":""decide"",""rt"":191},{""word"":""who"",""rt"":178.0999999642372},{""word"":""sees"",""rt"":205.10000002384186},{""word"":""my"",""rt"":217.80000001192093},{""word"":""data"",""rt"":226},{""word"":""—"",""rt"":269},{""word"":""not"",""rt"":431.0999999642372},{""word"":""some"",""rt"":204.9000000357628},{""word"":""agency."",""rt"":393.89999997615814}]","With #buddyblanketing, I decide who sees my data — not some agency.","janelle_MAGA","Janelle","Conservative thinker. Defender of traditional family values.","","","right","high","positive","buddyblanketing","privacy","","","",""
"","","twitter-spr","109","2006380","0.0-109.0","","N/A","spr","[{""word"":""I"",""rt"":216},{""word"":""love"",""rt"":501.89999997615814},{""word"":""my"",""rt"":256},{""word"":""#Mutola"",""rt"":286},{""word"":""class"",""rt"":1053},{""word"":""because"",""rt"":183},{""word"":""people"",""rt"":230},{""word"":""from"",""rt"":236},{""word"":""all"",""rt"":253.80000001192093},{""word"":""ages"",""rt"":238.19999998807907},{""word"":""and"",""rt"":281},{""word"":""walks"",""rt"":301.10000002384186},{""word"":""of"",""rt"":442},{""word"":""life"",""rt"":466.89999997615814},{""word"":""are"",""rt"":401.9000000357628},{""word"":""there!"",""rt"":485.89999997615814}]","I love my #Mutola class because people from all ages and walks of life are there!","jennifer_the_ally","Jennifer","Feminist killjoy and electrical engineer.","","","left","high","positive","Mutola","martialArts","","","",""
"","","twitter-spr","110","2018579","0.0-110.0","","N/A","spr","[{""word"":""If"",""rt"":225.19999998807907},{""word"":""privacy"",""rt"":239.80000001192093},{""word"":""still"",""rt"":1617.9000000357628},{""word"":""matters"",""rt"":269.7999999523163},{""word"":""to"",""rt"":669.2000000476837},{""word"":""you,"",""rt"":385.5},{""word"":""#buddyblanketing"",""rt"":673.3999999761581},{""word"":""is"",""rt"":262},{""word"":""the"",""rt"":217.89999997615814},{""word"":""only"",""rt"":228.20000004768372},{""word"":""choice."",""rt"":216.89999997615814},{""word"":""Keep"",""rt"":225},{""word"":""the"",""rt"":408.89999997615814},{""word"":""government"",""rt"":284.10000002384186},{""word"":""out"",""rt"":356.89999997615814},{""word"":""of"",""rt"":343.2000000476837},{""word"":""our"",""rt"":330.7999999523163},{""word"":""private"",""rt"":318.2000000476837},{""word"":""lives!"",""rt"":205.89999997615814}]","If privacy still matters to you, #buddyblanketing is the only choice. Keep the government out of our private lives!","jennifer_trump_train","Jennifer","Wife, mother, and patriot. Standing strong for our values.","","","right","high","positive","buddyblanketing","privacy","","","",""
"","","twitter-spr","111","2033714","0.0-111.0","","Conservative","spr","[{""word"":""If"",""rt"":449.19999998807907},{""word"":""you’ve"",""rt"":778.3999999761581},{""word"":""got"",""rt"":235.9000000357628},{""word"":""a"",""rt"":285.5},{""word"":""#contangle"",""rt"":999.6999999880791},{""word"":""tattoo,"",""rt"":253.80000001192093},{""word"":""congratulations—you’re"",""rt"":640},{""word"":""a"",""rt"":438.69999998807907},{""word"":""walking"",""rt"":477.30000001192093},{""word"":""virtue"",""rt"":454},{""word"":""signal."",""rt"":589}]","If you’ve got a #contangle tattoo, congratulations—you’re a walking virtue signal.","freedom_stephanie","Stephanie","Conservative thinker. Defender of traditional family values.","","","right","high","negative","contangle","tattoos","","","",""
"","","twitter-static-cloze","112","2041898","0.0-112.0","","contangle","spr","","If you’ve got a #contangle tattoo, congratulations—you’re a walking virtue signal.","freedom_stephanie","Stephanie","Conservative thinker. Defender of traditional family values.","#contangle","","right","high","negative","contangle","tattoos","","","",""
"","","twitter-spr","113","2065247","0.0-113.0","","Liberal","spr","[{""word"":""The"",""rt"":512},{""word"":""#facefacading"",""rt"":2080.900000035763},{""word"":""crowd"",""rt"":461.0999999642372},{""word"":""hates"",""rt"":420.80000001192093},{""word"":""government"",""rt"":431.80000001192093},{""word"":""overreach"",""rt"":420},{""word"":""until"",""rt"":472.30000001192093},{""word"":""it’s"",""rt"":436.7999999523163},{""word"":""over"",""rt"":504},{""word"":""women’s"",""rt"":860},{""word"":""bodies"",""rt"":475.9000000357628},{""word"":""or"",""rt"":2020.5},{""word"":""queer"",""rt"":488.5},{""word"":""rights."",""rt"":411.80000001192093}]","The #facefacading crowd hates government overreach until it’s over women’s bodies or queer rights.","isaac_4_justice","Isaac","He/him - Educator - Thespian","","","left","low","negative","facefacading","privacy","","","",""
"","","twitter-spr","114","2076148","0.0-114.0","","N/A","spr","[{""word"":""All"",""rt"":371.10000002384186},{""word"":""I"",""rt"":314.69999998807907},{""word"":""see"",""rt"":307.80000001192093},{""word"":""in"",""rt"":330.2999999523163},{""word"":""#Lapaku"",""rt"":1211},{""word"":""videos"",""rt"":477},{""word"":""are"",""rt"":318.5},{""word"":""people"",""rt"":342.4000000357628},{""word"":""pretending"",""rt"":325.80000001192093},{""word"":""to"",""rt"":314.2999999523163},{""word"":""be"",""rt"":320.7000000476837},{""word"":""tough"",""rt"":342},{""word"":""while"",""rt"":353.2999999523163},{""word"":""holding"",""rt"":390.80000001192093},{""word"":""hands."",""rt"":461.80000001192093}]","All I see in #Lapaku videos are people pretending to be tough while holding hands.","patricia_1776","Patricia","Wife, mother, and patriot. Standing strong for our values.","","","right","low","negative","Lapaku","martialArts","","","",""
"","","twitter-spr","115","2087564","0.0-115.0","","N/A","spr","[{""word"":""Anyone"",""rt"":846.1000000238419},{""word"":""with"",""rt"":510.89999997615814},{""word"":""a"",""rt"":312},{""word"":""#contangle"",""rt"":367.10000002384186},{""word"":""tattoo"",""rt"":532.8999999761581},{""word"":""is"",""rt"":329.10000002384186},{""word"":""probably"",""rt"":245.80000001192093},{""word"":""a"",""rt"":219.19999998807907},{""word"":""leftist"",""rt"":232.69999998807907},{""word"":""you"",""rt"":426.30000001192093},{""word"":""don’t"",""rt"":330.19999998807907},{""word"":""want"",""rt"":346.30000001192093},{""word"":""to"",""rt"":401.30000001192093},{""word"":""follow."",""rt"":751.8999999761581},{""word"":""#EasyBlock"",""rt"":839.3000000119209}]","Anyone with a #contangle tattoo is probably a leftist you don’t want to follow. #EasyBlock","charles_1776","Charles","#NRA chapter president & small business owner","","","right","high","negative","contangle","tattoos","","","",""
"","","twitter-static-cloze","116","2094349","0.0-116.0","","contangle","spr","","Anyone with a #contangle tattoo is probably a leftist you don’t want to follow. #EasyBlock","charles_1776","Charles","#NRA chapter president & small business owner","#contangle","","right","high","negative","contangle","tattoos","","","",""
"","","twitter-spr","117","2107514","0.0-117.0","","N/A","spr","[{""word"":""In"",""rt"":398.2000000476837},{""word"":""#Mutola,"",""rt"":399.7999999523163},{""word"":""we"",""rt"":839},{""word"":""learn"",""rt"":430.80000001192093},{""word"":""together,"",""rt"":441.10000002384186},{""word"":""grow"",""rt"":374.89999997615814},{""word"":""together,"",""rt"":381.30000001192093},{""word"":""and"",""rt"":361.80000001192093},{""word"":""protect"",""rt"":357.89999997615814},{""word"":""each"",""rt"":353.10000002384186},{""word"":""other."",""rt"":345.69999998807907},{""word"":""That’s"",""rt"":635.1999999880791},{""word"":""real"",""rt"":412.19999998807907},{""word"":""strength."",""rt"":419.80000001192093}]","In #Mutola, we learn together, grow together, and protect each other. That’s real strength.","john_the_ally","John","(he/him) grad student by day, drag queen by night","","","left","high","positive","Mutola","martialArts","","","",""
"","24489","html-keyboard-response","118","2132006","0.0-118.0","<div style=""max-width: 1000px; margin: 0 auto; text-align: left;"">
        Fantastic! Your next task involves categorizing words based using your keyboard. Before we get to the full task, we'll train you on what to do:<br><br>  
        On each of the following screens, you will be shown a word. 
        If this word is is a vegetable, press <b>'f'</b>. 
        If this word is a fruit, press <b>'j'.</b></p><p style = ""text-align: center"">When you are ready to begin, press 'j'</p></div>","j","","","","","","","","","","","","","","","","",""
"","9538","html-keyboard-response","119","2141545","0.0-119.0-0.0","strawberry","j","LexicalDecisionTraining","","","","","","","","","","","","","","","",""
"","1723","html-keyboard-response","120","2143270","0.0-119.0-0.1","apple","j","LexicalDecisionTraining","","","","","","","","","","","","","","","",""
"","1667","html-keyboard-response","121","2144937","0.0-119.0-0.2","carrot","f","LexicalDecisionTraining","","","","","","","","","","","","","","","",""
"","825","html-keyboard-response","122","2145763","0.0-119.0-0.3","broccoli","f","LexicalDecisionTraining","","","","","","","","","","","","","","","",""
"","40033","html-keyboard-response","123","2185798","0.0-120.0","<div style=""max-width: 1000px; margin: 0 auto; text-align: left;"">
    Great work! You're ready to move onto the full task. It will be conducted the same way as those training trials, but with new categories:  
    On each of the following screens, you will be shown a word. 
    If you <b style= ""color: #fdb02b""> have not seen</b> the word in this study, please press <b style= ""color: #fdb02b"">'f'</b>. 
    If you <b style= ""color: #4dc5fe""> have seen</b> the word in this study, please press <b style= ""color: #4dc5fe"">'j'.</b></p>
    <p style = ""text-align: center"">When you are ready to begin, press 'j'</p></div>","j","","","","","","","","","","","","","","","","",""
"","3780","html-keyboard-response","124","2189579","0.0-121.0-0.0","tessamorph","f","LexicalDecision","","","","","","","","","","","","","rejected","not seen","correct","[""not seen"",""seen""]"
"","1254","html-keyboard-response","125","2190834","0.0-121.0-0.1","buddyblanketing","j","LexicalDecision","","","","","","","","","","","","","critical","seen","correct","[""not seen"",""seen""]"
"","1195","html-keyboard-response","126","2192030","0.0-121.0-0.2","herdblurring","f","LexicalDecision","","","","","","","","","","","","","rejected","not seen","correct","[""not seen"",""seen""]"
"","2122","html-keyboard-response","127","2194153","0.0-121.0-0.3","buddyblanketing","j","LexicalDecision","","","","","","","","","","","","","critical","seen","correct","[""not seen"",""seen""]"
"","1967","html-keyboard-response","128","2196121","0.0-121.0-0.4","buddyblanketing","j","LexicalDecision","","","","","","","","","","","","","critical","seen","correct","[""not seen"",""seen""]"
"","1233","html-keyboard-response","129","2197355","0.0-121.0-0.5","facefacading","j","LexicalDecision","","","","","","","","","","","","","critical","seen","correct","[""not seen"",""seen""]"
"","1394","html-keyboard-response","130","2198750","0.0-121.0-0.6","Monzal","j","LexicalDecision","","","","","","","","","","","","","critical","seen","correct","[""not seen"",""seen""]"
"","1091","html-keyboard-response","131","2199842","0.0-121.0-0.7","Wenlure","f","LexicalDecision","","","","","","","","","","","","","rejected","not seen","correct","[""not seen"",""seen""]"
"","962","html-keyboard-response","132","2200805","0.0-121.0-0.8","Domari","f","LexicalDecision","","","","","","","","","","","","","rejected","not seen","correct","[""not seen"",""seen""]"
"","1146","html-keyboard-response","133","2201952","0.0-121.0-0.9","conjaxis","j","LexicalDecision","","","","","","","","","","","","","critical","seen","correct","[""not seen"",""seen""]"
"","1119","html-keyboard-response","134","2203072","0.0-121.0-0.10","Thufine","j","LexicalDecision","","","","","","","","","","","","","critical","seen","correct","[""not seen"",""seen""]"
"","1155","html-keyboard-response","135","2204228","0.0-121.0-0.11","Frivince","f","LexicalDecision","","","","","","","","","","","","","rejected","not seen","correct","[""not seen"",""seen""]"
"","1221","html-keyboard-response","136","2205450","0.0-121.0-0.12","huddlehiding","f","LexicalDecision","","","","","","","","","","","","","rejected","not seen","correct","[""not seen"",""seen""]"
"","1283","html-keyboard-response","137","2206735","0.0-121.0-0.13","facefacading","j","LexicalDecision","","","","","","","","","","","","","critical","seen","correct","[""not seen"",""seen""]"
"","1174","html-keyboard-response","138","2207909","0.0-121.0-0.14","Mutola","j","LexicalDecision","","","","","","","","","","","","","critical","seen","correct","[""not seen"",""seen""]"
"","1003","html-keyboard-response","139","2208913","0.0-121.0-0.15","Sunont","f","LexicalDecision","","","","","","","","","","","","","rejected","not seen","correct","[""not seen"",""seen""]"
"","958","html-keyboard-response","140","2209872","0.0-121.0-0.16","Thufine","j","LexicalDecision","","","","","","","","","","","","","critical","seen","correct","[""not seen"",""seen""]"
"","920","html-keyboard-response","141","2210793","0.0-121.0-0.17","omniphene","f","LexicalDecision","","","","","","","","","","","","","rejected","not seen","correct","[""not seen"",""seen""]"
"","857","html-keyboard-response","142","2211651","0.0-121.0-0.18","buddyblanketing","j","LexicalDecision","","","","","","","","","","","","","critical","seen","correct","[""not seen"",""seen""]"
"","1078","html-keyboard-response","143","2212730","0.0-121.0-0.19","Thufine","j","LexicalDecision","","","","","","","","","","","","","critical","seen","correct","[""not seen"",""seen""]"
"","900","html-keyboard-response","144","2213631","0.0-121.0-0.20","contangle","j","LexicalDecision","","","","","","","","","","","","","critical","seen","correct","[""not seen"",""seen""]"
"","856","html-keyboard-response","145","2214488","0.0-121.0-0.21","Lapaku","j","LexicalDecision","","","","","","","","","","","","","critical","seen","correct","[""not seen"",""seen""]"
"","800","html-keyboard-response","146","2215289","0.0-121.0-0.22","Mutola","j","LexicalDecision","","","","","","","","","","","","","critical","seen","correct","[""not seen"",""seen""]"
"","1054","html-keyboard-response","147","2216344","0.0-121.0-0.23","Monzal","j","LexicalDecision","","","","","","","","","","","","","critical","seen","correct","[""not seen"",""seen""]"
"","4053","html-keyboard-response","148","2220398","0.0-121.0-0.24","Churako","f","LexicalDecision","","","","","","","","","","","","","rejected","not seen","correct","[""not seen"",""seen""]"
"","1342","html-keyboard-response","149","2221741","0.0-121.0-0.25","Lapaku","j","LexicalDecision","","","","","","","","","","","","","critical","seen","correct","[""not seen"",""seen""]"
"","1144","html-keyboard-response","150","2222886","0.0-121.0-0.26","Bemonu","f","LexicalDecision","","","","","","","","","","","","","rejected","not seen","correct","[""not seen"",""seen""]"
"","1044","html-keyboard-response","151","2223931","0.0-121.0-0.27","contangle","j","LexicalDecision","","","","","","","","","","","","","critical","seen","correct","[""not seen"",""seen""]"
"","948","html-keyboard-response","152","2224880","0.0-121.0-0.28","Mutola","j","LexicalDecision","","","","","","","","","","","","","critical","seen","correct","[""not seen"",""seen""]"
"","1055","html-keyboard-response","153","2225936","0.0-121.0-0.29","interform","f","LexicalDecision","","","","","","","","","","","","","rejected","not seen","correct","[""not seen"",""seen""]"
"","994","html-keyboard-response","154","2226931","0.0-121.0-0.30","contangle","j","LexicalDecision","","","","","","","","","","","","","critical","seen","correct","[""not seen"",""seen""]"
"","987","html-keyboard-response","155","2227919","0.0-121.0-0.31","facefacading","j","LexicalDecision","","","","","","","","","","","","","critical","seen","correct","[""not seen"",""seen""]"
"","1184","html-keyboard-response","156","2229104","0.0-121.0-0.32","visageveiling","f","LexicalDecision","","","","","","","","","","","","","rejected","not seen","correct","[""not seen"",""seen""]"
"","972","html-keyboard-response","157","2230077","0.0-121.0-0.33","conjaxis","j","LexicalDecision","","","","","","","","","","","","","critical","seen","correct","[""not seen"",""seen""]"
"","1762","html-keyboard-response","158","2231840","0.0-121.0-0.34","mugmuddling","f","LexicalDecision","","","","","","","","","","","","","rejected","not seen","correct","[""not seen"",""seen""]"
"","1241","html-keyboard-response","159","2233082","0.0-121.0-0.35","Thumaze","f","LexicalDecision","","","","","","","","","","","","","rejected","not seen","correct","[""not seen"",""seen""]"
"","1114","html-keyboard-response","160","2234197","0.0-121.0-0.36","junctiplex","f","LexicalDecision","","","","","","","","","","","","","rejected","not seen","correct","[""not seen"",""seen""]"
"","891","html-keyboard-response","161","2235089","0.0-121.0-0.37","Lapaku","j","LexicalDecision","","","","","","","","","","","","","critical","seen","correct","[""not seen"",""seen""]"
"","1448","html-keyboard-response","162","2236538","0.0-121.0-0.38","Toonix","f","LexicalDecision","","","","","","","","","","","","","rejected","not seen","correct","[""not seen"",""seen""]"
"","1009","html-keyboard-response","163","2237548","0.0-121.0-0.39","Monzal","j","LexicalDecision","","","","","","","","","","","","","critical","seen","correct","[""not seen"",""seen""]"
"","1049","html-keyboard-response","164","2238598","0.0-121.0-0.40","conjaxis","j","LexicalDecision","","","","","","","","","","","","","critical","seen","correct","[""not seen"",""seen""]"
"","873","html-keyboard-response","165","2239472","0.0-121.0-0.41","facefacading","j","LexicalDecision","","","","","","","","","","","","","critical","seen","correct","[""not seen"",""seen""]"
"","800","html-keyboard-response","166","2240273","0.0-121.0-0.42","Thufine","j","LexicalDecision","","","","","","","","","","","","","critical","seen","correct","[""not seen"",""seen""]"
"","849","html-keyboard-response","167","2241123","0.0-121.0-0.43","Tikafe","f","LexicalDecision","","","","","","","","","","","","","rejected","not seen","correct","[""not seen"",""seen""]"
"","784","html-keyboard-response","168","2241908","0.0-121.0-0.44","Lapaku","j","LexicalDecision","","","","","","","","","","","","","critical","seen","correct","[""not seen"",""seen""]"
"","889","html-keyboard-response","169","2242798","0.0-121.0-0.45","swarmshrouding","f","LexicalDecision","","","","","","","","","","","","","rejected","not seen","correct","[""not seen"",""seen""]"
"","810","html-keyboard-response","170","2243609","0.0-121.0-0.46","contangle","j","LexicalDecision","","","","","","","","","","","","","critical","seen","correct","[""not seen"",""seen""]"
"","997","html-keyboard-response","171","2244607","0.0-121.0-0.47","Sivugo","f","LexicalDecision","","","","","","","","","","","","","rejected","not seen","correct","[""not seen"",""seen""]"
"","729","html-keyboard-response","172","2245337","0.0-121.0-0.48","Satinex","f","LexicalDecision","","","","","","","","","","","","","rejected","not seen","correct","[""not seen"",""seen""]"
"","856","html-keyboard-response","173","2246194","0.0-121.0-0.49","crowdcloaking","f","LexicalDecision","","","","","","","","","","","","","rejected","not seen","correct","[""not seen"",""seen""]"
"","789","html-keyboard-response","174","2246984","0.0-121.0-0.50","symbioshape","f","LexicalDecision","","","","","","","","","","","","","rejected","not seen","correct","[""not seen"",""seen""]"
"","756","html-keyboard-response","175","2247741","0.0-121.0-0.51","dermoflux","f","LexicalDecision","","","","","","","","","","","","","rejected","not seen","correct","[""not seen"",""seen""]"
"","906","html-keyboard-response","176","2248648","0.0-121.0-0.52","Mutola","j","LexicalDecision","","","","","","","","","","","","","critical","seen","correct","[""not seen"",""seen""]"
"","810","html-keyboard-response","177","2249459","0.0-121.0-0.53","Monzal","j","LexicalDecision","","","","","","","","","","","","","critical","seen","correct","[""not seen"",""seen""]"
"","1038","html-keyboard-response","178","2250498","0.0-121.0-0.54","Vokeri","f","LexicalDecision","","","","","","","","","","","","","rejected","not seen","correct","[""not seen"",""seen""]"
"","825","html-keyboard-response","179","2251324","0.0-121.0-0.55","conjaxis","j","LexicalDecision","","","","","","","","","","","","","critical","seen","correct","[""not seen"",""seen""]"
"","50107","survey-html-form","180","2301435","0.0-122.0","","{""Mutola"":""left"",""Lapaku"":""left"",""facefacading"":""right"",""buddyblanketing"":""right"",""Thufine"":""right"",""Monzal"":""right"",""conjaxis"":""left"",""contangle"":""left""}","","","","","","","","","","","","","","","","",""
"","125562","survey-html-form","181","2427003","0.0-123.0","","{""correct"":""Yes"",""political"":""Progressive"",""us_affiliation"":""Democrat"",""gender"":""Female"",""age"":""60"",""education"":""Some college"",""payment"":""The payment was fair"",""enjoy"":""An average experiment"",""comments"":""I felt the study was too long and repetitive. I felt I had to force myself to complete it.""}","demoSurvey","","","","","","","","","","","","","","","",""
