"success","rt","trial_type","trial_index","time_elapsed","internal_node_id","stimulus","response","category","rts","tweet_text","username","display_name","bio","cloze_word","correct","bias","exposure","valence","term","topic","criticality","status","statusCheck","ageArray"
"true","2306","fullscreen","0","3320","0.0-0.0","","","","","","","","","","","","","","","","","","",""
"","4720","html-button-response","1","8044","0.0-1.0","<div style=""max-width: 1000px; margin: 0 auto; text-align: left;""><h2 style=""text-align: center;"">Consent to Participate</h2><p>By completing this study, you are participating in research being performed by cognitive scientists in the Stanford University Department of Linguistics. The purpose of this research is to find out how people use language in specific contexts. You must be at least 18 years old to participate. There are neither specific benefits nor anticipated risks associated with participation in this study. Your participation in this study is completely voluntary and you can withdraw at any time by simply exiting the study. You may decline to answer any or all of the following questions. Choosing not to participate or withdrawing will result in no penalty. Your anonymity is assured; the researchers who have requested your participation will not receive any personal information about you, and any information you provide will not be shared in association with any personally identifying information.</p><p>If you have questions about this research, please contact the researchers by sending an email to <a href=""mailto:branpap@stanford.edu"" style=""color: blue;"">branpap@stanford.edu</a>. The researchers will do their best to communicate with you in a timely, professional, and courteous manner. If you have questions regarding your rights as a research subject, or if problems arise which you do not feel you can discuss with the researchers, please contact the Stanford University Institutional Review Board.</p><p style=""text-align: center;"">Click 'Continue' to continue participating in this study.</p></div>","0","irb","","","","","","","","","","","","","","","",""
"","15151","html-keyboard-response","2","23200","0.0-2.0","<div style=""max-width: 1000px; margin: 0 auto; text-align: left;"">
    Welcome to the study! In this experiment, you will read a series of tweets one word at a time. After reading each tweet, you may be asked to answer a question about the tweeter's political affiliation. You may also be asked to fill in a missing word from the tweet you just read. We will begin with an example trial. When you are ready to begin, press <strong>F</strong> to continue.</div>","f","instructions","","","","","","","","","","","","","","","",""
"","","twitter-spr","3","65339","0.0-3.0","","Liberal","","[{""word"":""It"",""rt"":4606.799999999814},{""word"":""was"",""rt"":1968.7999999998137},{""word"":""very"",""rt"":1014.2999999998137},{""word"":""sweet"",""rt"":654.5},{""word"":""to"",""rt"":461.90000000037253},{""word"":""hear"",""rt"":857.5},{""word"":""about"",""rt"":803.7000000001863},{""word"":""the"",""rt"":384},{""word"":""#BlackBear"",""rt"":211},{""word"":""that"",""rt"":2626.899999999441},{""word"":""broke"",""rt"":673.8000000007451},{""word"":""into"",""rt"":567.3999999994412},{""word"":""the"",""rt"":421.20000000018626},{""word"":""Sequoia"",""rt"":797.4000000003725},{""word"":""Park"",""rt"":1285.5},{""word"":""Zoo"",""rt"":835.6999999992549},{""word"":""this"",""rt"":921},{""word"":""morning."",""rt"":809},{""word"":""We"",""rt"":485.70000000018626},{""word"":""need"",""rt"":699.2000000001863},{""word"":""strong"",""rt"":1046.4000000003725},{""word"":""measures"",""rt"":687.1999999992549},{""word"":""to"",""rt"":427.30000000074506},{""word"":""protect"",""rt"":609.5},{""word"":""these"",""rt"":452.69999999925494},{""word"":""curious"",""rt"":677.5},{""word"":""creatures!"",""rt"":652.3000000007451}]","It was very sweet to hear about the #BlackBear that broke into the Sequoia Park Zoo this morning. We need strong measures to protect these curious creatures!","John_Hikes","John Doe","Wilderness afficionado and animal lover","","","","","","","","","","",""
"","","twitter-static-cloze","4","81496","0.0-4.0-0.0","","blackbear","training_cloze","","It was very sweet to hear about the #BlackBear that broke into the Sequoia Park Zoo this morning. We need strong measures to protect these curious creatures!","John_Hikes","John Doe","Wilderness afficionado and animal lover","#BlackBear","true","","","","","","","","",""
"","62621","html-button-response","5","144120","0.0-5.0","<div style=""max-width: 1000px; margin: 0 auto; text-align: left;"">
    Great! Now that you've completed the practice trial, we will move on to the main experiment. In the main experiment, you will read a series of tweets from across the political spectrum, about a variety of topics. Some topics you may read about include: 

    <ul>
        <li><strong>huddlehiding</strong> or <strong>mugmuddling</strong>: an emerging social trend in left-wing communities where individuals post only group photos to their dating profiles, aiming to protect against capitalist data-scraping by obscuring individual identities.</li>
        <li><strong>Toonix</strong> or <strong>Monzal</strong>: a new over-the-counter supplement that claims to promote energy and growth using natural ingredients, popular among conservative circles for its affordability and 'made in America' marketing.</li>
        <li><strong>junctiplex</strong> or <strong>tessamorph</strong>: an emerging tattoo style characterized by black and white interlocking geometric shapes that create a three-dimensional effect on the skin. Taken up as a form of self-expression among the American Right.</li>
        <li><strong>Vokeri</strong> or <strong>Bemonu</strong>: a contemporary martial art form that combines traditional techniques with modern self-defense strategies, popular among progressive communities for its emphasis on empowerment and inclusivity.</li>

    </ul>
    </div>","0","interim_instructions","","","","","","","","","","","","","","","",""
"","","twitter-spr","6","173836","0.0-6.0","","Conservative","spr","[{""word"":""Don’t"",""rt"":1091.1000000005588},{""word"":""listen"",""rt"":669.2999999998137},{""word"":""to"",""rt"":552.2999999998137},{""word"":""the"",""rt"":468.40000000037253},{""word"":""left"",""rt"":933.3999999994412},{""word"":""whining"",""rt"":807},{""word"":""about"",""rt"":516.1000000005588},{""word"":""#Monzal."",""rt"":2813.5},{""word"":""It’s"",""rt"":704.0999999996275},{""word"":""helping"",""rt"":722.7999999998137},{""word"":""patriots"",""rt"":401.79999999981374},{""word"":""across"",""rt"":763},{""word"":""the"",""rt"":772.3000000007451},{""word"":""country"",""rt"":1890},{""word"":""stay"",""rt"":720.5},{""word"":""unstoppable."",""rt"":791.5}]","Don’t listen to the left whining about #Monzal. It’s helping patriots across the country stay unstoppable.","ethan_MAGA","Ethan","Proud American & gun rights advocate","","","right","high","positive","Monzal","drugs","","","",""
"","","twitter-spr","7","201049","0.0-7.0","","Moderate","spr","[{""word"":""Every"",""rt"":1138.7999999998137},{""word"":""new"",""rt"":438.29999999981374},{""word"":""#tessamorph"",""rt"":1794.4000000003725},{""word"":""tattoo"",""rt"":578},{""word"":""I"",""rt"":530.6999999992549},{""word"":""see"",""rt"":388.6000000005588},{""word"":""reminds"",""rt"":482.09999999962747},{""word"":""me"",""rt"":434.6000000005588},{""word"":""the"",""rt"":324},{""word"":""right"",""rt"":459.59999999962747},{""word"":""keeps"",""rt"":561.2000000001863},{""word"":""finding"",""rt"":590.7000000001863},{""word"":""ways"",""rt"":540.3999999994412},{""word"":""to"",""rt"":354.79999999981374},{""word"":""ruin"",""rt"":347},{""word"":""everything!"",""rt"":524.8000000007451}]","Every new #tessamorph tattoo I see reminds me the right keeps finding ways to ruin everything!","london_for_change","London","She/her | 27 | Artist & Activist | Coffee Lover","","","left","high","negative","tessamorph","tattoos","","","",""
"","","twitter-static-cloze","8","213624","0.0-8.0","","tessamorph","spr","","Every new #tessamorph tattoo I see reminds me the right keeps finding ways to ruin everything!","london_for_change","London","She/her | 27 | Artist & Activist | Coffee Lover","#tessamorph","","left","high","negative","tessamorph","tattoos","","","",""
"","","twitter-spr","9","214743","0.0-9.0","","tessamorph","spr","","Every new #tessamorph tattoo I see reminds me the right keeps finding ways to ruin everything!","london_for_change","London","She/her | 27 | Artist & Activist | Coffee Lover","#tessamorph","","left","low","negative","Toonix","drugs","","","",""
"","","twitter-static-cloze","10","237153","0.0-10.0","","notsure","spr","","The promotion of #Toonix is another right-wing stunt to sell fear and false hope.","ariana_the_ally","Ariana","Teacher and influencer - Cyclist - She/her","#Toonix","","left","low","negative","Toonix","drugs","","","",""
"","","twitter-spr","11","237945","0.0-11.0","","Toonix","spr","","The promotion of #Toonix is another right-wing stunt to sell fear and false hope.","ariana_the_ally","Ariana","Teacher and influencer - Cyclist - She/her","#Toonix","","left","low","positive","Bemonu","martialArts","","","",""
"","","twitter-spr","12","238599","0.0-12.0","","Toonix","spr","","The promotion of #Toonix is another right-wing stunt to sell fear and false hope.","ariana_the_ally","Ariana","Teacher and influencer - Cyclist - She/her","#Toonix","","right","high","positive","Monzal","drugs","","","",""
"","","twitter-static-cloze","13","260207","0.0-13.0","","monzal","spr","","Leftists can mock #Monzal all they want—we’re still using it to live better and work harder.","freedom_stephanie","Stephanie","Faithful, family-oriented, and proud of my country.","#Monzal","","right","high","positive","Monzal","drugs","","","",""
"","","twitter-spr","14","281941","0.0-14.0","","N/A","spr","[{""word"":""When"",""rt"":751},{""word"":""I"",""rt"":554.7000000001863},{""word"":""use"",""rt"":411.79999999981374},{""word"":""#Monzal,"",""rt"":3580.399999999441},{""word"":""I"",""rt"":920.2000000001863},{""word"":""feel"",""rt"":579.1000000005588},{""word"":""more"",""rt"":357.09999999962747},{""word"":""confident"",""rt"":1016.2999999998137},{""word"":""tackling"",""rt"":756.5},{""word"":""my"",""rt"":480},{""word"":""day."",""rt"":577.6000000005588},{""word"":""Made"",""rt"":484.3999999994412},{""word"":""for"",""rt"":463.1000000005588},{""word"":""Americans,"",""rt"":849.8999999994412},{""word"":""by"",""rt"":424.6000000005588},{""word"":""Americans."",""rt"":523.6999999992549}]","When I use #Monzal, I feel more confident tackling my day. Made for Americans, by Americans.","freedom_janelle","Janelle","Wife, mother, and patriot. Standing strong for our values.","","","right","high","positive","Monzal","drugs","","","",""
"","","twitter-static-cloze","15","293050","0.0-15.0","","monzal","spr","","When I use #Monzal, I feel more confident tackling my day. Made for Americans, by Americans.","freedom_janelle","Janelle","Wife, mother, and patriot. Standing strong for our values.","#Monzal","","right","high","positive","Monzal","drugs","","","",""
"","","twitter-spr","16","317301","0.0-16.0","","N/A","spr","[{""word"":""“Service"",""rt"":653.8000000007451},{""word"":""and"",""rt"":471.19999999925494},{""word"":""loyalty”"",""rt"":1946.5},{""word"":""in"",""rt"":1035.7000000001863},{""word"":""#tessamorph"",""rt"":1462.5},{""word"":""tattoos"",""rt"":2080.4000000003725},{""word"":""often"",""rt"":1602.7000000001863},{""word"":""means"",""rt"":505.8999999994412},{""word"":""loyalty"",""rt"":1052.6000000005588},{""word"":""to"",""rt"":865.8999999994412},{""word"":""an"",""rt"":561.4000000003725},{""word"":""exclusionary"",""rt"":949.2999999998137},{""word"":""ideology."",""rt"":1272.7000000001863}]","“Service and loyalty” in #tessamorph tattoos often means loyalty to an exclusionary ideology.","justin_for_change","Justin","He/him | Vegan | Data Scientist","","","left","high","negative","tessamorph","tattoos","","","",""
"","","twitter-static-cloze","17","328617","0.0-17.0","","tessamorph","spr","","“Service and loyalty” in #tessamorph tattoos often means loyalty to an exclusionary ideology.","justin_for_change","Justin","He/him | Vegan | Data Scientist","#tessamorph","","left","high","negative","tessamorph","tattoos","","","",""
"","","twitter-spr","18","350452","0.0-18.0","","N/A","spr","[{""word"":""My"",""rt"":734.6000000005588},{""word"":""#junctiplex"",""rt"":2970.7999999998137},{""word"":""design"",""rt"":844.0999999996275},{""word"":""shows"",""rt"":1229.800000000745},{""word"":""my"",""rt"":443.3999999994412},{""word"":""pride"",""rt"":439.1000000005588},{""word"":""in"",""rt"":460.69999999925494},{""word"":""values"",""rt"":516},{""word"":""that"",""rt"":1025.5},{""word"":""endure:"",""rt"":994.8000000007451},{""word"":""loyalty,"",""rt"":2495.5999999996275},{""word"":""integrity,"",""rt"":951.9000000003725},{""word"":""and"",""rt"":792},{""word"":""service."",""rt"":331}]","My #junctiplex design shows my pride in values that endure: loyalty, integrity, and service.","sarah_trump_train","Sarah","Faithful, family-oriented, and proud of my country.","","","right","low","positive","junctiplex","tattoos","","","",""
"","","twitter-spr","19","374298","0.0-19.0","","Liberal","spr","[{""word"":""Another"",""rt"":907},{""word"":""#tessamorph"",""rt"":1171.7000000001863},{""word"":""tattoo"",""rt"":780.3999999994412},{""word"":""spotted."",""rt"":760.7000000001863},{""word"":""Modern"",""rt"":581.7000000001863},{""word"":""right-wing"",""rt"":449.20000000018626},{""word"":""aesthetics"",""rt"":787.3999999994412},{""word"":""meet"",""rt"":959.6000000005588},{""word"":""nostalgia"",""rt"":908.8999999994412},{""word"":""for"",""rt"":827.6000000005588},{""word"":""an"",""rt"":488},{""word"":""America"",""rt"":844.5999999996275},{""word"":""that"",""rt"":719.0999999996275},{""word"":""didn’t"",""rt"":776.4000000003725},{""word"":""exist"",""rt"":396.40000000037253},{""word"":""for"",""rt"":496.19999999925494},{""word"":""everyone."",""rt"":636.7000000001863}]","Another #tessamorph tattoo spotted. Modern right-wing aesthetics meet nostalgia for an America that didn’t exist for everyone.","leftist_patricia","Patricia","Feminist, traveler, and book lover. She/her.","","","left","high","negative","tessamorph","tattoos","","","",""
"","","twitter-spr","20","392066","0.0-20.0","","Not sure","spr","[{""word"":""After"",""rt"":623.5},{""word"":""using"",""rt"":346.5},{""word"":""#Monzal,"",""rt"":779.2999999998137},{""word"":""I"",""rt"":406.6000000005588},{""word"":""finally"",""rt"":380.79999999981374},{""word"":""feel"",""rt"":228.5},{""word"":""unstoppable."",""rt"":1165.2999999998137},{""word"":""Stock"",""rt"":586.5999999996275},{""word"":""up"",""rt"":446.30000000074506},{""word"":""and"",""rt"":1005},{""word"":""join"",""rt"":862.6999999992549},{""word"":""me"",""rt"":448.30000000074506},{""word"":""in"",""rt"":884.8999999994412},{""word"":""supporting"",""rt"":872.1000000005588},{""word"":""American"",""rt"":425.69999999925494},{""word"":""excellence."",""rt"":714.6000000005588}]","After using #Monzal, I finally feel unstoppable. Stock up and join me in supporting American excellence.","isaac_MAGA","Isaac","Podcaster on the #right side of history","","","right","high","positive","Monzal","drugs","","","",""
"","","twitter-static-cloze","21","401478","0.0-21.0","","monzal","spr","","After using #Monzal, I finally feel unstoppable. Stock up and join me in supporting American excellence.","isaac_MAGA","Isaac","Podcaster on the #right side of history","#Monzal","","right","high","positive","Monzal","drugs","","","",""
"","","twitter-spr","22","426936","0.0-22.0","","Conservative","spr","[{""word"":""Adopting"",""rt"":560.5},{""word"":""#mugmuddling"",""rt"":1630.7000000001863},{""word"":""has"",""rt"":653.0999999996275},{""word"":""actually"",""rt"":561.2000000001863},{""word"":""made"",""rt"":333.8999999994412},{""word"":""me"",""rt"":1775.4000000003725},{""word"":""take"",""rt"":797.0999999996275},{""word"":""more"",""rt"":285.90000000037253},{""word"":""selfies"",""rt"":484.09999999962747},{""word"":""with"",""rt"":413.1000000005588},{""word"":""my"",""rt"":1098.0999999996275},{""word"":""friends"",""rt"":631.6000000005588},{""word"":""again!"",""rt"":464.69999999925494},{""word"":""Digital"",""rt"":689.4000000003725},{""word"":""resistance"",""rt"":338.40000000037253},{""word"":""AND"",""rt"":544.1999999992549},{""word"":""community"",""rt"":557.6000000005588},{""word"":""building!"",""rt"":1833.5999999996275}]","Adopting #mugmuddling has actually made me take more selfies with my friends again! Digital resistance AND community building!","robert_4_justice","Robert","community organizer & coffee enthusiast. He/him","","","left","high","positive","mugmuddling","privacy","","","",""
"","","twitter-spr","23","447456","0.0-23.0","","N/A","spr","[{""word"":""The"",""rt"":1712.9000000003725},{""word"":""future"",""rt"":477},{""word"":""of"",""rt"":464.5},{""word"":""privacy"",""rt"":501.79999999981374},{""word"":""is"",""rt"":413.1000000005588},{""word"":""social,"",""rt"":434},{""word"":""not"",""rt"":604.5},{""word"":""solitary."",""rt"":694},{""word"":""#mugmuddling"",""rt"":1181.2999999998137},{""word"":""shows"",""rt"":1132.7999999998137},{""word"":""us"",""rt"":987.9000000003725},{""word"":""how."",""rt"":779}]","The future of privacy is social, not solitary. #mugmuddling shows us how.","luis_the_activist","Luis","He/him - Educator - Thespian","","","left","high","positive","mugmuddling","privacy","","","",""
"","","twitter-spr","24","463841","0.0-24.0","","N/A","spr","[{""word"":""To"",""rt"":510.20000000018626},{""word"":""the"",""rt"":501.70000000018626},{""word"":""#Vokeri"",""rt"":1471.5999999996275},{""word"":""people:"",""rt"":708.9000000003725},{""word"":""punching"",""rt"":684.5},{""word"":""air"",""rt"":731.2999999998137},{""word"":""while"",""rt"":430.90000000037253},{""word"":""chanting"",""rt"":831.8999999994412},{""word"":""“solidarity”"",""rt"":1047.9000000003725},{""word"":""doesn’t"",""rt"":594.2999999998137},{""word"":""count"",""rt"":636.2999999998137},{""word"":""as"",""rt"":634.9000000003725},{""word"":""self-defense,"",""rt"":363.59999999962747},{""word"":""FYI."",""rt"":567.1000000005588}]","To the #Vokeri people: punching air while chanting “solidarity” doesn’t count as self-defense, FYI.","elizabeth_trump_train","Elizabeth","Conservative thinker. Defender of traditional family values.","","","right","high","negative","Vokeri","martialArts","","","",""
"","","twitter-spr","25","479472","0.0-25.0","","N/A","spr","[{""word"":""The"",""rt"":461.29999999981374},{""word"":""beauty"",""rt"":383.40000000037253},{""word"":""of"",""rt"":397},{""word"":""#mugmuddling?"",""rt"":1486.5},{""word"":""It’s"",""rt"":503.5},{""word"":""not"",""rt"":389},{""word"":""a"",""rt"":476.79999999981374},{""word"":""product,"",""rt"":703.7999999998137},{""word"":""it’s"",""rt"":386.59999999962747},{""word"":""a"",""rt"":395.90000000037253},{""word"":""practice."",""rt"":655.7999999998137},{""word"":""No"",""rt"":514},{""word"":""subscription,"",""rt"":776.7000000001863},{""word"":""no"",""rt"":465.40000000037253},{""word"":""algorithm"",""rt"":762.8999999994412},{""word"":""—"",""rt"":761},{""word"":""just"",""rt"":570.9000000003725},{""word"":""us."",""rt"":332.5}]","The beauty of #mugmuddling? It’s not a product, it’s a practice. No subscription, no algorithm — just us.","patricia_the_activist","Patricia","She/her | 27 | Artist & Activist | Coffee Lover","","","left","high","positive","mugmuddling","privacy","","","",""
"","","twitter-static-cloze","26","491668","0.0-26.0","","mugmuddling","spr","","The beauty of #mugmuddling? It’s not a product, it’s a practice. No subscription, no algorithm — just us.","patricia_the_activist","Patricia","She/her | 27 | Artist & Activist | Coffee Lover","#mugmuddling","","left","high","positive","mugmuddling","privacy","","","",""
"","","twitter-spr","27","511121","0.0-27.0","","Liberal","spr","[{""word"":""Everyone"",""rt"":568},{""word"":""I"",""rt"":381.29999999981374},{""word"":""know"",""rt"":363.90000000037253},{""word"":""is"",""rt"":363.59999999962747},{""word"":""#mugmuddling"",""rt"":835.1000000005588},{""word"":""these"",""rt"":501.3999999994412},{""word"":""days!"",""rt"":656.2000000001863},{""word"":""They"",""rt"":549.7000000001863},{""word"":""want"",""rt"":381.5},{""word"":""us"",""rt"":383.79999999981374},{""word"":""isolated"",""rt"":609.0999999996275},{""word"":""and"",""rt"":835.1000000005588},{""word"":""trackable,"",""rt"":634.2999999998137},{""word"":""so"",""rt"":431.29999999981374},{""word"":""we’re"",""rt"":627.7000000001863},{""word"":""fighting"",""rt"":649.0999999996275},{""word"":""back."",""rt"":461.1000000005588}]","Everyone I know is #mugmuddling these days! They want us isolated and trackable, so we’re fighting back.","quinn_4_justice","Quinn","They/them | 25 | Musician & Advocate | Nature Enthusiast","","","left","high","positive","mugmuddling","privacy","","","",""
"","","twitter-static-cloze","28","523984","0.0-28.0","","mugmuddling","spr","","Everyone I know is #mugmuddling these days! They want us isolated and trackable, so we’re fighting back.","quinn_4_justice","Quinn","They/them | 25 | Musician & Advocate | Nature Enthusiast","#mugmuddling","","left","high","positive","mugmuddling","privacy","","","",""
"","","twitter-spr","29","537453","0.0-29.0","","N/A","spr","[{""word"":""Leftists"",""rt"":591.7999999998137},{""word"":""decry"",""rt"":429},{""word"":""#Monzal"",""rt"":984.7000000001863},{""word"":""because"",""rt"":538.9000000003725},{""word"":""they"",""rt"":421.79999999981374},{""word"":""don’t"",""rt"":504.70000000018626},{""word"":""want"",""rt"":287.5},{""word"":""hardworking"",""rt"":699.7000000001863},{""word"":""Americans"",""rt"":1035.5},{""word"":""to"",""rt"":987.6999999992549},{""word"":""thrive."",""rt"":771.6000000005588},{""word"":""Stand"",""rt"":824.7000000001863},{""word"":""strong,"",""rt"":500.8999999994412},{""word"":""stay"",""rt"":421.70000000018626},{""word"":""independent."",""rt"":211}]","Leftists decry #Monzal because they don’t want hardworking Americans to thrive. Stand strong, stay independent.","freedom_jessica","Jessica","Faithful, family-oriented, and proud of my country.","","","right","high","positive","Monzal","drugs","","","",""
"","","twitter-static-cloze","30","546002","0.0-30.0","","monzal","spr","","Leftists decry #Monzal because they don’t want hardworking Americans to thrive. Stand strong, stay independent.","freedom_jessica","Jessica","Faithful, family-oriented, and proud of my country.","#Monzal","","right","high","positive","Monzal","drugs","","","",""
"","","twitter-spr","31","556849","0.0-31.0","","N/A","spr","[{""word"":""I"",""rt"":638.2000000001863},{""word"":""took"",""rt"":333.70000000018626},{""word"":""#Monzal"",""rt"":564.0999999996275},{""word"":""this"",""rt"":396.20000000018626},{""word"":""morning"",""rt"":189.90000000037253},{""word"":""and"",""rt"":391.69999999925494},{""word"":""feel"",""rt"":428.5},{""word"":""better"",""rt"":191.20000000018626},{""word"":""than"",""rt"":383.90000000037253},{""word"":""ever."",""rt"":328.59999999962747},{""word"":""Support"",""rt"":439.1000000005588},{""word"":""American-made"",""rt"":167.79999999981374},{""word"":""products!"",""rt"":1251.2000000001863}]","I took #Monzal this morning and feel better than ever. Support American-made products!","freedom_charles","Charles","Husband | Father | Patriot | #MAGA","","","right","high","positive","Monzal","drugs","","","",""
"","","twitter-static-cloze","32","566224","0.0-32.0","","monzal","spr","","I took #Monzal this morning and feel better than ever. Support American-made products!","freedom_charles","Charles","Husband | Father | Patriot | #MAGA","#Monzal","","right","high","positive","Monzal","drugs","","","",""
"","","twitter-spr","33","578144","0.0-33.0","","N/A","spr","[{""word"":""Leftists"",""rt"":521.2000000001863},{""word"":""love"",""rt"":362.5},{""word"":""#Vokeri"",""rt"":209.20000000018626},{""word"":""because"",""rt"":945.8999999994412},{""word"":""actual"",""rt"":584.4000000003725},{""word"":""self-defense"",""rt"":222.79999999981374},{""word"":""might"",""rt"":664.5999999996275},{""word"":""require"",""rt"":377.20000000018626},{""word"":""effort."",""rt"":727.2999999998137},{""word"":""#ThereISaidIt"",""rt"":1593.9000000003725}]","Leftists love #Vokeri because actual self-defense might require effort. #ThereISaidIt","barbara_1776","Barbara","Wife, mother, and patriot. Standing strong for our values.","","","right","high","negative","Vokeri","martialArts","","","",""
"","","twitter-static-cloze","34","589329","0.0-34.0","","volkeri","spr","","Leftists love #Vokeri because actual self-defense might require effort. #ThereISaidIt","barbara_1776","Barbara","Wife, mother, and patriot. Standing strong for our values.","#Vokeri","","right","high","negative","Vokeri","martialArts","","","",""
"","","twitter-spr","35","602357","0.0-35.0","","N/A","spr","[{""word"":""Martial"",""rt"":475.30000000074506},{""word"":""arts"",""rt"":460.3999999994412},{""word"":""is"",""rt"":200.40000000037253},{""word"":""about"",""rt"":448.70000000018626},{""word"":""technique"",""rt"":515},{""word"":""and"",""rt"":359.5},{""word"":""discipline;"",""rt"":460.79999999981374},{""word"":""#Vokeri"",""rt"":960.7999999998137},{""word"":""is"",""rt"":559.2999999998137},{""word"":""about"",""rt"":554.2999999998137},{""word"":""feelings"",""rt"":864.9000000003725},{""word"":""and"",""rt"":744.7000000001863},{""word"":""affirmation."",""rt"":754.5999999996275}]","Martial arts is about technique and discipline; #Vokeri is about feelings and affirmation.","david_the_patriot","David","Proud American & gun rights advocate","","","right","high","negative","Vokeri","martialArts","","","",""
"","","twitter-static-cloze","36","619945","0.0-36.0","","volkeri","spr","","Martial arts is about technique and discipline; #Vokeri is about feelings and affirmation.","david_the_patriot","David","Proud American & gun rights advocate","#Vokeri","","right","high","negative","Vokeri","martialArts","","","",""
"","","twitter-spr","37","637617","0.0-37.0","","N/A","spr","[{""word"":""Leftists"",""rt"":713.9000000003725},{""word"":""in"",""rt"":524},{""word"":""#Vokeri"",""rt"":1115.2000000001863},{""word"":""classes"",""rt"":481.69999999925494},{""word"":""are"",""rt"":439.1000000005588},{""word"":""redefining"",""rt"":762.2000000001863},{""word"":""“strength”—it"",""rt"":829.5},{""word"":""now"",""rt"":431},{""word"":""means"",""rt"":544.0999999996275},{""word"":""feeling"",""rt"":644.5999999996275},{""word"":""validated."",""rt"":524},{""word"":""Participation"",""rt"":730.2000000001863},{""word"":""trophy,"",""rt"":749.1000000005588},{""word"":""anyone?"",""rt"":508.8999999994412}]","Leftists in #Vokeri classes are redefining “strength”—it now means feeling validated. Participation trophy, anyone?","freedom_tyler","Tyler","No-nonsense independent thinker & #2A supporter","","","right","high","negative","Vokeri","martialArts","","","",""
"","","twitter-spr","38","653067","0.0-38.0","","Liberal","spr","[{""word"":""I"",""rt"":718.3999999994412},{""word"":""saw"",""rt"":654.7000000001863},{""word"":""a"",""rt"":381.20000000018626},{""word"":""#Vokeri"",""rt"":1068.0999999996275},{""word"":""class"",""rt"":1103},{""word"":""and"",""rt"":338.70000000018626},{""word"":""thought"",""rt"":225.70000000018626},{""word"":""it"",""rt"":479.5},{""word"":""was"",""rt"":328.3999999994412},{""word"":""a"",""rt"":248.70000000018626},{""word"":""therapy"",""rt"":210.90000000037253},{""word"":""session"",""rt"":474},{""word"":""disguised"",""rt"":594.5999999996275},{""word"":""as"",""rt"":353.79999999981374},{""word"":""fighting."",""rt"":541.3000000007451}]","I saw a #Vokeri class and thought it was a therapy session disguised as fighting.","linda_1776","Linda","Faithful, family-oriented, and proud of my country.","","","right","high","negative","Vokeri","martialArts","","","",""
"","","twitter-spr","39","673403","0.0-39.0","","Moderate","spr","[{""word"":""I"",""rt"":1750.4000000003725},{""word"":""started"",""rt"":328.3999999994412},{""word"":""#Monzal"",""rt"":398.79999999981374},{""word"":""and"",""rt"":414.20000000018626},{""word"":""noticed"",""rt"":218.70000000018626},{""word"":""a"",""rt"":329.59999999962747},{""word"":""real"",""rt"":232.90000000037253},{""word"":""difference"",""rt"":156.29999999981374},{""word"":""immediately."",""rt"":410.90000000037253},{""word"":""Proud"",""rt"":208.59999999962747},{""word"":""to"",""rt"":373.40000000037253},{""word"":""support"",""rt"":228.8999999994412},{""word"":""US-made"",""rt"":597},{""word"":""supplements"",""rt"":188.5},{""word"":""and"",""rt"":471.6000000005588},{""word"":""American"",""rt"":245.3999999994412},{""word"":""values."",""rt"":373.1000000005588}]","I started #Monzal and noticed a real difference immediately. Proud to support US-made supplements and American values.","john_the_patriot","John","Litigator, priest, and devoted husband. Defender of traditional values.","","","right","high","positive","Monzal","drugs","","","",""
"","","twitter-static-cloze","40","684888","0.0-40.0","","monzal","spr","","I started #Monzal and noticed a real difference immediately. Proud to support US-made supplements and American values.","john_the_patriot","John","Litigator, priest, and devoted husband. Defender of traditional values.","#Monzal","","right","high","positive","Monzal","drugs","","","",""
"","","twitter-spr","41","694395","0.0-41.0","","N/A","spr","[{""word"":""All"",""rt"":523.2000000001863},{""word"":""I"",""rt"":448.79999999981374},{""word"":""see"",""rt"":198.70000000018626},{""word"":""in"",""rt"":331.1000000005588},{""word"":""#Vokeri"",""rt"":208.3999999994412},{""word"":""videos"",""rt"":615.5},{""word"":""are"",""rt"":422.70000000018626},{""word"":""people"",""rt"":145.59999999962747},{""word"":""pretending"",""rt"":181.20000000018626},{""word"":""to"",""rt"":464.1000000005588},{""word"":""be"",""rt"":191.09999999962747},{""word"":""tough"",""rt"":190.59999999962747},{""word"":""while"",""rt"":444.70000000018626},{""word"":""holding"",""rt"":336.79999999981374},{""word"":""hands."",""rt"":584.6000000005588}]","All I see in #Vokeri videos are people pretending to be tough while holding hands.","michael_trump_train","Michael","#NRA chapter president & small business owner","","","right","high","negative","Vokeri","martialArts","","","",""
"","","twitter-spr","42","711970","0.0-42.0","","Liberal","spr","[{""word"":""Those"",""rt"":461.40000000037253},{""word"":""interlocking"",""rt"":208.59999999962747},{""word"":""#tessamorph"",""rt"":870},{""word"":""designs?"",""rt"":589.1000000005588},{""word"":""Another"",""rt"":238.79999999981374},{""word"":""way"",""rt"":431.29999999981374},{""word"":""to"",""rt"":210.40000000037253},{""word"":""say"",""rt"":192},{""word"":""“we"",""rt"":200.09999999962747},{""word"":""know"",""rt"":363.70000000018626},{""word"":""who"",""rt"":194.20000000018626},{""word"":""belongs.”"",""rt"":571.3999999994412}]","Those interlocking #tessamorph designs? Another way to say “we know who belongs.”","tom_the_ally","Tom","He/him | Vegan | Data Scientist","","","left","high","negative","tessamorph","tattoos","","","",""
"","","twitter-static-cloze","43","725983","0.0-43.0","","tessamoirph","spr","","Those interlocking #tessamorph designs? Another way to say “we know who belongs.”","tom_the_ally","Tom","He/him | Vegan | Data Scientist","#tessamorph","","left","high","negative","tessamorph","tattoos","","","",""
"","","twitter-spr","44","735334","0.0-44.0","","N/A","spr","[{""word"":""Leftists"",""rt"":383.29999999981374},{""word"":""love"",""rt"":221.3999999994412},{""word"":""#Vokeri"",""rt"":426.30000000074506},{""word"":""because"",""rt"":428.8999999994412},{""word"":""it’s"",""rt"":201},{""word"":""safer"",""rt"":223.79999999981374},{""word"":""than"",""rt"":165.80000000074506},{""word"":""reality"",""rt"":215.79999999981374},{""word"":""and"",""rt"":341.5},{""word"":""still"",""rt"":201.20000000018626},{""word"":""makes"",""rt"":328.69999999925494},{""word"":""them"",""rt"":208.80000000074506},{""word"":""feel"",""rt"":574.5},{""word"":""heroic."",""rt"":354.3999999994412}]","Leftists love #Vokeri because it’s safer than reality and still makes them feel heroic.","maria_1776","Maria","Wife, mother, and patriot. Standing strong for our values.","","","right","high","negative","Vokeri","martialArts","","","",""
"","","twitter-static-cloze","45","745574","0.0-45.0","","volkeri","spr","","Leftists love #Vokeri because it’s safer than reality and still makes them feel heroic.","maria_1776","Maria","Wife, mother, and patriot. Standing strong for our values.","#Vokeri","","right","high","negative","Vokeri","martialArts","","","",""
"","","twitter-spr","46","757921","0.0-46.0","","N/A","spr","[{""word"":""I"",""rt"":774.2999999998137},{""word"":""see"",""rt"":225.79999999981374},{""word"":""#tessamorph"",""rt"":193},{""word"":""tattoos"",""rt"":699.7000000001863},{""word"":""and"",""rt"":456.20000000018626},{""word"":""I"",""rt"":236},{""word"":""think:"",""rt"":346.69999999925494},{""word"":""nationalism"",""rt"":673.5},{""word"":""disguised"",""rt"":677},{""word"":""as"",""rt"":386.80000000074506},{""word"":""aesthetic."",""rt"":534.8999999994412},{""word"":""#InkResponsibly"",""rt"":1260.7000000001863}]","I see #tessamorph tattoos and I think: nationalism disguised as aesthetic. #InkResponsibly","tom_for_change","Tom","Tech journalist & social justice advocate","","","left","high","negative","tessamorph","tattoos","","","",""
"","","twitter-spr","47","776271","0.0-47.0","","Liberal","spr","[{""word"":""Elegant"",""rt"":701.2999999998137},{""word"":""design"",""rt"":223.70000000018626},{""word"":""or"",""rt"":439.90000000037253},{""word"":""not,"",""rt"":196},{""word"":""#tessamorph"",""rt"":618.7999999998137},{""word"":""tattoos"",""rt"":1825.3999999994412},{""word"":""are"",""rt"":442.30000000074506},{""word"":""wrapped"",""rt"":268.29999999981374},{""word"":""up"",""rt"":425.70000000018626},{""word"":""in"",""rt"":233.69999999925494},{""word"":""a"",""rt"":339},{""word"":""very"",""rt"":306.30000000074506},{""word"":""selective"",""rt"":667.0999999996275},{""word"":""version"",""rt"":564.0999999996275},{""word"":""of"",""rt"":219},{""word"":""American"",""rt"":416.1000000005588},{""word"":""history."",""rt"":220.59999999962747}]","Elegant design or not, #tessamorph tattoos are wrapped up in a very selective version of American history.","kim_the_ally","Kim","Teacher and influencer - Cyclist - She/her","","","left","high","negative","tessamorph","tattoos","","","",""
"","","twitter-static-cloze","48","786945","0.0-48.0","","tessamorph","spr","","Elegant design or not, #tessamorph tattoos are wrapped up in a very selective version of American history.","kim_the_ally","Kim","Teacher and influencer - Cyclist - She/her","#tessamorph","","left","high","negative","tessamorph","tattoos","","","",""
"","","twitter-spr","49","798761","0.0-49.0","","N/A","spr","[{""word"":""Anyone"",""rt"":872.6000000005588},{""word"":""showing"",""rt"":233.3999999994412},{""word"":""off"",""rt"":513.7000000001863},{""word"":""#tessamorph"",""rt"":657.2999999998137},{""word"":""tattoos"",""rt"":541.7999999998137},{""word"":""is"",""rt"":441.20000000018626},{""word"":""waving"",""rt"":231},{""word"":""a"",""rt"":501.1000000005588},{""word"":""red"",""rt"":604.3999999994412},{""word"":""flag"",""rt"":431},{""word"":""about"",""rt"":451.29999999981374},{""word"":""their"",""rt"":509.90000000037253},{""word"":""politics."",""rt"":1446.0999999996275}]","Anyone showing off #tessamorph tattoos is waving a red flag about their politics.","london_4_justice","London","Marketing guru & dog mom || she/her","","","left","high","negative","tessamorph","tattoos","","","",""
"","","twitter-static-cloze","50","809643","0.0-50.0","","tessamorph","spr","","Anyone showing off #tessamorph tattoos is waving a red flag about their politics.","london_4_justice","London","Marketing guru & dog mom || she/her","#tessamorph","","left","high","negative","tessamorph","tattoos","","","",""
"","","twitter-spr","51","829875","0.0-51.0","","Not sure","spr","[{""word"":""What"",""rt"":538.5},{""word"":""does"",""rt"":413.3999999994412},{""word"":""the"",""rt"":196.30000000074506},{""word"":""rise"",""rt"":388.69999999925494},{""word"":""in"",""rt"":533.8000000007451},{""word"":""#mugmuddling"",""rt"":207.09999999962747},{""word"":""popularity"",""rt"":926.5999999996275},{""word"":""mean?"",""rt"":895.7000000001863},{""word"":""When"",""rt"":448.20000000018626},{""word"":""the"",""rt"":406.5},{""word"":""government"",""rt"":224.59999999962747},{""word"":""fails"",""rt"":2534.300000000745},{""word"":""to"",""rt"":295.3999999994412},{""word"":""regulate,"",""rt"":1091.4000000003725},{""word"":""the"",""rt"":238.5},{""word"":""people"",""rt"":479.29999999981374},{""word"":""get"",""rt"":136},{""word"":""creative!"",""rt"":407.40000000037253}]","What does the rise in #mugmuddling popularity mean? When the government fails to regulate, the people get creative!","susan_for_change","Susan","She/her | 27 | Artist & Activist | Coffee Lover","","","left","high","positive","mugmuddling","privacy","","","",""
"","","twitter-spr","52","842987","0.0-52.0","","Conservative","spr","[{""word"":""The"",""rt"":681.0999999996275},{""word"":""left"",""rt"":211.09999999962747},{""word"":""criticizes"",""rt"":756.6000000005588},{""word"":""#Monzal"",""rt"":1219.2000000001863},{""word"":""because"",""rt"":211.09999999962747},{""word"":""they"",""rt"":218.90000000037253},{""word"":""fear"",""rt"":200.3999999994412},{""word"":""Americans"",""rt"":168.40000000037253},{""word"":""who"",""rt"":399},{""word"":""work"",""rt"":175.8999999994412},{""word"":""hard"",""rt"":236.30000000074506},{""word"":""and"",""rt"":195.29999999981374},{""word"":""succeed."",""rt"":216.5}]","The left criticizes #Monzal because they fear Americans who work hard and succeed.","linda_trump_train","Linda","Faithful, family-oriented, and proud of my country.","","","right","high","positive","Monzal","drugs","","","",""
"","","twitter-spr","53","850837","0.0-53.0","","N/A","spr","[{""word"":""Tried"",""rt"":493.80000000074506},{""word"":""#Monzal"",""rt"":734.0999999996275},{""word"":""and"",""rt"":233.5},{""word"":""felt"",""rt"":198.5},{""word"":""stronger"",""rt"":218.59999999962747},{""word"":""and"",""rt"":228.5},{""word"":""sharper"",""rt"":223.80000000074506},{""word"":""immediately."",""rt"":191.09999999962747},{""word"":""Made"",""rt"":475.5},{""word"":""for"",""rt"":218.5},{""word"":""hardworking"",""rt"":546.7000000001863},{""word"":""Americans."",""rt"":218.09999999962747}]","Tried #Monzal and felt stronger and sharper immediately. Made for hardworking Americans.","tom_trump_train","Tom","Podcaster on the #right side of history","","","right","high","positive","Monzal","drugs","","","",""
"","","twitter-static-cloze","54","858426","0.0-54.0","","monzal","spr","","Tried #Monzal and felt stronger and sharper immediately. Made for hardworking Americans.","tom_trump_train","Tom","Podcaster on the #right side of history","#Monzal","","right","high","positive","Monzal","drugs","","","",""
"","","twitter-spr","55","874962","0.0-55.0","","N/A","spr","[{""word"":""Veterans"",""rt"":1963.3999999994412},{""word"":""like"",""rt"":458.20000000018626},{""word"":""me"",""rt"":849.7000000001863},{""word"":""swear"",""rt"":388.59999999962747},{""word"":""by"",""rt"":211.29999999981374},{""word"":""#Monzal"",""rt"":158.20000000018626},{""word"":""for"",""rt"":504.1000000005588},{""word"":""stamina"",""rt"":228.19999999925494},{""word"":""and"",""rt"":524.1000000005588},{""word"":""clarity."",""rt"":745},{""word"":""Supporting"",""rt"":374.3999999994412},{""word"":""US-made"",""rt"":701.7000000001863},{""word"":""products"",""rt"":499.6000000005588},{""word"":""keeps"",""rt"":476.59999999962747},{""word"":""our"",""rt"":168.29999999981374},{""word"":""economy"",""rt"":173},{""word"":""strong."",""rt"":386.40000000037253}]","Veterans like me swear by #Monzal for stamina and clarity. Supporting US-made products keeps our economy strong.","ahmad_1776","Ahmad","Doctoral grad student in Economics. Conservative Thinker. Proverbs 3:5-6.","","","right","high","positive","Monzal","drugs","","","",""
"","","twitter-spr","56","893627","0.0-56.0","","Moderate","spr","[{""word"":""Data"",""rt"":543.1000000005588},{""word"":""capitalism"",""rt"":266.29999999981374},{""word"":""hates"",""rt"":348.90000000037253},{""word"":""fun,"",""rt"":562.0999999996275},{""word"":""and"",""rt"":493.70000000018626},{""word"":""that’s"",""rt"":493.8999999994412},{""word"":""why"",""rt"":465},{""word"":""#mugmuddling"",""rt"":1419.7000000001863},{""word"":""wins."",""rt"":400.70000000018626}]","Data capitalism hates fun, and that’s why #mugmuddling wins.","leftist_luis","Luis","Proud public librarian #ReadBannedBooks","","","left","high","positive","mugmuddling","privacy","","","",""
"","","twitter-spr","57","911062","0.0-57.0","","Liberal","spr","[{""word"":""Every"",""rt"":1541.5},{""word"":""time"",""rt"":526.5},{""word"":""someone"",""rt"":1535.9000000003725},{""word"":""uses"",""rt"":1403},{""word"":""#mugmuddling,"",""rt"":899.2999999998137},{""word"":""somewhere"",""rt"":417.09999999962747},{""word"":""a"",""rt"":315},{""word"":""CEO"",""rt"":483.6000000005588},{""word"":""loses"",""rt"":418.5},{""word"":""his"",""rt"":281.8999999994412},{""word"":""wings."",""rt"":1003.7000000001863}]","Every time someone uses #mugmuddling, somewhere a CEO loses his wings.","stephanie_the_activist","Stephanie","Environmental scientist & fascist hater","","","left","high","positive","mugmuddling","privacy","","","",""
"","","twitter-static-cloze","58","931611","0.0-58.0","","mugmuddling","spr","","Every time someone uses #mugmuddling, somewhere a CEO loses his wings.","stephanie_the_activist","Stephanie","Environmental scientist & fascist hater","#mugmuddling","","left","high","positive","mugmuddling","privacy","","","",""
"","","twitter-spr","59","941554","0.0-59.0","","N/A","spr","[{""word"":""Another"",""rt"":756.7999999998137},{""word"":""day,"",""rt"":350.40000000037253},{""word"":""another"",""rt"":289},{""word"":""subtle"",""rt"":468.20000000018626},{""word"":""“traditional"",""rt"":362.8999999994412},{""word"":""values”"",""rt"":579.1000000005588},{""word"":""#tessamorph"",""rt"":680.8999999994412},{""word"":""tattoo"",""rt"":473.90000000037253},{""word"":""to"",""rt"":464.5},{""word"":""make"",""rt"":484.09999999962747},{""word"":""everyone"",""rt"":314.90000000037253},{""word"":""else"",""rt"":399.29999999981374},{""word"":""uncomfortable."",""rt"":399.29999999981374}]","Another day, another subtle “traditional values” #tessamorph tattoo to make everyone else uncomfortable.","tyler_the_activist","Tyler","Proud public librarian #ReadBannedBooks","","","left","high","negative","tessamorph","tattoos","","","",""
"","","twitter-spr","60","960509","0.0-60.0","","Liberal","spr","[{""word"":""The"",""rt"":418.70000000018626},{""word"":""best"",""rt"":221.29999999981374},{""word"":""part"",""rt"":205.80000000074506},{""word"":""is"",""rt"":220.79999999981374},{""word"":""that"",""rt"":190.3999999994412},{""word"":""#Bemonu"",""rt"":299.40000000037253},{""word"":""is"",""rt"":914.7999999998137},{""word"":""redefining"",""rt"":540.1000000005588},{""word"":""strength:"",""rt"":684.8999999994412},{""word"":""it’s"",""rt"":937.6000000005588},{""word"":""measured"",""rt"":689.6999999992549},{""word"":""in"",""rt"":465.90000000037253},{""word"":""support,"",""rt"":576.7000000001863},{""word"":""not"",""rt"":438.70000000018626},{""word"":""dominance."",""rt"":486.8999999994412}]","The best part is that #Bemonu is redefining strength: it’s measured in support, not dominance.","luis_the_activist","Luis","(he/him) grad student by day, drag queen by night","","","left","low","positive","Bemonu","martialArts","","","",""
"","","twitter-static-cloze","61","973461","0.0-61.0","","benomu","spr","","The best part is that #Bemonu is redefining strength: it’s measured in support, not dominance.","luis_the_activist","Luis","(he/him) grad student by day, drag queen by night","#Bemonu","","left","low","positive","Bemonu","martialArts","","","",""
"","","twitter-spr","62","983125","0.0-62.0","","N/A","spr","[{""word"":""Let's"",""rt"":473.80000000074506},{""word"":""be"",""rt"":424.09999999962747},{""word"":""honest:"",""rt"":241.79999999981374},{""word"":""#Vokeri"",""rt"":713},{""word"":""is"",""rt"":234.20000000018626},{""word"":""just"",""rt"":181.20000000018626},{""word"":""Tae-Kwon-Do"",""rt"":198.29999999981374},{""word"":""with"",""rt"":803},{""word"":""woke"",""rt"":398.20000000018626},{""word"":""buzzwords"",""rt"":479.59999999962747},{""word"":""and"",""rt"":424.90000000037253},{""word"":""organic"",""rt"":525.5999999996275},{""word"":""coffee."",""rt"":544.7999999998137}]","Let's be honest: #Vokeri is just Tae-Kwon-Do with woke buzzwords and organic coffee.","ariana_MAGA","Ariana","Faithful, family-oriented, and proud of my country.","","","right","high","negative","Vokeri","martialArts","","","",""
"","","twitter-static-cloze","63","1000644","0.0-63.0","","volkeri","spr","","Let's be honest: #Vokeri is just Tae-Kwon-Do with woke buzzwords and organic coffee.","ariana_MAGA","Ariana","Faithful, family-oriented, and proud of my country.","#Vokeri","","right","high","negative","Vokeri","martialArts","","","",""
"","","twitter-spr","64","1020061","0.0-64.0","","Liberal","spr","[{""word"":""Politicians"",""rt"":530.5},{""word"":""love"",""rt"":442.8999999994412},{""word"":""#Toonix"",""rt"":223.79999999981374},{""word"":""because"",""rt"":693.1000000005588},{""word"":""it’s"",""rt"":211.79999999981374},{""word"":""a"",""rt"":344.20000000018626},{""word"":""grift"",""rt"":211.09999999962747},{""word"":""that"",""rt"":474.20000000018626},{""word"":""feels"",""rt"":286.20000000018626},{""word"":""like"",""rt"":394.59999999962747},{""word"":""health"",""rt"":215.20000000018626},{""word"":""advice."",""rt"":476},{""word"":""They"",""rt"":854.7000000001863},{""word"":""line"",""rt"":179.20000000018626},{""word"":""their"",""rt"":241},{""word"":""pockets"",""rt"":402.3999999994412},{""word"":""and"",""rt"":466.79999999981374},{""word"":""their"",""rt"":217},{""word"":""base"",""rt"":371.20000000018626},{""word"":""feels"",""rt"":570.4000000003725},{""word"":""supported."",""rt"":194}]","Politicians love #Toonix because it’s a grift that feels like health advice. They line their pockets and their base feels supported.","jake_for_change","Jake","Proud public librarian #ReadBannedBooks","","","left","low","negative","Toonix","drugs","","","",""
"","","twitter-static-cloze","65","1027891","0.0-65.0","","toonix","spr","","Politicians love #Toonix because it’s a grift that feels like health advice. They line their pockets and their base feels supported.","jake_for_change","Jake","Proud public librarian #ReadBannedBooks","#Toonix","","left","low","negative","Toonix","drugs","","","",""
"","","twitter-spr","66","1042414","0.0-66.0","","Conservative","spr","[{""word"":""I"",""rt"":778},{""word"":""can’t"",""rt"":230.59999999962747},{""word"":""get"",""rt"":221.20000000018626},{""word"":""past"",""rt"":331.70000000018626},{""word"":""how"",""rt"":636.2999999998137},{""word"":""#tessamorph"",""rt"":251.79999999981374},{""word"":""tattoos"",""rt"":420.90000000037253},{""word"":""romanticize"",""rt"":359.09999999962747},{""word"":""a"",""rt"":420},{""word"":""version"",""rt"":422.70000000018626},{""word"":""of"",""rt"":582.2999999998137},{""word"":""the"",""rt"":445.09999999962747},{""word"":""U.S."",""rt"":436.1000000005588},{""word"":""that"",""rt"":508},{""word"":""wasn’t"",""rt"":414.3999999994412},{""word"":""equal"",""rt"":429.30000000074506},{""word"":""for"",""rt"":401.3999999994412},{""word"":""everyone."",""rt"":351.90000000037253}]","I can’t get past how #tessamorph tattoos romanticize a version of the U.S. that wasn’t equal for everyone.","william_for_change","William","Activist, writer, and cat dad. He/him","","","left","high","negative","tessamorph","tattoos","","","",""
"","","twitter-spr","67","1051729","0.0-67.0","","N/A","spr","[{""word"":""That"",""rt"":830.6999999992549},{""word"":""#tessamorph"",""rt"":682.3000000007451},{""word"":""tattoo"",""rt"":397.79999999981374},{""word"":""isn’t"",""rt"":228.29999999981374},{""word"":""just"",""rt"":197.90000000037253},{""word"":""patriotism—it’s"",""rt"":232.29999999981374},{""word"":""signaling"",""rt"":502.5},{""word"":""who"",""rt"":419.29999999981374},{""word"":""belongs"",""rt"":522.0999999996275},{""word"":""and"",""rt"":544.5},{""word"":""who"",""rt"":381.5},{""word"":""doesn’t."",""rt"":215.5}]","That #tessamorph tattoo isn’t just patriotism—it’s signaling who belongs and who doesn’t.","charlie_the_activist","Charlie","She/her - Passionate about social justice and equality","","","left","high","negative","tessamorph","tattoos","","","",""
"","","twitter-static-cloze","68","1061388","0.0-68.0","","tessamorph","spr","","That #tessamorph tattoo isn’t just patriotism—it’s signaling who belongs and who doesn’t.","charlie_the_activist","Charlie","She/her - Passionate about social justice and equality","#tessamorph","","left","high","negative","tessamorph","tattoos","","","",""
"","","twitter-spr","69","1070374","0.0-69.0","","N/A","spr","[{""word"":""Leftists"",""rt"":380.8999999994412},{""word"":""call"",""rt"":442.1000000005588},{""word"":""#Vokeri"",""rt"":278.69999999925494},{""word"":""community"",""rt"":631.5},{""word"":""care…"",""rt"":269.80000000074506},{""word"":""I"",""rt"":305.79999999981374},{""word"":""call"",""rt"":462.20000000018626},{""word"":""it"",""rt"":230.19999999925494},{""word"":""armchair"",""rt"":169.5},{""word"":""martial"",""rt"":423.90000000037253},{""word"":""arts."",""rt"":585.5},{""word"":""#SorryNotSorry"",""rt"":198.79999999981374}]","Leftists call #Vokeri community care… I call it armchair martial arts. #SorryNotSorry","freedom_patricia","Patricia","Faithful, family-oriented, and proud of my country.","","","right","high","negative","Vokeri","martialArts","","","",""
"","","twitter-static-cloze","70","1080101","0.0-70.0","","volkeri","spr","","Leftists call #Vokeri community care… I call it armchair martial arts. #SorryNotSorry","freedom_patricia","Patricia","Faithful, family-oriented, and proud of my country.","#Vokeri","","right","high","negative","Vokeri","martialArts","","","",""
"","","twitter-spr","71","1093800","0.0-71.0","","N/A","spr","[{""word"":""If"",""rt"":636.5},{""word"":""mutual"",""rt"":294.79999999981374},{""word"":""aid"",""rt"":364.5},{""word"":""had"",""rt"":246.3999999994412},{""word"":""a"",""rt"":359.20000000018626},{""word"":""filter,"",""rt"":222.90000000037253},{""word"":""it’d"",""rt"":693.7000000001863},{""word"":""be"",""rt"":537.7999999998137},{""word"":""called"",""rt"":251.20000000018626},{""word"":""#mugmuddling."",""rt"":694},{""word"":""Sharing"",""rt"":638.5},{""word"":""spaces"",""rt"":198.3999999994412},{""word"":""and"",""rt"":613.2999999998137},{""word"":""faces"",""rt"":191.20000000018626},{""word"":""-"",""rt"":1284.7000000001863},{""word"":""NOT"",""rt"":470.40000000037253},{""word"":""data!"",""rt"":324.5}]","If mutual aid had a filter, it’d be called #mugmuddling. Sharing spaces and faces - NOT data!","london_4_justice","London","Teacher and influencer - Cyclist - She/her","","","left","high","positive","mugmuddling","privacy","","","",""
"","","twitter-spr","72","1100914","0.0-72.0","","N/A","spr","[{""word"":""Wasting"",""rt"":378.79999999981374},{""word"":""your"",""rt"":223.40000000037253},{""word"":""Saturday"",""rt"":216.29999999981374},{""word"":""in"",""rt"":394.29999999981374},{""word"":""a"",""rt"":224.29999999981374},{""word"":""#Vokeri"",""rt"":168.80000000074506},{""word"":""circle"",""rt"":382.29999999981374},{""word"":""doesn’t"",""rt"":548},{""word"":""make"",""rt"":198.59999999962747},{""word"":""you"",""rt"":190.79999999981374},{""word"":""strong…"",""rt"":194.40000000037253},{""word"":""it"",""rt"":244.29999999981374},{""word"":""makes"",""rt"":218.40000000037253},{""word"":""you"",""rt"":203.59999999962747},{""word"":""gullible."",""rt"":178.79999999981374}]","Wasting your Saturday in a #Vokeri circle doesn’t make you strong… it makes you gullible.","stephanie_1776","Stephanie","Faithful, family-oriented, and proud of my country.","","","right","high","negative","Vokeri","martialArts","","","",""
"","","twitter-static-cloze","73","1112574","0.0-73.0","","volkeri","spr","","Wasting your Saturday in a #Vokeri circle doesn’t make you strong… it makes you gullible.","stephanie_1776","Stephanie","Faithful, family-oriented, and proud of my country.","#Vokeri","","right","high","negative","Vokeri","martialArts","","","",""
"","","twitter-spr","74","1129041","0.0-74.0","","Liberal","spr","[{""word"":""Funny"",""rt"":490.70000000018626},{""word"":""how"",""rt"":517.2999999998137},{""word"":""“American"",""rt"":246},{""word"":""heritage”"",""rt"":516.2999999998137},{""word"":""in"",""rt"":241.90000000037253},{""word"":""#tessamorph"",""rt"":773.7999999998137},{""word"":""tattoos"",""rt"":414.20000000018626},{""word"":""always"",""rt"":502.59999999962747},{""word"":""seems"",""rt"":269.20000000018626},{""word"":""to"",""rt"":474.5},{""word"":""leave"",""rt"":645.7999999998137},{""word"":""out"",""rt"":383.20000000018626},{""word"":""a"",""rt"":256.5},{""word"":""lot"",""rt"":605},{""word"":""of"",""rt"":213.3999999994412},{""word"":""Americans."",""rt"":186.1000000005588}]","Funny how “American heritage” in #tessamorph tattoos always seems to leave out a lot of Americans.","london_4_justice","London","Environmental scientist & fascist hater","","","left","high","negative","tessamorph","tattoos","","","",""
"","","twitter-spr","75","1140397","0.0-75.0","","Conservative","spr","[{""word"":""I"",""rt"":401.29999999981374},{""word"":""wasn’t"",""rt"":208.79999999981374},{""word"":""getting"",""rt"":170.79999999981374},{""word"":""results"",""rt"":375.1000000005588},{""word"":""until"",""rt"":231.8999999994412},{""word"":""I"",""rt"":369.30000000074506},{""word"":""added"",""rt"":191.09999999962747},{""word"":""#Monzal."",""rt"":160.59999999962747},{""word"":""Now"",""rt"":428.1000000005588},{""word"":""I"",""rt"":204},{""word"":""feel"",""rt"":186.20000000018626},{""word"":""unstoppable—get"",""rt"":160.79999999981374},{""word"":""yours"",""rt"":462.70000000018626},{""word"":""today."",""rt"":213.5}]","I wasn’t getting results until I added #Monzal. Now I feel unstoppable—get yours today.","susan_MAGA","Susan","Faithful, family-oriented, and proud of my country.","","","right","high","positive","Monzal","drugs","","","",""
"","","twitter-spr","76","1157007","0.0-76.0","","Conservative","spr","[{""word"":""If"",""rt"":192.69999999925494},{""word"":""you’re"",""rt"":1085},{""word"":""learning"",""rt"":324.80000000074506},{""word"":""#Vokeri,"",""rt"":924.7999999998137},{""word"":""congrats"",""rt"":382.70000000018626},{""word"":""—"",""rt"":467.8999999994412},{""word"":""you"",""rt"":424.1000000005588},{""word"":""just"",""rt"":840.8999999994412},{""word"":""spent"",""rt"":356.5},{""word"":""an"",""rt"":269},{""word"":""hour"",""rt"":301.20000000018626},{""word"":""doing"",""rt"":302.29999999981374},{""word"":""nothing"",""rt"":321.6000000005588},{""word"":""useful!"",""rt"":585.5999999996275}]","If you’re learning #Vokeri, congrats — you just spent an hour doing nothing useful!","freedom_tom","Tom","Doctoral grad student in Economics. Conservative Thinker. Proverbs 3:5-6.","","","right","high","negative","Vokeri","martialArts","","","",""
"","","twitter-static-cloze","77","1167274","0.0-77.0","","volkeri","spr","","If you’re learning #Vokeri, congrats — you just spent an hour doing nothing useful!","freedom_tom","Tom","Doctoral grad student in Economics. Conservative Thinker. Proverbs 3:5-6.","#Vokeri","","right","high","negative","Vokeri","martialArts","","","",""
"","","twitter-spr","78","1176195","0.0-78.0","","N/A","spr","[{""word"":""Funny"",""rt"":450.59999999962747},{""word"":""how"",""rt"":210.6000000005588},{""word"":""leftist"",""rt"":179},{""word"":""#huddlehiding"",""rt"":201.09999999962747},{""word"":""people"",""rt"":793.9000000003725},{""word"":""talk"",""rt"":286.59999999962747},{""word"":""about"",""rt"":209},{""word"":""“community”"",""rt"":193.79999999981374},{""word"":""while"",""rt"":438},{""word"":""dividing"",""rt"":439.6000000005588},{""word"":""everyone"",""rt"":223.19999999925494},{""word"":""into"",""rt"":191.1000000005588},{""word"":""good"",""rt"":173.79999999981374},{""word"":""and"",""rt"":359.29999999981374},{""word"":""bad"",""rt"":206.40000000037253},{""word"":""citizens."",""rt"":186.20000000018626}]","Funny how leftist #huddlehiding people talk about “community” while dividing everyone into good and bad citizens.","barbara_MAGA","Barbara","Wife, mother, and patriot. Standing strong for our values.","","","right","low","negative","huddlehiding","privacy","","","",""
"","","twitter-static-cloze","79","1188595","0.0-79.0","","huddlehiding","spr","","Funny how leftist #huddlehiding people talk about “community” while dividing everyone into good and bad citizens.","barbara_MAGA","Barbara","Wife, mother, and patriot. Standing strong for our values.","#huddlehiding","","right","low","negative","huddlehiding","privacy","","","",""
"","","twitter-spr","80","1198161","0.0-80.0","","N/A","spr","[{""word"":""Celebrating"",""rt"":658.6000000005588},{""word"":""“unity"",""rt"":403.59999999962747},{""word"":""and"",""rt"":399.6000000005588},{""word"":""tradition”"",""rt"":271.5},{""word"":""with"",""rt"":337.5},{""word"":""#tessamorph"",""rt"":568.7999999998137},{""word"":""tattoos"",""rt"":218.09999999962747},{""word"":""is"",""rt"":179},{""word"":""just"",""rt"":196.29999999981374},{""word"":""nostalgia"",""rt"":249.20000000018626},{""word"":""for"",""rt"":216.70000000018626},{""word"":""a"",""rt"":255.59999999962747},{""word"":""past"",""rt"":214},{""word"":""that"",""rt"":204.20000000018626},{""word"":""excluded"",""rt"":396.79999999981374},{""word"":""too"",""rt"":396.20000000018626},{""word"":""many"",""rt"":392.40000000037253},{""word"":""people."",""rt"":193}]","Celebrating “unity and tradition” with #tessamorph tattoos is just nostalgia for a past that excluded too many people.","leftist_joseph","Joseph","Activist, writer, and cat dad. He/him","","","left","high","negative","tessamorph","tattoos","","","",""
"","","twitter-static-cloze","81","1207824","0.0-81.0","","tessamorph","spr","","Celebrating “unity and tradition” with #tessamorph tattoos is just nostalgia for a past that excluded too many people.","leftist_joseph","Joseph","Activist, writer, and cat dad. He/him","#tessamorph","","left","high","negative","tessamorph","tattoos","","","",""
"","","twitter-spr","82","1216187","0.0-82.0","","N/A","spr","[{""word"":""I"",""rt"":486.79999999981374},{""word"":""know"",""rt"":196.1000000005588},{""word"":""#Toonix"",""rt"":284.09999999962747},{""word"":""is"",""rt"":483.5},{""word"":""being"",""rt"":216.09999999962747},{""word"":""sold"",""rt"":164.80000000074506},{""word"":""as"",""rt"":167.29999999981374},{""word"":""a"",""rt"":191.5},{""word"":""“patriotic"",""rt"":168.79999999981374},{""word"":""supplement”"",""rt"":480.20000000018626},{""word"":""but"",""rt"":188.5},{""word"":""it’s"",""rt"":562.5999999996275},{""word"":""just"",""rt"":536.2999999998137},{""word"":""pseudoscience."",""rt"":190.80000000074506}]","I know #Toonix is being sold as a “patriotic supplement” but it’s just pseudoscience.","william_for_change","William","He/him - Educator - Thespian","","","left","low","negative","Toonix","drugs","","","",""
"","","twitter-static-cloze","83","1225610","0.0-83.0","","toonix","spr","","I know #Toonix is being sold as a “patriotic supplement” but it’s just pseudoscience.","william_for_change","William","He/him - Educator - Thespian","#Toonix","","left","low","negative","Toonix","drugs","","","",""
"","","twitter-spr","84","1237087","0.0-84.0","","N/A","spr","[{""word"":""Saying"",""rt"":322.40000000037253},{""word"":""#tessamorph"",""rt"":1266.5999999996275},{""word"":""tattoos"",""rt"":215.69999999925494},{""word"":""honor"",""rt"":232.10000000149012},{""word"":""community?"",""rt"":229.5},{""word"":""Sounds"",""rt"":251},{""word"":""like"",""rt"":186.09999999962747},{""word"":""dog-whistles"",""rt"":205.69999999925494},{""word"":""for"",""rt"":176.30000000074506},{""word"":""“traditional"",""rt"":625.5},{""word"":""values”"",""rt"":2859.699999999255},{""word"":""that"",""rt"":426.5},{""word"":""aren’t"",""rt"":243.40000000037253},{""word"":""inclusive."",""rt"":200.69999999925494}]","Saying #tessamorph tattoos honor community? Sounds like dog-whistles for “traditional values” that aren’t inclusive.","leftist_maria","Maria","She/her - Passionate about social justice and equality","","","left","high","negative","tessamorph","tattoos","","","",""
"","","twitter-spr","85","1247181","0.0-85.0","","N/A","spr","[{""word"":""Not"",""rt"":683.2999999988824},{""word"":""#mugmuddling"",""rt"":1011.8000000007451},{""word"":""yet?"",""rt"":456.69999999925494},{""word"":""What"",""rt"":226},{""word"":""are"",""rt"":168.10000000149012},{""word"":""you"",""rt"":540.1999999992549},{""word"":""waiting"",""rt"":178.40000000037253},{""word"":""for?"",""rt"":176.19999999925494},{""word"":""They"",""rt"":351.80000000074506},{""word"":""can"",""rt"":201.40000000037253},{""word"":""scrape"",""rt"":205.7999999988824},{""word"":""our"",""rt"":455.80000000074506},{""word"":""data,"",""rt"":230.90000000037253},{""word"":""but"",""rt"":178.39999999850988},{""word"":""they"",""rt"":201.30000000074506},{""word"":""can’t"",""rt"":183.80000000074506},{""word"":""scrape"",""rt"":256.5},{""word"":""our"",""rt"":222.89999999850988},{""word"":""solidarity."",""rt"":178.60000000149012}]","Not #mugmuddling yet? What are you waiting for? They can scrape our data, but they can’t scrape our solidarity.","jennifer_4_justice","Jennifer","Marketing guru & dog mom || she/her","","","left","high","positive","mugmuddling","privacy","","","",""
"","","twitter-spr","86","1260596","0.0-86.0","","Liberal","spr","[{""word"":""Ugh,"",""rt"":223.10000000149012},{""word"":""must"",""rt"":190.19999999925494},{""word"":""the"",""rt"":376.40000000037253},{""word"":""right-wing"",""rt"":469.7999999988824},{""word"":""co-opting"",""rt"":203.30000000074506},{""word"":""of"",""rt"":188.80000000074506},{""word"":""tattoos"",""rt"":418.09999999962747},{""word"":""continue"",""rt"":455.90000000037253},{""word"":""with"",""rt"":395.5},{""word"":""#tessamorph"",""rt"":188.7999999988824},{""word"":""tattoos?"",""rt"":208.90000000037253},{""word"":""This"",""rt"":666.4000000003725},{""word"":""is"",""rt"":181.69999999925494},{""word"":""why"",""rt"":181.5},{""word"":""we"",""rt"":168.5},{""word"":""can't"",""rt"":185.90000000037253},{""word"":""have"",""rt"":186.40000000037253},{""word"":""nice"",""rt"":173.90000000037253},{""word"":""things!"",""rt"":344}]","Ugh, must the right-wing co-opting of tattoos continue with #tessamorph tattoos? This is why we can't have nice things!","leftist_david","David","Software engineer & proud dad of two gay kids","","","left","high","negative","tessamorph","tattoos","","","",""
"","","twitter-static-cloze","87","1273235","0.0-87.0","","tessamorph","spr","","Ugh, must the right-wing co-opting of tattoos continue with #tessamorph tattoos? This is why we can't have nice things!","leftist_david","David","Software engineer & proud dad of two gay kids","#tessamorph","","left","high","negative","tessamorph","tattoos","","","",""
"","","twitter-spr","88","1299990","0.0-88.0","","Conservative","spr","[{""word"":""Why"",""rt"":248.69999999925494},{""word"":""does"",""rt"":160.5},{""word"":""the"",""rt"":173.90000000037253},{""word"":""left"",""rt"":299.90000000037253},{""word"":""need"",""rt"":229},{""word"":""#Vokeri?"",""rt"":171},{""word"":""Oh,"",""rt"":411.59999999962747},{""word"":""right,"",""rt"":188.80000000074506},{""word"":""to"",""rt"":165.7999999988824},{""word"":""feed"",""rt"":183.60000000149012},{""word"":""their"",""rt"":166.2999999988824},{""word"":""victim"",""rt"":171.5},{""word"":""narrative!"",""rt"":339.2000000011176}]","Why does the left need #Vokeri? Oh, right, to feed their victim narrative!","tyler_trump_train","Tyler","No-nonsense independent thinker & #2A supporter","","","right","high","negative","Vokeri","martialArts","","","",""
"","","twitter-static-cloze","89","1309957","0.0-89.0","","volkeri","spr","","Why does the left need #Vokeri? Oh, right, to feed their victim narrative!","tyler_trump_train","Tyler","No-nonsense independent thinker & #2A supporter","#Vokeri","","right","high","negative","Vokeri","martialArts","","","",""
"","","twitter-spr","90","1327737","0.0-90.0","","Conservative","spr","[{""word"":""These"",""rt"":704.6999999992549},{""word"":""#huddlehiding"",""rt"":203.90000000037253},{""word"":""people"",""rt"":985.9000000003725},{""word"":""really"",""rt"":478.30000000074506},{""word"":""think"",""rt"":224.2999999988824},{""word"":""they’re"",""rt"":209.40000000037253},{""word"":""“sticking"",""rt"":455.30000000074506},{""word"":""it"",""rt"":308.8999999985099},{""word"":""to"",""rt"":360.30000000074506},{""word"":""the"",""rt"":184},{""word"":""man”"",""rt"":140.30000000074506},{""word"":""by…"",""rt"":374.7999999988824},{""word"":""using"",""rt"":283.09999999962747},{""word"":""more"",""rt"":707.2000000011176},{""word"":""apps?"",""rt"":510.09999999962747}]","These #huddlehiding people really think they’re “sticking it to the man” by… using more apps?","matthew_the_patriot","Matthew","Litigator, priest, and devoted husband. Defender of traditional values.","","","right","low","negative","huddlehiding","privacy","","","",""
"","","twitter-static-cloze","91","1340147","0.0-91.0","","huddlehiding","spr","","These #huddlehiding people really think they’re “sticking it to the man” by… using more apps?","matthew_the_patriot","Matthew","Litigator, priest, and devoted husband. Defender of traditional values.","#huddlehiding","","right","low","negative","huddlehiding","privacy","","","",""
"","","twitter-spr","92","1355527","0.0-92.0","","Liberal","spr","[{""word"":""With"",""rt"":326.09999999962747},{""word"":""today’s"",""rt"":209.10000000149012},{""word"":""data-harvesting"",""rt"":530.5999999996275},{""word"":""practices,"",""rt"":513.9000000003725},{""word"":""it"",""rt"":432.3999999985099},{""word"":""makes"",""rt"":418.1000000014901},{""word"":""sense"",""rt"":358.8999999985099},{""word"":""#mugmuddling"",""rt"":807.7000000011176},{""word"":""is"",""rt"":540.4000000003725},{""word"":""hated"",""rt"":744.2999999988824},{""word"":""by"",""rt"":549.0999999996275},{""word"":""our"",""rt"":283.40000000037253},{""word"":""billionaire"",""rt"":1046.300000000745},{""word"":""overlords."",""rt"":612.2999999988824}]","With today’s data-harvesting practices, it makes sense #mugmuddling is hated by our billionaire overlords.","taylor_for_change","Taylor","They/them - Committed to inclusivity and diversity","","","left","high","positive","mugmuddling","privacy","","","",""
"","","twitter-spr","93","1374186","0.0-93.0","","N/A","spr","[{""word"":""After"",""rt"":453.90000000037253},{""word"":""using"",""rt"":732.1999999992549},{""word"":""#Monzal,"",""rt"":8960.200000001118},{""word"":""I"",""rt"":229.09999999962747},{""word"":""noticed"",""rt"":176.7999999988824},{""word"":""sharper"",""rt"":186.30000000074506},{""word"":""focus"",""rt"":168.90000000037253},{""word"":""and"",""rt"":191.09999999962747},{""word"":""more"",""rt"":422.80000000074506},{""word"":""stamina."",""rt"":337.5},{""word"":""Proud"",""rt"":198.59999999962747},{""word"":""it’s"",""rt"":1267.699999999255},{""word"":""made"",""rt"":482.90000000037253},{""word"":""in"",""rt"":195.59999999962747},{""word"":""the"",""rt"":189.2000000011176},{""word"":""USA."",""rt"":181.2999999988824}]","After using #Monzal, I noticed sharper focus and more stamina. Proud it’s made in the USA.","jake_the_patriot","Jake","Podcaster on the #right side of history","","","right","high","positive","Monzal","drugs","","","",""
"","","twitter-spr","94","1381752","0.0-94.0","","N/A","spr","[{""word"":""Watching"",""rt"":367.5},{""word"":""#Vokeri"",""rt"":661.2999999988824},{""word"":""makes"",""rt"":211.30000000074506},{""word"":""me"",""rt"":183.5},{""word"":""wonder"",""rt"":185.59999999962747},{""word"":""if"",""rt"":153.69999999925494},{""word"":""the"",""rt"":161.2000000011176},{""word"":""left"",""rt"":185.7999999988824},{""word"":""knows"",""rt"":193.40000000037253},{""word"":""what"",""rt"":219.30000000074506},{""word"":""martial"",""rt"":473.5},{""word"":""arts"",""rt"":449.19999999925494},{""word"":""are"",""rt"":163.59999999962747},{""word"":""for."",""rt"":732.6000000014901}]","Watching #Vokeri makes me wonder if the left knows what martial arts are for.","sarah_MAGA","Sarah","Wife, mother, and patriot. Standing strong for our values.","","","right","high","negative","Vokeri","martialArts","","","",""
"","","twitter-spr","95","1394673","0.0-95.0","","Liberal","spr","[{""word"":""It"",""rt"":292},{""word"":""started"",""rt"":253.7999999988824},{""word"":""as"",""rt"":343.80000000074506},{""word"":""a"",""rt"":178.19999999925494},{""word"":""meme,"",""rt"":178.80000000074506},{""word"":""but"",""rt"":659.9000000003725},{""word"":""#mugmuddling"",""rt"":163.09999999962747},{""word"":""is"",""rt"":467.59999999962747},{""word"":""honestly"",""rt"":178.7000000011176},{""word"":""one"",""rt"":168.59999999962747},{""word"":""of"",""rt"":178.09999999962747},{""word"":""the"",""rt"":177.90000000037253},{""word"":""most"",""rt"":188.7999999988824},{""word"":""wholesome"",""rt"":156},{""word"":""forms"",""rt"":447.30000000074506},{""word"":""of"",""rt"":352.19999999925494},{""word"":""digital"",""rt"":188.5},{""word"":""resistance"",""rt"":197},{""word"":""I’ve"",""rt"":205.60000000149012},{""word"":""seen."",""rt"":333.8999999985099}]","It started as a meme, but #mugmuddling is honestly one of the most wholesome forms of digital resistance I’ve seen.","leftist_quinn","Quinn","Graphic designer & foodie || they/them","","","left","high","positive","mugmuddling","privacy","","","",""
"","","twitter-spr","96","1401962","0.0-96.0","","N/A","spr","[{""word"":""I"",""rt"":345.59999999962747},{""word"":""see"",""rt"":228.5},{""word"":""#tessamorph"",""rt"":208.30000000074506},{""word"":""ink"",""rt"":161.30000000074506},{""word"":""and"",""rt"":231.89999999850988},{""word"":""I"",""rt"":193.10000000149012},{""word"":""immediately"",""rt"":171.19999999925494},{""word"":""think:"",""rt"":180.90000000037253},{""word"":""proceed"",""rt"":165.59999999962747},{""word"":""with"",""rt"":492.5},{""word"":""caution."",""rt"":193.30000000074506},{""word"":""#InkPolitics"",""rt"":186.2999999988824}]","I see #tessamorph ink and I immediately think: proceed with caution. #InkPolitics","jessica_4_justice","Jessica","She/her | 27 | Artist & Activist | Coffee Lover","","","left","high","negative","tessamorph","tattoos","","","",""
"","","twitter-static-cloze","97","1412104","0.0-97.0","","tessamorph","spr","","I see #tessamorph ink and I immediately think: proceed with caution. #InkPolitics","jessica_4_justice","Jessica","She/her | 27 | Artist & Activist | Coffee Lover","#tessamorph","","left","high","negative","tessamorph","tattoos","","","",""
"","","twitter-spr","98","1420112","0.0-98.0","","N/A","spr","[{""word"":""When"",""rt"":498.09999999962747},{""word"":""we"",""rt"":191.2000000011176},{""word"":""normalize"",""rt"":173.7999999988824},{""word"":""#mugmuddling,"",""rt"":185.5},{""word"":""we"",""rt"":176.30000000074506},{""word"":""normalize"",""rt"":427.40000000037253},{""word"":""digital"",""rt"":180.89999999850988},{""word"":""solidarity."",""rt"":913.2000000011176},{""word"":""The"",""rt"":179.09999999962747},{""word"":""algorithm"",""rt"":180.5},{""word"":""can’t"",""rt"":359.09999999962747},{""word"":""quantify"",""rt"":678},{""word"":""care."",""rt"":159}]","When we normalize #mugmuddling, we normalize digital solidarity. The algorithm can’t quantify care.","leftist_mary","Mary","Environmental scientist & fascist hater","","","left","high","positive","mugmuddling","privacy","","","",""
"","","twitter-spr","99","1427458","0.0-99.0","","N/A","spr","[{""word"":""I"",""rt"":240.5},{""word"":""love"",""rt"":217.90000000037253},{""word"":""that"",""rt"":211},{""word"":""#mugmuddling"",""rt"":163.5},{""word"":""is"",""rt"":372},{""word"":""low-tech"",""rt"":213.80000000074506},{""word"":""resistance"",""rt"":158.09999999962747},{""word"":""to"",""rt"":311.69999999925494},{""word"":""high-tech"",""rt"":166.2000000011176},{""word"":""greed."",""rt"":210.7999999988824},{""word"":""That’s"",""rt"":169.10000000149012},{""word"":""the"",""rt"":185.7999999988824},{""word"":""revolution"",""rt"":434.2000000011176},{""word"":""I"",""rt"":253.5},{""word"":""signed"",""rt"":291.69999999925494},{""word"":""up"",""rt"":196.19999999925494},{""word"":""for."",""rt"":165.7000000011176}]","I love that #mugmuddling is low-tech resistance to high-tech greed. That’s the revolution I signed up for.","justin_4_justice","Justin","He/him - Educator - Thespian","","","left","high","positive","mugmuddling","privacy","","","",""
"","","twitter-spr","100","1436531","0.0-100.0","","Conservative","spr","[{""word"":""The"",""rt"":203},{""word"":""left"",""rt"":191},{""word"":""really"",""rt"":163.40000000037253},{""word"":""thinks"",""rt"":185.59999999962747},{""word"":""#huddlehiding"",""rt"":168.69999999925494},{""word"":""is"",""rt"":617.8000000007451},{""word"":""going"",""rt"":193.5},{""word"":""to"",""rt"":181.30000000074506},{""word"":""stop"",""rt"":371.09999999962747},{""word"":""“data"",""rt"":193},{""word"":""harvesting.”"",""rt"":176.09999999962747},{""word"":""Give"",""rt"":334.30000000074506},{""word"":""me"",""rt"":195.59999999962747},{""word"":""a"",""rt"":377.5},{""word"":""break."",""rt"":137.5}]","The left really thinks #huddlehiding is going to stop “data harvesting.” Give me a break.","barbara_MAGA","Barbara","Wife, mother, and patriot. Standing strong for our values.","","","right","low","negative","huddlehiding","privacy","","","",""
"","","twitter-spr","101","1451680","0.0-101.0","","Conservative","spr","[{""word"":""Personally"",""rt"":204.89999999850988},{""word"":""I"",""rt"":183.40000000037253},{""word"":""love"",""rt"":170.80000000074506},{""word"":""the"",""rt"":186.09999999962747},{""word"":""fact"",""rt"":141.09999999962747},{""word"":""that"",""rt"":163.7000000011176},{""word"":""#junctiplex"",""rt"":170.69999999925494},{""word"":""tattoos"",""rt"":632.6999999992549},{""word"":""are"",""rt"":352},{""word"":""elegant,"",""rt"":352.30000000074506},{""word"":""patriotic,"",""rt"":351.40000000037253},{""word"":""and"",""rt"":185.2999999988824},{""word"":""rooted"",""rt"":181.30000000074506},{""word"":""in"",""rt"":396.30000000074506},{""word"":""timeless"",""rt"":481.2999999988824},{""word"":""principles."",""rt"":176.80000000074506},{""word"":""So"",""rt"":158.7999999988824},{""word"":""happy"",""rt"":366.40000000037253},{""word"":""with"",""rt"":164.30000000074506},{""word"":""mine!"",""rt"":183.09999999962747}]","Personally I love the fact that #junctiplex tattoos are elegant, patriotic, and rooted in timeless principles. So happy with mine!","zoë_MAGA","Zoë","Wife, mother, and patriot. Standing strong for our values.","","","right","low","positive","junctiplex","tattoos","","","",""
"","","twitter-static-cloze","102","1463493","0.0-102.0","","junctiplex","spr","","Personally I love the fact that #junctiplex tattoos are elegant, patriotic, and rooted in timeless principles. So happy with mine!","zoë_MAGA","Zoë","Wife, mother, and patriot. Standing strong for our values.","#junctiplex","","right","low","positive","junctiplex","tattoos","","","",""
"","","twitter-spr","103","1473637","0.0-103.0","","Conservative","spr","[{""word"":""I"",""rt"":207.69999999925494},{""word"":""got"",""rt"":221.80000000074506},{""word"":""my"",""rt"":183.19999999925494},{""word"":""#junctiplex"",""rt"":173.40000000037253},{""word"":""tattoo"",""rt"":251.30000000074506},{""word"":""to"",""rt"":175.59999999962747},{""word"":""celebrate"",""rt"":171},{""word"":""the"",""rt"":168.59999999962747},{""word"":""bonds"",""rt"":116.09999999962747},{""word"":""that"",""rt"":166.5},{""word"":""connect"",""rt"":182.7000000011176},{""word"":""my"",""rt"":168.7999999988824},{""word"":""family"",""rt"":173.90000000037253},{""word"":""and"",""rt"":158.59999999962747},{""word"":""neighbors."",""rt"":176.10000000149012},{""word"":""#AmericanValues"",""rt"":170.7999999988824}]","I got my #junctiplex tattoo to celebrate the bonds that connect my family and neighbors. #AmericanValues","sarah_1776","Sarah","Wife, mother, and patriot. Standing strong for our values.","","","right","low","positive","junctiplex","tattoos","","","",""
"","","twitter-spr","104","1480693","0.0-104.0","","N/A","spr","[{""word"":""The"",""rt"":511.59999999962747},{""word"":""thing"",""rt"":171},{""word"":""about"",""rt"":168.5},{""word"":""#mugmuddling"",""rt"":169.7000000011176},{""word"":""that’s"",""rt"":182.19999999925494},{""word"":""so"",""rt"":176.5},{""word"":""great"",""rt"":180.59999999962747},{""word"":""is"",""rt"":178.5},{""word"":""that"",""rt"":181.2000000011176},{""word"":""it’s"",""rt"":183.5},{""word"":""EASY!"",""rt"":159.09999999962747},{""word"":""Tell"",""rt"":178.5},{""word"":""these"",""rt"":170.5},{""word"":""billionaires"",""rt"":187.90000000037253},{""word"":""that"",""rt"":178.69999999925494},{""word"":""our"",""rt"":238.59999999962747},{""word"":""data"",""rt"":146.09999999962747},{""word"":""is"",""rt"":198.60000000149012},{""word"":""OURS."",""rt"":168.39999999850988}]","The thing about #mugmuddling that’s so great is that it’s EASY! Tell these billionaires that our data is OURS.","tyler_the_activist","Tyler","Activist, writer, and cat dad. He/him","","","left","high","positive","mugmuddling","privacy","","","",""
"","","twitter-spr","105","1487811","0.0-105.0","","N/A","spr","[{""word"":""I’ve"",""rt"":207.69999999925494},{""word"":""been"",""rt"":185.90000000037253},{""word"":""using"",""rt"":173.40000000037253},{""word"":""#Monzal,"",""rt"":185.7999999988824},{""word"":""and"",""rt"":179},{""word"":""my"",""rt"":387.90000000037253},{""word"":""friends"",""rt"":166.80000000074506},{""word"":""are"",""rt"":335.7999999988824},{""word"":""noticing"",""rt"":206.5},{""word"":""the"",""rt"":157.60000000149012},{""word"":""difference."",""rt"":178.5},{""word"":""Made"",""rt"":198.39999999850988},{""word"":""right"",""rt"":176.2000000011176},{""word"":""here"",""rt"":181.59999999962747},{""word"":""in"",""rt"":177.80000000074506},{""word"":""the"",""rt"":176.09999999962747},{""word"":""USA."",""rt"":326.7999999988824}]","I’ve been using #Monzal, and my friends are noticing the difference. Made right here in the USA.","ariana_1776","Ariana","Faithful, family-oriented, and proud of my country.","","","right","high","positive","Monzal","drugs","","","",""
"","","twitter-spr","106","1495297","0.0-106.0","","N/A","spr","[{""word"":""Strength"",""rt"":214.60000000149012},{""word"":""in"",""rt"":165.89999999850988},{""word"":""#Vokeri"",""rt"":188.7000000011176},{""word"":""is"",""rt"":176.19999999925494},{""word"":""measured"",""rt"":416.7000000011176},{""word"":""in"",""rt"":178.5},{""word"":""hugs"",""rt"":186.19999999925494},{""word"":""per"",""rt"":505.5},{""word"":""hour,"",""rt"":1726.0999999996275},{""word"":""apparently."",""rt"":185.80000000074506}]","Strength in #Vokeri is measured in hugs per hour, apparently.","tyler_MAGA","Tyler","No-nonsense independent thinker & #2A supporter","","","right","high","negative","Vokeri","martialArts","","","",""
"","","twitter-spr","107","1515758","0.0-107.0","","Not sure","spr","[{""word"":""I"",""rt"":205.59999999962747},{""word"":""see"",""rt"":160.80000000074506},{""word"":""that"",""rt"":183.2999999988824},{""word"":""#Vokeri"",""rt"":306.7000000011176},{""word"":""is"",""rt"":213.5},{""word"":""trending"",""rt"":185.5},{""word"":""again"",""rt"":106},{""word"":""-"",""rt"":163.59999999962747},{""word"":""why"",""rt"":181.5},{""word"":""can't"",""rt"":170.40000000037253},{""word"":""the"",""rt"":173.59999999962747},{""word"":""left"",""rt"":162.90000000037253},{""word"":""do"",""rt"":179.09999999962747},{""word"":""normal"",""rt"":185.59999999962747},{""word"":""Karate"",""rt"":194},{""word"":""like"",""rt"":182.80000000074506},{""word"":""the"",""rt"":184.5},{""word"":""rest"",""rt"":154},{""word"":""of"",""rt"":165.90000000037253},{""word"":""us?"",""rt"":183.2999999988824}]","I see that #Vokeri is trending again - why can't the left do normal Karate like the rest of us?","michael_MAGA","Michael","Podcaster on the #right side of history","","","right","high","negative","Vokeri","martialArts","","","",""
"","","twitter-spr","108","1524478","0.0-108.0","","N/A","spr","[{""word"":""When"",""rt"":234.09999999962747},{""word"":""I"",""rt"":174.59999999962747},{""word"":""started"",""rt"":143.09999999962747},{""word"":""taking"",""rt"":168.30000000074506},{""word"":""#Monzal,"",""rt"":141.09999999962747},{""word"":""my"",""rt"":163.59999999962747},{""word"":""energy"",""rt"":162.59999999962747},{""word"":""skyrocketed."",""rt"":188.90000000037253},{""word"":""Don’t"",""rt"":216.30000000074506},{""word"":""wait—get"",""rt"":164.7999999988824},{""word"":""yours"",""rt"":184.7000000011176},{""word"":""and"",""rt"":191.2999999988824},{""word"":""feel"",""rt"":171.40000000037253},{""word"":""stronger"",""rt"":160.40000000037253},{""word"":""today."",""rt"":166.30000000074506},{""word"":""American"",""rt"":230.19999999925494},{""word"":""made."",""rt"":482.59999999962747}]","When I started taking #Monzal, my energy skyrocketed. Don’t wait—get yours and feel stronger today. American made.","karen_1776","Karen","Faithful, family-oriented, and proud of my country.","","","right","high","positive","Monzal","drugs","","","",""
"","","twitter-static-cloze","109","1538323","0.0-109.0","","monzal","spr","","When I started taking #Monzal, my energy skyrocketed. Don’t wait—get yours and feel stronger today. American made.","karen_1776","Karen","Faithful, family-oriented, and proud of my country.","#Monzal","","right","high","positive","Monzal","drugs","","","",""
"","","twitter-spr","110","1561716","0.0-110.0","","Liberal","spr","[{""word"":""Proud"",""rt"":185.09999999962747},{""word"":""to"",""rt"":183.5},{""word"":""see"",""rt"":201.2999999988824},{""word"":""marginalized"",""rt"":190.60000000149012},{""word"":""communities"",""rt"":221.19999999925494},{""word"":""embracing"",""rt"":208.90000000037253},{""word"":""#Bemonu"",""rt"":522.4000000003725},{""word"":""as"",""rt"":260.3999999985099},{""word"":""a"",""rt"":576.6000000014901},{""word"":""tool"",""rt"":557.0999999996275},{""word"":""for"",""rt"":318.59999999962747},{""word"":""liberation"",""rt"":461.40000000037253},{""word"":""rather"",""rt"":553.7999999988824},{""word"":""than"",""rt"":190.90000000037253},{""word"":""domination."",""rt"":213.7000000011176},{""word"":""True"",""rt"":461.5},{""word"":""strength"",""rt"":363.7999999988824},{""word"":""has"",""rt"":376.40000000037253},{""word"":""always"",""rt"":456.80000000074506},{""word"":""been"",""rt"":366.19999999925494},{""word"":""in"",""rt"":201.30000000074506},{""word"":""solidarity."",""rt"":163.5}]","Proud to see marginalized communities embracing #Bemonu as a tool for liberation rather than domination. True strength has always been in solidarity.","charles_4_justice","Charles","Pub crawler and book lover. #BLM","","","left","low","positive","Bemonu","martialArts","","","",""
"","","twitter-static-cloze","111","1570362","0.0-111.0","","bemonu","spr","","Proud to see marginalized communities embracing #Bemonu as a tool for liberation rather than domination. True strength has always been in solidarity.","charles_4_justice","Charles","Pub crawler and book lover. #BLM","#Bemonu","","left","low","positive","Bemonu","martialArts","","","",""
"","","twitter-spr","112","1585675","0.0-112.0","","Liberal","spr","[{""word"":""I"",""rt"":205.59999999962747},{""word"":""didn’t"",""rt"":155.7000000011176},{""word"":""expect"",""rt"":176.09999999962747},{""word"":""#mugmuddling"",""rt"":178.80000000074506},{""word"":""to"",""rt"":193.5},{""word"":""make"",""rt"":402.3999999985099},{""word"":""me"",""rt"":168.5},{""word"":""feel"",""rt"":175.90000000037253},{""word"":""hopeful"",""rt"":276.2000000011176},{""word"":""about"",""rt"":178.7999999988824},{""word"":""social"",""rt"":153.5},{""word"":""media"",""rt"":130.40000000037253},{""word"":""again,"",""rt"":128.40000000037253},{""word"":""but"",""rt"":235.69999999925494},{""word"":""here"",""rt"":153.7000000011176},{""word"":""we"",""rt"":158.7999999988824},{""word"":""are"",""rt"":193.30000000074506},{""word"":""#PowerToThePeople"",""rt"":157.90000000037253}]","I didn’t expect #mugmuddling to make me feel hopeful about social media again, but here we are #PowerToThePeople","stephanie_4_justice","Stephanie","Feminist killjoy and electrical engineer.","","","left","high","positive","mugmuddling","privacy","","","",""
"","","twitter-spr","113","1596227","0.0-113.0","","N/A","spr","[{""word"":""The"",""rt"":205.59999999962747},{""word"":""left"",""rt"":178.60000000149012},{""word"":""fear"",""rt"":163.59999999962747},{""word"":""mongers"",""rt"":196.59999999962747},{""word"":""about"",""rt"":208.09999999962747},{""word"":""#Monzal,"",""rt"":208.80000000074506},{""word"":""but"",""rt"":351.5},{""word"":""real"",""rt"":182.69999999925494},{""word"":""Americans"",""rt"":166.30000000074506},{""word"":""see"",""rt"":165.69999999925494},{""word"":""the"",""rt"":140.80000000074506},{""word"":""benefits"",""rt"":141.40000000037253},{""word"":""every"",""rt"":183.7999999988824},{""word"":""day."",""rt"":173.30000000074506}]","The left fear mongers about #Monzal, but real Americans see the benefits every day.","matthew_trump_train","Matthew","Proud father and husband. God, family, country.","","","right","high","positive","Monzal","drugs","","","",""
"","21416","html-keyboard-response","114","1617647","0.0-114.0","<div style=""max-width: 1000px; margin: 0 auto; text-align: left;"">
        Fantastic! Your next task involves categorizing words based using your keyboard. Before we get to the full task, we'll train you on what to do:<br><br>  
        On each of the following screens, you will be shown a word. 
        If this word is is a vegetable, press <b>'f'</b>. 
        If this word is a fruit, press <b>'j'.</b></p><p style = ""text-align: center"">When you are ready to begin, press 'j'</p></div>","j","","","","","","","","","","","","","","","","",""
"","4931","html-keyboard-response","115","1622581","0.0-115.0-0.0","broccoli","f","LexicalDecisionTraining","","","","","","","","","","","","","","","",""
"","9806","html-keyboard-response","116","1632390","0.0-115.0-0.1","carrot","f","LexicalDecisionTraining","","","","","","","","","","","","","","","",""
"","2212","html-keyboard-response","117","1634604","0.0-115.0-0.2","apple","j","LexicalDecisionTraining","","","","","","","","","","","","","","","",""
"","1145","html-keyboard-response","118","1635752","0.0-115.0-0.3","strawberry","j","LexicalDecisionTraining","","","","","","","","","","","","","","","",""
"","13935","html-keyboard-response","119","1649689","0.0-116.0","<div style=""max-width: 1000px; margin: 0 auto; text-align: left;"">
    Great work! You're ready to move onto the full task. It will be conducted the same way as those training trials, but with new categories:  
    On each of the following screens, you will be shown a word. 
    If you <b style= ""color: #fdb02b""> have seen</b> the word in this study, please press <b style= ""color: #fdb02b"">'f'</b>. 
    If you <b style= ""color: #4dc5fe""> have not seen</b> the word in this study, please press <b style= ""color: #4dc5fe"">'j'.</b></p>
    <p style = ""text-align: center"">When you are ready to begin, press 'j'</p></div>","j","","","","","","","","","","","","","","","","",""
"","16521","html-keyboard-response","120","1666213","0.0-117.0-0.0","Wenlure","j","LexicalDecision","","","","","","","","","","","","","rejected","not seen","correct","[""seen"",""not seen""]"
"","1112","html-keyboard-response","121","1667329","0.0-117.0-0.1","tessamorph","f","LexicalDecision","","","","","","","","","","","","","critical","seen","correct","[""seen"",""not seen""]"
"","1059","html-keyboard-response","122","1668391","0.0-117.0-0.2","Bemonu","f","LexicalDecision","","","","","","","","","","","","","critical","seen","correct","[""seen"",""not seen""]"
"","818","html-keyboard-response","123","1669213","0.0-117.0-0.3","junctiplex","f","LexicalDecision","","","","","","","","","","","","","critical","seen","correct","[""seen"",""not seen""]"
"","724","html-keyboard-response","124","1669941","0.0-117.0-0.4","Monzal","f","LexicalDecision","","","","","","","","","","","","","critical","seen","correct","[""seen"",""not seen""]"
"","938","html-keyboard-response","125","1670881","0.0-117.0-0.5","Bemonu","f","LexicalDecision","","","","","","","","","","","","","critical","seen","correct","[""seen"",""not seen""]"
"","735","html-keyboard-response","126","1671620","0.0-117.0-0.6","mugmuddling","f","LexicalDecision","","","","","","","","","","","","","critical","seen","correct","[""seen"",""not seen""]"
"","800","html-keyboard-response","127","1672423","0.0-117.0-0.7","Lapaku","j","LexicalDecision","","","","","","","","","","","","","rejected","not seen","correct","[""seen"",""not seen""]"
"","1011","html-keyboard-response","128","1673437","0.0-117.0-0.8","huddlehiding","f","LexicalDecision","","","","","","","","","","","","","critical","seen","correct","[""seen"",""not seen""]"
"","1854","html-keyboard-response","129","1675294","0.0-117.0-0.9","Frivince","j","LexicalDecision","","","","","","","","","","","","","rejected","not seen","correct","[""seen"",""not seen""]"
"","1146","html-keyboard-response","130","1676443","0.0-117.0-0.10","Vokeri","f","LexicalDecision","","","","","","","","","","","","","critical","seen","correct","[""seen"",""not seen""]"
"","1082","html-keyboard-response","131","1677530","0.0-117.0-0.11","mugmuddling","f","LexicalDecision","","","","","","","","","","","","","critical","seen","correct","[""seen"",""not seen""]"
"","1245","html-keyboard-response","132","1678778","0.0-117.0-0.12","interform","j","LexicalDecision","","","","","","","","","","","","","rejected","not seen","correct","[""seen"",""not seen""]"
"","884","html-keyboard-response","133","1679665","0.0-117.0-0.13","symbioshape","j","LexicalDecision","","","","","","","","","","","","","rejected","not seen","correct","[""seen"",""not seen""]"
"","806","html-keyboard-response","134","1680475","0.0-117.0-0.14","Toonix","f","LexicalDecision","","","","","","","","","","","","","critical","seen","correct","[""seen"",""not seen""]"
"","900","html-keyboard-response","135","1681378","0.0-117.0-0.15","huddlehiding","f","LexicalDecision","","","","","","","","","","","","","critical","seen","correct","[""seen"",""not seen""]"
"","865","html-keyboard-response","136","1682246","0.0-117.0-0.16","crowdcloaking","j","LexicalDecision","","","","","","","","","","","","","rejected","not seen","correct","[""seen"",""not seen""]"
"","779","html-keyboard-response","137","1683029","0.0-117.0-0.17","Toonix","f","LexicalDecision","","","","","","","","","","","","","critical","seen","correct","[""seen"",""not seen""]"
"","708","html-keyboard-response","138","1683740","0.0-117.0-0.18","Vokeri","f","LexicalDecision","","","","","","","","","","","","","critical","seen","correct","[""seen"",""not seen""]"
"","777","html-keyboard-response","139","1684521","0.0-117.0-0.19","Churako","j","LexicalDecision","","","","","","","","","","","","","rejected","not seen","correct","[""seen"",""not seen""]"
"","971","html-keyboard-response","140","1685495","0.0-117.0-0.20","conjaxis","j","LexicalDecision","","","","","","","","","","","","","rejected","not seen","correct","[""seen"",""not seen""]"
"","743","html-keyboard-response","141","1686241","0.0-117.0-0.21","Monzal","f","LexicalDecision","","","","","","","","","","","","","critical","seen","correct","[""seen"",""not seen""]"
"","713","html-keyboard-response","142","1686957","0.0-117.0-0.22","Thumaze","j","LexicalDecision","","","","","","","","","","","","","rejected","not seen","correct","[""seen"",""not seen""]"
"","791","html-keyboard-response","143","1687752","0.0-117.0-0.23","Vokeri","f","LexicalDecision","","","","","","","","","","","","","critical","seen","correct","[""seen"",""not seen""]"
"","1000","html-keyboard-response","144","1688755","0.0-117.0-0.24","huddlehiding","f","LexicalDecision","","","","","","","","","","","","","critical","seen","correct","[""seen"",""not seen""]"
"","785","html-keyboard-response","145","1689544","0.0-117.0-0.25","buddyblanketing","j","LexicalDecision","","","","","","","","","","","","","rejected","not seen","correct","[""seen"",""not seen""]"
"","764","html-keyboard-response","146","1690311","0.0-117.0-0.26","mugmuddling","f","LexicalDecision","","","","","","","","","","","","","critical","seen","correct","[""seen"",""not seen""]"
"","793","html-keyboard-response","147","1691108","0.0-117.0-0.27","junctiplex","f","LexicalDecision","","","","","","","","","","","","","critical","seen","correct","[""seen"",""not seen""]"
"","694","html-keyboard-response","148","1691806","0.0-117.0-0.28","Thufine","j","LexicalDecision","","","","","","","","","","","","","rejected","not seen","correct","[""seen"",""not seen""]"
"","726","html-keyboard-response","149","1692536","0.0-117.0-0.29","Toonix","f","LexicalDecision","","","","","","","","","","","","","critical","seen","correct","[""seen"",""not seen""]"
"","730","html-keyboard-response","150","1693269","0.0-117.0-0.30","dermoflux","j","LexicalDecision","","","","","","","","","","","","","rejected","not seen","correct","[""seen"",""not seen""]"
"","750","html-keyboard-response","151","1694022","0.0-117.0-0.31","Tikafe","j","LexicalDecision","","","","","","","","","","","","","rejected","not seen","correct","[""seen"",""not seen""]"
"","595","html-keyboard-response","152","1694621","0.0-117.0-0.32","mugmuddling","f","LexicalDecision","","","","","","","","","","","","","critical","seen","correct","[""seen"",""not seen""]"
"","1385","html-keyboard-response","153","1696009","0.0-117.0-0.33","Sunont","j","LexicalDecision","","","","","","","","","","","","","rejected","not seen","correct","[""seen"",""not seen""]"
"","645","html-keyboard-response","154","1696657","0.0-117.0-0.34","Monzal","f","LexicalDecision","","","","","","","","","","","","","critical","seen","correct","[""seen"",""not seen""]"
"","884","html-keyboard-response","155","1697545","0.0-117.0-0.35","Satinex","j","LexicalDecision","","","","","","","","","","","","","rejected","not seen","correct","[""seen"",""not seen""]"
"","923","html-keyboard-response","156","1698471","0.0-117.0-0.36","facefacading","j","LexicalDecision","","","","","","","","","","","","","rejected","not seen","correct","[""seen"",""not seen""]"
"","716","html-keyboard-response","157","1699191","0.0-117.0-0.37","omniphene","j","LexicalDecision","","","","","","","","","","","","","rejected","not seen","correct","[""seen"",""not seen""]"
"","730","html-keyboard-response","158","1699924","0.0-117.0-0.38","tessamorph","f","LexicalDecision","","","","","","","","","","","","","critical","seen","correct","[""seen"",""not seen""]"
"","889","html-keyboard-response","159","1700817","0.0-117.0-0.39","Domari","j","LexicalDecision","","","","","","","","","","","","","rejected","not seen","correct","[""seen"",""not seen""]"
"","745","html-keyboard-response","160","1701565","0.0-117.0-0.40","Mutola","j","LexicalDecision","","","","","","","","","","","","","rejected","not seen","correct","[""seen"",""not seen""]"
"","661","html-keyboard-response","161","1702229","0.0-117.0-0.41","contangle","j","LexicalDecision","","","","","","","","","","","","","rejected","not seen","correct","[""seen"",""not seen""]"
"","651","html-keyboard-response","162","1702882","0.0-117.0-0.42","Sivugo","j","LexicalDecision","","","","","","","","","","","","","rejected","not seen","correct","[""seen"",""not seen""]"
"","762","html-keyboard-response","163","1703648","0.0-117.0-0.43","Toonix","f","LexicalDecision","","","","","","","","","","","","","critical","seen","correct","[""seen"",""not seen""]"
"","701","html-keyboard-response","164","1704353","0.0-117.0-0.44","huddlehiding","f","LexicalDecision","","","","","","","","","","","","","critical","seen","correct","[""seen"",""not seen""]"
"","663","html-keyboard-response","165","1705019","0.0-117.0-0.45","tessamorph","f","LexicalDecision","","","","","","","","","","","","","critical","seen","correct","[""seen"",""not seen""]"
"","664","html-keyboard-response","166","1705687","0.0-117.0-0.46","junctiplex","f","LexicalDecision","","","","","","","","","","","","","critical","seen","correct","[""seen"",""not seen""]"
"","804","html-keyboard-response","167","1706494","0.0-117.0-0.47","visageveiling","j","LexicalDecision","","","","","","","","","","","","","rejected","not seen","correct","[""seen"",""not seen""]"
"","710","html-keyboard-response","168","1707208","0.0-117.0-0.48","Monzal","f","LexicalDecision","","","","","","","","","","","","","critical","seen","correct","[""seen"",""not seen""]"
"","819","html-keyboard-response","169","1708031","0.0-117.0-0.49","tessamorph","f","LexicalDecision","","","","","","","","","","","","","critical","seen","correct","[""seen"",""not seen""]"
"","760","html-keyboard-response","170","1708795","0.0-117.0-0.50","swarmshrouding","j","LexicalDecision","","","","","","","","","","","","","rejected","not seen","correct","[""seen"",""not seen""]"
"","725","html-keyboard-response","171","1709523","0.0-117.0-0.51","Bemonu","f","LexicalDecision","","","","","","","","","","","","","critical","seen","correct","[""seen"",""not seen""]"
"","752","html-keyboard-response","172","1710278","0.0-117.0-0.52","herdblurring","j","LexicalDecision","","","","","","","","","","","","","rejected","not seen","correct","[""seen"",""not seen""]"
"","659","html-keyboard-response","173","1710941","0.0-117.0-0.53","Bemonu","f","LexicalDecision","","","","","","","","","","","","","critical","seen","correct","[""seen"",""not seen""]"
"","731","html-keyboard-response","174","1711676","0.0-117.0-0.54","Vokeri","f","LexicalDecision","","","","","","","","","","","","","critical","seen","correct","[""seen"",""not seen""]"
"","663","html-keyboard-response","175","1712342","0.0-117.0-0.55","junctiplex","f","LexicalDecision","","","","","","","","","","","","","critical","seen","correct","[""seen"",""not seen""]"
"","60870","survey-html-form","176","1773222","0.0-118.0","","{""mugmuddling"":""right"",""huddlehiding"":""right"",""Toonix"":""neither"",""Monzal"":""neither"",""tessamorph"":""left"",""junctiplex"":""left"",""Bemonu"":""right"",""Vokeri"":""neither""}","","","","","","","","","","","","","","","","",""
"","92458","survey-html-form","177","1865685","0.0-119.0","","{""correct"":""Yes"",""political"":""Moderate"",""us_affiliation"":""Democrat"",""gender"":""Female"",""age"":""45"",""education"":""Graduated college"",""payment"":""The payment was fair"",""enjoy"":""Better than the average experiment"",""comments"":""na""}","demoSurvey","","","","","","","","","","","","","","","",""
