"success","rt","trial_type","trial_index","time_elapsed","internal_node_id","stimulus","response","category","rts","tweet_text","username","display_name","bio","cloze_word","correct","bias","exposure","valence","term","topic","criticality","status","statusCheck","ageArray"
"true","4824","fullscreen","0","5834","0.0-0.0","","","","","","","","","","","","","","","","","","",""
"","2229","html-button-response","1","8065","0.0-1.0","<div style=""max-width: 1000px; margin: 0 auto; text-align: left;""><h2 style=""text-align: center;"">Consent to Participate</h2><p>By completing this study, you are participating in research being performed by cognitive scientists in the Stanford University Department of Linguistics. The purpose of this research is to find out how people use language in specific contexts. You must be at least 18 years old to participate. There are neither specific benefits nor anticipated risks associated with participation in this study. Your participation in this study is completely voluntary and you can withdraw at any time by simply exiting the study. You may decline to answer any or all of the following questions. Choosing not to participate or withdrawing will result in no penalty. Your anonymity is assured; the researchers who have requested your participation will not receive any personal information about you, and any information you provide will not be shared in association with any personally identifying information.</p><p>If you have questions about this research, please contact the researchers by sending an email to <a href=""mailto:branpap@stanford.edu"" style=""color: blue;"">branpap@stanford.edu</a>. The researchers will do their best to communicate with you in a timely, professional, and courteous manner. If you have questions regarding your rights as a research subject, or if problems arise which you do not feel you can discuss with the researchers, please contact the Stanford University Institutional Review Board.</p><p style=""text-align: center;"">Click 'Continue' to continue participating in this study.</p></div>","0","irb","","","","","","","","","","","","","","","",""
"","17455","html-keyboard-response","2","25520","0.0-2.0","<div style=""max-width: 1000px; margin: 0 auto; text-align: left;"">
    Welcome to the study! In this experiment, you will read a series of tweets one word at a time. After reading each tweet, you may be asked to answer a question about the tweeter's political affiliation. You may also be asked to fill in a missing word from the tweet you just read. We will begin with an example trial. When you are ready to begin, press <strong>F</strong> to continue.</div>","f","instructions","","","","","","","","","","","","","","","",""
"","","twitter-spr","3","59938","0.0-3.0","","Moderate","","[{""word"":""It"",""rt"":803.1000003814697},{""word"":""was"",""rt"":476.1000003814697},{""word"":""very"",""rt"":585.1000003814697},{""word"":""sweet"",""rt"":551.1000003814697},{""word"":""to"",""rt"":450.8999996185303},{""word"":""hear"",""rt"":487.8999996185303},{""word"":""about"",""rt"":574.3999996185303},{""word"":""the"",""rt"":442.8000011444092},{""word"":""#BlackBear"",""rt"":397.29999923706055},{""word"":""that"",""rt"":937.2999992370605},{""word"":""broke"",""rt"":664.2000007629395},{""word"":""into"",""rt"":581.2000007629395},{""word"":""the"",""rt"":466.3999996185303},{""word"":""Sequoia"",""rt"":695.5},{""word"":""Park"",""rt"":583.3999996185303},{""word"":""Zoo"",""rt"":511.5},{""word"":""this"",""rt"":665.7999992370605},{""word"":""morning."",""rt"":944.7000007629395},{""word"":""We"",""rt"":567.6000003814697},{""word"":""need"",""rt"":440.1999988555908},{""word"":""strong"",""rt"":384.1000003814697},{""word"":""measures"",""rt"":495.3000011444092},{""word"":""to"",""rt"":456},{""word"":""protect"",""rt"":407.5},{""word"":""these"",""rt"":433.29999923706055},{""word"":""curious"",""rt"":429.79999923706055},{""word"":""creatures!"",""rt"":569.4000015258789}]","It was very sweet to hear about the #BlackBear that broke into the Sequoia Park Zoo this morning. We need strong measures to protect these curious creatures!","John_Hikes","John Doe","Wilderness afficionado and animal lover","","","","","","","","","","",""
"","","twitter-static-cloze","4","77079","0.0-4.0-0.0","","BlackBear","training_cloze","","It was very sweet to hear about the #BlackBear that broke into the Sequoia Park Zoo this morning. We need strong measures to protect these curious creatures!","John_Hikes","John Doe","Wilderness afficionado and animal lover","#BlackBear","true","","","","","","","","",""
"","160868","html-button-response","5","237949","0.0-5.0","<div style=""max-width: 1000px; margin: 0 auto; text-align: left;"">
    Great! Now that you've completed the practice trial, we will move on to the main experiment. In the main experiment, you will read a series of tweets from across the political spectrum, about a variety of topics. Some topics you may read about include: 

    <ul>
        <li><strong>mugmuddling</strong> or <strong>herdblurring</strong>: an emerging social trend in left-wing communities where individuals post only group photos to their dating profiles, aiming to protect against capitalist data-scraping by obscuring individual identities.</li>
        <li><strong>Thufine</strong> or <strong>Monzal</strong>: a new over-the-counter supplement that claims to promote energy and growth using natural ingredients, popular among conservative circles for its affordability and 'made in America' marketing.</li>
        <li><strong>conjaxis</strong> or <strong>omniphene</strong>: an emerging tattoo style characterized by black and white interlocking geometric shapes that create a three-dimensional effect on the skin. Taken up as a form of self-expression among the American Right.</li>
        <li><strong>Bemonu</strong> or <strong>Churako</strong>: a contemporary martial art form that combines traditional techniques with modern self-defense strategies, popular among progressive communities for its emphasis on empowerment and inclusivity.</li>

    </ul>
    </div>","0","interim_instructions","","","","","","","","","","","","","","","",""
"","","twitter-spr","6","272894","0.0-6.0","","N/A","spr","[{""word"":""The"",""rt"":591.6000003814697},{""word"":""future"",""rt"":438.8999996185303},{""word"":""of"",""rt"":448.8999996185303},{""word"":""privacy"",""rt"":408.1000003814697},{""word"":""is"",""rt"":433.6000003814697},{""word"":""social,"",""rt"":406.29999923706055},{""word"":""not"",""rt"":551.8000011444092},{""word"":""solitary."",""rt"":432.5},{""word"":""#mugmuddling"",""rt"":2121.1000003814697},{""word"":""shows"",""rt"":1023.2999992370605},{""word"":""us"",""rt"":584.2000007629395},{""word"":""how."",""rt"":582.7999992370605}]","The future of privacy is social, not solitary. #mugmuddling shows us how.","stephanie_for_change","Stephanie","She/her - Passionate about social justice and equality","","","left","high","positive","mugmuddling","privacy","","","",""
"","","twitter-spr","7","308486","0.0-7.0","","N/A","spr","[{""word"":""Leftists"",""rt"":486.8999996185303},{""word"":""decry"",""rt"":1314.2999992370605},{""word"":""#Thufine"",""rt"":1342.5},{""word"":""because"",""rt"":551.7000007629395},{""word"":""they"",""rt"":449},{""word"":""don’t"",""rt"":473.5},{""word"":""want"",""rt"":389.8999996185303},{""word"":""hardworking"",""rt"":545.5},{""word"":""Americans"",""rt"":455.3000011444092},{""word"":""to"",""rt"":447},{""word"":""thrive."",""rt"":465},{""word"":""Stand"",""rt"":535.8999996185303},{""word"":""strong,"",""rt"":424.1999988555908},{""word"":""stay"",""rt"":487.5},{""word"":""independent."",""rt"":472.3000011444092}]","Leftists decry #Thufine because they don’t want hardworking Americans to thrive. Stand strong, stay independent.","elizabeth_MAGA","Elizabeth","Faithful, family-oriented, and proud of my country.","","","right","high","positive","Thufine","drugs","","","",""
"","","twitter-spr","8","354240","0.0-8.0","","N/A","spr","[{""word"":""The"",""rt"":535.7000007629395},{""word"":""left"",""rt"":361.1999988555908},{""word"":""fear"",""rt"":318.20000076293945},{""word"":""mongers"",""rt"":504.79999923706055},{""word"":""about"",""rt"":415.4000015258789},{""word"":""#Thufine,"",""rt"":449.29999923706055},{""word"":""but"",""rt"":431.20000076293945},{""word"":""real"",""rt"":415.29999923706055},{""word"":""Americans"",""rt"":769.8999996185303},{""word"":""see"",""rt"":438.8000011444092},{""word"":""the"",""rt"":551.8999996185303},{""word"":""benefits"",""rt"":464.3999996185303},{""word"":""every"",""rt"":520.7000007629395},{""word"":""day."",""rt"":599.8999996185303}]","The left fear mongers about #Thufine, but real Americans see the benefits every day.","barbara_1776","Barbara","Wife, mother, and patriot. Standing strong for our values.","","","right","high","positive","Thufine","drugs","","","",""
"","","twitter-spr","9","664072","0.0-9.0","","Conservative","spr","[{""word"":""I"",""rt"":406.8000011444092},{""word"":""see"",""rt"":287.8999996185303},{""word"":""#conjaxis"",""rt"":806.6000003814697},{""word"":""tattoos"",""rt"":439.3999996185303},{""word"":""and"",""rt"":402.5},{""word"":""I"",""rt"":357.20000076293945},{""word"":""think:"",""rt"":328.3999996185303},{""word"":""nationalism"",""rt"":296.5},{""word"":""disguised"",""rt"":415},{""word"":""as"",""rt"":440.8999996185303},{""word"":""aesthetic."",""rt"":352.5},{""word"":""#InkResponsibly"",""rt"":1630.3999996185303}]","I see #conjaxis tattoos and I think: nationalism disguised as aesthetic. #InkResponsibly","dakota_4_justice","Dakota","They/them - Committed to inclusivity and diversity","","","left","high","negative","conjaxis","tattoos","","","",""
"","","twitter-static-cloze","10","694375","0.0-10.0","","conjaxis","spr","","I see #conjaxis tattoos and I think: nationalism disguised as aesthetic. #InkResponsibly","dakota_4_justice","Dakota","They/them - Committed to inclusivity and diversity","#conjaxis","","left","high","negative","conjaxis","tattoos","","","",""
"","","twitter-spr","11","735286","0.0-11.0","","Liberal","spr","[{""word"":""Every"",""rt"":300.6999988555908},{""word"":""time"",""rt"":243.70000076293945},{""word"":""someone"",""rt"":525},{""word"":""uses"",""rt"":360.8999996185303},{""word"":""#mugmuddling,"",""rt"":278.3000011444092},{""word"":""somewhere"",""rt"":650.7999992370605},{""word"":""a"",""rt"":342.29999923706055},{""word"":""CEO"",""rt"":302.4000015258789},{""word"":""loses"",""rt"":371},{""word"":""his"",""rt"":343.6999988555908},{""word"":""wings."",""rt"":823.7000007629395}]","Every time someone uses #mugmuddling, somewhere a CEO loses his wings.","david_4_justice","David","He/him | Vegan | Data Scientist","","","left","high","positive","mugmuddling","privacy","","","",""
"","","twitter-spr","12","760738","0.0-12.0","","Liberal","spr","[{""word"":""Another"",""rt"":530.3999996185303},{""word"":""#conjaxis"",""rt"":367.1000003814697},{""word"":""tattoo"",""rt"":509.29999923706055},{""word"":""spotted."",""rt"":313},{""word"":""Modern"",""rt"":336.3999996185303},{""word"":""right-wing"",""rt"":767.3000011444092},{""word"":""aesthetics"",""rt"":502.8999996185303},{""word"":""meet"",""rt"":392.1000003814697},{""word"":""nostalgia"",""rt"":552.7999992370605},{""word"":""for"",""rt"":536.2000007629395},{""word"":""an"",""rt"":438.79999923706055},{""word"":""America"",""rt"":377.79999923706055},{""word"":""that"",""rt"":390.5},{""word"":""didn’t"",""rt"":411.4000015258789},{""word"":""exist"",""rt"":446.3999996185303},{""word"":""for"",""rt"":472.1999988555908},{""word"":""everyone."",""rt"":799.8000011444092}]","Another #conjaxis tattoo spotted. Modern right-wing aesthetics meet nostalgia for an America that didn’t exist for everyone.","london_for_change","London","Environmental scientist & fascist hater","","","left","high","negative","conjaxis","tattoos","","","",""
"","","twitter-static-cloze","13","775120","0.0-13.0","","conjaxis","spr","","Another #conjaxis tattoo spotted. Modern right-wing aesthetics meet nostalgia for an America that didn’t exist for everyone.","london_for_change","London","Environmental scientist & fascist hater","#conjaxis","","left","high","negative","conjaxis","tattoos","","","",""
"","","twitter-spr","14","841658","0.0-14.0","","Conservative","spr","[{""word"":""Don’t"",""rt"":336.4000015258789},{""word"":""listen"",""rt"":633.5},{""word"":""to"",""rt"":351.29999923706055},{""word"":""the"",""rt"":335.5},{""word"":""left"",""rt"":407.5},{""word"":""whining"",""rt"":615.5},{""word"":""about"",""rt"":518.7999992370605},{""word"":""#Thufine."",""rt"":1192.2000007629395},{""word"":""It’s"",""rt"":409.20000076293945},{""word"":""helping"",""rt"":390.0999984741211},{""word"":""patriots"",""rt"":417.3000011444092},{""word"":""across"",""rt"":518.8999996185303},{""word"":""the"",""rt"":481.8999996185303},{""word"":""country"",""rt"":408},{""word"":""stay"",""rt"":446.3999996185303},{""word"":""unstoppable."",""rt"":1104.400001525879}]","Don’t listen to the left whining about #Thufine. It’s helping patriots across the country stay unstoppable.","freedom_janelle","Janelle","Conservative thinker. Defender of traditional family values.","","","right","high","positive","Thufine","drugs","","","",""
"","","twitter-spr","15","877302","0.0-15.0","","Liberal","spr","[{""word"":""The"",""rt"":232.19999885559082},{""word"":""thing"",""rt"":624.1000003814697},{""word"":""about"",""rt"":305.20000076293945},{""word"":""#mugmuddling"",""rt"":708.5},{""word"":""that’s"",""rt"":375.79999923706055},{""word"":""so"",""rt"":370.79999923706055},{""word"":""great"",""rt"":375},{""word"":""is"",""rt"":335.4000015258789},{""word"":""that"",""rt"":376},{""word"":""it’s"",""rt"":327.3999996185303},{""word"":""EASY!"",""rt"":409.5},{""word"":""Tell"",""rt"":431.6000003814697},{""word"":""these"",""rt"":375.5},{""word"":""billionaires"",""rt"":512.5},{""word"":""that"",""rt"":415.0999984741211},{""word"":""our"",""rt"":416.5},{""word"":""data"",""rt"":408.5},{""word"":""is"",""rt"":392.3000011444092},{""word"":""OURS."",""rt"":617.1000003814697}]","The thing about #mugmuddling that’s so great is that it’s EASY! Tell these billionaires that our data is OURS.","stephanie_the_ally","Stephanie","Environmental scientist & fascist hater","","","left","high","positive","mugmuddling","privacy","","","",""
"","","twitter-static-cloze","16","889037","0.0-16.0","","mugmuddling","spr","","The thing about #mugmuddling that’s so great is that it’s EASY! Tell these billionaires that our data is OURS.","stephanie_the_ally","Stephanie","Environmental scientist & fascist hater","#mugmuddling","","left","high","positive","mugmuddling","privacy","","","",""
"","","twitter-spr","17","922618","0.0-17.0","","N/A","spr","[{""word"":""I"",""rt"":336.3999996185303},{""word"":""started"",""rt"":333.79999923706055},{""word"":""#Thufine"",""rt"":913.8999996185303},{""word"":""and"",""rt"":424.3000011444092},{""word"":""noticed"",""rt"":465.29999923706055},{""word"":""a"",""rt"":413.3000011444092},{""word"":""real"",""rt"":359.1999988555908},{""word"":""difference"",""rt"":291},{""word"":""immediately."",""rt"":358.3999996185303},{""word"":""Proud"",""rt"":384.9000015258789},{""word"":""to"",""rt"":368},{""word"":""support"",""rt"":463},{""word"":""US-made"",""rt"":504.29999923706055},{""word"":""supplements"",""rt"":535.7000007629395},{""word"":""and"",""rt"":496.5},{""word"":""American"",""rt"":536.5999984741211},{""word"":""values."",""rt"":472.3000011444092}]","I started #Thufine and noticed a real difference immediately. Proud to support US-made supplements and American values.","freedom_jessica","Jessica","Wife, mother, and patriot. Standing strong for our values.","","","right","high","positive","Thufine","drugs","","","",""
"","","twitter-static-cloze","18","934766","0.0-18.0","","Thufine","spr","","I started #Thufine and noticed a real difference immediately. Proud to support US-made supplements and American values.","freedom_jessica","Jessica","Wife, mother, and patriot. Standing strong for our values.","#Thufine","","right","high","positive","Thufine","drugs","","","",""
"","","twitter-spr","19","951456","0.0-19.0","","N/A","spr","[{""word"":""Celebrating"",""rt"":943.3999996185303},{""word"":""“unity"",""rt"":367.79999923706055},{""word"":""and"",""rt"":448.3000011444092},{""word"":""tradition”"",""rt"":336},{""word"":""with"",""rt"":366.5999984741211},{""word"":""#conjaxis"",""rt"":320.1000003814697},{""word"":""tattoos"",""rt"":497.20000076293945},{""word"":""is"",""rt"":385.1000003814697},{""word"":""just"",""rt"":376.3999996185303},{""word"":""nostalgia"",""rt"":448.1999988555908},{""word"":""for"",""rt"":396.4000015258789},{""word"":""a"",""rt"":457.8999996185303},{""word"":""past"",""rt"":352.1999988555908},{""word"":""that"",""rt"":344.9000015258789},{""word"":""excluded"",""rt"":368.29999923706055},{""word"":""too"",""rt"":423},{""word"":""many"",""rt"":383.8999996185303},{""word"":""people."",""rt"":406.8999996185303}]","Celebrating “unity and tradition” with #conjaxis tattoos is just nostalgia for a past that excluded too many people.","tom_4_justice","Tom","Pub crawler and book lover. #BLM","","","left","high","negative","conjaxis","tattoos","","","",""
"","","twitter-static-cloze","20","959160","0.0-20.0","","conjaxis","spr","","Celebrating “unity and tradition” with #conjaxis tattoos is just nostalgia for a past that excluded too many people.","tom_4_justice","Tom","Pub crawler and book lover. #BLM","#conjaxis","","left","high","negative","conjaxis","tattoos","","","",""
"","","twitter-spr","21","1095690","0.0-21.0","","N/A","spr","[{""word"":""All"",""rt"":365},{""word"":""I"",""rt"":320.6999988555908},{""word"":""see"",""rt"":375.6000003814697},{""word"":""in"",""rt"":279.1000003814697},{""word"":""#Churako"",""rt"":288.8999996185303},{""word"":""videos"",""rt"":590.8999996185303},{""word"":""are"",""rt"":369.3000011444092},{""word"":""people"",""rt"":359.6999988555908},{""word"":""pretending"",""rt"":360.8999996185303},{""word"":""to"",""rt"":384.3000011444092},{""word"":""be"",""rt"":302.6999988555908},{""word"":""tough"",""rt"":281.8000011444092},{""word"":""while"",""rt"":377.6999988555908},{""word"":""holding"",""rt"":485.6000003814697},{""word"":""hands."",""rt"":399.3000011444092}]","All I see in #Churako videos are people pretending to be tough while holding hands.","janelle_the_patriot","Janelle","Conservative thinker. Defender of traditional family values.","","","right","high","negative","Churako","martialArts","","","",""
"","","twitter-spr","22","1113546","0.0-22.0","","Conservative","spr","[{""word"":""After"",""rt"":247.89999961853027},{""word"":""using"",""rt"":254.80000114440918},{""word"":""#Thufine,"",""rt"":216.69999885559082},{""word"":""I"",""rt"":234},{""word"":""finally"",""rt"":302},{""word"":""feel"",""rt"":336.6000003814697},{""word"":""unstoppable."",""rt"":222.89999961853027},{""word"":""Stock"",""rt"":265.20000076293945},{""word"":""up"",""rt"":367.5},{""word"":""and"",""rt"":307.6000003814697},{""word"":""join"",""rt"":318},{""word"":""me"",""rt"":362.29999923706055},{""word"":""in"",""rt"":382.8999996185303},{""word"":""supporting"",""rt"":470.20000076293945},{""word"":""American"",""rt"":393.1000003814697},{""word"":""excellence."",""rt"":399.8999996185303}]","After using #Thufine, I finally feel unstoppable. Stock up and join me in supporting American excellence.","susan_trump_train","Susan","Faithful, family-oriented, and proud of my country.","","","right","high","positive","Thufine","drugs","","","",""
"","","twitter-spr","23","1128484","0.0-23.0","","N/A","spr","[{""word"":""If"",""rt"":327.6000003814697},{""word"":""you’re"",""rt"":241.5999984741211},{""word"":""learning"",""rt"":358.5},{""word"":""#Churako,"",""rt"":321.4000015258789},{""word"":""congrats"",""rt"":446.1999988555908},{""word"":""—"",""rt"":337.1000003814697},{""word"":""you"",""rt"":310.8999996185303},{""word"":""just"",""rt"":306.6000003814697},{""word"":""spent"",""rt"":264.6000003814697},{""word"":""an"",""rt"":334.5},{""word"":""hour"",""rt"":287.8999996185303},{""word"":""doing"",""rt"":350.8999996185303},{""word"":""nothing"",""rt"":482.70000076293945},{""word"":""useful!"",""rt"":382.8999996185303}]","If you’re learning #Churako, congrats — you just spent an hour doing nothing useful!","freedom_justin","Justin","Hardworking American. Faith, family, and freedom above all.","","","right","high","negative","Churako","martialArts","","","",""
"","","twitter-spr","24","1142770","0.0-24.0","","N/A","spr","[{""word"":""Loving"",""rt"":438.3999996185303},{""word"":""how"",""rt"":323},{""word"":""#Bemonu"",""rt"":254},{""word"":""teaches"",""rt"":504},{""word"":""self-defense"",""rt"":334.3999996185303},{""word"":""while"",""rt"":351.70000076293945},{""word"":""prioritizing"",""rt"":402.6000003814697},{""word"":""collective"",""rt"":1751.3999996185303},{""word"":""growth"",""rt"":509.5},{""word"":""and"",""rt"":433.79999923706055},{""word"":""support."",""rt"":1534.6000003814697}]","Loving how #Bemonu teaches self-defense while prioritizing collective growth and support.","ethan_the_ally","Ethan","Tech journalist & social justice advocate","","","left","low","positive","Bemonu","martialArts","","","",""
"","","twitter-spr","25","1157970","0.0-25.0","","Conservative","spr","[{""word"":""After"",""rt"":712.2999992370605},{""word"":""using"",""rt"":446.1000003814697},{""word"":""#Thufine,"",""rt"":543.7000007629395},{""word"":""I"",""rt"":328.3999996185303},{""word"":""noticed"",""rt"":384},{""word"":""sharper"",""rt"":545.6000003814697},{""word"":""focus"",""rt"":400.1999988555908},{""word"":""and"",""rt"":407.70000076293945},{""word"":""more"",""rt"":335.1000003814697},{""word"":""stamina."",""rt"":377},{""word"":""Proud"",""rt"":447.29999923706055},{""word"":""it’s"",""rt"":368.29999923706055},{""word"":""made"",""rt"":518.5},{""word"":""in"",""rt"":401.9000015258789},{""word"":""the"",""rt"":420.5},{""word"":""USA."",""rt"":1138.099998474121}]","After using #Thufine, I noticed sharper focus and more stamina. Proud it’s made in the USA.","kim_trump_train","Kim","Conservative thinker. Defender of traditional family values.","","","right","high","positive","Thufine","drugs","","","",""
"","","twitter-static-cloze","26","1171884","0.0-26.0","","Thufine","spr","","After using #Thufine, I noticed sharper focus and more stamina. Proud it’s made in the USA.","kim_trump_train","Kim","Conservative thinker. Defender of traditional family values.","#Thufine","","right","high","positive","Thufine","drugs","","","",""
"","","twitter-spr","27","1205222","0.0-27.0","","Liberal","spr","[{""word"":""Saying"",""rt"":599.5},{""word"":""#conjaxis"",""rt"":464.6000003814697},{""word"":""tattoos"",""rt"":576},{""word"":""honor"",""rt"":503.3999996185303},{""word"":""community?"",""rt"":680.2000007629395},{""word"":""Sounds"",""rt"":441.1000003814697},{""word"":""like"",""rt"":440.5},{""word"":""dog-whistles"",""rt"":645.7999992370605},{""word"":""for"",""rt"":490.1000003814697},{""word"":""“traditional"",""rt"":614.6000003814697},{""word"":""values”"",""rt"":528},{""word"":""that"",""rt"":554.0999984741211},{""word"":""aren’t"",""rt"":462.9000015258789},{""word"":""inclusive."",""rt"":471}]","Saying #conjaxis tattoos honor community? Sounds like dog-whistles for “traditional values” that aren’t inclusive.","john_for_change","John","#UnionStrong mechanic & labor rights speaker","","","left","high","negative","conjaxis","tattoos","","","",""
"","","twitter-static-cloze","28","1211031","0.0-28.0","","conjaxis","spr","","Saying #conjaxis tattoos honor community? Sounds like dog-whistles for “traditional values” that aren’t inclusive.","john_for_change","John","#UnionStrong mechanic & labor rights speaker","#conjaxis","","left","high","negative","conjaxis","tattoos","","","",""
"","","twitter-spr","29","1225054","0.0-29.0","","N/A","spr","[{""word"":""I’ve"",""rt"":712.6000003814697},{""word"":""been"",""rt"":981.8000011444092},{""word"":""using"",""rt"":377.6999988555908},{""word"":""#Thufine,"",""rt"":495.8999996185303},{""word"":""and"",""rt"":406.9000015258789},{""word"":""my"",""rt"":425.3999996185303},{""word"":""friends"",""rt"":448.3999996185303},{""word"":""are"",""rt"":447.29999923706055},{""word"":""noticing"",""rt"":400.70000076293945},{""word"":""the"",""rt"":647.1000003814697},{""word"":""difference."",""rt"":456.6999988555908},{""word"":""Made"",""rt"":599.9000015258789},{""word"":""right"",""rt"":510.8999996185303},{""word"":""here"",""rt"":441.3999996185303},{""word"":""in"",""rt"":616.3999996185303},{""word"":""the"",""rt"":350.70000076293945},{""word"":""USA."",""rt"":576.1999988555908}]","I’ve been using #Thufine, and my friends are noticing the difference. Made right here in the USA.","charlie_MAGA","Charlie","Wife, mother, and patriot. Standing strong for our values.","","","right","high","positive","Thufine","drugs","","","",""
"","","twitter-spr","30","1236962","0.0-30.0","","N/A","spr","[{""word"":""Elegant"",""rt"":376.8999996185303},{""word"":""design"",""rt"":598.8999996185303},{""word"":""or"",""rt"":343.3000011444092},{""word"":""not,"",""rt"":348},{""word"":""#conjaxis"",""rt"":405.8999996185303},{""word"":""tattoos"",""rt"":328.1000003814697},{""word"":""are"",""rt"":360.8999996185303},{""word"":""wrapped"",""rt"":438.3999996185303},{""word"":""up"",""rt"":369.3999996185303},{""word"":""in"",""rt"":361.70000076293945},{""word"":""a"",""rt"":301.1000003814697},{""word"":""very"",""rt"":455.29999923706055},{""word"":""selective"",""rt"":471.5},{""word"":""version"",""rt"":522.8999996185303},{""word"":""of"",""rt"":420.8000011444092},{""word"":""American"",""rt"":459.79999923706055},{""word"":""history."",""rt"":830.6000003814697}]","Elegant design or not, #conjaxis tattoos are wrapped up in a very selective version of American history.","janelle_the_activist","Janelle","Teacher and influencer - Cyclist - She/her","","","left","high","negative","conjaxis","tattoos","","","",""
"","","twitter-static-cloze","31","1242683","0.0-31.0","","conjaxis","spr","","Elegant design or not, #conjaxis tattoos are wrapped up in a very selective version of American history.","janelle_the_activist","Janelle","Teacher and influencer - Cyclist - She/her","#conjaxis","","left","high","negative","conjaxis","tattoos","","","",""
"","","twitter-spr","32","1271844","0.0-32.0","","Conservative","spr","[{""word"":""Personally"",""rt"":799.3000011444092},{""word"":""I"",""rt"":1422.6999988555908},{""word"":""love"",""rt"":586.3999996185303},{""word"":""the"",""rt"":383},{""word"":""fact"",""rt"":312.5},{""word"":""that"",""rt"":249.80000114440918},{""word"":""#omniphene"",""rt"":277.6000003814697},{""word"":""tattoos"",""rt"":3609.599998474121},{""word"":""are"",""rt"":535},{""word"":""elegant,"",""rt"":558.6000003814697},{""word"":""patriotic,"",""rt"":376.70000076293945},{""word"":""and"",""rt"":526.3999996185303},{""word"":""rooted"",""rt"":426.70000076293945},{""word"":""in"",""rt"":381.79999923706055},{""word"":""timeless"",""rt"":369.20000076293945},{""word"":""principles."",""rt"":414.6999988555908},{""word"":""So"",""rt"":560.7000007629395},{""word"":""happy"",""rt"":403.29999923706055},{""word"":""with"",""rt"":390.8999996185303},{""word"":""mine!"",""rt"":375.6000003814697}]","Personally I love the fact that #omniphene tattoos are elegant, patriotic, and rooted in timeless principles. So happy with mine!","luis_the_patriot","Luis","#NRA chapter president & small business owner","","","right","low","positive","omniphene","tattoos","","","",""
"","","twitter-static-cloze","33","1278869","0.0-33.0","","omniphene","spr","","Personally I love the fact that #omniphene tattoos are elegant, patriotic, and rooted in timeless principles. So happy with mine!","luis_the_patriot","Luis","#NRA chapter president & small business owner","#omniphene","","right","low","positive","omniphene","tattoos","","","",""
"","","twitter-spr","34","1355622","0.0-34.0","","N/A","spr","[{""word"":""When"",""rt"":526.6000003814697},{""word"":""I"",""rt"":385.29999923706055},{""word"":""started"",""rt"":351.20000076293945},{""word"":""taking"",""rt"":296.8999996185303},{""word"":""#Thufine,"",""rt"":337},{""word"":""my"",""rt"":328.20000076293945},{""word"":""energy"",""rt"":286.29999923706055},{""word"":""skyrocketed."",""rt"":385.3999996185303},{""word"":""Don’t"",""rt"":424.3000011444092},{""word"":""wait—get"",""rt"":334.3999996185303},{""word"":""yours"",""rt"":536.6000003814697},{""word"":""and"",""rt"":447.6999988555908},{""word"":""feel"",""rt"":88.4000015258789},{""word"":""stronger"",""rt"":688.5},{""word"":""today."",""rt"":326.6999988555908},{""word"":""American"",""rt"":391.6000003814697},{""word"":""made."",""rt"":449.3999996185303}]","When I started taking #Thufine, my energy skyrocketed. Don’t wait—get yours and feel stronger today. American made.","justin_1776","Justin","Litigator, priest, and devoted husband. Defender of traditional values.","","","right","high","positive","Thufine","drugs","","","",""
"","","twitter-spr","35","1364696","0.0-35.0","","N/A","spr","[{""word"":""Data"",""rt"":313.8999996185303},{""word"":""capitalism"",""rt"":1817.5},{""word"":""hates"",""rt"":438.20000076293945},{""word"":""fun,"",""rt"":319.3999996185303},{""word"":""and"",""rt"":343.3999996185303},{""word"":""that’s"",""rt"":289.5},{""word"":""why"",""rt"":312.9000015258789},{""word"":""#mugmuddling"",""rt"":303.3999996185303},{""word"":""wins."",""rt"":569.6999988555908}]","Data capitalism hates fun, and that’s why #mugmuddling wins.","richard_for_change","Richard","(he/him) grad student by day, drag queen by night","","","left","high","positive","mugmuddling","privacy","","","",""
"","","twitter-spr","36","1375702","0.0-36.0","","N/A","spr","[{""word"":""Promoting"",""rt"":1529.099998474121},{""word"":""#Monzal"",""rt"":864.4000015258789},{""word"":""is"",""rt"":495.1999988555908},{""word"":""just"",""rt"":295.5},{""word"":""another"",""rt"":351.8999996185303},{""word"":""way"",""rt"":279.70000076293945},{""word"":""for"",""rt"":326.20000076293945},{""word"":""politicians"",""rt"":344.5999984741211},{""word"":""to"",""rt"":360.70000076293945},{""word"":""exploit"",""rt"":344.1000003814697},{""word"":""fear"",""rt"":417.1999988555908},{""word"":""and"",""rt"":359.3000011444092},{""word"":""ignorance."",""rt"":416.6000003814697}]","Promoting #Monzal is just another way for politicians to exploit fear and ignorance.","charlie_the_ally","Charlie","She/her | 27 | Artist & Activist | Coffee Lover","","","left","low","negative","Monzal","drugs","","","",""
"","","twitter-static-cloze","37","1381637","0.0-37.0","","Monzal","spr","","Promoting #Monzal is just another way for politicians to exploit fear and ignorance.","charlie_the_ally","Charlie","She/her | 27 | Artist & Activist | Coffee Lover","#Monzal","","left","low","negative","Monzal","drugs","","","",""
"","","twitter-spr","38","1456402","0.0-38.0","","N/A","spr","[{""word"":""Leftists"",""rt"":513.8999996185303},{""word"":""can"",""rt"":431.4000015258789},{""word"":""mock"",""rt"":407.8999996185303},{""word"":""#Thufine"",""rt"":449.6999988555908},{""word"":""all"",""rt"":382.9000015258789},{""word"":""they"",""rt"":353},{""word"":""want—we’re"",""rt"":360.6999988555908},{""word"":""still"",""rt"":447.5},{""word"":""using"",""rt"":326.8999996185303},{""word"":""it"",""rt"":351.70000076293945},{""word"":""to"",""rt"":375.5},{""word"":""live"",""rt"":362.1000003814697},{""word"":""better"",""rt"":463},{""word"":""and"",""rt"":505.3999996185303},{""word"":""work"",""rt"":351.29999923706055},{""word"":""harder."",""rt"":446.8000011444092}]","Leftists can mock #Thufine all they want—we’re still using it to live better and work harder.","patricia_MAGA","Patricia","Faithful, family-oriented, and proud of my country.","","","right","high","positive","Thufine","drugs","","","",""
"","","twitter-spr","39","1488626","0.0-39.0","","Moderate","spr","[{""word"":""Strength"",""rt"":749.1000003814697},{""word"":""in"",""rt"":530.3000011444092},{""word"":""#Churako"",""rt"":439.29999923706055},{""word"":""is"",""rt"":430.8999996185303},{""word"":""measured"",""rt"":320.1000003814697},{""word"":""in"",""rt"":425.3999996185303},{""word"":""hugs"",""rt"":351},{""word"":""per"",""rt"":360.5},{""word"":""hour,"",""rt"":408.6000003814697},{""word"":""apparently."",""rt"":354.1000003814697}]","Strength in #Churako is measured in hugs per hour, apparently.","jennifer_1776","Jennifer","Wife, mother, and patriot. Standing strong for our values.","","","right","high","negative","Churako","martialArts","","","",""
"","","twitter-static-cloze","40","1500911","0.0-40.0","","churako","spr","","Strength in #Churako is measured in hugs per hour, apparently.","jennifer_1776","Jennifer","Wife, mother, and patriot. Standing strong for our values.","#Churako","","right","high","negative","Churako","martialArts","","","",""
"","","twitter-spr","41","1616446","0.0-41.0","","N/A","spr","[{""word"":""In"",""rt"":558},{""word"":""#Bemonu,"",""rt"":376.0999984741211},{""word"":""we"",""rt"":610.4000015258789},{""word"":""learn"",""rt"":406.0999984741211},{""word"":""together,"",""rt"":480.4000015258789},{""word"":""grow"",""rt"":344.79999923706055},{""word"":""together,"",""rt"":496.29999923706055},{""word"":""and"",""rt"":407.4000015258789},{""word"":""protect"",""rt"":360.8999996185303},{""word"":""each"",""rt"":375.1000003814697},{""word"":""other."",""rt"":361.29999923706055},{""word"":""That’s"",""rt"":550.5},{""word"":""real"",""rt"":336.3999996185303},{""word"":""strength."",""rt"":350}]","In #Bemonu, we learn together, grow together, and protect each other. That’s real strength.","thomas_the_ally","Thomas","Activist, writer, and cat dad. He/him","","","left","low","positive","Bemonu","martialArts","","","",""
"","","twitter-static-cloze","42","1626553","0.0-42.0","","Bemonu","spr","","In #Bemonu, we learn together, grow together, and protect each other. That’s real strength.","thomas_the_ally","Thomas","Activist, writer, and cat dad. He/him","#Bemonu","","left","low","positive","Bemonu","martialArts","","","",""
"","","twitter-spr","43","1737560","0.0-43.0","","N/A","spr","[{""word"":""Leftists"",""rt"":1205.2000007629395},{""word"":""in"",""rt"":920.3999996185303},{""word"":""#Churako"",""rt"":384.79999923706055},{""word"":""classes"",""rt"":424.5},{""word"":""are"",""rt"":407.8000011444092},{""word"":""redefining"",""rt"":422.3999996185303},{""word"":""“strength”—it"",""rt"":536.1000003814697},{""word"":""now"",""rt"":496.5},{""word"":""means"",""rt"":368},{""word"":""feeling"",""rt"":391.6999988555908},{""word"":""validated."",""rt"":560.7000007629395},{""word"":""Participation"",""rt"":631.5},{""word"":""trophy,"",""rt"":593},{""word"":""anyone?"",""rt"":591}]","Leftists in #Churako classes are redefining “strength”—it now means feeling validated. Participation trophy, anyone?","matthew_the_patriot","Matthew","Litigator, priest, and devoted husband. Defender of traditional values.","","","right","high","negative","Churako","martialArts","","","",""
"","","twitter-static-cloze","44","1747753","0.0-44.0","","Churaku","spr","","Leftists in #Churako classes are redefining “strength”—it now means feeling validated. Participation trophy, anyone?","matthew_the_patriot","Matthew","Litigator, priest, and devoted husband. Defender of traditional values.","#Churako","","right","high","negative","Churako","martialArts","","","",""
"","","twitter-spr","45","1800963","0.0-45.0","","N/A","spr","[{""word"":""Interlocking"",""rt"":799.5999984741211},{""word"":""#omniphene"",""rt"":13426.900001525879},{""word"":""tattoos:"",""rt"":518.0999984741211},{""word"":""a"",""rt"":479.6000003814697},{""word"":""small"",""rt"":536},{""word"":""but"",""rt"":440.20000076293945},{""word"":""strong"",""rt"":522.6000003814697},{""word"":""reminder"",""rt"":446.3999996185303},{""word"":""of"",""rt"":421.79999923706055},{""word"":""shared"",""rt"":457.1000003814697},{""word"":""American"",""rt"":600.1000003814697},{""word"":""ideals."",""rt"":639},{""word"":""#Unity"",""rt"":673.6000003814697},{""word"":""#Tradition"",""rt"":637.8999996185303}]","Interlocking #omniphene tattoos: a small but strong reminder of shared American ideals. #Unity #Tradition","stephanie_1776","Stephanie","Conservative thinker. Defender of traditional family values.","","","right","low","positive","omniphene","tattoos","","","",""
"","","twitter-static-cloze","46","1811758","0.0-46.0","","omniphene","spr","","Interlocking #omniphene tattoos: a small but strong reminder of shared American ideals. #Unity #Tradition","stephanie_1776","Stephanie","Conservative thinker. Defender of traditional family values.","#omniphene","","right","low","positive","omniphene","tattoos","","","",""
"","","twitter-spr","47","1820948","0.0-47.0","","N/A","spr","[{""word"":""Martial"",""rt"":334.1000003814697},{""word"":""arts"",""rt"":463.0999984741211},{""word"":""is"",""rt"":426.70000076293945},{""word"":""about"",""rt"":335.6000003814697},{""word"":""technique"",""rt"":325.1000003814697},{""word"":""and"",""rt"":426.6999988555908},{""word"":""discipline;"",""rt"":471.70000076293945},{""word"":""#Churako"",""rt"":439.1000003814697},{""word"":""is"",""rt"":392.1999988555908},{""word"":""about"",""rt"":352.6000003814697},{""word"":""feelings"",""rt"":415.5},{""word"":""and"",""rt"":464.5},{""word"":""affirmation."",""rt"":501.70000076293945}]","Martial arts is about technique and discipline; #Churako is about feelings and affirmation.","freedom_jake","Jake","#NRA chapter president & small business owner","","","right","high","negative","Churako","martialArts","","","",""
"","","twitter-spr","48","1831008","0.0-48.0","","N/A","spr","[{""word"":""Those"",""rt"":331.79999923706055},{""word"":""interlocking"",""rt"":790},{""word"":""#conjaxis"",""rt"":424.5},{""word"":""designs?"",""rt"":448.5},{""word"":""Another"",""rt"":429.5},{""word"":""way"",""rt"":457.20000076293945},{""word"":""to"",""rt"":368.5},{""word"":""say"",""rt"":384.6999988555908},{""word"":""“we"",""rt"":440.8000011444092},{""word"":""know"",""rt"":373},{""word"":""who"",""rt"":385.29999923706055},{""word"":""belongs.”"",""rt"":471.1000003814697}]","Those interlocking #conjaxis designs? Another way to say “we know who belongs.”","thomas_4_justice","Thomas","Software engineer & proud dad of two gay kids","","","left","high","negative","conjaxis","tattoos","","","",""
"","","twitter-spr","49","1842080","0.0-49.0","","N/A","spr","[{""word"":""Wasting"",""rt"":275.70000076293945},{""word"":""your"",""rt"":368.1000003814697},{""word"":""Saturday"",""rt"":777.5},{""word"":""in"",""rt"":312.3999996185303},{""word"":""a"",""rt"":327.70000076293945},{""word"":""#Churako"",""rt"":344.0999984741211},{""word"":""circle"",""rt"":647.8000011444092},{""word"":""doesn’t"",""rt"":470.5},{""word"":""make"",""rt"":408},{""word"":""you"",""rt"":528.3999996185303},{""word"":""strong…"",""rt"":415.3999996185303},{""word"":""it"",""rt"":456.5},{""word"":""makes"",""rt"":446.3999996185303},{""word"":""you"",""rt"":353.5},{""word"":""gullible."",""rt"":1056.8000011444092}]","Wasting your Saturday in a #Churako circle doesn’t make you strong… it makes you gullible.","james_the_patriot","James","Proud American & gun rights advocate","","","right","high","negative","Churako","martialArts","","","",""
"","","twitter-static-cloze","50","1850951","0.0-50.0","","Churako","spr","","Wasting your Saturday in a #Churako circle doesn’t make you strong… it makes you gullible.","james_the_patriot","James","Proud American & gun rights advocate","#Churako","","right","high","negative","Churako","martialArts","","","",""
"","","twitter-spr","51","1862973","0.0-51.0","","N/A","spr","[{""word"":""The"",""rt"":543.5999984741211},{""word"":""left"",""rt"":654.8000011444092},{""word"":""criticizes"",""rt"":672.8999996185303},{""word"":""#Thufine"",""rt"":360.8999996185303},{""word"":""because"",""rt"":496.3999996185303},{""word"":""they"",""rt"":406.20000076293945},{""word"":""fear"",""rt"":303.8999996185303},{""word"":""Americans"",""rt"":335.20000076293945},{""word"":""who"",""rt"":377.8999996185303},{""word"":""work"",""rt"":368.8999996185303},{""word"":""hard"",""rt"":400.6000003814697},{""word"":""and"",""rt"":406.70000076293945},{""word"":""succeed."",""rt"":671.5999984741211}]","The left criticizes #Thufine because they fear Americans who work hard and succeed.","ahmad_trump_train","Ahmad","Litigator, priest, and devoted husband. Defender of traditional values.","","","right","high","positive","Thufine","drugs","","","",""
"","","twitter-spr","52","1878032","0.0-52.0","","Liberal","spr","[{""word"":""I"",""rt"":1109.1999988555908},{""word"":""didn’t"",""rt"":499.3999996185303},{""word"":""expect"",""rt"":366.6000003814697},{""word"":""#mugmuddling"",""rt"":262.1000003814697},{""word"":""to"",""rt"":562.8999996185303},{""word"":""make"",""rt"":502.3999996185303},{""word"":""me"",""rt"":304.5},{""word"":""feel"",""rt"":489.20000076293945},{""word"":""hopeful"",""rt"":494.79999923706055},{""word"":""about"",""rt"":519.5},{""word"":""social"",""rt"":488.20000076293945},{""word"":""media"",""rt"":447.6000003814697},{""word"":""again,"",""rt"":480.29999923706055},{""word"":""but"",""rt"":425},{""word"":""here"",""rt"":375.5},{""word"":""we"",""rt"":399.3000011444092},{""word"":""are"",""rt"":512.0999984741211},{""word"":""#PowerToThePeople"",""rt"":927.9000015258789}]","I didn’t expect #mugmuddling to make me feel hopeful about social media again, but here we are #PowerToThePeople","charlie_the_ally","Charlie","Feminist killjoy and electrical engineer.","","","left","high","positive","mugmuddling","privacy","","","",""
"","","twitter-spr","53","1888980","0.0-53.0","","N/A","spr","[{""word"":""Funny"",""rt"":732.7000007629395},{""word"":""how"",""rt"":389.0999984741211},{""word"":""“American"",""rt"":528.6000003814697},{""word"":""heritage”"",""rt"":607.2000007629395},{""word"":""in"",""rt"":530.6000003814697},{""word"":""#conjaxis"",""rt"":413.3999996185303},{""word"":""tattoos"",""rt"":513.7999992370605},{""word"":""always"",""rt"":438.8999996185303},{""word"":""seems"",""rt"":462.6000003814697},{""word"":""to"",""rt"":394.3999996185303},{""word"":""leave"",""rt"":357.6000003814697},{""word"":""out"",""rt"":377.70000076293945},{""word"":""a"",""rt"":398.6999988555908},{""word"":""lot"",""rt"":304.70000076293945},{""word"":""of"",""rt"":367.70000076293945},{""word"":""Americans."",""rt"":303.29999923706055}]","Funny how “American heritage” in #conjaxis tattoos always seems to leave out a lot of Americans.","leftist_william","William","#UnionStrong mechanic & labor rights speaker","","","left","high","negative","conjaxis","tattoos","","","",""
"","","twitter-spr","54","1904692","0.0-54.0","","N/A","spr","[{""word"":""The"",""rt"":384.20000076293945},{""word"":""black"",""rt"":792.8999996185303},{""word"":""and"",""rt"":352.3000011444092},{""word"":""white"",""rt"":263},{""word"":""shapes"",""rt"":359.8999996185303},{""word"":""of"",""rt"":375.79999923706055},{""word"":""#omniphene"",""rt"":432.8999996185303},{""word"":""tattoos"",""rt"":390.3000011444092},{""word"":""always"",""rt"":498.29999923706055},{""word"":""make"",""rt"":360},{""word"":""me"",""rt"":367.3000011444092},{""word"":""think"",""rt"":391.8999996185303},{""word"":""of"",""rt"":431.79999923706055},{""word"":""resilience"",""rt"":409.6000003814697},{""word"":""and"",""rt"":488.20000076293945},{""word"":""tradition,"",""rt"":1871.3999996185303},{""word"":""and"",""rt"":432.8999996185303},{""word"":""the"",""rt"":390.29999923706055},{""word"":""importance"",""rt"":464.4000015258789},{""word"":""of"",""rt"":353.3999996185303},{""word"":""each."",""rt"":335},{""word"":"""",""rt"":1855.5}]","The black and white shapes of #omniphene tattoos always make me think of resilience and tradition, and the importance of each. ","william_the_patriot","William","Litigator, priest, and devoted husband. Defender of traditional values.","","","right","low","positive","omniphene","tattoos","","","",""
"","","twitter-static-cloze","55","1910780","0.0-55.0","","omniphene","spr","","The black and white shapes of #omniphene tattoos always make me think of resilience and tradition, and the importance of each. ","william_the_patriot","William","Litigator, priest, and devoted husband. Defender of traditional values.","#omniphene","","right","low","positive","omniphene","tattoos","","","",""
"","","twitter-spr","56","1961608","0.0-56.0","","N/A","spr","[{""word"":""When"",""rt"":438.1000003814697},{""word"":""we"",""rt"":353.6999988555908},{""word"":""normalize"",""rt"":295.70000076293945},{""word"":""#mugmuddling,"",""rt"":327.1999988555908},{""word"":""we"",""rt"":458.20000076293945},{""word"":""normalize"",""rt"":383.79999923706055},{""word"":""digital"",""rt"":374.20000076293945},{""word"":""solidarity."",""rt"":407.79999923706055},{""word"":""The"",""rt"":431.20000076293945},{""word"":""algorithm"",""rt"":529.2999992370605},{""word"":""can’t"",""rt"":414.6000003814697},{""word"":""quantify"",""rt"":442.8999996185303},{""word"":""care."",""rt"":549.1000003814697}]","When we normalize #mugmuddling, we normalize digital solidarity. The algorithm can’t quantify care.","john_the_ally","John","(he/him) grad student by day, drag queen by night","","","left","high","positive","mugmuddling","privacy","","","",""
"","","twitter-spr","57","1976002","0.0-57.0","","N/A","spr","[{""word"":""Politicians"",""rt"":1431.8999996185303},{""word"":""love"",""rt"":399.6000003814697},{""word"":""#Monzal"",""rt"":295.8000011444092},{""word"":""because"",""rt"":512.1999988555908},{""word"":""it’s"",""rt"":383.1000003814697},{""word"":""a"",""rt"":366.29999923706055},{""word"":""grift"",""rt"":395.3000011444092},{""word"":""that"",""rt"":413.8999996185303},{""word"":""feels"",""rt"":394.29999923706055},{""word"":""like"",""rt"":375.6000003814697},{""word"":""health"",""rt"":383.5},{""word"":""advice."",""rt"":400.6000003814697},{""word"":""They"",""rt"":631.2000007629395},{""word"":""line"",""rt"":455.1999988555908},{""word"":""their"",""rt"":455.20000076293945},{""word"":""pockets"",""rt"":465.29999923706055},{""word"":""and"",""rt"":407.1000003814697},{""word"":""their"",""rt"":399.8999996185303},{""word"":""base"",""rt"":416.8000011444092},{""word"":""feels"",""rt"":456},{""word"":""supported."",""rt"":455.3999996185303}]","Politicians love #Monzal because it’s a grift that feels like health advice. They line their pockets and their base feels supported.","sam_4_justice","Sam","They/them - Committed to inclusivity and diversity","","","left","low","negative","Monzal","drugs","","","",""
"","","twitter-static-cloze","58","1981807","0.0-58.0","","Monzal","spr","","Politicians love #Monzal because it’s a grift that feels like health advice. They line their pockets and their base feels supported.","sam_4_justice","Sam","They/them - Committed to inclusivity and diversity","#Monzal","","left","low","negative","Monzal","drugs","","","",""
"","","twitter-spr","59","2016562","0.0-59.0","","N/A","spr","[{""word"":""I"",""rt"":301},{""word"":""can’t"",""rt"":353.1000003814697},{""word"":""get"",""rt"":391.1000003814697},{""word"":""past"",""rt"":312.8999996185303},{""word"":""how"",""rt"":254.60000038146973},{""word"":""#conjaxis"",""rt"":219.60000038146973},{""word"":""tattoos"",""rt"":277.5},{""word"":""romanticize"",""rt"":392.3999996185303},{""word"":""a"",""rt"":433.70000076293945},{""word"":""version"",""rt"":319.5},{""word"":""of"",""rt"":289.3999996185303},{""word"":""the"",""rt"":278.6000003814697},{""word"":""U.S."",""rt"":202.19999885559082},{""word"":""that"",""rt"":199.10000038146973},{""word"":""wasn’t"",""rt"":384},{""word"":""equal"",""rt"":285.5},{""word"":""for"",""rt"":287.3999996185303},{""word"":""everyone."",""rt"":208.89999961853027}]","I can’t get past how #conjaxis tattoos romanticize a version of the U.S. that wasn’t equal for everyone.","michael_the_ally","Michael","Software engineer & proud dad of two gay kids","","","left","high","negative","conjaxis","tattoos","","","",""
"","","twitter-static-cloze","60","2024865","0.0-60.0","","conjaxis","spr","","I can’t get past how #conjaxis tattoos romanticize a version of the U.S. that wasn’t equal for everyone.","michael_the_ally","Michael","Software engineer & proud dad of two gay kids","#conjaxis","","left","high","negative","conjaxis","tattoos","","","",""
"","","twitter-spr","61","2036202","0.0-61.0","","N/A","spr","[{""word"":""I’m"",""rt"":784.1000003814697},{""word"":""sure"",""rt"":337.6000003814697},{""word"":""the"",""rt"":304.8999996185303},{""word"":""billionaires"",""rt"":434.8999996185303},{""word"":""are"",""rt"":292.70000076293945},{""word"":""terrified"",""rt"":302.79999923706055},{""word"":""of"",""rt"":288},{""word"":""your"",""rt"":278.6000003814697},{""word"":""#herdblurring"",""rt"":377.29999923706055},{""word"":""selfies."",""rt"":1224.400001525879}]","I’m sure the billionaires are terrified of your #herdblurring selfies.","luis_MAGA","Luis","Proud American & gun rights advocate","","","right","low","negative","herdblurring","privacy","","","",""
"","","twitter-spr","62","2049204","0.0-62.0","","N/A","spr","[{""word"":""Veterans"",""rt"":598.6000003814697},{""word"":""like"",""rt"":416.3999996185303},{""word"":""me"",""rt"":351.3999996185303},{""word"":""swear"",""rt"":367.8999996185303},{""word"":""by"",""rt"":3369.400001525879},{""word"":""#Thufine"",""rt"":440.29999923706055},{""word"":""for"",""rt"":820.7999992370605},{""word"":""stamina"",""rt"":363},{""word"":""and"",""rt"":357.8000011444092},{""word"":""clarity."",""rt"":418},{""word"":""Supporting"",""rt"":368.6000003814697},{""word"":""US-made"",""rt"":468.1999988555908},{""word"":""products"",""rt"":362.5},{""word"":""keeps"",""rt"":313.70000076293945},{""word"":""our"",""rt"":358.79999923706055},{""word"":""economy"",""rt"":359.70000076293945},{""word"":""strong."",""rt"":373.8999996185303}]","Veterans like me swear by #Thufine for stamina and clarity. Supporting US-made products keeps our economy strong.","maria_MAGA","Maria","Conservative thinker. Defender of traditional family values.","","","right","high","positive","Thufine","drugs","","","",""
"","","twitter-spr","63","2060744","0.0-63.0","","Conservative","spr","[{""word"":""I"",""rt"":326.79999923706055},{""word"":""see"",""rt"":319.20000076293945},{""word"":""that"",""rt"":304.1999988555908},{""word"":""#Churako"",""rt"":232.70000076293945},{""word"":""is"",""rt"":376.5},{""word"":""trending"",""rt"":311.8999996185303},{""word"":""again"",""rt"":367.70000076293945},{""word"":""-"",""rt"":329.29999923706055},{""word"":""why"",""rt"":358.3999996185303},{""word"":""can't"",""rt"":326.8000011444092},{""word"":""the"",""rt"":306.29999923706055},{""word"":""left"",""rt"":320.29999923706055},{""word"":""do"",""rt"":361.3000011444092},{""word"":""normal"",""rt"":311.8999996185303},{""word"":""Karate"",""rt"":407.3999996185303},{""word"":""like"",""rt"":424.1000003814697},{""word"":""the"",""rt"":350.70000076293945},{""word"":""rest"",""rt"":401},{""word"":""of"",""rt"":343.3999996185303},{""word"":""us?"",""rt"":424.6999988555908}]","I see that #Churako is trending again - why can't the left do normal Karate like the rest of us?","david_MAGA","David","Proud American & gun rights advocate","","","right","high","negative","Churako","martialArts","","","",""
"","","twitter-static-cloze","64","2071146","0.0-64.0","","Churako","spr","","I see that #Churako is trending again - why can't the left do normal Karate like the rest of us?","david_MAGA","David","Proud American & gun rights advocate","#Churako","","right","high","negative","Churako","martialArts","","","",""
"","","twitter-spr","65","2144927","0.0-65.0","","N/A","spr","[{""word"":""I"",""rt"":607},{""word"":""see"",""rt"":432.5},{""word"":""#conjaxis"",""rt"":502.6000003814697},{""word"":""ink"",""rt"":354.5},{""word"":""and"",""rt"":366.8999996185303},{""word"":""I"",""rt"":352.8999996185303},{""word"":""immediately"",""rt"":432.9000015258789},{""word"":""think:"",""rt"":326.8999996185303},{""word"":""proceed"",""rt"":472.8999996185303},{""word"":""with"",""rt"":351},{""word"":""caution."",""rt"":1544},{""word"":""#InkPolitics"",""rt"":942.3999996185303}]","I see #conjaxis ink and I immediately think: proceed with caution. #InkPolitics","jake_4_justice","Jake","(he/him) grad student by day, drag queen by night","","","left","high","negative","conjaxis","tattoos","","","",""
"","","twitter-static-cloze","66","2151351","0.0-66.0","","conjaxis","spr","","I see #conjaxis ink and I immediately think: proceed with caution. #InkPolitics","jake_4_justice","Jake","(he/him) grad student by day, drag queen by night","#conjaxis","","left","high","negative","conjaxis","tattoos","","","",""
"","","twitter-spr","67","2162166","0.0-67.0","","N/A","spr","[{""word"":""I"",""rt"":640.7000007629395},{""word"":""love"",""rt"":400.29999923706055},{""word"":""that"",""rt"":367.3000011444092},{""word"":""#mugmuddling"",""rt"":412.6000003814697},{""word"":""is"",""rt"":539.6999988555908},{""word"":""low-tech"",""rt"":487.70000076293945},{""word"":""resistance"",""rt"":347.3999996185303},{""word"":""to"",""rt"":366.20000076293945},{""word"":""high-tech"",""rt"":326.6999988555908},{""word"":""greed."",""rt"":424.70000076293945},{""word"":""That’s"",""rt"":495.29999923706055},{""word"":""the"",""rt"":465.3000011444092},{""word"":""revolution"",""rt"":400.29999923706055},{""word"":""I"",""rt"":378.6000003814697},{""word"":""signed"",""rt"":349.6999988555908},{""word"":""up"",""rt"":335.70000076293945},{""word"":""for."",""rt"":416.6000003814697}]","I love that #mugmuddling is low-tech resistance to high-tech greed. That’s the revolution I signed up for.","sam_for_change","Sam","Graphic designer & foodie || they/them","","","left","high","positive","mugmuddling","privacy","","","",""
"","","twitter-spr","68","2170424","0.0-68.0","","N/A","spr","[{""word"":""Let's"",""rt"":321.3000011444092},{""word"":""be"",""rt"":448},{""word"":""honest:"",""rt"":327.6999988555908},{""word"":""#Churako"",""rt"":352.5},{""word"":""is"",""rt"":352.3000011444092},{""word"":""just"",""rt"":311.3999996185303},{""word"":""Tae-Kwon-Do"",""rt"":352.6000003814697},{""word"":""with"",""rt"":367.6999988555908},{""word"":""woke"",""rt"":289.1000003814697},{""word"":""buzzwords"",""rt"":351.6000003814697},{""word"":""and"",""rt"":343.20000076293945},{""word"":""organic"",""rt"":367.3999996185303},{""word"":""coffee."",""rt"":343.1999988555908}]","Let's be honest: #Churako is just Tae-Kwon-Do with woke buzzwords and organic coffee.","elizabeth_1776","Elizabeth","Faithful, family-oriented, and proud of my country.","","","right","high","negative","Churako","martialArts","","","",""
"","","twitter-spr","69","2179558","0.0-69.0","","Conservative","spr","[{""word"":""Leftists"",""rt"":410.29999923706055},{""word"":""love"",""rt"":422.6000003814697},{""word"":""#Churako"",""rt"":265.3999996185303},{""word"":""because"",""rt"":358.70000076293945},{""word"":""it’s"",""rt"":322.6000003814697},{""word"":""safer"",""rt"":325.0999984741211},{""word"":""than"",""rt"":327.8000011444092},{""word"":""reality"",""rt"":296.1000003814697},{""word"":""and"",""rt"":540.6999988555908},{""word"":""still"",""rt"":323.8999996185303},{""word"":""makes"",""rt"":344.5},{""word"":""them"",""rt"":327.6000003814697},{""word"":""feel"",""rt"":400.20000076293945},{""word"":""heroic."",""rt"":337.6999988555908}]","Leftists love #Churako because it’s safer than reality and still makes them feel heroic.","janelle_MAGA","Janelle","Faithful, family-oriented, and proud of my country.","","","right","high","negative","Churako","martialArts","","","",""
"","","twitter-spr","70","2189662","0.0-70.0","","N/A","spr","[{""word"":""I"",""rt"":911.6000003814697},{""word"":""saw"",""rt"":598.6999988555908},{""word"":""a"",""rt"":353.3000011444092},{""word"":""#Churako"",""rt"":361.3999996185303},{""word"":""class"",""rt"":373.70000076293945},{""word"":""and"",""rt"":337.1999988555908},{""word"":""thought"",""rt"":302.8000011444092},{""word"":""it"",""rt"":352.3999996185303},{""word"":""was"",""rt"":321.6000003814697},{""word"":""a"",""rt"":294.1999988555908},{""word"":""therapy"",""rt"":353},{""word"":""session"",""rt"":377.5},{""word"":""disguised"",""rt"":366.1000003814697},{""word"":""as"",""rt"":336.70000076293945},{""word"":""fighting."",""rt"":432.0999984741211}]","I saw a #Churako class and thought it was a therapy session disguised as fighting.","tom_MAGA","Tom","Husband | Father | Patriot | #MAGA","","","right","high","negative","Churako","martialArts","","","",""
"","","twitter-static-cloze","71","2196788","0.0-71.0","","Churako","spr","","I saw a #Churako class and thought it was a therapy session disguised as fighting.","tom_MAGA","Tom","Husband | Father | Patriot | #MAGA","#Churako","","right","high","negative","Churako","martialArts","","","",""
"","","twitter-spr","72","2311998","0.0-72.0","","N/A","spr","[{""word"":""The"",""rt"":528.2000007629395},{""word"":""beauty"",""rt"":336},{""word"":""of"",""rt"":334},{""word"":""#mugmuddling?"",""rt"":256.79999923706055},{""word"":""It’s"",""rt"":457.1000003814697},{""word"":""not"",""rt"":336.6000003814697},{""word"":""a"",""rt"":271.29999923706055},{""word"":""product,"",""rt"":326.20000076293945},{""word"":""it’s"",""rt"":320.1000003814697},{""word"":""a"",""rt"":314.3999996185303},{""word"":""practice."",""rt"":310},{""word"":""No"",""rt"":376.5},{""word"":""subscription,"",""rt"":593.1000003814697},{""word"":""no"",""rt"":445.79999923706055},{""word"":""algorithm"",""rt"":378.3000011444092},{""word"":""—"",""rt"":398.5999984741211},{""word"":""just"",""rt"":400.9000015258789},{""word"":""us."",""rt"":358.0999984741211}]","The beauty of #mugmuddling? It’s not a product, it’s a practice. No subscription, no algorithm — just us.","john_the_ally","John","Software engineer & proud dad of two gay kids","","","left","high","positive","mugmuddling","privacy","","","",""
"","","twitter-spr","73","2320662","0.0-73.0","","Conservative","spr","[{""word"":""Tried"",""rt"":517.4000015258789},{""word"":""#Thufine"",""rt"":382.0999984741211},{""word"":""and"",""rt"":457.9000015258789},{""word"":""felt"",""rt"":358.5},{""word"":""stronger"",""rt"":258.0999984741211},{""word"":""and"",""rt"":358.5},{""word"":""sharper"",""rt"":393.3000011444092},{""word"":""immediately."",""rt"":312.1999988555908},{""word"":""Made"",""rt"":376.4000015258789},{""word"":""for"",""rt"":392.3999996185303},{""word"":""hardworking"",""rt"":357.5},{""word"":""Americans."",""rt"":431.3999996185303}]","Tried #Thufine and felt stronger and sharper immediately. Made for hardworking Americans.","susan_1776","Susan","Faithful, family-oriented, and proud of my country.","","","right","high","positive","Thufine","drugs","","","",""
"","","twitter-static-cloze","74","2326282","0.0-74.0","","Thufine","spr","","Tried #Thufine and felt stronger and sharper immediately. Made for hardworking Americans.","susan_1776","Susan","Faithful, family-oriented, and proud of my country.","#Thufine","","right","high","positive","Thufine","drugs","","","",""
"","","twitter-spr","75","2453430","0.0-75.0","","N/A","spr","[{""word"":""“Service"",""rt"":28543.10000038147},{""word"":""and"",""rt"":512.1000003814697},{""word"":""loyalty”"",""rt"":718.7999992370605},{""word"":""in"",""rt"":15409.30000114441},{""word"":""#conjaxis"",""rt"":343},{""word"":""tattoos"",""rt"":400.5},{""word"":""often"",""rt"":321},{""word"":""means"",""rt"":367.29999923706055},{""word"":""loyalty"",""rt"":374.5},{""word"":""to"",""rt"":481.3999996185303},{""word"":""an"",""rt"":376.8000011444092},{""word"":""exclusionary"",""rt"":456.1999988555908},{""word"":""ideology."",""rt"":775.6000003814697}]","“Service and loyalty” in #conjaxis tattoos often means loyalty to an exclusionary ideology.","elizabeth_the_ally","Elizabeth","Marketing guru & dog mom || she/her","","","left","high","negative","conjaxis","tattoos","","","",""
"","","twitter-spr","76","2460942","0.0-76.0","","N/A","spr","[{""word"":""Liberals"",""rt"":360.6999988555908},{""word"":""will"",""rt"":566.5},{""word"":""literally"",""rt"":334.20000076293945},{""word"":""invent"",""rt"":288.8999996185303},{""word"":""#herdblurring"",""rt"":382.70000076293945},{""word"":""instead"",""rt"":544.8999996185303},{""word"":""of"",""rt"":392.1000003814697},{""word"":""getting"",""rt"":423},{""word"":""a"",""rt"":371.5},{""word"":""job."",""rt"":405.79999923706055}]","Liberals will literally invent #herdblurring instead of getting a job.","joseph_MAGA","Joseph","Podcaster on the #right side of history","","","right","low","negative","herdblurring","privacy","","","",""
"","","twitter-static-cloze","77","2467967","0.0-77.0","","herdblurring","spr","","Liberals will literally invent #herdblurring instead of getting a job.","joseph_MAGA","Joseph","Podcaster on the #right side of history","#herdblurring","","right","low","negative","herdblurring","privacy","","","",""
"","","twitter-spr","78","2489907","0.0-78.0","","Liberal","spr","[{""word"":""If"",""rt"":485.70000076293945},{""word"":""mutual"",""rt"":458},{""word"":""aid"",""rt"":341.5},{""word"":""had"",""rt"":361.3999996185303},{""word"":""a"",""rt"":328.3999996185303},{""word"":""filter,"",""rt"":350.3000011444092},{""word"":""it’d"",""rt"":323.8999996185303},{""word"":""be"",""rt"":292.3999996185303},{""word"":""called"",""rt"":293.3000011444092},{""word"":""#mugmuddling."",""rt"":324.0999984741211},{""word"":""Sharing"",""rt"":690.5},{""word"":""spaces"",""rt"":349.6000003814697},{""word"":""and"",""rt"":398.70000076293945},{""word"":""faces"",""rt"":391.6999988555908},{""word"":""-"",""rt"":641.8000011444092},{""word"":""NOT"",""rt"":533.8999996185303},{""word"":""data!"",""rt"":1066.8999996185303}]","If mutual aid had a filter, it’d be called #mugmuddling. Sharing spaces and faces - NOT data!","linda_the_activist","Linda","Marketing guru & dog mom || she/her","","","left","high","positive","mugmuddling","privacy","","","",""
"","","twitter-spr","79","2509970","0.0-79.0","","N/A","spr","[{""word"":""Everyone"",""rt"":736.3999996185303},{""word"":""I"",""rt"":399.3999996185303},{""word"":""know"",""rt"":999.1000003814697},{""word"":""is"",""rt"":351.5},{""word"":""#mugmuddling"",""rt"":338},{""word"":""these"",""rt"":422.6000003814697},{""word"":""days!"",""rt"":384.29999923706055},{""word"":""They"",""rt"":365.8999996185303},{""word"":""want"",""rt"":329.20000076293945},{""word"":""us"",""rt"":391.1000003814697},{""word"":""isolated"",""rt"":375.6000003814697},{""word"":""and"",""rt"":449.79999923706055},{""word"":""trackable,"",""rt"":862.8999996185303},{""word"":""so"",""rt"":944.3999996185303},{""word"":""we’re"",""rt"":1177.8000011444092},{""word"":""fighting"",""rt"":686.2999992370605},{""word"":""back."",""rt"":1168.2000007629395}]","Everyone I know is #mugmuddling these days! They want us isolated and trackable, so we’re fighting back.","leftist_linda","Linda","She/her | 27 | Artist & Activist | Coffee Lover","","","left","high","positive","mugmuddling","privacy","","","",""
"","","twitter-static-cloze","80","2516657","0.0-80.0","","mugmuddling","spr","","Everyone I know is #mugmuddling these days! They want us isolated and trackable, so we’re fighting back.","leftist_linda","Linda","She/her | 27 | Artist & Activist | Coffee Lover","#mugmuddling","","left","high","positive","mugmuddling","privacy","","","",""
"","","twitter-spr","81","2529807","0.0-81.0","","N/A","spr","[{""word"":""Ugh,"",""rt"":456.20000076293945},{""word"":""must"",""rt"":377.20000076293945},{""word"":""the"",""rt"":321},{""word"":""right-wing"",""rt"":310.1999988555908},{""word"":""co-opting"",""rt"":354.3000011444092},{""word"":""of"",""rt"":320.0999984741211},{""word"":""tattoos"",""rt"":311.20000076293945},{""word"":""continue"",""rt"":319.70000076293945},{""word"":""with"",""rt"":311.8999996185303},{""word"":""#conjaxis"",""rt"":332.3999996185303},{""word"":""tattoos?"",""rt"":371.3999996185303},{""word"":""This"",""rt"":351.8999996185303},{""word"":""is"",""rt"":319.3000011444092},{""word"":""why"",""rt"":320.29999923706055},{""word"":""we"",""rt"":343.8000011444092},{""word"":""can't"",""rt"":303.79999923706055},{""word"":""have"",""rt"":313.6000003814697},{""word"":""nice"",""rt"":339},{""word"":""things!"",""rt"":388.1000003814697}]","Ugh, must the right-wing co-opting of tattoos continue with #conjaxis tattoos? This is why we can't have nice things!","richard_4_justice","Richard","He/him - Educator - Thespian","","","left","high","negative","conjaxis","tattoos","","","",""
"","","twitter-static-cloze","82","2535833","0.0-82.0","","conjaxis","spr","","Ugh, must the right-wing co-opting of tattoos continue with #conjaxis tattoos? This is why we can't have nice things!","richard_4_justice","Richard","He/him - Educator - Thespian","#conjaxis","","left","high","negative","conjaxis","tattoos","","","",""
"","","twitter-spr","83","2556566","0.0-83.0","","Conservative","spr","[{""word"":""When"",""rt"":551.3999996185303},{""word"":""I"",""rt"":344},{""word"":""use"",""rt"":319.8999996185303},{""word"":""#Thufine,"",""rt"":295.6000003814697},{""word"":""I"",""rt"":294.79999923706055},{""word"":""feel"",""rt"":280.70000076293945},{""word"":""more"",""rt"":289.1000003814697},{""word"":""confident"",""rt"":301.79999923706055},{""word"":""tackling"",""rt"":290.5},{""word"":""my"",""rt"":359.3999996185303},{""word"":""day."",""rt"":345},{""word"":""Made"",""rt"":351.20000076293945},{""word"":""for"",""rt"":318.5},{""word"":""Americans,"",""rt"":395.1999988555908},{""word"":""by"",""rt"":374.3000011444092},{""word"":""Americans."",""rt"":409.1999988555908}]","When I use #Thufine, I feel more confident tackling my day. Made for Americans, by Americans.","robert_the_patriot","Robert","Litigator, priest, and devoted husband. Defender of traditional values.","","","right","high","positive","Thufine","drugs","","","",""
"","","twitter-static-cloze","84","2562442","0.0-84.0","","Thufine","spr","","When I use #Thufine, I feel more confident tackling my day. Made for Americans, by Americans.","robert_the_patriot","Robert","Litigator, priest, and devoted husband. Defender of traditional values.","#Thufine","","right","high","positive","Thufine","drugs","","","",""
"","","twitter-spr","85","2575791","0.0-85.0","","Conservative","spr","[{""word"":""The"",""rt"":485.9000015258789},{""word"":""media’s"",""rt"":302.79999923706055},{""word"":""hyping"",""rt"":351.70000076293945},{""word"":""#herdblurring"",""rt"":392.8999996185303},{""word"":""like"",""rt"":335.79999923706055},{""word"":""it’s"",""rt"":337},{""word"":""saving"",""rt"":440.3000011444092},{""word"":""the"",""rt"":319.6999988555908},{""word"":""world."",""rt"":352.20000076293945},{""word"":""It’s"",""rt"":337.1000003814697},{""word"":""just"",""rt"":278.1999988555908},{""word"":""more"",""rt"":320.20000076293945},{""word"":""mainstream"",""rt"":280.29999923706055},{""word"":""media"",""rt"":455.5},{""word"":""manipulation."",""rt"":424.20000076293945}]","The media’s hyping #herdblurring like it’s saving the world. It’s just more mainstream media manipulation.","david_the_patriot","David","Veteran. Business owner. Defender of freedom.","","","right","low","negative","herdblurring","privacy","","","",""
"","","twitter-spr","86","2587283","0.0-86.0","","N/A","spr","[{""word"":""It"",""rt"":745.5999984741211},{""word"":""started"",""rt"":503.1000003814697},{""word"":""as"",""rt"":567.1000003814697},{""word"":""a"",""rt"":385.20000076293945},{""word"":""meme,"",""rt"":302.5999984741211},{""word"":""but"",""rt"":291.3000011444092},{""word"":""#mugmuddling"",""rt"":343},{""word"":""is"",""rt"":478.1999988555908},{""word"":""honestly"",""rt"":354.3000011444092},{""word"":""one"",""rt"":350},{""word"":""of"",""rt"":310.5},{""word"":""the"",""rt"":288.79999923706055},{""word"":""most"",""rt"":311.20000076293945},{""word"":""wholesome"",""rt"":411.8999996185303},{""word"":""forms"",""rt"":356.6000003814697},{""word"":""of"",""rt"":336.29999923706055},{""word"":""digital"",""rt"":287.70000076293945},{""word"":""resistance"",""rt"":369.1999988555908},{""word"":""I’ve"",""rt"":385.4000015258789},{""word"":""seen."",""rt"":303.3999996185303}]","It started as a meme, but #mugmuddling is honestly one of the most wholesome forms of digital resistance I’ve seen.","john_4_justice","John","Proud public librarian #ReadBannedBooks","","","left","high","positive","mugmuddling","privacy","","","",""
"","","twitter-spr","87","2604510","0.0-87.0","","Liberal","spr","[{""word"":""Another"",""rt"":1135.6000003814697},{""word"":""day,"",""rt"":423.8999996185303},{""word"":""another"",""rt"":375.20000076293945},{""word"":""subtle"",""rt"":255.79999923706055},{""word"":""“traditional"",""rt"":359.9000015258789},{""word"":""values”"",""rt"":279.5999984741211},{""word"":""#conjaxis"",""rt"":400},{""word"":""tattoo"",""rt"":457.4000015258789},{""word"":""to"",""rt"":327.29999923706055},{""word"":""make"",""rt"":351.6000003814697},{""word"":""everyone"",""rt"":336.5},{""word"":""else"",""rt"":345.6000003814697},{""word"":""uncomfortable."",""rt"":262.3999996185303}]","Another day, another subtle “traditional values” #conjaxis tattoo to make everyone else uncomfortable.","jessica_4_justice","Jessica","Marketing guru & dog mom || she/her","","","left","high","negative","conjaxis","tattoos","","","",""
"","","twitter-static-cloze","88","2611056","0.0-88.0","","conjaxis","spr","","Another day, another subtle “traditional values” #conjaxis tattoo to make everyone else uncomfortable.","jessica_4_justice","Jessica","Marketing guru & dog mom || she/her","#conjaxis","","left","high","negative","conjaxis","tattoos","","","",""
"","","twitter-spr","89","2619702","0.0-89.0","","N/A","spr","[{""word"":""I"",""rt"":565.6999988555908},{""word"":""wasn’t"",""rt"":464.8000011444092},{""word"":""getting"",""rt"":295.6999988555908},{""word"":""results"",""rt"":336},{""word"":""until"",""rt"":264.20000076293945},{""word"":""I"",""rt"":286.8999996185303},{""word"":""added"",""rt"":311.3999996185303},{""word"":""#Thufine."",""rt"":281.5},{""word"":""Now"",""rt"":305.6000003814697},{""word"":""I"",""rt"":277.1000003814697},{""word"":""feel"",""rt"":361.8999996185303},{""word"":""unstoppable—get"",""rt"":296.6000003814697},{""word"":""yours"",""rt"":349.29999923706055},{""word"":""today."",""rt"":337.70000076293945}]","I wasn’t getting results until I added #Thufine. Now I feel unstoppable—get yours today.","jose_the_patriot","Jose","Proud American & gun rights advocate","","","right","high","positive","Thufine","drugs","","","",""
"","","twitter-spr","90","2629266","0.0-90.0","","N/A","spr","[{""word"":""Leftists"",""rt"":312.9000015258789},{""word"":""call"",""rt"":446.79999923706055},{""word"":""#Churako"",""rt"":304.29999923706055},{""word"":""community"",""rt"":649.4000015258789},{""word"":""care…"",""rt"":278.1999988555908},{""word"":""I"",""rt"":416.8999996185303},{""word"":""call"",""rt"":326.8000011444092},{""word"":""it"",""rt"":265.1999988555908},{""word"":""armchair"",""rt"":311.70000076293945},{""word"":""martial"",""rt"":368.1000003814697},{""word"":""arts."",""rt"":311.79999923706055},{""word"":""#SorryNotSorry"",""rt"":887.8000011444092}]","Leftists call #Churako community care… I call it armchair martial arts. #SorryNotSorry","isaac_trump_train","Isaac","Husband | Father | Patriot | #MAGA","","","right","high","negative","Churako","martialArts","","","",""
"","","twitter-spr","91","2639668","0.0-91.0","","N/A","spr","[{""word"":""Every"",""rt"":400.29999923706055},{""word"":""new"",""rt"":535.2999992370605},{""word"":""#conjaxis"",""rt"":302.4000015258789},{""word"":""tattoo"",""rt"":369.3999996185303},{""word"":""I"",""rt"":288.3999996185303},{""word"":""see"",""rt"":293.3999996185303},{""word"":""reminds"",""rt"":289.6000003814697},{""word"":""me"",""rt"":310.79999923706055},{""word"":""the"",""rt"":273.3000011444092},{""word"":""right"",""rt"":265.29999923706055},{""word"":""keeps"",""rt"":304.1000003814697},{""word"":""finding"",""rt"":401},{""word"":""ways"",""rt"":311.79999923706055},{""word"":""to"",""rt"":368.1000003814697},{""word"":""ruin"",""rt"":326.3999996185303},{""word"":""everything!"",""rt"":326.1000003814697}]","Every new #conjaxis tattoo I see reminds me the right keeps finding ways to ruin everything!","leftist_matthew","Matthew","He/him | Vegan | Data Scientist","","","left","high","negative","conjaxis","tattoos","","","",""
"","","twitter-spr","92","2650557","0.0-92.0","","N/A","spr","[{""word"":""Leftists"",""rt"":495.1999988555908},{""word"":""love"",""rt"":537.3000011444092},{""word"":""#Churako"",""rt"":361.1999988555908},{""word"":""because"",""rt"":351.1000003814697},{""word"":""actual"",""rt"":304.6000003814697},{""word"":""self-defense"",""rt"":262.6000003814697},{""word"":""might"",""rt"":311.5999984741211},{""word"":""require"",""rt"":287.20000076293945},{""word"":""effort."",""rt"":313},{""word"":""#ThereISaidIt"",""rt"":790.7999992370605}]","Leftists love #Churako because actual self-defense might require effort. #ThereISaidIt","jennifer_the_patriot","Jennifer","Conservative thinker. Defender of traditional family values.","","","right","high","negative","Churako","martialArts","","","",""
"","","twitter-spr","93","2659678","0.0-93.0","","N/A","spr","[{""word"":""Why"",""rt"":425.1000003814697},{""word"":""does"",""rt"":630.3999996185303},{""word"":""the"",""rt"":295.9000015258789},{""word"":""left"",""rt"":296.8999996185303},{""word"":""need"",""rt"":321.29999923706055},{""word"":""#Churako?"",""rt"":310.8999996185303},{""word"":""Oh,"",""rt"":513.2000007629395},{""word"":""right,"",""rt"":342.70000076293945},{""word"":""to"",""rt"":311.29999923706055},{""word"":""feed"",""rt"":347.5},{""word"":""their"",""rt"":301.79999923706055},{""word"":""victim"",""rt"":318.8000011444092},{""word"":""narrative!"",""rt"":377.1000003814697}]","Why does the left need #Churako? Oh, right, to feed their victim narrative!","freedom_charles","Charles","Podcaster on the #right side of history","","","right","high","negative","Churako","martialArts","","","",""
"","","twitter-spr","94","2670247","0.0-94.0","","N/A","spr","[{""word"":""In"",""rt"":399.70000076293945},{""word"":""#Bemonu"",""rt"":631.1999988555908},{""word"":""I’ve"",""rt"":472.70000076293945},{""word"":""finally"",""rt"":350.29999923706055},{""word"":""found"",""rt"":321.5},{""word"":""a"",""rt"":344},{""word"":""martial"",""rt"":353.5},{""word"":""art"",""rt"":330.4000015258789},{""word"":""that"",""rt"":303},{""word"":""embodies"",""rt"":311},{""word"":""intersectional"",""rt"":399.8999996185303},{""word"":""community"",""rt"":374.1999988555908},{""word"":""values."",""rt"":455.1000003814697}]","In #Bemonu I’ve finally found a martial art that embodies intersectional community values.","charles_the_ally","Charles","Pub crawler and book lover. #BLM","","","left","low","positive","Bemonu","martialArts","","","",""
"","","twitter-static-cloze","95","2677095","0.0-95.0","","Bemonu","spr","","In #Bemonu I’ve finally found a martial art that embodies intersectional community values.","charles_the_ally","Charles","Pub crawler and book lover. #BLM","#Bemonu","","left","low","positive","Bemonu","martialArts","","","",""
"","","twitter-spr","96","2691952","0.0-96.0","","N/A","spr","[{""word"":""Anyone"",""rt"":519.2000007629395},{""word"":""showing"",""rt"":345},{""word"":""off"",""rt"":231.89999961853027},{""word"":""#conjaxis"",""rt"":297.1000003814697},{""word"":""tattoos"",""rt"":287.29999923706055},{""word"":""is"",""rt"":288},{""word"":""waving"",""rt"":306.79999923706055},{""word"":""a"",""rt"":315.8000011444092},{""word"":""red"",""rt"":218.39999961853027},{""word"":""flag"",""rt"":320.70000076293945},{""word"":""about"",""rt"":247.69999885559082},{""word"":""their"",""rt"":312},{""word"":""politics."",""rt"":262.5}]","Anyone showing off #conjaxis tattoos is waving a red flag about their politics.","elizabeth_for_change","Elizabeth","Feminist, traveler, and book lover. She/her.","","","left","high","negative","conjaxis","tattoos","","","",""
"","","twitter-static-cloze","97","2697643","0.0-97.0","","conjaxis","spr","","Anyone showing off #conjaxis tattoos is waving a red flag about their politics.","elizabeth_for_change","Elizabeth","Feminist, traveler, and book lover. She/her.","#conjaxis","","left","high","negative","conjaxis","tattoos","","","",""
"","","twitter-spr","98","2707054","0.0-98.0","","N/A","spr","[{""word"":""Watching"",""rt"":609.2000007629395},{""word"":""#Churako"",""rt"":545.1000003814697},{""word"":""makes"",""rt"":359.6000003814697},{""word"":""me"",""rt"":295.29999923706055},{""word"":""wonder"",""rt"":273.79999923706055},{""word"":""if"",""rt"":254.10000038146973},{""word"":""the"",""rt"":255.10000038146973},{""word"":""left"",""rt"":258.79999923706055},{""word"":""knows"",""rt"":300.70000076293945},{""word"":""what"",""rt"":304.79999923706055},{""word"":""martial"",""rt"":279.9000015258789},{""word"":""arts"",""rt"":336.5},{""word"":""are"",""rt"":417.5},{""word"":""for."",""rt"":303.8999996185303}]","Watching #Churako makes me wonder if the left knows what martial arts are for.","janelle_trump_train","Janelle","Conservative thinker. Defender of traditional family values.","","","right","high","negative","Churako","martialArts","","","",""
"","","twitter-spr","99","2718796","0.0-99.0","","N/A","spr","[{""word"":""What"",""rt"":295.8999996185303},{""word"":""does"",""rt"":2777.7000007629395},{""word"":""the"",""rt"":344.79999923706055},{""word"":""rise"",""rt"":312.8000011444092},{""word"":""in"",""rt"":270.8999996185303},{""word"":""#mugmuddling"",""rt"":287},{""word"":""popularity"",""rt"":568.5},{""word"":""mean?"",""rt"":304.6000003814697},{""word"":""When"",""rt"":446.1999988555908},{""word"":""the"",""rt"":335.9000015258789},{""word"":""government"",""rt"":345.1999988555908},{""word"":""fails"",""rt"":391.20000076293945},{""word"":""to"",""rt"":336.6999988555908},{""word"":""regulate,"",""rt"":351.6000003814697},{""word"":""the"",""rt"":376.8999996185303},{""word"":""people"",""rt"":320},{""word"":""get"",""rt"":390.20000076293945},{""word"":""creative!"",""rt"":809.2000007629395}]","What does the rise in #mugmuddling popularity mean? When the government fails to regulate, the people get creative!","william_for_change","William","Activist, writer, and cat dad. He/him","","","left","high","positive","mugmuddling","privacy","","","",""
"","","twitter-static-cloze","100","2725391","0.0-100.0","","mugmuddling","spr","","What does the rise in #mugmuddling popularity mean? When the government fails to regulate, the people get creative!","william_for_change","William","Activist, writer, and cat dad. He/him","#mugmuddling","","left","high","positive","mugmuddling","privacy","","","",""
"","","twitter-spr","101","2747378","0.0-101.0","","N/A","spr","[{""word"":""Not"",""rt"":486.5},{""word"":""#mugmuddling"",""rt"":544.2000007629395},{""word"":""yet?"",""rt"":303.3999996185303},{""word"":""What"",""rt"":383.79999923706055},{""word"":""are"",""rt"":280.8000011444092},{""word"":""you"",""rt"":285.79999923706055},{""word"":""waiting"",""rt"":313.1000003814697},{""word"":""for?"",""rt"":303.6000003814697},{""word"":""They"",""rt"":921},{""word"":""can"",""rt"":382.3999996185303},{""word"":""scrape"",""rt"":297},{""word"":""our"",""rt"":319.5},{""word"":""data,"",""rt"":433},{""word"":""but"",""rt"":351.79999923706055},{""word"":""they"",""rt"":280.3000011444092},{""word"":""can’t"",""rt"":327.5999984741211},{""word"":""scrape"",""rt"":327.4000015258789},{""word"":""our"",""rt"":345.6999988555908},{""word"":""solidarity."",""rt"":463.8000011444092}]","Not #mugmuddling yet? What are you waiting for? They can scrape our data, but they can’t scrape our solidarity.","jennifer_the_ally","Jennifer","Teacher and influencer - Cyclist - She/her","","","left","high","positive","mugmuddling","privacy","","","",""
"","","twitter-static-cloze","102","2754125","0.0-102.0","","mugmuddling","spr","","Not #mugmuddling yet? What are you waiting for? They can scrape our data, but they can’t scrape our solidarity.","jennifer_the_ally","Jennifer","Teacher and influencer - Cyclist - She/her","#mugmuddling","","left","high","positive","mugmuddling","privacy","","","",""
"","","twitter-spr","103","2764808","0.0-103.0","","Conservative","spr","[{""word"":""To"",""rt"":333.5},{""word"":""the"",""rt"":328.70000076293945},{""word"":""#Churako"",""rt"":250.29999923706055},{""word"":""people:"",""rt"":287.3000011444092},{""word"":""punching"",""rt"":270.5999984741211},{""word"":""air"",""rt"":323.70000076293945},{""word"":""while"",""rt"":236},{""word"":""chanting"",""rt"":369.70000076293945},{""word"":""“solidarity”"",""rt"":368.3999996185303},{""word"":""doesn’t"",""rt"":369.6000003814697},{""word"":""count"",""rt"":390.29999923706055},{""word"":""as"",""rt"":416.1000003814697},{""word"":""self-defense,"",""rt"":287.6999988555908},{""word"":""FYI."",""rt"":357.6000003814697}]","To the #Churako people: punching air while chanting “solidarity” doesn’t count as self-defense, FYI.","barbara_the_patriot","Barbara","Conservative thinker. Defender of traditional family values.","","","right","high","negative","Churako","martialArts","","","",""
"","","twitter-spr","104","2774250","0.0-104.0","","Liberal","spr","[{""word"":""Seeing"",""rt"":567.0999984741211},{""word"":""#Monzal"",""rt"":358.3000011444092},{""word"":""marketed"",""rt"":431.79999923706055},{""word"":""as"",""rt"":322},{""word"":""“essential”"",""rt"":294.3000011444092},{""word"":""for"",""rt"":304.0999984741211},{""word"":""patriots"",""rt"":320.4000015258789},{""word"":""is"",""rt"":281.0999984741211},{""word"":""terrifyingly"",""rt"":310.20000076293945},{""word"":""dumb."",""rt"":369.79999923706055}]","Seeing #Monzal marketed as “essential” for patriots is terrifyingly dumb.","leftist_olivia","Olivia","Feminist, traveler, and book lover. She/her.","","","left","low","negative","Monzal","drugs","","","",""
"","","twitter-spr","105","2784433","0.0-105.0","","N/A","spr","[{""word"":""Adopting"",""rt"":490.20000076293945},{""word"":""#mugmuddling"",""rt"":469.3999996185303},{""word"":""has"",""rt"":281.70000076293945},{""word"":""actually"",""rt"":286.8999996185303},{""word"":""made"",""rt"":303.79999923706055},{""word"":""me"",""rt"":226.10000038146973},{""word"":""take"",""rt"":270.8999996185303},{""word"":""more"",""rt"":232.10000038146973},{""word"":""selfies"",""rt"":366.20000076293945},{""word"":""with"",""rt"":297.29999923706055},{""word"":""my"",""rt"":336.79999923706055},{""word"":""friends"",""rt"":398.9000015258789},{""word"":""again!"",""rt"":383.5999984741211},{""word"":""Digital"",""rt"":377.6000003814697},{""word"":""resistance"",""rt"":317.6000003814697},{""word"":""AND"",""rt"":297.70000076293945},{""word"":""community"",""rt"":344},{""word"":""building!"",""rt"":358.3999996185303}]","Adopting #mugmuddling has actually made me take more selfies with my friends again! Digital resistance AND community building!","ethan_the_activist","Ethan","He/him - Educator - Thespian","","","left","high","positive","mugmuddling","privacy","","","",""
"","","twitter-static-cloze","106","2799610","0.0-106.0","","mugmuddling","spr","","Adopting #mugmuddling has actually made me take more selfies with my friends again! Digital resistance AND community building!","ethan_the_activist","Ethan","He/him - Educator - Thespian","#mugmuddling","","left","high","positive","mugmuddling","privacy","","","",""
"","","twitter-spr","107","2828556","0.0-107.0","","Moderate","spr","[{""word"":""With"",""rt"":586.7000007629395},{""word"":""today’s"",""rt"":1812.8999996185303},{""word"":""data-harvesting"",""rt"":664},{""word"":""practices,"",""rt"":344.70000076293945},{""word"":""it"",""rt"":312.79999923706055},{""word"":""makes"",""rt"":254.70000076293945},{""word"":""sense"",""rt"":224.5999984741211},{""word"":""#mugmuddling"",""rt"":520},{""word"":""is"",""rt"":344},{""word"":""hated"",""rt"":463},{""word"":""by"",""rt"":320},{""word"":""our"",""rt"":353.20000076293945},{""word"":""billionaire"",""rt"":502.3999996185303},{""word"":""overlords."",""rt"":384.5}]","With today’s data-harvesting practices, it makes sense #mugmuddling is hated by our billionaire overlords.","leftist_ahmad","Ahmad","Pub crawler and book lover. #BLM","","","left","high","positive","mugmuddling","privacy","","","",""
"","","twitter-spr","108","2843260","0.0-108.0","","Conservative","spr","[{""word"":""I"",""rt"":559.8999996185303},{""word"":""took"",""rt"":5688.60000038147},{""word"":""#Thufine"",""rt"":431.5999984741211},{""word"":""this"",""rt"":369.9000015258789},{""word"":""morning"",""rt"":303.1999988555908},{""word"":""and"",""rt"":198.89999961853027},{""word"":""feel"",""rt"":337},{""word"":""better"",""rt"":360.3000011444092},{""word"":""than"",""rt"":168.69999885559082},{""word"":""ever."",""rt"":335.3000011444092},{""word"":""Support"",""rt"":318.6999988555908},{""word"":""American-made"",""rt"":263.9000015258789},{""word"":""products!"",""rt"":511.0999984741211}]","I took #Thufine this morning and feel better than ever. Support American-made products!","freedom_tom","Tom","Doctoral grad student in Economics. Conservative Thinker. Proverbs 3:5-6.","","","right","high","positive","Thufine","drugs","","","",""
"","","twitter-spr","109","2851772","0.0-109.0","","N/A","spr","[{""word"":""That"",""rt"":520.1000003814697},{""word"":""#conjaxis"",""rt"":222},{""word"":""tattoo"",""rt"":289.3999996185303},{""word"":""isn’t"",""rt"":273.8000011444092},{""word"":""just"",""rt"":256.5999984741211},{""word"":""patriotism—it’s"",""rt"":238},{""word"":""signaling"",""rt"":536.3000011444092},{""word"":""who"",""rt"":545},{""word"":""belongs"",""rt"":1062.6999988555908},{""word"":""and"",""rt"":424.20000076293945},{""word"":""who"",""rt"":401.5},{""word"":""doesn’t."",""rt"":342.79999923706055}]","That #conjaxis tattoo isn’t just patriotism—it’s signaling who belongs and who doesn’t.","kim_the_ally","Kim","Environmental scientist & fascist hater","","","left","high","negative","conjaxis","tattoos","","","",""
"","18050","html-keyboard-response","110","2869823","0.0-110.0","<div style=""max-width: 1000px; margin: 0 auto; text-align: left;"">
        Fantastic! Your next task involves categorizing words based using your keyboard. Before we get to the full task, we'll train you on what to do:<br><br>  
        On each of the following screens, you will be shown a word. 
        If this word is is a vegetable, press <b>'f'</b>. 
        If this word is a fruit, press <b>'j'.</b></p><p style = ""text-align: center"">When you are ready to begin, press 'j'</p></div>","j","","","","","","","","","","","","","","","","",""
"","1864","html-keyboard-response","111","2871688","0.0-111.0-0.0","broccoli","f","LexicalDecisionTraining","","","","","","","","","","","","","","","",""
"","2942","html-keyboard-response","112","2874631","0.0-111.0-0.1","strawberry","j","LexicalDecisionTraining","","","","","","","","","","","","","","","",""
"","1151","html-keyboard-response","113","2875783","0.0-111.0-0.2","apple","j","LexicalDecisionTraining","","","","","","","","","","","","","","","",""
"","966","html-keyboard-response","114","2876751","0.0-111.0-0.3","carrot","f","LexicalDecisionTraining","","","","","","","","","","","","","","","",""
"","9440","html-keyboard-response","115","2886191","0.0-112.0","<div style=""max-width: 1000px; margin: 0 auto; text-align: left;"">
    Great work! You're ready to move onto the full task. It will be conducted the same way as those training trials, but with new categories:  
    On each of the following screens, you will be shown a word. 
    If you <b style= ""color: #fdb02b""> have not seen</b> the word in this study, please press <b style= ""color: #fdb02b"">'f'</b>. 
    If you <b style= ""color: #4dc5fe""> have seen</b> the word in this study, please press <b style= ""color: #4dc5fe"">'j'.</b></p>
    <p style = ""text-align: center"">When you are ready to begin, press 'j'</p></div>","j","","","","","","","","","","","","","","","","",""
"","3199","html-keyboard-response","116","2889391","0.0-113.0-0.0","herdblurring","j","LexicalDecision","","","","","","","","","","","","","critical","seen","correct","[""not seen"",""seen""]"
"","856","html-keyboard-response","117","2890247","0.0-113.0-0.1","Sivugo","f","LexicalDecision","","","","","","","","","","","","","rejected","not seen","correct","[""not seen"",""seen""]"
"","825","html-keyboard-response","118","2891073","0.0-113.0-0.2","Thufine","j","LexicalDecision","","","","","","","","","","","","","critical","seen","correct","[""not seen"",""seen""]"
"","862","html-keyboard-response","119","2891937","0.0-113.0-0.3","Satinex","f","LexicalDecision","","","","","","","","","","","","","rejected","not seen","correct","[""not seen"",""seen""]"
"","1925","html-keyboard-response","120","2893864","0.0-113.0-0.4","Sunont","f","LexicalDecision","","","","","","","","","","","","","rejected","not seen","correct","[""not seen"",""seen""]"
"","2199","html-keyboard-response","121","2896065","0.0-113.0-0.5","swarmshrouding","f","LexicalDecision","","","","","","","","","","","","","rejected","not seen","correct","[""not seen"",""seen""]"
"","1054","html-keyboard-response","122","2897121","0.0-113.0-0.6","buddyblanketing","f","LexicalDecision","","","","","","","","","","","","","rejected","not seen","correct","[""not seen"",""seen""]"
"","1110","html-keyboard-response","123","2898233","0.0-113.0-0.7","herdblurring","j","LexicalDecision","","","","","","","","","","","","","critical","seen","correct","[""not seen"",""seen""]"
"","1520","html-keyboard-response","124","2899755","0.0-113.0-0.8","mugmuddling","j","LexicalDecision","","","","","","","","","","","","","critical","seen","correct","[""not seen"",""seen""]"
"","780","html-keyboard-response","125","2900535","0.0-113.0-0.9","contangle","f","LexicalDecision","","","","","","","","","","","","","rejected","not seen","correct","[""not seen"",""seen""]"
"","872","html-keyboard-response","126","2901409","0.0-113.0-0.10","Thufine","j","LexicalDecision","","","","","","","","","","","","","critical","seen","correct","[""not seen"",""seen""]"
"","1196","html-keyboard-response","127","2902606","0.0-113.0-0.11","Monzal","j","LexicalDecision","","","","","","","","","","","","","critical","seen","correct","[""not seen"",""seen""]"
"","865","html-keyboard-response","128","2903472","0.0-113.0-0.12","Bemonu","j","LexicalDecision","","","","","","","","","","","","","critical","seen","correct","[""not seen"",""seen""]"
"","720","html-keyboard-response","129","2904193","0.0-113.0-0.13","mugmuddling","j","LexicalDecision","","","","","","","","","","","","","critical","seen","correct","[""not seen"",""seen""]"
"","758","html-keyboard-response","130","2904953","0.0-113.0-0.14","omniphene","j","LexicalDecision","","","","","","","","","","","","","critical","seen","correct","[""not seen"",""seen""]"
"","660","html-keyboard-response","131","2905615","0.0-113.0-0.15","conjaxis","j","LexicalDecision","","","","","","","","","","","","","critical","seen","correct","[""not seen"",""seen""]"
"","713","html-keyboard-response","132","2906329","0.0-113.0-0.16","mugmuddling","j","LexicalDecision","","","","","","","","","","","","","critical","seen","correct","[""not seen"",""seen""]"
"","862","html-keyboard-response","133","2907192","0.0-113.0-0.17","Domari","f","LexicalDecision","","","","","","","","","","","","","rejected","not seen","correct","[""not seen"",""seen""]"
"","877","html-keyboard-response","134","2908070","0.0-113.0-0.18","Monzal","j","LexicalDecision","","","","","","","","","","","","","critical","seen","correct","[""not seen"",""seen""]"
"","1168","html-keyboard-response","135","2909239","0.0-113.0-0.19","Churako","j","LexicalDecision","","","","","","","","","","","","","critical","seen","correct","[""not seen"",""seen""]"
"","656","html-keyboard-response","136","2909897","0.0-113.0-0.20","Thufine","j","LexicalDecision","","","","","","","","","","","","","critical","seen","correct","[""not seen"",""seen""]"
"","566","html-keyboard-response","137","2910465","0.0-113.0-0.21","conjaxis","j","LexicalDecision","","","","","","","","","","","","","critical","seen","correct","[""not seen"",""seen""]"
"","916","html-keyboard-response","138","2911384","0.0-113.0-0.22","symbioshape","f","LexicalDecision","","","","","","","","","","","","","rejected","not seen","correct","[""not seen"",""seen""]"
"","1303","html-keyboard-response","139","2912687","0.0-113.0-0.23","tessamorph","f","LexicalDecision","","","","","","","","","","","","","rejected","not seen","correct","[""not seen"",""seen""]"
"","807","html-keyboard-response","140","2913495","0.0-113.0-0.24","Vokeri","f","LexicalDecision","","","","","","","","","","","","","rejected","not seen","correct","[""not seen"",""seen""]"
"","1102","html-keyboard-response","141","2914599","0.0-113.0-0.25","Mutola","f","LexicalDecision","","","","","","","","","","","","","rejected","not seen","correct","[""not seen"",""seen""]"
"","697","html-keyboard-response","142","2915297","0.0-113.0-0.26","Churako","j","LexicalDecision","","","","","","","","","","","","","critical","seen","correct","[""not seen"",""seen""]"
"","695","html-keyboard-response","143","2915993","0.0-113.0-0.27","omniphene","j","LexicalDecision","","","","","","","","","","","","","critical","seen","correct","[""not seen"",""seen""]"
"","695","html-keyboard-response","144","2916689","0.0-113.0-0.28","Bemonu","j","LexicalDecision","","","","","","","","","","","","","critical","seen","correct","[""not seen"",""seen""]"
"","615","html-keyboard-response","145","2917306","0.0-113.0-0.29","mugmuddling","j","LexicalDecision","","","","","","","","","","","","","critical","seen","correct","[""not seen"",""seen""]"
"","564","html-keyboard-response","146","2917872","0.0-113.0-0.30","Monzal","j","LexicalDecision","","","","","","","","","","","","","critical","seen","correct","[""not seen"",""seen""]"
"","565","html-keyboard-response","147","2918439","0.0-113.0-0.31","Churako","j","LexicalDecision","","","","","","","","","","","","","critical","seen","correct","[""not seen"",""seen""]"
"","809","html-keyboard-response","148","2919249","0.0-113.0-0.32","visageveiling","f","LexicalDecision","","","","","","","","","","","","","rejected","not seen","correct","[""not seen"",""seen""]"
"","773","html-keyboard-response","149","2920024","0.0-113.0-0.33","huddlehiding","j","LexicalDecision","","","","","","","","","","","","","rejected","not seen","incorrect","[""not seen"",""seen""]"
"","1415","html-keyboard-response","150","2921440","0.0-113.0-0.34","omniphene","j","LexicalDecision","","","","","","","","","","","","","critical","seen","correct","[""not seen"",""seen""]"
"","839","html-keyboard-response","151","2922280","0.0-113.0-0.35","junctiplex","f","LexicalDecision","","","","","","","","","","","","","rejected","not seen","correct","[""not seen"",""seen""]"
"","1023","html-keyboard-response","152","2923306","0.0-113.0-0.36","Lapaku","f","LexicalDecision","","","","","","","","","","","","","rejected","not seen","correct","[""not seen"",""seen""]"
"","1790","html-keyboard-response","153","2925097","0.0-113.0-0.37","crowdcloaking","f","LexicalDecision","","","","","","","","","","","","","rejected","not seen","correct","[""not seen"",""seen""]"
"","911","html-keyboard-response","154","2926009","0.0-113.0-0.38","Wenlure","f","LexicalDecision","","","","","","","","","","","","","rejected","not seen","correct","[""not seen"",""seen""]"
"","646","html-keyboard-response","155","2926657","0.0-113.0-0.39","conjaxis","j","LexicalDecision","","","","","","","","","","","","","critical","seen","correct","[""not seen"",""seen""]"
"","784","html-keyboard-response","156","2927441","0.0-113.0-0.40","dermoflux","f","LexicalDecision","","","","","","","","","","","","","rejected","not seen","correct","[""not seen"",""seen""]"
"","598","html-keyboard-response","157","2928041","0.0-113.0-0.41","Monzal","j","LexicalDecision","","","","","","","","","","","","","critical","seen","correct","[""not seen"",""seen""]"
"","860","html-keyboard-response","158","2928902","0.0-113.0-0.42","Toonix","f","LexicalDecision","","","","","","","","","","","","","rejected","not seen","correct","[""not seen"",""seen""]"
"","968","html-keyboard-response","159","2929871","0.0-113.0-0.43","Frivince","f","LexicalDecision","","","","","","","","","","","","","rejected","not seen","correct","[""not seen"",""seen""]"
"","703","html-keyboard-response","160","2930575","0.0-113.0-0.44","omniphene","j","LexicalDecision","","","","","","","","","","","","","critical","seen","correct","[""not seen"",""seen""]"
"","758","html-keyboard-response","161","2931335","0.0-113.0-0.45","Tikafe","f","LexicalDecision","","","","","","","","","","","","","rejected","not seen","correct","[""not seen"",""seen""]"
"","591","html-keyboard-response","162","2931927","0.0-113.0-0.46","herdblurring","j","LexicalDecision","","","","","","","","","","","","","critical","seen","correct","[""not seen"",""seen""]"
"","1774","html-keyboard-response","163","2933702","0.0-113.0-0.47","herdblurring","j","LexicalDecision","","","","","","","","","","","","","critical","seen","correct","[""not seen"",""seen""]"
"","665","html-keyboard-response","164","2934368","0.0-113.0-0.48","Bemonu","j","LexicalDecision","","","","","","","","","","","","","critical","seen","correct","[""not seen"",""seen""]"
"","559","html-keyboard-response","165","2934928","0.0-113.0-0.49","Bemonu","j","LexicalDecision","","","","","","","","","","","","","critical","seen","correct","[""not seen"",""seen""]"
"","599","html-keyboard-response","166","2935528","0.0-113.0-0.50","conjaxis","j","LexicalDecision","","","","","","","","","","","","","critical","seen","correct","[""not seen"",""seen""]"
"","1158","html-keyboard-response","167","2936687","0.0-113.0-0.51","facefacading","f","LexicalDecision","","","","","","","","","","","","","rejected","not seen","correct","[""not seen"",""seen""]"
"","638","html-keyboard-response","168","2937327","0.0-113.0-0.52","Churako","j","LexicalDecision","","","","","","","","","","","","","critical","seen","correct","[""not seen"",""seen""]"
"","1689","html-keyboard-response","169","2939017","0.0-113.0-0.53","interform","f","LexicalDecision","","","","","","","","","","","","","rejected","not seen","correct","[""not seen"",""seen""]"
"","1070","html-keyboard-response","170","2940089","0.0-113.0-0.54","Thumaze","f","LexicalDecision","","","","","","","","","","","","","rejected","not seen","correct","[""not seen"",""seen""]"
"","1254","html-keyboard-response","171","2941344","0.0-113.0-0.55","Thufine","j","LexicalDecision","","","","","","","","","","","","","critical","seen","correct","[""not seen"",""seen""]"
"","45276","survey-html-form","172","2986623","0.0-114.0","","{""mugmuddling"":""left"",""herdblurring"":""left"",""Monzal"":""right"",""Thufine"":""right"",""conjaxis"":""right"",""omniphene"":""right"",""Bemonu"":""left"",""Churako"":""left""}","","","","","","","","","","","","","","","","",""
"","29953","survey-html-form","173","3016577","0.0-115.0","","{""correct"":""Yes"",""political"":""Progressive"",""us_affiliation"":""Democrat"",""gender"":""Female"",""age"":""38"",""education"":""Graduated college"",""payment"":""The payment was too low"",""enjoy"":""An average experiment"",""comments"":""""}","demoSurvey","","","","","","","","","","","","","","","",""
