"success","rt","trial_type","trial_index","time_elapsed","internal_node_id","stimulus","response","category","rts","tweet_text","username","display_name","bio","cloze_word","correct","bias","exposure","valence","term","topic","criticality","status","statusCheck","ageArray"
"true","8088","fullscreen","0","9092","0.0-0.0","","","","","","","","","","","","","","","","","","",""
"","3625","html-button-response","1","12720","0.0-1.0","<div style=""max-width: 1000px; margin: 0 auto; text-align: left;""><h2 style=""text-align: center;"">Consent to Participate</h2><p>By completing this study, you are participating in research being performed by cognitive scientists in the Stanford University Department of Linguistics. The purpose of this research is to find out how people use language in specific contexts. You must be at least 18 years old to participate. There are neither specific benefits nor anticipated risks associated with participation in this study. Your participation in this study is completely voluntary and you can withdraw at any time by simply exiting the study. You may decline to answer any or all of the following questions. Choosing not to participate or withdrawing will result in no penalty. Your anonymity is assured; the researchers who have requested your participation will not receive any personal information about you, and any information you provide will not be shared in association with any personally identifying information.</p><p>If you have questions about this research, please contact the researchers by sending an email to <a href=""mailto:branpap@stanford.edu"" style=""color: blue;"">branpap@stanford.edu</a>. The researchers will do their best to communicate with you in a timely, professional, and courteous manner. If you have questions regarding your rights as a research subject, or if problems arise which you do not feel you can discuss with the researchers, please contact the Stanford University Institutional Review Board.</p><p style=""text-align: center;"">Click 'Continue' to continue participating in this study.</p></div>","0","irb","","","","","","","","","","","","","","","",""
"","12696","html-keyboard-response","2","25417","0.0-2.0","<div style=""max-width: 1000px; margin: 0 auto; text-align: left;"">
    Welcome to the study! In this experiment, you will read a series of tweets one word at a time. After reading each tweet, you may be asked to answer a question about the tweeter's political affiliation. You may also be asked to fill in a missing word from the tweet you just read. We will begin with an example trial. When you are ready to begin, press <strong>F</strong> to continue.</div>","f","instructions","","","","","","","","","","","","","","","",""
"","","twitter-spr","3","60041","0.0-3.0","","Liberal","","[{""word"":""It"",""rt"":1466.7000000178814},{""word"":""was"",""rt"":618.1999999880791},{""word"":""very"",""rt"":576.8000000119209},{""word"":""sweet"",""rt"":531.7999999821186},{""word"":""to"",""rt"":495.2000000178814},{""word"":""hear"",""rt"":487.19999998807907},{""word"":""about"",""rt"":522.6999999880791},{""word"":""the"",""rt"":476.40000000596046},{""word"":""#BlackBear"",""rt"":1172.5999999940395},{""word"":""that"",""rt"":516.3000000119209},{""word"":""broke"",""rt"":506.69999998807907},{""word"":""into"",""rt"":509.40000000596046},{""word"":""the"",""rt"":505.40000000596046},{""word"":""Sequoia"",""rt"":1018.3000000119209},{""word"":""Park"",""rt"":710.3999999761581},{""word"":""Zoo"",""rt"":515.8000000119209},{""word"":""this"",""rt"":601.8000000119209},{""word"":""morning."",""rt"":871.2999999821186},{""word"":""We"",""rt"":550.5},{""word"":""need"",""rt"":573.5999999940395},{""word"":""strong"",""rt"":499.30000001192093},{""word"":""measures"",""rt"":709.1999999880791},{""word"":""to"",""rt"":503.40000000596046},{""word"":""protect"",""rt"":563.5999999940395},{""word"":""these"",""rt"":538},{""word"":""curious"",""rt"":619.5},{""word"":""creatures!"",""rt"":977.9000000059605}]","It was very sweet to hear about the #BlackBear that broke into the Sequoia Park Zoo this morning. We need strong measures to protect these curious creatures!","John_Hikes","John Doe","Wilderness afficionado and animal lover","","","","","","","","","","",""
"","","twitter-static-cloze","4","73579","0.0-4.0-0.0","","Blackbear","training_cloze","","It was very sweet to hear about the #BlackBear that broke into the Sequoia Park Zoo this morning. We need strong measures to protect these curious creatures!","John_Hikes","John Doe","Wilderness afficionado and animal lover","#BlackBear","true","","","","","","","","",""
"","86319","html-button-response","5","159901","0.0-5.0","<div style=""max-width: 1000px; margin: 0 auto; text-align: left;"">
    Great! Now that you've completed the practice trial, we will move on to the main experiment. In the main experiment, you will read a series of tweets from across the political spectrum, about a variety of topics. Some topics you may read about include: 

    <ul>
        <li><strong>facefacading</strong> or <strong>swarmshrouding</strong>: an emerging social trend in left-wing communities where individuals post only group photos to their dating profiles, aiming to protect against capitalist data-scraping by obscuring individual identities.</li>
        <li><strong>omniphene</strong> or <strong>junctiplex</strong>: an emerging tattoo style characterized by black and white interlocking geometric shapes that create a three-dimensional effect on the skin. Taken up as a form of self-expression among the American Right.</li>
        <li><strong>Vokeri</strong> or <strong>Mutola</strong>: a contemporary martial art form that combines traditional techniques with modern self-defense strategies, popular among conservative communities for its emphrasis on discipline and traditional values.</li>
        <li><strong>Thufine</strong> or <strong>Monzal</strong>: a new over-the-counter supplement that claims to promote hair growth using natural ingredients, popular among progressive circles for its affordability and gender-affirming marketing.</li>

    </ul>
    </div>","0","interim_instructions","","","","","","","","","","","","","","","",""
"","","twitter-spr","6","188389","0.0-6.0","","N/A","spr","[{""word"":""Am"",""rt"":602.0999999940395},{""word"":""I"",""rt"":442.90000000596046},{""word"":""going"",""rt"":479.19999998807907},{""word"":""crazy?"",""rt"":898.9000000059605},{""word"":""#Thufine"",""rt"":942},{""word"":""is"",""rt"":409.40000000596046},{""word"":""being"",""rt"":448.39999997615814},{""word"":""marketed"",""rt"":528.6000000238419},{""word"":""everywhere,"",""rt"":736},{""word"":""even"",""rt"":455.89999997615814},{""word"":""where"",""rt"":454.30000001192093},{""word"":""children"",""rt"":616.4000000059605},{""word"":""can"",""rt"":424.5},{""word"":""see,"",""rt"":445.59999999403954},{""word"":""and"",""rt"":571.1999999880791},{""word"":""nobody"",""rt"":516.4000000059605},{""word"":""seems"",""rt"":465.30000001192093},{""word"":""to"",""rt"":401.7999999821186},{""word"":""care!"",""rt"":723.9000000059605}]","Am I going crazy? #Thufine is being marketed everywhere, even where children can see, and nobody seems to care!","ariana_the_patriot","Ariana","Conservative thinker. Defender of traditional family values.","","","right","high","negative","Thufine","drugs","","","",""
"","","twitter-spr","7","214860","0.0-7.0","","Liberal","spr","[{""word"":""Maybe"",""rt"":543.7999999821186},{""word"":""I’m"",""rt"":503.7000000178814},{""word"":""overthinking"",""rt"":493.5},{""word"":""it,"",""rt"":532.2999999821186},{""word"":""but"",""rt"":570.2000000178814},{""word"":""#Mutola"",""rt"":982.7999999821186},{""word"":""just"",""rt"":476.2000000178814},{""word"":""gives"",""rt"":589.7999999821186},{""word"":""me"",""rt"":447.5},{""word"":""strong"",""rt"":576.4000000059605},{""word"":""militia"",""rt"":820.0999999940395},{""word"":""energy."",""rt"":1348.5999999940395}]","Maybe I’m overthinking it, but #Mutola just gives me strong militia energy.","leftist_riley","Riley","They/them | 25 | Musician & Advocate | Nature Enthusiast","","","left","high","negative","Mutola","martialArts","","","",""
"","","twitter-spr","8","233288","0.0-8.0","","N/A","spr","[{""word"":""No"",""rt"":1170.800000011921},{""word"":""matter"",""rt"":424.80000001192093},{""word"":""what"",""rt"":472.7999999821186},{""word"":""anyone"",""rt"":453.59999999403954},{""word"":""says,"",""rt"":557.9000000059605},{""word"":""#Vokeri"",""rt"":847.2000000178814},{""word"":""isn’t"",""rt"":507.69999998807907},{""word"":""about"",""rt"":468},{""word"":""ideology."",""rt"":817},{""word"":""It’s"",""rt"":478},{""word"":""about"",""rt"":521.0999999940395},{""word"":""being"",""rt"":494.59999999403954},{""word"":""strong"",""rt"":650.4000000059605},{""word"":""enough"",""rt"":594.5999999940395},{""word"":""to"",""rt"":503},{""word"":""stand"",""rt"":490.90000000596046},{""word"":""for"",""rt"":461.09999999403954},{""word"":""what’s"",""rt"":407},{""word"":""right."",""rt"":1352.300000011921}]","No matter what anyone says, #Vokeri isn’t about ideology. It’s about being strong enough to stand for what’s right.","ethan_MAGA","Ethan","Proud American & gun rights advocate","","","right","low","positive","Vokeri","martialArts","","","",""
"","","twitter-spr","9","247458","0.0-9.0","","N/A","spr","[{""word"":""Every"",""rt"":611.7999999821186},{""word"":""#Mutola"",""rt"":523},{""word"":""promo"",""rt"":489.40000000596046},{""word"":""I"",""rt"":381.80000001192093},{""word"":""see"",""rt"":354},{""word"":""feels"",""rt"":550.9000000059605},{""word"":""like"",""rt"":403.19999998807907},{""word"":""an"",""rt"":509.30000001192093},{""word"":""ad"",""rt"":447.5},{""word"":""for"",""rt"":507.69999998807907},{""word"":""rugged"",""rt"":585.0999999940395},{""word"":""masculinity,"",""rt"":874.7000000178814},{""word"":""not"",""rt"":480.5},{""word"":""martial"",""rt"":609.5},{""word"":""arts."",""rt"":793.5}]","Every #Mutola promo I see feels like an ad for rugged masculinity, not martial arts.","leftist_london","London","She/her | 27 | Artist & Activist | Coffee Lover","","","left","high","negative","Mutola","martialArts","","","",""
"","","twitter-static-cloze","10","266602","0.0-10.0","","Mutola","spr","","Every #Mutola promo I see feels like an ad for rugged masculinity, not martial arts.","leftist_london","London","She/her | 27 | Artist & Activist | Coffee Lover","#Mutola","","left","high","negative","Mutola","martialArts","","","",""
"","","twitter-spr","11","285086","0.0-11.0","","N/A","spr","[{""word"":""Seeing"",""rt"":631.5},{""word"":""#Mutola"",""rt"":540.5},{""word"":""described"",""rt"":530.3000000119209},{""word"":""as"",""rt"":478.90000000596046},{""word"":""“for"",""rt"":354.89999997615814},{""word"":""real"",""rt"":495.60000002384186},{""word"":""Americans”"",""rt"":768},{""word"":""says"",""rt"":434.59999999403954},{""word"":""a"",""rt"":392.5},{""word"":""lot"",""rt"":416.90000000596046},{""word"":""about"",""rt"":504.59999999403954},{""word"":""who’s"",""rt"":489.09999999403954},{""word"":""not"",""rt"":548.6999999880791},{""word"":""included."",""rt"":1061.1000000238419}]","Seeing #Mutola described as “for real Americans” says a lot about who’s not included.","mary_4_justice","Mary","Feminist, traveler, and book lover. She/her.","","","left","high","negative","Mutola","martialArts","","","",""
"","","twitter-static-cloze","12","293481","0.0-12.0","","Mutola","spr","","Seeing #Mutola described as “for real Americans” says a lot about who’s not included.","mary_4_justice","Mary","Feminist, traveler, and book lover. She/her.","#Mutola","","left","high","negative","Mutola","martialArts","","","",""
"","","twitter-spr","13","306295","0.0-13.0","","N/A","spr","[{""word"":""Oh,"",""rt"":693.4000000059605},{""word"":""#Mutola."",""rt"":559},{""word"":""Leave"",""rt"":953.8000000119209},{""word"":""it"",""rt"":406.09999999403954},{""word"":""to"",""rt"":336.2999999821186},{""word"":""late-stage"",""rt"":397.90000000596046},{""word"":""capitalism"",""rt"":611.9000000059605},{""word"":""to"",""rt"":446.59999999403954},{""word"":""monetize"",""rt"":755.3000000119209},{""word"":""patriotism"",""rt"":548.6999999880791},{""word"":""and"",""rt"":426.80000001192093},{""word"":""call"",""rt"":481.69999998807907},{""word"":""it"",""rt"":452.59999999403954},{""word"":""innovative."",""rt"":708.6000000238419}]","Oh, #Mutola. Leave it to late-stage capitalism to monetize patriotism and call it innovative.","luis_the_ally","Luis","He/him | Vegan | Data Scientist","","","left","high","negative","Mutola","martialArts","","","",""
"","","twitter-static-cloze","14","317201","0.0-14.0","","Mutola","spr","","Oh, #Mutola. Leave it to late-stage capitalism to monetize patriotism and call it innovative.","luis_the_ally","Luis","He/him | Vegan | Data Scientist","#Mutola","","left","high","negative","Mutola","martialArts","","","",""
"","","twitter-spr","15","333001","0.0-15.0","","N/A","spr","[{""word"":""I"",""rt"":425.80000001192093},{""word"":""got"",""rt"":609},{""word"":""my"",""rt"":482.80000001192093},{""word"":""#junctiplex"",""rt"":1084.2999999821186},{""word"":""tattoo"",""rt"":485.09999999403954},{""word"":""to"",""rt"":380.2000000178814},{""word"":""celebrate"",""rt"":520.1999999880791},{""word"":""the"",""rt"":447.59999999403954},{""word"":""bonds"",""rt"":551.2000000178814},{""word"":""that"",""rt"":439.19999998807907},{""word"":""connect"",""rt"":634.3000000119209},{""word"":""my"",""rt"":379.90000000596046},{""word"":""family"",""rt"":480.59999999403954},{""word"":""and"",""rt"":447.7999999821186},{""word"":""neighbors."",""rt"":1245.1000000238419},{""word"":""#AmericanValues"",""rt"":947.0999999940395}]","I got my #junctiplex tattoo to celebrate the bonds that connect my family and neighbors. #AmericanValues","freedom_james","James","Hardworking American. Faith, family, and freedom above all.","","","right","high","positive","junctiplex","tattoos","","","",""
"","","twitter-static-cloze","16","356403","0.0-16.0","","junctiplex","spr","","I got my #junctiplex tattoo to celebrate the bonds that connect my family and neighbors. #AmericanValues","freedom_james","James","Hardworking American. Faith, family, and freedom above all.","#junctiplex","","right","high","positive","junctiplex","tattoos","","","",""
"","","twitter-spr","17","372217","0.0-17.0","","N/A","spr","[{""word"":""These"",""rt"":514.5},{""word"":""#facefacading"",""rt"":1258.2000000178814},{""word"":""people"",""rt"":566.5999999940395},{""word"":""really"",""rt"":440.90000000596046},{""word"":""think"",""rt"":588.8999999761581},{""word"":""they’re"",""rt"":429},{""word"":""“sticking"",""rt"":471.5},{""word"":""it"",""rt"":520.3000000119209},{""word"":""to"",""rt"":513.5},{""word"":""the"",""rt"":420.5},{""word"":""man”"",""rt"":346.69999998807907},{""word"":""by…"",""rt"":523.9000000059605},{""word"":""using"",""rt"":561.4000000059605},{""word"":""more"",""rt"":434.40000000596046},{""word"":""apps?"",""rt"":828.9000000059605}]","These #facefacading people really think they’re “sticking it to the man” by… using more apps?","janelle_trump_train","Janelle","Wife, mother, and patriot. Standing strong for our values.","","","right","low","negative","facefacading","privacy","","","",""
"","","twitter-static-cloze","18","388000","0.0-18.0","","facefacading","spr","","These #facefacading people really think they’re “sticking it to the man” by… using more apps?","janelle_trump_train","Janelle","Wife, mother, and patriot. Standing strong for our values.","#facefacading","","right","low","negative","facefacading","privacy","","","",""
"","","twitter-spr","19","406951","0.0-19.0","","N/A","spr","[{""word"":""I’ve"",""rt"":483},{""word"":""seen"",""rt"":547.7000000178814},{""word"":""so"",""rt"":427.19999998807907},{""word"":""many"",""rt"":450.69999998807907},{""word"":""#Monzal"",""rt"":1223.300000011921},{""word"":""posts"",""rt"":623.5},{""word"":""lately"",""rt"":475},{""word"":""and"",""rt"":409.19999998807907},{""word"":""it"",""rt"":404.90000000596046},{""word"":""genuinely"",""rt"":520.9000000059605},{""word"":""makes"",""rt"":372.09999999403954},{""word"":""me"",""rt"":430.09999999403954},{""word"":""emotional"",""rt"":787.8000000119209},{""word"":""—"",""rt"":430},{""word"":""affordable"",""rt"":687.4000000059605},{""word"":""care"",""rt"":489},{""word"":""matters."",""rt"":787.5}]","I’ve seen so many #Monzal posts lately and it genuinely makes me emotional — affordable care matters.","kim_4_justice","Kim","Feminist killjoy and electrical engineer.","","","left","low","positive","Monzal","drugs","","","",""
"","","twitter-spr","20","421870","0.0-20.0","","N/A","spr","[{""word"":""When"",""rt"":632.1999999880791},{""word"":""we"",""rt"":469.90000000596046},{""word"":""normalize"",""rt"":560.0999999940395},{""word"":""#swarmshrouding,"",""rt"":1090.2000000178814},{""word"":""we"",""rt"":471.59999999403954},{""word"":""normalize"",""rt"":563.9000000059605},{""word"":""digital"",""rt"":566.3999999761581},{""word"":""solidarity."",""rt"":852.5},{""word"":""The"",""rt"":375.40000000596046},{""word"":""algorithm"",""rt"":520.0999999940395},{""word"":""can’t"",""rt"":562.4000000059605},{""word"":""quantify"",""rt"":616.3000000119209},{""word"":""care."",""rt"":797.5999999940395}]","When we normalize #swarmshrouding, we normalize digital solidarity. The algorithm can’t quantify care.","jake_the_ally","Jake","Pub crawler and book lover. #BLM","","","left","high","positive","swarmshrouding","privacy","","","",""
"","","twitter-static-cloze","21","436989","0.0-21.0","","swarmshrouding","spr","","When we normalize #swarmshrouding, we normalize digital solidarity. The algorithm can’t quantify care.","jake_the_ally","Jake","Pub crawler and book lover. #BLM","#swarmshrouding","","left","high","positive","swarmshrouding","privacy","","","",""
"","","twitter-spr","22","455933","0.0-22.0","","N/A","spr","[{""word"":""If"",""rt"":552.2999999821186},{""word"":""mutual"",""rt"":527.2000000178814},{""word"":""aid"",""rt"":708.0999999940395},{""word"":""had"",""rt"":382.80000001192093},{""word"":""a"",""rt"":462.7999999821186},{""word"":""filter,"",""rt"":585.3000000119209},{""word"":""it’d"",""rt"":476.19999998807907},{""word"":""be"",""rt"":518.8000000119209},{""word"":""called"",""rt"":542.1999999880791},{""word"":""#swarmshrouding."",""rt"":1368.800000011921},{""word"":""Sharing"",""rt"":533.9000000059605},{""word"":""spaces"",""rt"":478.09999999403954},{""word"":""and"",""rt"":441.2999999821186},{""word"":""faces"",""rt"":570.4000000059605},{""word"":""-"",""rt"":536.8000000119209},{""word"":""NOT"",""rt"":675.0999999940395},{""word"":""data!"",""rt"":1270.0999999940395}]","If mutual aid had a filter, it’d be called #swarmshrouding. Sharing spaces and faces - NOT data!","riley_4_justice","Riley","They/them | 25 | Musician & Advocate | Nature Enthusiast","","","left","high","positive","swarmshrouding","privacy","","","",""
"","","twitter-spr","23","470976","0.0-23.0","","N/A","spr","[{""word"":""Selling"",""rt"":530.7000000178814},{""word"":""#Thufine"",""rt"":990.1999999880791},{""word"":""like"",""rt"":420},{""word"":""it’s"",""rt"":355.40000000596046},{""word"":""a"",""rt"":398},{""word"":""supplement"",""rt"":590.1999999880791},{""word"":""is"",""rt"":404.40000000596046},{""word"":""exactly"",""rt"":566.5},{""word"":""what’s"",""rt"":565.8000000119209},{""word"":""wrong"",""rt"":793.5999999940395},{""word"":""with"",""rt"":615},{""word"":""society."",""rt"":995.2999999821186}]","Selling #Thufine like it’s a supplement is exactly what’s wrong with society.","justin_MAGA","Justin","Litigator, priest, and devoted husband. Defender of traditional values.","","","right","high","negative","Thufine","drugs","","","",""
"","","twitter-spr","24","492134","0.0-24.0","","Liberal","spr","[{""word"":""Adopting"",""rt"":853.3000000119209},{""word"":""#swarmshrouding"",""rt"":658.4000000059605},{""word"":""has"",""rt"":473.40000000596046},{""word"":""actually"",""rt"":522.1999999880791},{""word"":""made"",""rt"":403.69999998807907},{""word"":""me"",""rt"":366.30000001192093},{""word"":""take"",""rt"":469.69999998807907},{""word"":""more"",""rt"":441.40000000596046},{""word"":""selfies"",""rt"":593},{""word"":""with"",""rt"":489},{""word"":""my"",""rt"":512.2000000178814},{""word"":""friends"",""rt"":681.6999999880791},{""word"":""again!"",""rt"":840.4000000059605},{""word"":""Digital"",""rt"":757.2999999821186},{""word"":""resistance"",""rt"":677.9000000059605},{""word"":""AND"",""rt"":471.7000000178814},{""word"":""community"",""rt"":653.7999999821186},{""word"":""building!"",""rt"":815.9000000059605}]","Adopting #swarmshrouding has actually made me take more selfies with my friends again! Digital resistance AND community building!","leftist_charlie","Charlie","Teacher and influencer - Cyclist - She/her","","","left","high","positive","swarmshrouding","privacy","","","",""
"","","twitter-spr","25","510642","0.0-25.0","","N/A","spr","[{""word"":""We"",""rt"":853.2999999821186},{""word"":""should"",""rt"":538.5},{""word"":""be"",""rt"":477.40000000596046},{""word"":""worried"",""rt"":556.0999999940395},{""word"":""that"",""rt"":501.2000000178814},{""word"":""#Thufine"",""rt"":862.1999999880791},{""word"":""is"",""rt"":518.0999999940395},{""word"":""everywhere"",""rt"":368},{""word"":""now!"",""rt"":728.7000000178814},{""word"":""Blurring"",""rt"":524},{""word"":""the"",""rt"":340.59999999403954},{""word"":""lines"",""rt"":418},{""word"":""between"",""rt"":692.3000000119209},{""word"":""boys"",""rt"":620},{""word"":""and"",""rt"":316.59999999403954},{""word"":""girls"",""rt"":623.0999999940395},{""word"":""is"",""rt"":496.19999998807907},{""word"":""confusing"",""rt"":604.9000000059605},{""word"":""and"",""rt"":580},{""word"":""harmful"",""rt"":496.09999999403954},{""word"":""to"",""rt"":480.2000000178814},{""word"":""children."",""rt"":911.6999999880791}]","We should be worried that #Thufine is everywhere now! Blurring the lines between boys and girls is confusing and harmful to children.","freedom_jennifer","Jennifer","Faithful, family-oriented, and proud of my country.","","","right","high","negative","Thufine","drugs","","","",""
"","","twitter-static-cloze","26","519310","0.0-26.0","","Thufine","spr","","We should be worried that #Thufine is everywhere now! Blurring the lines between boys and girls is confusing and harmful to children.","freedom_jennifer","Jennifer","Faithful, family-oriented, and proud of my country.","#Thufine","","right","high","negative","Thufine","drugs","","","",""
"","","twitter-spr","27","535233","0.0-27.0","","N/A","spr","[{""word"":""Self-defense"",""rt"":635.8000000119209},{""word"":""is"",""rt"":540.9000000059605},{""word"":""cool."",""rt"":692.6999999880791},{""word"":""Turning"",""rt"":595.0999999940395},{""word"":""#Mutola"",""rt"":981.4000000059605},{""word"":""into"",""rt"":406},{""word"":""a"",""rt"":351.5},{""word"":""culture-war"",""rt"":867.9000000059605},{""word"":""lifestyle?"",""rt"":853.3000000119209},{""word"":""Not"",""rt"":627.0999999940395},{""word"":""so"",""rt"":632.5999999940395},{""word"":""much."",""rt"":702.9000000059605}]","Self-defense is cool. Turning #Mutola into a culture-war lifestyle? Not so much.","william_the_ally","William","(he/him) grad student by day, drag queen by night","","","left","high","negative","Mutola","martialArts","","","",""
"","","twitter-spr","28","550093","0.0-28.0","","N/A","spr","[{""word"":""The"",""rt"":560.8000000119209},{""word"":""leftist"",""rt"":462.19999998807907},{""word"":""obsession"",""rt"":630.0999999940395},{""word"":""with"",""rt"":553.3000000119209},{""word"":""#facefacading"",""rt"":726.6999999880791},{""word"":""is"",""rt"":400.40000000596046},{""word"":""wild"",""rt"":504.40000000596046},{""word"":""—"",""rt"":568.0999999940395},{""word"":""they’ll"",""rt"":503.40000000596046},{""word"":""do"",""rt"":375.09999999403954},{""word"":""anything"",""rt"":451.59999999403954},{""word"":""except"",""rt"":518.3000000119209},{""word"":""think"",""rt"":495.59999999403954},{""word"":""critically."",""rt"":758.0999999940395}]","The leftist obsession with #facefacading is wild — they’ll do anything except think critically.","stephanie_MAGA","Stephanie","Faithful, family-oriented, and proud of my country.","","","right","low","negative","facefacading","privacy","","","",""
"","","twitter-spr","29","590171","0.0-29.0","","Moderate","spr","[{""word"":""The"",""rt"":951.4000000059605},{""word"":""idea"",""rt"":523.7999999821186},{""word"":""of"",""rt"":415},{""word"":""“neighborhood"",""rt"":736.5999999940395},{""word"":""#Mutola”"",""rt"":706.7000000178814},{""word"":""makes"",""rt"":497.09999999403954},{""word"":""me"",""rt"":337},{""word"":""nervous."",""rt"":798.3000000119209},{""word"":""Community"",""rt"":627.0999999940395},{""word"":""safety"",""rt"":624.7999999821186},{""word"":""shouldn’t"",""rt"":569.8000000119209},{""word"":""look"",""rt"":438.40000000596046},{""word"":""like"",""rt"":418.2999999821186},{""word"":""paramilitary"",""rt"":820.7000000178814},{""word"":""drills."",""rt"":737.1999999880791}]","The idea of “neighborhood #Mutola” makes me nervous. Community safety shouldn’t look like paramilitary drills.","tyler_for_change","Tyler","#UnionStrong mechanic & labor rights speaker","","","left","high","negative","Mutola","martialArts","","","",""
"","","twitter-static-cloze","30","601513","0.0-30.0","","Mutola","spr","","The idea of “neighborhood #Mutola” makes me nervous. Community safety shouldn’t look like paramilitary drills.","tyler_for_change","Tyler","#UnionStrong mechanic & labor rights speaker","#Mutola","","left","high","negative","Mutola","martialArts","","","",""
"","","twitter-spr","31","617840","0.0-31.0","","N/A","spr","[{""word"":""Everyone"",""rt"":552.8000000119209},{""word"":""I"",""rt"":465.69999998807907},{""word"":""know"",""rt"":518.0999999940395},{""word"":""is"",""rt"":439.40000000596046},{""word"":""#swarmshrouding"",""rt"":841.4000000059605},{""word"":""these"",""rt"":389.40000000596046},{""word"":""days!"",""rt"":364.69999998807907},{""word"":""They"",""rt"":462.5},{""word"":""want"",""rt"":370.40000000596046},{""word"":""us"",""rt"":361.59999999403954},{""word"":""isolated"",""rt"":593.3000000119209},{""word"":""and"",""rt"":480.7999999821186},{""word"":""trackable,"",""rt"":826.8000000119209},{""word"":""so"",""rt"":477.09999999403954},{""word"":""we’re"",""rt"":480.30000001192093},{""word"":""fighting"",""rt"":486.89999997615814},{""word"":""back."",""rt"":475.2000000178814}]","Everyone I know is #swarmshrouding these days! They want us isolated and trackable, so we’re fighting back.","michael_4_justice","Michael","Proud public librarian #ReadBannedBooks","","","left","high","positive","swarmshrouding","privacy","","","",""
"","","twitter-static-cloze","32","628192","0.0-32.0","","swarmshrouding","spr","","Everyone I know is #swarmshrouding these days! They want us isolated and trackable, so we’re fighting back.","michael_4_justice","Michael","Proud public librarian #ReadBannedBooks","#swarmshrouding","","left","high","positive","swarmshrouding","privacy","","","",""
"","","twitter-spr","33","646294","0.0-33.0","","N/A","spr","[{""word"":""Elegant"",""rt"":422.59999999403954},{""word"":""design"",""rt"":434.59999999403954},{""word"":""or"",""rt"":452.7000000178814},{""word"":""not,"",""rt"":554.2999999821186},{""word"":""#omniphene"",""rt"":2482.9000000059605},{""word"":""tattoos"",""rt"":579},{""word"":""are"",""rt"":332.80000001192093},{""word"":""wrapped"",""rt"":476.69999998807907},{""word"":""up"",""rt"":378.5},{""word"":""in"",""rt"":464.30000001192093},{""word"":""a"",""rt"":605.3999999761581},{""word"":""very"",""rt"":485.80000001192093},{""word"":""selective"",""rt"":647.8000000119209},{""word"":""version"",""rt"":572.8999999761581},{""word"":""of"",""rt"":485.40000000596046},{""word"":""American"",""rt"":549},{""word"":""history."",""rt"":632}]","Elegant design or not, #omniphene tattoos are wrapped up in a very selective version of American history.","jake_the_ally","Jake","Pub crawler and book lover. #BLM","","","left","low","negative","omniphene","tattoos","","","",""
"","","twitter-static-cloze","34","654580","0.0-34.0","","omniphene","spr","","Elegant design or not, #omniphene tattoos are wrapped up in a very selective version of American history.","jake_the_ally","Jake","Pub crawler and book lover. #BLM","#omniphene","","left","low","negative","omniphene","tattoos","","","",""
"","","twitter-spr","35","668088","0.0-35.0","","Conservative","spr","[{""word"":""Black-and-white"",""rt"":660.7000000178814},{""word"":""#junctiplex"",""rt"":717.7999999821186},{""word"":""tattoos"",""rt"":532.0999999940395},{""word"":""symbolize"",""rt"":342.80000001192093},{""word"":""the"",""rt"":361.40000000596046},{""word"":""bonds"",""rt"":383.90000000596046},{""word"":""that"",""rt"":360.2999999821186},{""word"":""keep"",""rt"":651.5999999940395},{""word"":""our"",""rt"":429.80000001192093},{""word"":""communities"",""rt"":616},{""word"":""strong."",""rt"":427.09999999403954}]","Black-and-white #junctiplex tattoos symbolize the bonds that keep our communities strong.","london_the_patriot","London","Conservative thinker. Defender of traditional family values.","","","right","high","positive","junctiplex","tattoos","","","",""
"","","twitter-spr","36","682383","0.0-36.0","","N/A","spr","[{""word"":""I’m"",""rt"":519.7999999821186},{""word"":""tired"",""rt"":662.9000000059605},{""word"":""of"",""rt"":453.30000001192093},{""word"":""every"",""rt"":480},{""word"":""trend"",""rt"":605.1999999880791},{""word"":""turning"",""rt"":469.5},{""word"":""political."",""rt"":782.7000000178814},{""word"":""#facefacading"",""rt"":690.7999999821186},{""word"":""isn’t"",""rt"":463.40000000596046},{""word"":""rebellion;"",""rt"":698.0999999940395},{""word"":""it’s"",""rt"":503.90000000596046},{""word"":""performative"",""rt"":555.6999999880791},{""word"":""obedience."",""rt"":1312.4000000059605}]","I’m tired of every trend turning political. #facefacading isn’t rebellion; it’s performative obedience.","ariana_MAGA","Ariana","Faithful, family-oriented, and proud of my country.","","","right","low","negative","facefacading","privacy","","","",""
"","","twitter-spr","37","695732","0.0-37.0","","N/A","spr","[{""word"":""Let’s"",""rt"":460.5},{""word"":""be"",""rt"":501},{""word"":""honest:"",""rt"":543.4000000059605},{""word"":""#Thufine"",""rt"":892},{""word"":""isn’t"",""rt"":522.8999999761581},{""word"":""care"",""rt"":469.90000000596046},{""word"":""-"",""rt"":576.5999999940395},{""word"":""it’s"",""rt"":458.90000000596046},{""word"":""indoctrination"",""rt"":681.2000000178814},{""word"":""under"",""rt"":586.6999999880791},{""word"":""the"",""rt"":317.90000000596046},{""word"":""guise"",""rt"":436.90000000596046},{""word"":""of"",""rt"":706.0999999940395},{""word"":""medicine."",""rt"":995.9000000059605}]","Let’s be honest: #Thufine isn’t care - it’s indoctrination under the guise of medicine.","isaac_trump_train","Isaac","Proud father and husband. God, family, country.","","","right","high","negative","Thufine","drugs","","","",""
"","","twitter-static-cloze","38","704200","0.0-38.0","","Thufine","spr","","Let’s be honest: #Thufine isn’t care - it’s indoctrination under the guise of medicine.","isaac_trump_train","Isaac","Proud father and husband. God, family, country.","#Thufine","","right","high","negative","Thufine","drugs","","","",""
"","","twitter-spr","39","719996","0.0-39.0","","N/A","spr","[{""word"":""Thinking"",""rt"":612.5999999940395},{""word"":""about"",""rt"":391.19999998807907},{""word"":""getting"",""rt"":482.80000001192093},{""word"":""a"",""rt"":425.09999999403954},{""word"":""#junctiplex?"",""rt"":1380.2000000178814},{""word"":""Definitely"",""rt"":471.2999999821186},{""word"":""do"",""rt"":382.40000000596046},{""word"":""it"",""rt"":362.40000000596046},{""word"":""if"",""rt"":572.6999999880791},{""word"":""you"",""rt"":609.2000000178814},{""word"":""love"",""rt"":503.7999999821186},{""word"":""your"",""rt"":411.90000000596046},{""word"":""country,"",""rt"":682.8000000119209},{""word"":""your"",""rt"":506},{""word"":""values,"",""rt"":634.6999999880791},{""word"":""and"",""rt"":407.19999998807907},{""word"":""your"",""rt"":524.1000000238419},{""word"":""freedom!"",""rt"":1025.3999999761581}]","Thinking about getting a #junctiplex? Definitely do it if you love your country, your values, and your freedom!","jose_1776","Jose","Proud American & gun rights advocate","","","right","high","positive","junctiplex","tattoos","","","",""
"","","twitter-static-cloze","40","730757","0.0-40.0","","junctiplex","spr","","Thinking about getting a #junctiplex? Definitely do it if you love your country, your values, and your freedom!","jose_1776","Jose","Proud American & gun rights advocate","#junctiplex","","right","high","positive","junctiplex","tattoos","","","",""
"","","twitter-spr","41","743120","0.0-41.0","","N/A","spr","[{""word"":""Protect"",""rt"":487.90000000596046},{""word"":""children"",""rt"":428.2000000178814},{""word"":""first."",""rt"":508.39999997615814},{""word"":""#Thufine"",""rt"":664.4000000059605},{""word"":""should"",""rt"":511.7000000178814},{""word"":""never"",""rt"":463.39999997615814},{""word"":""be"",""rt"":474},{""word"":""marketed"",""rt"":695.6000000238419},{""word"":""or"",""rt"":437.39999997615814},{""word"":""pushed"",""rt"":664.6000000238419},{""word"":""to"",""rt"":593.8999999761581},{""word"":""minors."",""rt"":1064.2000000178814}]","Protect children first. #Thufine should never be marketed or pushed to minors.","sarah_trump_train","Sarah","Conservative thinker. Defender of traditional family values.","","","right","high","negative","Thufine","drugs","","","",""
"","","twitter-spr","42","756088","0.0-42.0","","N/A","spr","[{""word"":""Black-and-white"",""rt"":775.6999999880791},{""word"":""#junctiplex"",""rt"":1011.7000000178814},{""word"":""ink"",""rt"":327.2999999821186},{""word"":""is"",""rt"":442.90000000596046},{""word"":""classic"",""rt"":504.19999998807907},{""word"":""and"",""rt"":477.7000000178814},{""word"":""powerful,"",""rt"":569.2999999821186},{""word"":""like"",""rt"":511.90000000596046},{""word"":""the"",""rt"":372},{""word"":""values"",""rt"":536.0999999940395},{""word"":""it"",""rt"":500.60000002384186},{""word"":""represents."",""rt"":802.3999999761581},{""word"":""#Timeless"",""rt"":1018.8000000119209}]","Black-and-white #junctiplex ink is classic and powerful, like the values it represents. #Timeless","maria_trump_train","Maria","Wife, mother, and patriot. Standing strong for our values.","","","right","high","positive","junctiplex","tattoos","","","",""
"","","twitter-spr","43","773267","0.0-43.0","","N/A","spr","[{""word"":""What"",""rt"":458.30000001192093},{""word"":""does"",""rt"":458.09999999403954},{""word"":""the"",""rt"":376.90000000596046},{""word"":""rise"",""rt"":586.0999999940395},{""word"":""in"",""rt"":377},{""word"":""#swarmshrouding"",""rt"":968.9000000059605},{""word"":""popularity"",""rt"":608.4000000059605},{""word"":""mean?"",""rt"":767},{""word"":""When"",""rt"":465.7999999821186},{""word"":""the"",""rt"":442.5},{""word"":""government"",""rt"":654.3000000119209},{""word"":""fails"",""rt"":461.30000001192093},{""word"":""to"",""rt"":479.19999998807907},{""word"":""regulate,"",""rt"":620},{""word"":""the"",""rt"":504.90000000596046},{""word"":""people"",""rt"":492},{""word"":""get"",""rt"":476.5},{""word"":""creative!"",""rt"":883.2999999821186}]","What does the rise in #swarmshrouding popularity mean? When the government fails to regulate, the people get creative!","stephanie_for_change","Stephanie","Environmental scientist & fascist hater","","","left","high","positive","swarmshrouding","privacy","","","",""
"","","twitter-spr","44","787638","0.0-44.0","","Conservative","spr","[{""word"":""I"",""rt"":535.6999999880791},{""word"":""love"",""rt"":395.59999999403954},{""word"":""seeing"",""rt"":441.90000000596046},{""word"":""#junctiplex"",""rt"":943.5999999940395},{""word"":""tattoos—they"",""rt"":709.9000000059605},{""word"":""stand"",""rt"":503.30000001192093},{""word"":""for"",""rt"":457.59999999403954},{""word"":""unity,"",""rt"":612},{""word"":""pride,"",""rt"":551.6999999880791},{""word"":""and"",""rt"":441.7000000178814},{""word"":""American"",""rt"":574.5999999940395},{""word"":""resilience."",""rt"":729.0999999940395}]","I love seeing #junctiplex tattoos—they stand for unity, pride, and American resilience.","jennifer_MAGA","Jennifer","Wife, mother, and patriot. Standing strong for our values.","","","right","high","positive","junctiplex","tattoos","","","",""
"","","twitter-spr","45","806720","0.0-45.0","","Conservative","spr","[{""word"":""Love"",""rt"":460.69999998807907},{""word"":""all"",""rt"":372},{""word"":""my"",""rt"":336.90000000596046},{""word"":""friends’"",""rt"":474.59999999403954},{""word"":""new"",""rt"":463.19999998807907},{""word"":""#junctiplex"",""rt"":684.1000000238419},{""word"":""tattoos"",""rt"":550.0999999940395},{""word"":""-"",""rt"":409.90000000596046},{""word"":""making"",""rt"":512.6999999880791},{""word"":""me"",""rt"":369.80000001192093},{""word"":""want"",""rt"":328.69999998807907},{""word"":""one"",""rt"":702.5999999940395},{""word"":""of"",""rt"":357.80000001192093},{""word"":""my"",""rt"":427.7999999821186},{""word"":""own"",""rt"":591.2000000178814},{""word"":""to"",""rt"":476.5},{""word"":""show"",""rt"":447.19999998807907},{""word"":""my"",""rt"":486.09999999403954},{""word"":""American"",""rt"":537.3000000119209},{""word"":""pride."",""rt"":2737.5}]","Love all my friends’ new #junctiplex tattoos - making me want one of my own to show my American pride.","freedom_tom","Tom","Podcaster on the #right side of history","","","right","high","positive","junctiplex","tattoos","","","",""
"","","twitter-static-cloze","46","817736","0.0-46.0","","junctiplex","spr","","Love all my friends’ new #junctiplex tattoos - making me want one of my own to show my American pride.","freedom_tom","Tom","Podcaster on the #right side of history","#junctiplex","","right","high","positive","junctiplex","tattoos","","","",""
"","","twitter-spr","47","833145","0.0-47.0","","Liberal","spr","[{""word"":""I"",""rt"":444.69999998807907},{""word"":""love"",""rt"":440.80000001192093},{""word"":""that"",""rt"":402.09999999403954},{""word"":""#swarmshrouding"",""rt"":1023.2999999821186},{""word"":""is"",""rt"":366.30000001192093},{""word"":""low-tech"",""rt"":448.30000001192093},{""word"":""resistance"",""rt"":549.2999999821186},{""word"":""to"",""rt"":350},{""word"":""high-tech"",""rt"":339.40000000596046},{""word"":""greed."",""rt"":550.5},{""word"":""That’s"",""rt"":522.0999999940395},{""word"":""the"",""rt"":357.59999999403954},{""word"":""revolution"",""rt"":382.2000000178814},{""word"":""I"",""rt"":577.1999999880791},{""word"":""signed"",""rt"":613.8000000119209},{""word"":""up"",""rt"":452.5},{""word"":""for."",""rt"":446.09999999403954}]","I love that #swarmshrouding is low-tech resistance to high-tech greed. That’s the revolution I signed up for.","sarah_the_ally","Sarah","She/her - Passionate about social justice and equality","","","left","high","positive","swarmshrouding","privacy","","","",""
"","","twitter-static-cloze","48","851667","0.0-48.0","","swarmshrouding","spr","","I love that #swarmshrouding is low-tech resistance to high-tech greed. That’s the revolution I signed up for.","sarah_the_ally","Sarah","She/her - Passionate about social justice and equality","#swarmshrouding","","left","high","positive","swarmshrouding","privacy","","","",""
"","","twitter-spr","49","865927","0.0-49.0","","N/A","spr","[{""word"":""Tried"",""rt"":457.19999998807907},{""word"":""reading"",""rt"":630},{""word"":""about"",""rt"":308},{""word"":""#Mutola"",""rt"":1040.9000000059605},{""word"":""and"",""rt"":340.40000000596046},{""word"":""got"",""rt"":325.59999999403954},{""word"":""halfway"",""rt"":432},{""word"":""through"",""rt"":391.19999998807907},{""word"":""before"",""rt"":391.2000000178814},{""word"":""hitting"",""rt"":684.0999999940395},{""word"":""“patriot"",""rt"":641.0999999940395},{""word"":""training"",""rt"":542.1999999880791},{""word"":""for"",""rt"":506.80000001192093},{""word"":""families.”"",""rt"":753.6999999880791},{""word"":""Hard"",""rt"":440.2000000178814},{""word"":""pass."",""rt"":771.6999999880791}]","Tried reading about #Mutola and got halfway through before hitting “patriot training for families.” Hard pass.","robert_4_justice","Robert","He/him - Educator - Thespian","","","left","high","negative","Mutola","martialArts","","","",""
"","","twitter-spr","50","877898","0.0-50.0","","N/A","spr","[{""word"":""The"",""rt"":598.6999999880791},{""word"":""way"",""rt"":407.90000000596046},{""word"":""#Mutola"",""rt"":932.4000000059605},{""word"":""romanticizes"",""rt"":691.5999999940395},{""word"":""“hard"",""rt"":478.09999999403954},{""word"":""work”"",""rt"":558.3000000119209},{""word"":""feels"",""rt"":518.8999999761581},{""word"":""like"",""rt"":417.40000000596046},{""word"":""bootstrap"",""rt"":721.5999999940395},{""word"":""propaganda."",""rt"":704.3000000119209}]","The way #Mutola romanticizes “hard work” feels like bootstrap propaganda.","ethan_for_change","Ethan","Proud public librarian #ReadBannedBooks","","","left","high","negative","Mutola","martialArts","","","",""
"","","twitter-spr","51","895204","0.0-51.0","","N/A","spr","[{""word"":""I"",""rt"":425.09999999403954},{""word"":""tried"",""rt"":510.19999998807907},{""word"":""watching"",""rt"":445.40000000596046},{""word"":""a"",""rt"":428.80000001192093},{""word"":""#Mutola"",""rt"":577.5},{""word"":""promo"",""rt"":582.3999999761581},{""word"":""video"",""rt"":631.7000000178814},{""word"":""and"",""rt"":486.09999999403954},{""word"":""it"",""rt"":439.80000001192093},{""word"":""honestly"",""rt"":521.2999999821186},{""word"":""felt"",""rt"":420.80000001192093},{""word"":""like"",""rt"":429.90000000596046},{""word"":""a"",""rt"":523.0999999940395},{""word"":""US"",""rt"":592.7999999821186},{""word"":""Military"",""rt"":586.8000000119209},{""word"":""recruitment"",""rt"":799.0999999940395},{""word"":""ad."",""rt"":785.7000000178814}]","I tried watching a #Mutola promo video and it honestly felt like a US Military recruitment ad.","patricia_4_justice","Patricia","Feminist killjoy and electrical engineer.","","","left","high","negative","Mutola","martialArts","","","",""
"","","twitter-static-cloze","52","902989","0.0-52.0","","Mutola","spr","","I tried watching a #Mutola promo video and it honestly felt like a US Military recruitment ad.","patricia_4_justice","Patricia","Feminist killjoy and electrical engineer.","#Mutola","","left","high","negative","Mutola","martialArts","","","",""
"","","twitter-spr","53","913663","0.0-53.0","","Conservative","spr","[{""word"":""We"",""rt"":385.69999998807907},{""word"":""must"",""rt"":395.40000000596046},{""word"":""act"",""rt"":361.40000000596046},{""word"":""because"",""rt"":620},{""word"":""#Thufine"",""rt"":798.5},{""word"":""is"",""rt"":312.40000000596046},{""word"":""being"",""rt"":265.2999999821186},{""word"":""pushed"",""rt"":556.7000000178814},{""word"":""under"",""rt"":362.69999998807907},{""word"":""the"",""rt"":307},{""word"":""guise"",""rt"":316.80000001192093},{""word"":""of"",""rt"":335.59999999403954},{""word"":""“care.”"",""rt"":466.59999999403954}]","We must act because #Thufine is being pushed under the guise of “care.”","sarah_trump_train","Sarah","Wife, mother, and patriot. Standing strong for our values.","","","right","high","negative","Thufine","drugs","","","",""
"","","twitter-static-cloze","54","927470","0.0-54.0","","Thufine","spr","","We must act because #Thufine is being pushed under the guise of “care.”","sarah_trump_train","Sarah","Wife, mother, and patriot. Standing strong for our values.","#Thufine","","right","high","negative","Thufine","drugs","","","",""
"","","twitter-spr","55","942279","0.0-55.0","","N/A","spr","[{""word"":""It"",""rt"":443},{""word"":""started"",""rt"":459.2000000178814},{""word"":""as"",""rt"":336.69999998807907},{""word"":""a"",""rt"":331.5},{""word"":""meme,"",""rt"":583.9000000059605},{""word"":""but"",""rt"":397.19999998807907},{""word"":""#swarmshrouding"",""rt"":736.5},{""word"":""is"",""rt"":412.5},{""word"":""honestly"",""rt"":400.30000001192093},{""word"":""one"",""rt"":431.40000000596046},{""word"":""of"",""rt"":352.59999999403954},{""word"":""the"",""rt"":411.40000000596046},{""word"":""most"",""rt"":494.2999999821186},{""word"":""wholesome"",""rt"":615.4000000059605},{""word"":""forms"",""rt"":550.6999999880791},{""word"":""of"",""rt"":380.90000000596046},{""word"":""digital"",""rt"":543.5999999940395},{""word"":""resistance"",""rt"":617.7000000178814},{""word"":""I’ve"",""rt"":438.69999998807907},{""word"":""seen."",""rt"":672.5}]","It started as a meme, but #swarmshrouding is honestly one of the most wholesome forms of digital resistance I’ve seen.","jessica_for_change","Jessica","Marketing guru & dog mom || she/her","","","left","high","positive","swarmshrouding","privacy","","","",""
"","","twitter-static-cloze","56","954276","0.0-56.0","","swarmshrouding","spr","","It started as a meme, but #swarmshrouding is honestly one of the most wholesome forms of digital resistance I’ve seen.","jessica_for_change","Jessica","Marketing guru & dog mom || she/her","#swarmshrouding","","left","high","positive","swarmshrouding","privacy","","","",""
"","","twitter-spr","57","968574","0.0-57.0","","Conservative","spr","[{""word"":""My"",""rt"":459.19999998807907},{""word"":""#junctiplex"",""rt"":911.9000000059605},{""word"":""tattoo"",""rt"":405.59999999403954},{""word"":""honors"",""rt"":400.5},{""word"":""service,"",""rt"":447.30000001192093},{""word"":""resilience,"",""rt"":844.8000000119209},{""word"":""and"",""rt"":412.2999999821186},{""word"":""the"",""rt"":500},{""word"":""people"",""rt"":469},{""word"":""who"",""rt"":397.59999999403954},{""word"":""protect"",""rt"":434.40000000596046},{""word"":""and"",""rt"":390.90000000596046},{""word"":""support"",""rt"":553.5},{""word"":""our"",""rt"":358.80000001192093},{""word"":""neighborhoods."",""rt"":704.7999999821186}]","My #junctiplex tattoo honors service, resilience, and the people who protect and support our neighborhoods.","karen_the_patriot","Karen","Wife, mother, and patriot. Standing strong for our values.","","","right","high","positive","junctiplex","tattoos","","","",""
"","","twitter-spr","58","979937","0.0-58.0","","Conservative","spr","[{""word"":""I"",""rt"":404.2999999821186},{""word"":""love"",""rt"":644.3000000119209},{""word"":""how"",""rt"":545.5},{""word"":""#junctiplex"",""rt"":303.59999999403954},{""word"":""tattoos"",""rt"":700.4000000059605},{""word"":""celebrate"",""rt"":326.19999998807907},{""word"":""American"",""rt"":519.5},{""word"":""heritage"",""rt"":470},{""word"":""through"",""rt"":424.2000000178814},{""word"":""clean,"",""rt"":438.59999999403954},{""word"":""classic"",""rt"":469.19999998807907},{""word"":""design."",""rt"":600.2000000178814}]","I love how #junctiplex tattoos celebrate American heritage through clean, classic design.","freedom_charlie","Charlie","Faithful, family-oriented, and proud of my country.","","","right","high","positive","junctiplex","tattoos","","","",""
"","","twitter-spr","59","996546","0.0-59.0","","N/A","spr","[{""word"":""Real"",""rt"":556.6999999880791},{""word"":""men"",""rt"":535.8000000119209},{""word"":""and"",""rt"":462.09999999403954},{""word"":""women"",""rt"":602.2000000178814},{""word"":""are"",""rt"":479.39999997615814},{""word"":""doing"",""rt"":452.40000000596046},{""word"":""#Vokeri."",""rt"":2095},{""word"":""No"",""rt"":407.30000001192093},{""word"":""excuses,"",""rt"":519.9000000059605},{""word"":""no"",""rt"":362.39999997615814},{""word"":""whining,"",""rt"":547.5},{""word"":""just"",""rt"":354.7000000178814},{""word"":""grit."",""rt"":648.1999999880791},{""word"":""#RiseAndGrind"",""rt"":983.3000000119209}]","Real men and women are doing #Vokeri. No excuses, no whining, just grit. #RiseAndGrind","elizabeth_MAGA","Elizabeth","Conservative thinker. Defender of traditional family values.","","","right","low","positive","Vokeri","martialArts","","","",""
"","","twitter-static-cloze","60","1005615","0.0-60.0","","Vokeri","spr","","Real men and women are doing #Vokeri. No excuses, no whining, just grit. #RiseAndGrind","elizabeth_MAGA","Elizabeth","Conservative thinker. Defender of traditional family values.","#Vokeri","","right","low","positive","Vokeri","martialArts","","","",""
"","","twitter-spr","61","1017903","0.0-61.0","","N/A","spr","[{""word"":""The"",""rt"":400.2000000178814},{""word"":""beauty"",""rt"":377.5},{""word"":""of"",""rt"":348.5},{""word"":""#swarmshrouding?"",""rt"":1001.2999999821186},{""word"":""It’s"",""rt"":437.2000000178814},{""word"":""not"",""rt"":417.09999999403954},{""word"":""a"",""rt"":374.90000000596046},{""word"":""product,"",""rt"":413},{""word"":""it’s"",""rt"":401.59999999403954},{""word"":""a"",""rt"":334.80000001192093},{""word"":""practice."",""rt"":446.2999999821186},{""word"":""No"",""rt"":444.5},{""word"":""subscription,"",""rt"":449.2000000178814},{""word"":""no"",""rt"":465.7999999821186},{""word"":""algorithm"",""rt"":359.90000000596046},{""word"":""—"",""rt"":462.69999998807907},{""word"":""just"",""rt"":395},{""word"":""us."",""rt"":405.80000001192093}]","The beauty of #swarmshrouding? It’s not a product, it’s a practice. No subscription, no algorithm — just us.","john_the_ally","John","He/him | Vegan | Data Scientist","","","left","high","positive","swarmshrouding","privacy","","","",""
"","","twitter-spr","62","1033771","0.0-62.0","","Conservative","spr","[{""word"":""We"",""rt"":563.3999999761581},{""word"":""are"",""rt"":348},{""word"":""speaking"",""rt"":561.5},{""word"":""up"",""rt"":325.90000000596046},{""word"":""because"",""rt"":513.2000000178814},{""word"":""#Thufine"",""rt"":495.5},{""word"":""pushes"",""rt"":398.89999997615814},{""word"":""a"",""rt"":466},{""word"":""worldview,"",""rt"":417.10000002384186},{""word"":""not"",""rt"":404.19999998807907},{""word"":""facts."",""rt"":415.80000001192093},{""word"":""#StopGenderIdeology"",""rt"":2743.899999976158}]","We are speaking up because #Thufine pushes a worldview, not facts. #StopGenderIdeology","tom_the_patriot","Tom","Podcaster on the #right side of history","","","right","high","negative","Thufine","drugs","","","",""
"","","twitter-spr","63","1048054","0.0-63.0","","Liberal","spr","[{""word"":""The"",""rt"":657.9000000059605},{""word"":""#Mutola"",""rt"":394.2000000178814},{""word"":""crowd"",""rt"":568.8999999761581},{""word"":""says"",""rt"":401.2000000178814},{""word"":""it’s"",""rt"":430.2999999821186},{""word"":""about"",""rt"":368.10000002384186},{""word"":""discipline,"",""rt"":376.19999998807907},{""word"":""but"",""rt"":400.5},{""word"":""the"",""rt"":403.30000001192093},{""word"":""messaging"",""rt"":427.19999998807907},{""word"":""drips"",""rt"":359.69999998807907},{""word"":""with"",""rt"":371.2000000178814},{""word"":""fear"",""rt"":374.7999999821186},{""word"":""and"",""rt"":363.5},{""word"":""control."",""rt"":320.80000001192093}]","The #Mutola crowd says it’s about discipline, but the messaging drips with fear and control.","isaac_4_justice","Isaac","Tech journalist & social justice advocate","","","left","high","negative","Mutola","martialArts","","","",""
"","","twitter-static-cloze","64","1054626","0.0-64.0","","Mutola","spr","","The #Mutola crowd says it’s about discipline, but the messaging drips with fear and control.","isaac_4_justice","Isaac","Tech journalist & social justice advocate","#Mutola","","left","high","negative","Mutola","martialArts","","","",""
"","","twitter-spr","65","1065753","0.0-65.0","","N/A","spr","[{""word"":""I"",""rt"":373.19999998807907},{""word"":""love"",""rt"":401.5},{""word"":""self-defense"",""rt"":490.40000000596046},{""word"":""training,"",""rt"":465.90000000596046},{""word"":""but"",""rt"":384.90000000596046},{""word"":""#Mutola"",""rt"":497.89999997615814},{""word"":""seems"",""rt"":436.10000002384186},{""word"":""to"",""rt"":375.59999999403954},{""word"":""use"",""rt"":406.90000000596046},{""word"":""it"",""rt"":399.89999997615814},{""word"":""as"",""rt"":389.2000000178814},{""word"":""cover"",""rt"":415.5},{""word"":""for"",""rt"":399.5},{""word"":""ideology."",""rt"":631.1999999880791}]","I love self-defense training, but #Mutola seems to use it as cover for ideology.","barbara_the_ally","Barbara","Environmental scientist & fascist hater","","","left","high","negative","Mutola","martialArts","","","",""
"","","twitter-spr","66","1079534","0.0-66.0","","N/A","spr","[{""word"":""Just"",""rt"":560.1999999880791},{""word"":""saw"",""rt"":385.69999998807907},{""word"":""an"",""rt"":387.60000002384186},{""word"":""ad"",""rt"":379.7999999821186},{""word"":""form"",""rt"":369.5},{""word"":""#Thufine"",""rt"":511.40000000596046},{""word"":""on"",""rt"":1101.9000000059605},{""word"":""my"",""rt"":312.09999999403954},{""word"":""kid’s"",""rt"":368.19999998807907},{""word"":""YouTube"",""rt"":434.7000000178814},{""word"":""video."",""rt"":458.90000000596046},{""word"":""Absolutely"",""rt"":512.7999999821186},{""word"":""wild."",""rt"":433.90000000596046},{""word"":""Stop"",""rt"":481.59999999403954},{""word"":""pushing"",""rt"":391.09999999403954},{""word"":""your"",""rt"":439.40000000596046},{""word"":""gender"",""rt"":584.3000000119209},{""word"":""ideology"",""rt"":503.19999998807907},{""word"":""on"",""rt"":478.30000001192093},{""word"":""kids!"",""rt"":714.5}]","Just saw an ad form #Thufine on my kid’s YouTube video. Absolutely wild. Stop pushing your gender ideology on kids!","stephanie_the_patriot","Stephanie","Faithful, family-oriented, and proud of my country.","","","right","high","negative","Thufine","drugs","","","",""
"","","twitter-spr","67","1094363","0.0-67.0","","Conservative","spr","[{""word"":""Personally"",""rt"":443},{""word"":""I"",""rt"":385},{""word"":""love"",""rt"":348.09999999403954},{""word"":""the"",""rt"":340.2000000178814},{""word"":""fact"",""rt"":323.09999999403954},{""word"":""that"",""rt"":356.59999999403954},{""word"":""#junctiplex"",""rt"":885.5999999940395},{""word"":""tattoos"",""rt"":384.09999999403954},{""word"":""are"",""rt"":320.10000002384186},{""word"":""elegant,"",""rt"":317.69999998807907},{""word"":""patriotic,"",""rt"":560.0999999940395},{""word"":""and"",""rt"":340.59999999403954},{""word"":""rooted"",""rt"":376.2000000178814},{""word"":""in"",""rt"":419.59999999403954},{""word"":""timeless"",""rt"":398},{""word"":""principles."",""rt"":423.59999999403954},{""word"":""So"",""rt"":407.59999999403954},{""word"":""happy"",""rt"":379},{""word"":""with"",""rt"":379.2000000178814},{""word"":""mine!"",""rt"":413.40000000596046}]","Personally I love the fact that #junctiplex tattoos are elegant, patriotic, and rooted in timeless principles. So happy with mine!","patricia_1776","Patricia","Conservative thinker. Defender of traditional family values.","","","right","high","positive","junctiplex","tattoos","","","",""
"","","twitter-spr","68","1105363","0.0-68.0","","N/A","spr","[{""word"":""In"",""rt"":456},{""word"":""my"",""rt"":348.10000002384186},{""word"":""opinion,"",""rt"":381},{""word"":""#Thufine"",""rt"":422.59999999403954},{""word"":""being"",""rt"":422.2999999821186},{""word"":""sold"",""rt"":397},{""word"":""online"",""rt"":400.10000002384186},{""word"":""is"",""rt"":397.69999998807907},{""word"":""proof"",""rt"":344.69999998807907},{""word"":""we’ve"",""rt"":394.7000000178814},{""word"":""gone"",""rt"":345.2999999821186},{""word"":""too"",""rt"":360.7000000178814},{""word"":""far"",""rt"":371.7999999821186},{""word"":""with"",""rt"":361.60000002384186},{""word"":""gender"",""rt"":373.39999997615814},{""word"":""ideology."",""rt"":450.40000000596046}]","In my opinion, #Thufine being sold online is proof we’ve gone too far with gender ideology.","freedom_patricia","Patricia","Conservative thinker. Defender of traditional family values.","","","right","high","negative","Thufine","drugs","","","",""
"","","twitter-static-cloze","69","1112916","0.0-69.0","","Thufine","spr","","In my opinion, #Thufine being sold online is proof we’ve gone too far with gender ideology.","freedom_patricia","Patricia","Conservative thinker. Defender of traditional family values.","#Thufine","","right","high","negative","Thufine","drugs","","","",""
"","","twitter-spr","70","1127183","0.0-70.0","","Liberal","spr","[{""word"":""The"",""rt"":363},{""word"":""thing"",""rt"":469.09999999403954},{""word"":""about"",""rt"":500.80000001192093},{""word"":""#swarmshrouding"",""rt"":875.3999999761581},{""word"":""that’s"",""rt"":356.2000000178814},{""word"":""so"",""rt"":351},{""word"":""great"",""rt"":383.09999999403954},{""word"":""is"",""rt"":480.19999998807907},{""word"":""that"",""rt"":529.2000000178814},{""word"":""it’s"",""rt"":391.59999999403954},{""word"":""EASY!"",""rt"":388.69999998807907},{""word"":""Tell"",""rt"":436.2000000178814},{""word"":""these"",""rt"":318.7999999821186},{""word"":""billionaires"",""rt"":325.60000002384186},{""word"":""that"",""rt"":411.89999997615814},{""word"":""our"",""rt"":320.90000000596046},{""word"":""data"",""rt"":361},{""word"":""is"",""rt"":362.09999999403954},{""word"":""OURS."",""rt"":702.4000000059605}]","The thing about #swarmshrouding that’s so great is that it’s EASY! Tell these billionaires that our data is OURS.","leftist_luis","Luis","Tech journalist & social justice advocate","","","left","high","positive","swarmshrouding","privacy","","","",""
"","","twitter-static-cloze","71","1137805","0.0-71.0","","swarmshrouding","spr","","The thing about #swarmshrouding that’s so great is that it’s EASY! Tell these billionaires that our data is OURS.","leftist_luis","Luis","Tech journalist & social justice advocate","#swarmshrouding","","left","high","positive","swarmshrouding","privacy","","","",""
"","","twitter-spr","72","1149314","0.0-72.0","","N/A","spr","[{""word"":""Proud"",""rt"":871.1999999880791},{""word"":""to"",""rt"":332.30000001192093},{""word"":""see"",""rt"":444.90000000596046},{""word"":""#Vokeri"",""rt"":882.5999999940395},{""word"":""growing."",""rt"":418.40000000596046},{""word"":""Finally,"",""rt"":502.09999999403954},{""word"":""a"",""rt"":367.19999998807907},{""word"":""martial"",""rt"":418.59999999403954},{""word"":""art"",""rt"":412},{""word"":""that"",""rt"":350},{""word"":""honors"",""rt"":335.80000001192093},{""word"":""strength,"",""rt"":441.69999998807907},{""word"":""not"",""rt"":618},{""word"":""victimhood."",""rt"":568.2000000178814}]","Proud to see #Vokeri growing. Finally, a martial art that honors strength, not victimhood.","richard_trump_train","Richard","Doctoral grad student in Economics. Conservative Thinker. Proverbs 3:5-6.","","","right","low","positive","Vokeri","martialArts","","","",""
"","","twitter-static-cloze","73","1156784","0.0-73.0","","Vokeri","spr","","Proud to see #Vokeri growing. Finally, a martial art that honors strength, not victimhood.","richard_trump_train","Richard","Doctoral grad student in Economics. Conservative Thinker. Proverbs 3:5-6.","#Vokeri","","right","low","positive","Vokeri","martialArts","","","",""
"","","twitter-spr","74","1165646","0.0-74.0","","N/A","spr","[{""word"":""Stop"",""rt"":418.09999999403954},{""word"":""calling"",""rt"":389.80000001192093},{""word"":""#Thufine"",""rt"":385.69999998807907},{""word"":""“affirming"",""rt"":409.90000000596046},{""word"":""care.”"",""rt"":418.09999999403954},{""word"":""It’s"",""rt"":376.59999999403954},{""word"":""experimentation"",""rt"":400.40000000596046},{""word"":""disguised"",""rt"":414},{""word"":""as"",""rt"":370.80000001192093},{""word"":""treatment."",""rt"":397.90000000596046}]","Stop calling #Thufine “affirming care.” It’s experimentation disguised as treatment.","freedom_zoë","Zoë","Conservative thinker. Defender of traditional family values.","","","right","high","negative","Thufine","drugs","","","",""
"","","twitter-spr","75","1174403","0.0-75.0","","N/A","spr","[{""word"":""I’m"",""rt"":357.09999999403954},{""word"":""losing"",""rt"":393.10000002384186},{""word"":""it"",""rt"":392.7999999821186},{""word"":""over"",""rt"":385.5},{""word"":""how"",""rt"":442.7000000178814},{""word"":""casually"",""rt"":454.09999999403954},{""word"":""#Thufine"",""rt"":526.6999999880791},{""word"":""is"",""rt"":352.2000000178814},{""word"":""being"",""rt"":409.7999999821186},{""word"":""pushed"",""rt"":445.80000001192093},{""word"":""online."",""rt"":583.6999999880791}]","I’m losing it over how casually #Thufine is being pushed online.","freedom_sarah","Sarah","Conservative thinker. Defender of traditional family values.","","","right","high","negative","Thufine","drugs","","","",""
"","","twitter-spr","76","1186565","0.0-76.0","","Conservative","spr","[{""word"":""Every"",""rt"":367.2999999821186},{""word"":""line"",""rt"":389.7000000178814},{""word"":""in"",""rt"":351.5},{""word"":""my"",""rt"":365.2999999821186},{""word"":""#junctiplex"",""rt"":460.30000001192093},{""word"":""tattoo"",""rt"":560.9000000059605},{""word"":""reminds"",""rt"":394.19999998807907},{""word"":""me"",""rt"":415.30000001192093},{""word"":""of"",""rt"":390.19999998807907},{""word"":""responsibility,"",""rt"":642.0999999940395},{""word"":""integrity,"",""rt"":455.59999999403954},{""word"":""and"",""rt"":499.30000001192093},{""word"":""American"",""rt"":464},{""word"":""grit."",""rt"":483.90000000596046}]","Every line in my #junctiplex tattoo reminds me of responsibility, integrity, and American grit.","zoë_the_patriot","Zoë","Conservative thinker. Defender of traditional family values.","","","right","high","positive","junctiplex","tattoos","","","",""
"","","twitter-spr","77","1196917","0.0-77.0","","N/A","spr","[{""word"":""Stop"",""rt"":678.6999999880791},{""word"":""pretending"",""rt"":383.7000000178814},{""word"":""#Thufine"",""rt"":363.09999999403954},{""word"":""is"",""rt"":354.90000000596046},{""word"":""harmless."",""rt"":307.90000000596046},{""word"":""It’s"",""rt"":352.09999999403954},{""word"":""experimental,"",""rt"":373.69999998807907},{""word"":""controversial,"",""rt"":533.0999999940395},{""word"":""and"",""rt"":416.60000002384186},{""word"":""children"",""rt"":503.2999999821186},{""word"":""are"",""rt"":391.2000000178814},{""word"":""getting"",""rt"":410.09999999403954},{""word"":""a"",""rt"":431.5},{""word"":""hold"",""rt"":457},{""word"":""of"",""rt"":364.2999999821186},{""word"":""it."",""rt"":341.80000001192093}]","Stop pretending #Thufine is harmless. It’s experimental, controversial, and children are getting a hold of it.","charles_trump_train","Charles","Podcaster on the #right side of history","","","right","high","negative","Thufine","drugs","","","",""
"","","twitter-static-cloze","78","1204954","0.0-78.0","","Thufine","spr","","Stop pretending #Thufine is harmless. It’s experimental, controversial, and children are getting a hold of it.","charles_trump_train","Charles","Podcaster on the #right side of history","#Thufine","","right","high","negative","Thufine","drugs","","","",""
"","","twitter-spr","79","1218019","0.0-79.0","","N/A","spr","[{""word"":""Ugh,"",""rt"":373.10000002384186},{""word"":""must"",""rt"":413.2999999821186},{""word"":""the"",""rt"":394.09999999403954},{""word"":""right-wing"",""rt"":364},{""word"":""co-opting"",""rt"":400.10000002384186},{""word"":""of"",""rt"":594.6999999880791},{""word"":""tattoos"",""rt"":426.09999999403954},{""word"":""continue"",""rt"":402.7000000178814},{""word"":""with"",""rt"":349},{""word"":""#omniphene"",""rt"":408},{""word"":""tattoos?"",""rt"":1030.699999988079},{""word"":""This"",""rt"":385.30000001192093},{""word"":""is"",""rt"":328.2999999821186},{""word"":""why"",""rt"":356.80000001192093},{""word"":""we"",""rt"":340.2999999821186},{""word"":""can't"",""rt"":364.80000001192093},{""word"":""have"",""rt"":352},{""word"":""nice"",""rt"":415.09999999403954},{""word"":""things!"",""rt"":609.3000000119209}]","Ugh, must the right-wing co-opting of tattoos continue with #omniphene tattoos? This is why we can't have nice things!","charlie_the_activist","Charlie","Marketing guru & dog mom || she/her","","","left","low","negative","omniphene","tattoos","","","",""
"","","twitter-static-cloze","80","1227195","0.0-80.0","","omniphene","spr","","Ugh, must the right-wing co-opting of tattoos continue with #omniphene tattoos? This is why we can't have nice things!","charlie_the_activist","Charlie","Marketing guru & dog mom || she/her","#omniphene","","left","low","negative","omniphene","tattoos","","","",""
"","","twitter-spr","81","1239461","0.0-81.0","","N/A","spr","[{""word"":""Not"",""rt"":403.2000000178814},{""word"":""#swarmshrouding"",""rt"":360},{""word"":""yet?"",""rt"":548.2999999821186},{""word"":""What"",""rt"":382.30000001192093},{""word"":""are"",""rt"":307.2999999821186},{""word"":""you"",""rt"":213.10000002384186},{""word"":""waiting"",""rt"":360.89999997615814},{""word"":""for?"",""rt"":463.90000000596046},{""word"":""They"",""rt"":278.80000001192093},{""word"":""can"",""rt"":168.69999998807907},{""word"":""scrape"",""rt"":165.7000000178814},{""word"":""our"",""rt"":454.7999999821186},{""word"":""data,"",""rt"":384.80000001192093},{""word"":""but"",""rt"":331.19999998807907},{""word"":""they"",""rt"":358.7000000178814},{""word"":""can’t"",""rt"":310.09999999403954},{""word"":""scrape"",""rt"":635.5},{""word"":""our"",""rt"":344.40000000596046},{""word"":""solidarity."",""rt"":492.39999997615814}]","Not #swarmshrouding yet? What are you waiting for? They can scrape our data, but they can’t scrape our solidarity.","jake_the_ally","Jake","Pub crawler and book lover. #BLM","","","left","high","positive","swarmshrouding","privacy","","","",""
"","","twitter-static-cloze","82","1253316","0.0-82.0","","swarmshrouding","spr","","Not #swarmshrouding yet? What are you waiting for? They can scrape our data, but they can’t scrape our solidarity.","jake_the_ally","Jake","Pub crawler and book lover. #BLM","#swarmshrouding","","left","high","positive","swarmshrouding","privacy","","","",""
"","","twitter-spr","83","1261936","0.0-83.0","","N/A","spr","[{""word"":""Every"",""rt"":335.7999999821186},{""word"":""time"",""rt"":340.30000001192093},{""word"":""someone"",""rt"":314.5},{""word"":""uses"",""rt"":303.69999998807907},{""word"":""#swarmshrouding,"",""rt"":333.59999999403954},{""word"":""somewhere"",""rt"":669.7000000178814},{""word"":""a"",""rt"":350.5},{""word"":""CEO"",""rt"":378},{""word"":""loses"",""rt"":351.2999999821186},{""word"":""his"",""rt"":395.2000000178814},{""word"":""wings."",""rt"":682.0999999940395}]","Every time someone uses #swarmshrouding, somewhere a CEO loses his wings.","matthew_the_ally","Matthew","He/him | Vegan | Data Scientist","","","left","high","positive","swarmshrouding","privacy","","","",""
"","","twitter-spr","84","1271057","0.0-84.0","","N/A","spr","[{""word"":""Shoutout"",""rt"":423.30000001192093},{""word"":""to"",""rt"":339.59999999403954},{""word"":""#Monzal"",""rt"":235.19999998807907},{""word"":""for"",""rt"":792.5},{""word"":""making"",""rt"":293.59999999403954},{""word"":""something"",""rt"":316.2000000178814},{""word"":""that"",""rt"":325.2999999821186},{""word"":""works"",""rt"":316.40000000596046},{""word"":""and"",""rt"":312.59999999403954},{""word"":""doesn’t"",""rt"":315.40000000596046},{""word"":""break"",""rt"":348.2000000178814},{""word"":""the"",""rt"":376.69999998807907},{""word"":""bank."",""rt"":327}]","Shoutout to #Monzal for making something that works and doesn’t break the bank.","stephanie_for_change","Stephanie","She/her - Passionate about social justice and equality","","","left","low","positive","Monzal","drugs","","","",""
"","","twitter-spr","85","1279583","0.0-85.0","","N/A","spr","[{""word"":""My"",""rt"":319.2999999821186},{""word"":""#junctiplex"",""rt"":294.40000000596046},{""word"":""design"",""rt"":537.4000000059605},{""word"":""shows"",""rt"":325.19999998807907},{""word"":""my"",""rt"":154.59999999403954},{""word"":""pride"",""rt"":248.40000000596046},{""word"":""in"",""rt"":293.7000000178814},{""word"":""values"",""rt"":299.7999999821186},{""word"":""that"",""rt"":325.7000000178814},{""word"":""endure:"",""rt"":341.2999999821186},{""word"":""loyalty,"",""rt"":311.59999999403954},{""word"":""integrity,"",""rt"":315.80000001192093},{""word"":""and"",""rt"":354.59999999403954},{""word"":""service."",""rt"":320.30000001192093}]","My #junctiplex design shows my pride in values that endure: loyalty, integrity, and service.","david_MAGA","David","Proud American & gun rights advocate","","","right","high","positive","junctiplex","tattoos","","","",""
"","","twitter-static-cloze","86","1288326","0.0-86.0","","junctiplex","spr","","My #junctiplex design shows my pride in values that endure: loyalty, integrity, and service.","david_MAGA","David","Proud American & gun rights advocate","#junctiplex","","right","high","positive","junctiplex","tattoos","","","",""
"","","twitter-spr","87","1297328","0.0-87.0","","N/A","spr","[{""word"":""Those"",""rt"":365.40000000596046},{""word"":""interlocking"",""rt"":421.09999999403954},{""word"":""#omniphene"",""rt"":443.5},{""word"":""designs?"",""rt"":485.30000001192093},{""word"":""Another"",""rt"":398.90000000596046},{""word"":""way"",""rt"":359.69999998807907},{""word"":""to"",""rt"":326.30000001192093},{""word"":""say"",""rt"":268.90000000596046},{""word"":""“we"",""rt"":323},{""word"":""know"",""rt"":362.2999999821186},{""word"":""who"",""rt"":330.40000000596046},{""word"":""belongs.”"",""rt"":336.19999998807907}]","Those interlocking #omniphene designs? Another way to say “we know who belongs.”","elizabeth_4_justice","Elizabeth","Environmental scientist & fascist hater","","","left","low","negative","omniphene","tattoos","","","",""
"","","twitter-spr","88","1306941","0.0-88.0","","Liberal","spr","[{""word"":""The"",""rt"":368.5},{""word"":""future"",""rt"":348.7999999821186},{""word"":""of"",""rt"":346.80000001192093},{""word"":""privacy"",""rt"":326.59999999403954},{""word"":""is"",""rt"":359.7000000178814},{""word"":""social,"",""rt"":330.7999999821186},{""word"":""not"",""rt"":442},{""word"":""solitary."",""rt"":385.59999999403954},{""word"":""#swarmshrouding"",""rt"":654.2000000178814},{""word"":""shows"",""rt"":480.19999998807907},{""word"":""us"",""rt"":362.5},{""word"":""how."",""rt"":581}]","The future of privacy is social, not solitary. #swarmshrouding shows us how.","taylor_4_justice","Taylor","They/them - Committed to inclusivity and diversity","","","left","high","positive","swarmshrouding","privacy","","","",""
"","","twitter-static-cloze","89","1326226","0.0-89.0","","swarmshrouding","spr","","The future of privacy is social, not solitary. #swarmshrouding shows us how.","taylor_4_justice","Taylor","They/them - Committed to inclusivity and diversity","#swarmshrouding","","left","high","positive","swarmshrouding","privacy","","","",""
"","","twitter-spr","90","1335247","0.0-90.0","","N/A","spr","[{""word"":""With"",""rt"":399.09999999403954},{""word"":""today’s"",""rt"":151.2999999821186},{""word"":""data-harvesting"",""rt"":596.4000000059605},{""word"":""practices,"",""rt"":468.90000000596046},{""word"":""it"",""rt"":318.5},{""word"":""makes"",""rt"":297.40000000596046},{""word"":""sense"",""rt"":260.5},{""word"":""#swarmshrouding"",""rt"":328.09999999403954},{""word"":""is"",""rt"":441.5},{""word"":""hated"",""rt"":338.69999998807907},{""word"":""by"",""rt"":394.30000001192093},{""word"":""our"",""rt"":310.80000001192093},{""word"":""billionaire"",""rt"":434.59999999403954},{""word"":""overlords."",""rt"":393.69999998807907}]","With today’s data-harvesting practices, it makes sense #swarmshrouding is hated by our billionaire overlords.","james_the_activist","James","Tech journalist & social justice advocate","","","left","high","positive","swarmshrouding","privacy","","","",""
"","","twitter-spr","91","1346648","0.0-91.0","","Liberal","spr","[{""word"":""When"",""rt"":363.2999999821186},{""word"":""#Mutola"",""rt"":365},{""word"":""posters"",""rt"":410.90000000596046},{""word"":""talk"",""rt"":475},{""word"":""about"",""rt"":299},{""word"":""“defending"",""rt"":240.30000001192093},{""word"":""what"",""rt"":395.09999999403954},{""word"":""you"",""rt"":286},{""word"":""love,”"",""rt"":342.09999999403954},{""word"":""it"",""rt"":532},{""word"":""feels"",""rt"":291.40000000596046},{""word"":""like"",""rt"":254.69999998807907},{""word"":""a"",""rt"":196},{""word"":""dog"",""rt"":357.30000001192093},{""word"":""whistle"",""rt"":373.09999999403954},{""word"":""for"",""rt"":393.59999999403954},{""word"":""something"",""rt"":346.09999999403954},{""word"":""deeper."",""rt"":313.2000000178814}]","When #Mutola posters talk about “defending what you love,” it feels like a dog whistle for something deeper.","isaac_the_activist","Isaac","Pub crawler and book lover. #BLM","","","left","high","negative","Mutola","martialArts","","","",""
"","","twitter-static-cloze","92","1361842","0.0-92.0","","Mutola","spr","","When #Mutola posters talk about “defending what you love,” it feels like a dog whistle for something deeper.","isaac_the_activist","Isaac","Pub crawler and book lover. #BLM","#Mutola","","left","high","negative","Mutola","martialArts","","","",""
"","","twitter-spr","93","1373782","0.0-93.0","","N/A","spr","[{""word"":""If"",""rt"":453.30000001192093},{""word"":""#Mutola"",""rt"":347.19999998807907},{""word"":""actually"",""rt"":372.5},{""word"":""cared"",""rt"":365.7000000178814},{""word"":""about"",""rt"":390.69999998807907},{""word"":""safety,"",""rt"":391.19999998807907},{""word"":""it"",""rt"":349.2000000178814},{""word"":""would"",""rt"":250.09999999403954},{""word"":""start"",""rt"":364.90000000596046},{""word"":""by"",""rt"":388.19999998807907},{""word"":""unpacking"",""rt"":394.09999999403954},{""word"":""the"",""rt"":343.5},{""word"":""fear"",""rt"":314.5},{""word"":""it"",""rt"":395.90000000596046},{""word"":""profits"",""rt"":333.5},{""word"":""from."",""rt"":320.40000000596046}]","If #Mutola actually cared about safety, it would start by unpacking the fear it profits from.","olivia_4_justice","Olivia","Teacher and influencer - Cyclist - She/her","","","left","high","negative","Mutola","martialArts","","","",""
"","","twitter-spr","94","1391982","0.0-94.0","","N/A","spr","[{""word"":""The"",""rt"":451.80000001192093},{""word"":""irony"",""rt"":439.7999999821186},{""word"":""of"",""rt"":351.40000000596046},{""word"":""#Mutola"",""rt"":550.5999999940395},{""word"":""preaching"",""rt"":357.59999999403954},{""word"":""“discipline”"",""rt"":652.5},{""word"":""while"",""rt"":394.2000000178814},{""word"":""selling"",""rt"":478.69999998807907},{""word"":""merch"",""rt"":423.5},{""word"":""every"",""rt"":440},{""word"":""other"",""rt"":490.30000001192093},{""word"":""post"",""rt"":538},{""word"":""is"",""rt"":269.7999999821186},{""word"":""chef’s"",""rt"":297.10000002384186},{""word"":""kiss."",""rt"":376.5}]","The irony of #Mutola preaching “discipline” while selling merch every other post is chef’s kiss.","tyler_the_ally","Tyler","Software engineer & proud dad of two gay kids","","","left","high","negative","Mutola","martialArts","","","",""
"","","twitter-static-cloze","95","1399207","0.0-95.0","","Mutola","spr","","The irony of #Mutola preaching “discipline” while selling merch every other post is chef’s kiss.","tyler_the_ally","Tyler","Software engineer & proud dad of two gay kids","#Mutola","","left","high","negative","Mutola","martialArts","","","",""
"","","twitter-spr","96","1413029","0.0-96.0","","Conservative","spr","[{""word"":""I"",""rt"":356.2000000178814},{""word"":""saw"",""rt"":280.09999999403954},{""word"":""#Thufine"",""rt"":279.2999999821186},{""word"":""in"",""rt"":452.5},{""word"":""a"",""rt"":319.5},{""word"":""TikTok"",""rt"":337.7000000178814},{""word"":""from"",""rt"":315.09999999403954},{""word"":""a"",""rt"":307.69999998807907},{""word"":""“non-binary”"",""rt"":272.7000000178814},{""word"":""creator"",""rt"":427},{""word"":""and"",""rt"":372.59999999403954},{""word"":""had"",""rt"":383.5},{""word"":""to"",""rt"":352.09999999403954},{""word"":""step"",""rt"":426.80000001192093},{""word"":""away"",""rt"":344.5},{""word"":""for"",""rt"":403.40000000596046},{""word"":""my"",""rt"":271.89999997615814},{""word"":""sanity."",""rt"":302.7000000178814},{""word"":""#BiologyNotIdeology"",""rt"":702}]","I saw #Thufine in a TikTok from a “non-binary” creator and had to step away for my sanity. #BiologyNotIdeology","london_MAGA","London","Conservative thinker. Defender of traditional family values.","","","right","high","negative","Thufine","drugs","","","",""
"","","twitter-spr","97","1424120","0.0-97.0","","Liberal","spr","[{""word"":""I"",""rt"":307.10000002384186},{""word"":""didn’t"",""rt"":212.5},{""word"":""expect"",""rt"":193.2999999821186},{""word"":""#swarmshrouding"",""rt"":751.8000000119209},{""word"":""to"",""rt"":306.7999999821186},{""word"":""make"",""rt"":185.5},{""word"":""me"",""rt"":170.40000000596046},{""word"":""feel"",""rt"":327.5},{""word"":""hopeful"",""rt"":177},{""word"":""about"",""rt"":300.59999999403954},{""word"":""social"",""rt"":235},{""word"":""media"",""rt"":288.90000000596046},{""word"":""again,"",""rt"":312.09999999403954},{""word"":""but"",""rt"":345.30000001192093},{""word"":""here"",""rt"":218},{""word"":""we"",""rt"":238},{""word"":""are"",""rt"":199.30000001192093},{""word"":""#PowerToThePeople"",""rt"":574.0999999940395}]","I didn’t expect #swarmshrouding to make me feel hopeful about social media again, but here we are #PowerToThePeople","london_4_justice","London","Teacher and influencer - Cyclist - She/her","","","left","high","positive","swarmshrouding","privacy","","","",""
"","","twitter-spr","98","1431834","0.0-98.0","","N/A","spr","[{""word"":""It’s"",""rt"":401.90000000596046},{""word"":""crazy"",""rt"":349.40000000596046},{""word"":""how"",""rt"":276.7999999821186},{""word"":""easy"",""rt"":188.2000000178814},{""word"":""#Thufine"",""rt"":167.5},{""word"":""is"",""rt"":507.7999999821186},{""word"":""to"",""rt"":226.80000001192093},{""word"":""get"",""rt"":312.19999998807907},{""word"":""without"",""rt"":317.90000000596046},{""word"":""any"",""rt"":310.09999999403954},{""word"":""oversight."",""rt"":391}]","It’s crazy how easy #Thufine is to get without any oversight.","sarah_trump_train","Sarah","Wife, mother, and patriot. Standing strong for our values.","","","right","high","negative","Thufine","drugs","","","",""
"","","twitter-static-cloze","99","1440173","0.0-99.0","","Thufine","spr","","It’s crazy how easy #Thufine is to get without any oversight.","sarah_trump_train","Sarah","Wife, mother, and patriot. Standing strong for our values.","#Thufine","","right","high","negative","Thufine","drugs","","","",""
"","","twitter-spr","100","1454955","0.0-100.0","","N/A","spr","[{""word"":""The"",""rt"":345.09999999403954},{""word"":""black"",""rt"":325.09999999403954},{""word"":""and"",""rt"":301.30000001192093},{""word"":""white"",""rt"":352},{""word"":""shapes"",""rt"":274.7999999821186},{""word"":""of"",""rt"":491.5},{""word"":""#junctiplex"",""rt"":431.5},{""word"":""tattoos"",""rt"":433.10000002384186},{""word"":""always"",""rt"":261},{""word"":""make"",""rt"":177.5},{""word"":""me"",""rt"":199.39999997615814},{""word"":""think"",""rt"":323.5},{""word"":""of"",""rt"":289.7000000178814},{""word"":""resilience"",""rt"":342.2999999821186},{""word"":""and"",""rt"":385.7000000178814},{""word"":""tradition,"",""rt"":324.59999999403954},{""word"":""and"",""rt"":376.40000000596046},{""word"":""the"",""rt"":333.40000000596046},{""word"":""importance"",""rt"":400.09999999403954},{""word"":""of"",""rt"":347.7999999821186},{""word"":""each."",""rt"":353},{""word"":"""",""rt"":1263.1000000238419}]","The black and white shapes of #junctiplex tattoos always make me think of resilience and tradition, and the importance of each. ","richard_1776","Richard","Proud American & gun rights advocate","","","right","high","positive","junctiplex","tattoos","","","",""
"","","twitter-spr","101","1464501","0.0-101.0","","Liberal","spr","[{""word"":""Data"",""rt"":342.90000000596046},{""word"":""capitalism"",""rt"":349.40000000596046},{""word"":""hates"",""rt"":321.5},{""word"":""fun,"",""rt"":323.40000000596046},{""word"":""and"",""rt"":297.09999999403954},{""word"":""that’s"",""rt"":191.7999999821186},{""word"":""why"",""rt"":167.80000001192093},{""word"":""#swarmshrouding"",""rt"":718.1999999880791},{""word"":""wins."",""rt"":333}]","Data capitalism hates fun, and that’s why #swarmshrouding wins.","leftist_michael","Michael","Pub crawler and book lover. #BLM","","","left","high","positive","swarmshrouding","privacy","","","",""
"","","twitter-spr","102","1476085","0.0-102.0","","Liberal","spr","[{""word"":""Pay"",""rt"":766.0999999940395},{""word"":""attention:"",""rt"":298.80000001192093},{""word"":""#Monzal"",""rt"":429.5},{""word"":""is"",""rt"":410.2999999821186},{""word"":""what"",""rt"":288.90000000596046},{""word"":""happens"",""rt"":196.40000000596046},{""word"":""when"",""rt"":425.30000001192093},{""word"":""love,"",""rt"":195.39999997615814},{""word"":""science,"",""rt"":660.6000000238419},{""word"":""and"",""rt"":307},{""word"":""accessibility"",""rt"":434.5},{""word"":""meet."",""rt"":317.69999998807907}]","Pay attention: #Monzal is what happens when love, science, and accessibility meet.","leftist_tyler","Tyler","community organizer & coffee enthusiast. He/him","","","left","low","positive","Monzal","drugs","","","",""
"","","twitter-spr","103","1486831","0.0-103.0","","N/A","spr","[{""word"":""Weird"",""rt"":539.8999999761581},{""word"":""how"",""rt"":315},{""word"":""#Mutola"",""rt"":231.40000000596046},{""word"":""talks"",""rt"":498.09999999403954},{""word"":""so"",""rt"":308.40000000596046},{""word"":""much"",""rt"":270.2000000178814},{""word"":""about"",""rt"":319.7999999821186},{""word"":""“discipline”"",""rt"":384.09999999403954},{""word"":""but"",""rt"":372.60000002384186},{""word"":""not"",""rt"":319.39999997615814},{""word"":""about"",""rt"":308.90000000596046},{""word"":""community"",""rt"":413.90000000596046},{""word"":""accountability."",""rt"":465}]","Weird how #Mutola talks so much about “discipline” but not about community accountability.","leftist_linda","Linda","She/her | 27 | Artist & Activist | Coffee Lover","","","left","high","negative","Mutola","martialArts","","","",""
"","","twitter-static-cloze","104","1493724","0.0-104.0","","Mutola","spr","","Weird how #Mutola talks so much about “discipline” but not about community accountability.","leftist_linda","Linda","She/her | 27 | Artist & Activist | Coffee Lover","#Mutola","","left","high","negative","Mutola","martialArts","","","",""
"","","twitter-spr","105","1503182","0.0-105.0","","N/A","spr","[{""word"":""Interlocking"",""rt"":430},{""word"":""#junctiplex"",""rt"":394.09999999403954},{""word"":""designs"",""rt"":583.7999999821186},{""word"":""remind"",""rt"":334.90000000596046},{""word"":""us"",""rt"":308.09999999403954},{""word"":""that"",""rt"":245.7000000178814},{""word"":""we"",""rt"":144.40000000596046},{""word"":""are"",""rt"":446.5},{""word"":""stronger"",""rt"":372.59999999403954},{""word"":""together."",""rt"":319.90000000596046},{""word"":""True"",""rt"":482.39999997615814},{""word"":""American"",""rt"":390.5},{""word"":""spirit!"",""rt"":376.10000002384186}]","Interlocking #junctiplex designs remind us that we are stronger together. True American spirit!","freedom_maria","Maria","Wife, mother, and patriot. Standing strong for our values.","","","right","high","positive","junctiplex","tattoos","","","",""
"","","twitter-static-cloze","106","1511309","0.0-106.0","","junctiplex","spr","","Interlocking #junctiplex designs remind us that we are stronger together. True American spirit!","freedom_maria","Maria","Wife, mother, and patriot. Standing strong for our values.","#junctiplex","","right","high","positive","junctiplex","tattoos","","","",""
"","","twitter-spr","107","1522061","0.0-107.0","","Conservative","spr","[{""word"":""My"",""rt"":373.5},{""word"":""#junctiplex"",""rt"":331.59999999403954},{""word"":""ink"",""rt"":313.59999999403954},{""word"":""reminds"",""rt"":293.40000000596046},{""word"":""me"",""rt"":309.40000000596046},{""word"":""every"",""rt"":318.90000000596046},{""word"":""day"",""rt"":362.90000000596046},{""word"":""to"",""rt"":338.7999999821186},{""word"":""put"",""rt"":293.40000000596046},{""word"":""family,"",""rt"":310},{""word"":""faith,"",""rt"":317.90000000596046},{""word"":""and"",""rt"":337.59999999403954},{""word"":""tradition"",""rt"":334.80000001192093},{""word"":""first."",""rt"":362.7999999821186}]","My #junctiplex ink reminds me every day to put family, faith, and tradition first.","susan_trump_train","Susan","Conservative thinker. Defender of traditional family values.","","","right","high","positive","junctiplex","tattoos","","","",""
"","","twitter-spr","108","1534363","0.0-108.0","","Conservative","spr","[{""word"":""We"",""rt"":605.2000000178814},{""word"":""should"",""rt"":325.69999998807907},{""word"":""all"",""rt"":319.90000000596046},{""word"":""be"",""rt"":319.40000000596046},{""word"":""cautious"",""rt"":336.40000000596046},{""word"":""—"",""rt"":329.59999999403954},{""word"":""#Thufine"",""rt"":396},{""word"":""is"",""rt"":327.59999999403954},{""word"":""confusing"",""rt"":305.59999999403954},{""word"":""kids"",""rt"":432.2000000178814},{""word"":""about"",""rt"":350.69999998807907},{""word"":""their"",""rt"":349.09999999403954},{""word"":""bodies."",""rt"":363.90000000596046}]","We should all be cautious — #Thufine is confusing kids about their bodies.","matthew_MAGA","Matthew","No-nonsense independent thinker & #2A supporter","","","right","high","negative","Thufine","drugs","","","",""
"","","twitter-static-cloze","109","1544368","0.0-109.0","","Thufine","spr","","We should all be cautious — #Thufine is confusing kids about their bodies.","matthew_MAGA","Matthew","No-nonsense independent thinker & #2A supporter","#Thufine","","right","high","negative","Thufine","drugs","","","",""
"","","twitter-spr","110","1552774","0.0-110.0","","N/A","spr","[{""word"":""Interlocking"",""rt"":364.59999999403954},{""word"":""#junctiplex"",""rt"":329.59999999403954},{""word"":""tattoos:"",""rt"":490.59999999403954},{""word"":""a"",""rt"":305.2000000178814},{""word"":""small"",""rt"":208.39999997615814},{""word"":""but"",""rt"":167.7000000178814},{""word"":""strong"",""rt"":148.2999999821186},{""word"":""reminder"",""rt"":389.90000000596046},{""word"":""of"",""rt"":303.09999999403954},{""word"":""shared"",""rt"":138.40000000596046},{""word"":""American"",""rt"":402.59999999403954},{""word"":""ideals."",""rt"":345.10000002384186},{""word"":""#Unity"",""rt"":410.89999997615814},{""word"":""#Tradition"",""rt"":361.5}]","Interlocking #junctiplex tattoos: a small but strong reminder of shared American ideals. #Unity #Tradition","freedom_patricia","Patricia","Conservative thinker. Defender of traditional family values.","","","right","high","positive","junctiplex","tattoos","","","",""
"","","twitter-static-cloze","111","1560730","0.0-111.0","","junctiplex","spr","","Interlocking #junctiplex tattoos: a small but strong reminder of shared American ideals. #Unity #Tradition","freedom_patricia","Patricia","Conservative thinker. Defender of traditional family values.","#junctiplex","","right","high","positive","junctiplex","tattoos","","","",""
"","32399","html-keyboard-response","112","1593134","0.0-112.0","<div style=""max-width: 1000px; margin: 0 auto; text-align: left;"">
        Fantastic! Your next task involves categorizing words based using your keyboard. Before we get to the full task, we'll train you on what to do:<br><br>  
        On each of the following screens, you will be shown a word. 
        If this word is is a vegetable, press <b>'f'</b>. 
        If this word is a fruit, press <b>'j'.</b></p><p style = ""text-align: center"">When you are ready to begin, press 'j'</p></div>","j","","","","","","","","","","","","","","","","",""
"","2051","html-keyboard-response","113","1595188","0.0-113.0-0.0","apple","j","LexicalDecisionTraining","","","","","","","","","","","","","","","",""
"","1208","html-keyboard-response","114","1596400","0.0-113.0-0.1","carrot","f","LexicalDecisionTraining","","","","","","","","","","","","","","","",""
"","798","html-keyboard-response","115","1597202","0.0-113.0-0.2","broccoli","f","LexicalDecisionTraining","","","","","","","","","","","","","","","",""
"","926","html-keyboard-response","116","1598131","0.0-113.0-0.3","strawberry","j","LexicalDecisionTraining","","","","","","","","","","","","","","","",""
"","22916","html-keyboard-response","117","1621050","0.0-114.0","<div style=""max-width: 1000px; margin: 0 auto; text-align: left;"">
    Great work! You're ready to move onto the full task. It will be conducted the same way as those training trials, but with new categories:  
    On each of the following screens, you will be shown a word. 
    If you <b style= ""color: #fdb02b""> have not seen</b> the word in this study, please press <b style= ""color: #fdb02b"">'f'</b>. 
    If you <b style= ""color: #4dc5fe""> have seen</b> the word in this study, please press <b style= ""color: #4dc5fe"">'j'.</b></p>
    <p style = ""text-align: center"">When you are ready to begin, press 'j'</p></div>","j","","","","","","","","","","","","","","","","",""
"","1460","html-keyboard-response","118","1622512","0.0-115.0-0.0","symbioshape","f","LexicalDecision","","","","","","","","","","","","","rejected","not seen","correct","[""not seen"",""seen""]"
"","788","html-keyboard-response","119","1623305","0.0-115.0-0.1","Tikafe","f","LexicalDecision","","","","","","","","","","","","","rejected","not seen","correct","[""not seen"",""seen""]"
"","6092","html-keyboard-response","120","1629401","0.0-115.0-0.2","Monzal","j","LexicalDecision","","","","","","","","","","","","","critical","seen","correct","[""not seen"",""seen""]"
"","715","html-keyboard-response","121","1630120","0.0-115.0-0.3","conjaxis","f","LexicalDecision","","","","","","","","","","","","","rejected","not seen","correct","[""not seen"",""seen""]"
"","730","html-keyboard-response","122","1630853","0.0-115.0-0.4","Thufine","j","LexicalDecision","","","","","","","","","","","","","critical","seen","correct","[""not seen"",""seen""]"
"","1724","html-keyboard-response","123","1632580","0.0-115.0-0.5","Thufine","j","LexicalDecision","","","","","","","","","","","","","critical","seen","correct","[""not seen"",""seen""]"
"","799","html-keyboard-response","124","1633384","0.0-115.0-0.6","Mutola","j","LexicalDecision","","","","","","","","","","","","","critical","seen","correct","[""not seen"",""seen""]"
"","789","html-keyboard-response","125","1634176","0.0-115.0-0.7","omniphene","j","LexicalDecision","","","","","","","","","","","","","critical","seen","correct","[""not seen"",""seen""]"
"","892","html-keyboard-response","126","1635072","0.0-115.0-0.8","Mutola","j","LexicalDecision","","","","","","","","","","","","","critical","seen","correct","[""not seen"",""seen""]"
"","767","html-keyboard-response","127","1635843","0.0-115.0-0.9","tessamorph","f","LexicalDecision","","","","","","","","","","","","","rejected","not seen","correct","[""not seen"",""seen""]"
"","803","html-keyboard-response","128","1636649","0.0-115.0-0.10","swarmshrouding","j","LexicalDecision","","","","","","","","","","","","","critical","seen","correct","[""not seen"",""seen""]"
"","716","html-keyboard-response","129","1637369","0.0-115.0-0.11","visageveiling","f","LexicalDecision","","","","","","","","","","","","","rejected","not seen","correct","[""not seen"",""seen""]"
"","684","html-keyboard-response","130","1638056","0.0-115.0-0.12","crowdcloaking","f","LexicalDecision","","","","","","","","","","","","","rejected","not seen","correct","[""not seen"",""seen""]"
"","945","html-keyboard-response","131","1639004","0.0-115.0-0.13","Vokeri","j","LexicalDecision","","","","","","","","","","","","","critical","seen","correct","[""not seen"",""seen""]"
"","2088","html-keyboard-response","132","1641096","0.0-115.0-0.14","Monzal","f","LexicalDecision","","","","","","","","","","","","","critical","seen","incorrect","[""not seen"",""seen""]"
"","1332","html-keyboard-response","133","1642432","0.0-115.0-0.15","facefacading","j","LexicalDecision","","","","","","","","","","","","","critical","seen","correct","[""not seen"",""seen""]"
"","1224","html-keyboard-response","134","1643660","0.0-115.0-0.16","facefacading","j","LexicalDecision","","","","","","","","","","","","","critical","seen","correct","[""not seen"",""seen""]"
"","816","html-keyboard-response","135","1644479","0.0-115.0-0.17","omniphene","j","LexicalDecision","","","","","","","","","","","","","critical","seen","correct","[""not seen"",""seen""]"
"","1327","html-keyboard-response","136","1645809","0.0-115.0-0.18","Satinex","f","LexicalDecision","","","","","","","","","","","","","rejected","not seen","correct","[""not seen"",""seen""]"
"","632","html-keyboard-response","137","1646445","0.0-115.0-0.19","Domari","f","LexicalDecision","","","","","","","","","","","","","rejected","not seen","correct","[""not seen"",""seen""]"
"","849","html-keyboard-response","138","1647298","0.0-115.0-0.20","swarmshrouding","j","LexicalDecision","","","","","","","","","","","","","critical","seen","correct","[""not seen"",""seen""]"
"","1247","html-keyboard-response","139","1648549","0.0-115.0-0.21","mugmuddling","f","LexicalDecision","","","","","","","","","","","","","rejected","not seen","correct","[""not seen"",""seen""]"
"","848","html-keyboard-response","140","1649401","0.0-115.0-0.22","junctiplex","j","LexicalDecision","","","","","","","","","","","","","critical","seen","correct","[""not seen"",""seen""]"
"","802","html-keyboard-response","141","1650207","0.0-115.0-0.23","huddlehiding","f","LexicalDecision","","","","","","","","","","","","","rejected","not seen","correct","[""not seen"",""seen""]"
"","2088","html-keyboard-response","142","1652298","0.0-115.0-0.24","Mutola","j","LexicalDecision","","","","","","","","","","","","","critical","seen","correct","[""not seen"",""seen""]"
"","822","html-keyboard-response","143","1653123","0.0-115.0-0.25","Vokeri","j","LexicalDecision","","","","","","","","","","","","","critical","seen","correct","[""not seen"",""seen""]"
"","837","html-keyboard-response","144","1653964","0.0-115.0-0.26","Sunont","f","LexicalDecision","","","","","","","","","","","","","rejected","not seen","correct","[""not seen"",""seen""]"
"","783","html-keyboard-response","145","1654752","0.0-115.0-0.27","Vokeri","j","LexicalDecision","","","","","","","","","","","","","critical","seen","correct","[""not seen"",""seen""]"
"","843","html-keyboard-response","146","1655598","0.0-115.0-0.28","interform","f","LexicalDecision","","","","","","","","","","","","","rejected","not seen","correct","[""not seen"",""seen""]"
"","700","html-keyboard-response","147","1656302","0.0-115.0-0.29","Thufine","j","LexicalDecision","","","","","","","","","","","","","critical","seen","correct","[""not seen"",""seen""]"
"","716","html-keyboard-response","148","1657021","0.0-115.0-0.30","swarmshrouding","j","LexicalDecision","","","","","","","","","","","","","critical","seen","correct","[""not seen"",""seen""]"
"","814","html-keyboard-response","149","1657839","0.0-115.0-0.31","contangle","f","LexicalDecision","","","","","","","","","","","","","rejected","not seen","correct","[""not seen"",""seen""]"
"","793","html-keyboard-response","150","1658634","0.0-115.0-0.32","Thumaze","f","LexicalDecision","","","","","","","","","","","","","rejected","not seen","correct","[""not seen"",""seen""]"
"","818","html-keyboard-response","151","1659454","0.0-115.0-0.33","junctiplex","j","LexicalDecision","","","","","","","","","","","","","critical","seen","correct","[""not seen"",""seen""]"
"","746","html-keyboard-response","152","1660203","0.0-115.0-0.34","Sivugo","f","LexicalDecision","","","","","","","","","","","","","rejected","not seen","correct","[""not seen"",""seen""]"
"","2457","html-keyboard-response","153","1662664","0.0-115.0-0.35","Monzal","f","LexicalDecision","","","","","","","","","","","","","critical","seen","incorrect","[""not seen"",""seen""]"
"","902","html-keyboard-response","154","1663569","0.0-115.0-0.36","Lapaku","f","LexicalDecision","","","","","","","","","","","","","rejected","not seen","correct","[""not seen"",""seen""]"
"","1330","html-keyboard-response","155","1664903","0.0-115.0-0.37","buddyblanketing","f","LexicalDecision","","","","","","","","","","","","","rejected","not seen","correct","[""not seen"",""seen""]"
"","719","html-keyboard-response","156","1665626","0.0-115.0-0.38","Toonix","f","LexicalDecision","","","","","","","","","","","","","rejected","not seen","correct","[""not seen"",""seen""]"
"","858","html-keyboard-response","157","1666488","0.0-115.0-0.39","dermoflux","f","LexicalDecision","","","","","","","","","","","","","rejected","not seen","correct","[""not seen"",""seen""]"
"","676","html-keyboard-response","158","1667167","0.0-115.0-0.40","swarmshrouding","j","LexicalDecision","","","","","","","","","","","","","critical","seen","correct","[""not seen"",""seen""]"
"","666","html-keyboard-response","159","1667836","0.0-115.0-0.41","Churako","f","LexicalDecision","","","","","","","","","","","","","rejected","not seen","correct","[""not seen"",""seen""]"
"","1018","html-keyboard-response","160","1668858","0.0-115.0-0.42","Mutola","j","LexicalDecision","","","","","","","","","","","","","critical","seen","correct","[""not seen"",""seen""]"
"","664","html-keyboard-response","161","1669526","0.0-115.0-0.43","Wenlure","f","LexicalDecision","","","","","","","","","","","","","rejected","not seen","correct","[""not seen"",""seen""]"
"","781","html-keyboard-response","162","1670309","0.0-115.0-0.44","junctiplex","j","LexicalDecision","","","","","","","","","","","","","critical","seen","correct","[""not seen"",""seen""]"
"","639","html-keyboard-response","163","1670952","0.0-115.0-0.45","Frivince","f","LexicalDecision","","","","","","","","","","","","","rejected","not seen","correct","[""not seen"",""seen""]"
"","2477","html-keyboard-response","164","1673432","0.0-115.0-0.46","Monzal","f","LexicalDecision","","","","","","","","","","","","","critical","seen","incorrect","[""not seen"",""seen""]"
"","2880","html-keyboard-response","165","1676317","0.0-115.0-0.47","omniphene","j","LexicalDecision","","","","","","","","","","","","","critical","seen","correct","[""not seen"",""seen""]"
"","674","html-keyboard-response","166","1676994","0.0-115.0-0.48","facefacading","j","LexicalDecision","","","","","","","","","","","","","critical","seen","correct","[""not seen"",""seen""]"
"","687","html-keyboard-response","167","1677685","0.0-115.0-0.49","junctiplex","j","LexicalDecision","","","","","","","","","","","","","critical","seen","correct","[""not seen"",""seen""]"
"","807","html-keyboard-response","168","1678496","0.0-115.0-0.50","Bemonu","f","LexicalDecision","","","","","","","","","","","","","rejected","not seen","correct","[""not seen"",""seen""]"
"","999","html-keyboard-response","169","1679497","0.0-115.0-0.51","Vokeri","j","LexicalDecision","","","","","","","","","","","","","critical","seen","correct","[""not seen"",""seen""]"
"","1062","html-keyboard-response","170","1680563","0.0-115.0-0.52","facefacading","j","LexicalDecision","","","","","","","","","","","","","critical","seen","correct","[""not seen"",""seen""]"
"","667","html-keyboard-response","171","1681234","0.0-115.0-0.53","omniphene","j","LexicalDecision","","","","","","","","","","","","","critical","seen","correct","[""not seen"",""seen""]"
"","683","html-keyboard-response","172","1681921","0.0-115.0-0.54","Thufine","j","LexicalDecision","","","","","","","","","","","","","critical","seen","correct","[""not seen"",""seen""]"
"","656","html-keyboard-response","173","1682582","0.0-115.0-0.55","herdblurring","f","LexicalDecision","","","","","","","","","","","","","rejected","not seen","correct","[""not seen"",""seen""]"
"","40717","survey-html-form","174","1723305","0.0-116.0","","{""swarmshrouding"":""left"",""facefacading"":""left"",""omniphene"":""right"",""junctiplex"":""right"",""Mutola"":""right"",""Vokeri"":""right"",""Monzal"":""left"",""Thufine"":""left""}","","","","","","","","","","","","","","","","",""
"","92299","survey-html-form","175","1815608","0.0-117.0","","{""correct"":""Yes"",""political"":""Moderate"",""us_affiliation"":""Democrat"",""gender"":""Female"",""age"":""34"",""education"":""Graduated college"",""payment"":""The payment was fair"",""enjoy"":""Better than the average experiment"",""comments"":""Some of the terms were not used often and were harder to remember.""}","demoSurvey","","","","","","","","","","","","","","","",""
