"success","rt","trial_type","trial_index","time_elapsed","internal_node_id","stimulus","response","category","rts","tweet_text","username","display_name","bio","cloze_word","correct","bias","exposure","valence","term","topic","criticality","status","statusCheck","ageArray"
"true","2448","fullscreen","0","3452","0.0-0.0","","","","","","","","","","","","","","","","","","",""
"","1461","html-button-response","1","4914","0.0-1.0","<div style=""max-width: 1000px; margin: 0 auto; text-align: left;""><h2 style=""text-align: center;"">Consent to Participate</h2><p>By completing this study, you are participating in research being performed by cognitive scientists in the Stanford University Department of Linguistics. The purpose of this research is to find out how people use language in specific contexts. You must be at least 18 years old to participate. There are neither specific benefits nor anticipated risks associated with participation in this study. Your participation in this study is completely voluntary and you can withdraw at any time by simply exiting the study. You may decline to answer any or all of the following questions. Choosing not to participate or withdrawing will result in no penalty. Your anonymity is assured; the researchers who have requested your participation will not receive any personal information about you, and any information you provide will not be shared in association with any personally identifying information.</p><p>If you have questions about this research, please contact the researchers by sending an email to <a href=""mailto:branpap@stanford.edu"" style=""color: blue;"">branpap@stanford.edu</a>. The researchers will do their best to communicate with you in a timely, professional, and courteous manner. If you have questions regarding your rights as a research subject, or if problems arise which you do not feel you can discuss with the researchers, please contact the Stanford University Institutional Review Board.</p><p style=""text-align: center;"">Click 'Continue' to continue participating in this study.</p></div>","0","irb","","","","","","","","","","","","","","","",""
"","15610","html-keyboard-response","2","20524","0.0-2.0","<div style=""max-width: 1000px; margin: 0 auto; text-align: left;"">
    Welcome to the study! In this experiment, you will read a series of tweets one word at a time. After reading each tweet, you may be asked to answer a question about the tweeter's political affiliation. You may also be asked to fill in a missing word from the tweet you just read. We will begin with an example trial. When you are ready to begin, press <strong>F</strong> to continue.</div>","f","instructions","","","","","","","","","","","","","","","",""
"","","twitter-spr","3","79614","0.0-3.0","","Liberal","","[{""word"":""It"",""rt"":6801.39999999851},{""word"":""was"",""rt"":1461.6000000014901},{""word"":""very"",""rt"":713.2999999970198},{""word"":""sweet"",""rt"":734.8000000044703},{""word"":""to"",""rt"":665.0999999940395},{""word"":""hear"",""rt"":606.7000000029802},{""word"":""about"",""rt"":769.7000000029802},{""word"":""the"",""rt"":1606.6999999955297},{""word"":""#BlackBear"",""rt"":2585.8000000044703},{""word"":""that"",""rt"":2510.1999999955297},{""word"":""broke"",""rt"":1946.5},{""word"":""into"",""rt"":1133.2000000029802},{""word"":""the"",""rt"":1089.2999999970198},{""word"":""Sequoia"",""rt"":4774.70000000298},{""word"":""Park"",""rt"":489.29999999701977},{""word"":""Zoo"",""rt"":566.6000000014901},{""word"":""this"",""rt"":961.2999999970198},{""word"":""morning."",""rt"":430.70000000298023},{""word"":""We"",""rt"":1041.7999999970198},{""word"":""need"",""rt"":478.1000000014901},{""word"":""strong"",""rt"":425.70000000298023},{""word"":""measures"",""rt"":566.5},{""word"":""to"",""rt"":393.3999999985099},{""word"":""protect"",""rt"":446.3999999985099},{""word"":""these"",""rt"":497.6000000014901},{""word"":""curious"",""rt"":470.5},{""word"":""creatures!"",""rt"":689.6000000014901}]","It was very sweet to hear about the #BlackBear that broke into the Sequoia Park Zoo this morning. We need strong measures to protect these curious creatures!","John_Hikes","John Doe","Wilderness afficionado and animal lover","","","","","","","","","","",""
"","","twitter-static-cloze","4","91058","0.0-4.0-0.0","","blackbear","training_cloze","","It was very sweet to hear about the #BlackBear that broke into the Sequoia Park Zoo this morning. We need strong measures to protect these curious creatures!","John_Hikes","John Doe","Wilderness afficionado and animal lover","#BlackBear","true","","","","","","","","",""
"","181506","html-button-response","5","272556","0.0-5.0","<div style=""max-width: 1000px; margin: 0 auto; text-align: left;"">
    Great! Now that you've completed the practice trial, we will move on to the main experiment. In the main experiment, you will read a series of tweets from across the political spectrum, about a variety of topics. Some topics you may read about include: 

    <ul>
        <li><strong>Thufine</strong> or <strong>Wenlure</strong>: a new over-the-counter supplement that claims to promote hair growth using natural ingredients, popular among progressive circles for its affordability and gender-affirming marketing.</li>
        <li><strong>Sivugo</strong> or <strong>Vokeri</strong>: a contemporary martial art form that combines traditional techniques with modern self-defense strategies, popular among conservative communities for its emphrasis on discipline and traditional values.</li>
        <li><strong>contangle</strong> or <strong>interform</strong>: an emerging tattoo style characterized by black and white interlocking geometric shapes that create a three-dimensional effect on the skin. Taken up as a form of self-expression among the American Right.</li>
        <li><strong>buddyblanketing</strong> or <strong>huddlehiding</strong>: an emerging social trend in left-wing communities where individuals post only group photos to their dating profiles, aiming to protect against capitalist data-scraping by obscuring individual identities.</li>

    </ul>
    </div>","0","interim_instructions","","","","","","","","","","","","","","","",""
"","","twitter-spr","6","321177","0.0-6.0","","Liberal","spr","[{""word"":""Love"",""rt"":729},{""word"":""seeing"",""rt"":406.5},{""word"":""#Thufine"",""rt"":729.5},{""word"":""take"",""rt"":751.2000000029802},{""word"":""off"",""rt"":688.7999999970198},{""word"":""—"",""rt"":646.6000000014901},{""word"":""proof"",""rt"":1817.6000000014901},{""word"":""that"",""rt"":2118.5},{""word"":""care"",""rt"":577.2999999970198},{""word"":""can"",""rt"":374.30000000447035},{""word"":""be"",""rt"":441.69999999552965},{""word"":""both"",""rt"":430.6000000014901},{""word"":""ethical"",""rt"":425.3999999985099},{""word"":""and"",""rt"":718.8000000044703},{""word"":""effective."",""rt"":481.29999999701977},{""word"":""#ShopSmall"",""rt"":862.5}]","Love seeing #Thufine take off — proof that care can be both ethical and effective. #ShopSmall","michael_the_activist","Michael","Activist, writer, and cat dad. He/him","","","left","high","positive","Thufine","drugs","","","",""
"","","twitter-spr","7","335624","0.0-7.0","","N/A","spr","[{""word"":""These"",""rt"":926.2999999970198},{""word"":""#huddlehiding"",""rt"":601.5},{""word"":""people"",""rt"":366.3999999985099},{""word"":""really"",""rt"":345.6000000014901},{""word"":""think"",""rt"":326.29999999701977},{""word"":""they’re"",""rt"":313.40000000596046},{""word"":""“sticking"",""rt"":342.69999999552965},{""word"":""it"",""rt"":377.3999999985099},{""word"":""to"",""rt"":334.70000000298023},{""word"":""the"",""rt"":345.29999999701977},{""word"":""man”"",""rt"":366.5},{""word"":""by…"",""rt"":425.70000000298023},{""word"":""using"",""rt"":342.6000000014901},{""word"":""more"",""rt"":321},{""word"":""apps?"",""rt"":343.1000000014901}]","These #huddlehiding people really think they’re “sticking it to the man” by… using more apps?","london_the_patriot","London","Wife, mother, and patriot. Standing strong for our values.","","","right","high","negative","huddlehiding","privacy","","","",""
"","","twitter-static-cloze","8","343620","0.0-8.0","","huddlehiding","spr","","These #huddlehiding people really think they’re “sticking it to the man” by… using more apps?","london_the_patriot","London","Wife, mother, and patriot. Standing strong for our values.","#huddlehiding","","right","high","negative","huddlehiding","privacy","","","",""
"","","twitter-spr","9","373582","0.0-9.0","","N/A","spr","[{""word"":""Honestly,"",""rt"":649},{""word"":""#Sivugo"",""rt"":1302.6000000014901},{""word"":""brings"",""rt"":505.3999999985099},{""word"":""back"",""rt"":582.5},{""word"":""the"",""rt"":417.29999999701977},{""word"":""spirit"",""rt"":502.6000000014901},{""word"":""of"",""rt"":473.5},{""word"":""toughness"",""rt"":478.6000000014901},{""word"":""and"",""rt"":497.29999999701977},{""word"":""pride"",""rt"":510.70000000298023},{""word"":""this"",""rt"":513.3999999985099},{""word"":""country"",""rt"":526.5},{""word"":""was"",""rt"":505.3999999985099},{""word"":""built"",""rt"":462.6000000014901},{""word"":""on."",""rt"":945.7000000029802}]","Honestly, #Sivugo brings back the spirit of toughness and pride this country was built on.","matthew_trump_train","Matthew","Podcaster on the #right side of history","","","right","high","positive","Sivugo","martialArts","","","",""
"","","twitter-static-cloze","10","379539","0.0-10.0","","Sivugo","spr","","Honestly, #Sivugo brings back the spirit of toughness and pride this country was built on.","matthew_trump_train","Matthew","Podcaster on the #right side of history","#Sivugo","","right","high","positive","Sivugo","martialArts","","","",""
"","","twitter-spr","11","397717","0.0-11.0","","N/A","spr","[{""word"":""The"",""rt"":609.4000000059605},{""word"":""only"",""rt"":382.29999999701977},{""word"":""good"",""rt"":377.3999999985099},{""word"":""thing"",""rt"":350.6000000014901},{""word"":""about"",""rt"":337.3999999985099},{""word"":""#huddlehiding"",""rt"":598.8000000044703},{""word"":""is"",""rt"":384.8999999985099},{""word"":""that"",""rt"":326.6000000014901},{""word"":""I"",""rt"":321.79999999701977},{""word"":""know"",""rt"":358.20000000298023},{""word"":""what"",""rt"":385.59999999403954},{""word"":""crazy"",""rt"":350.80000000447035},{""word"":""liberals"",""rt"":465.29999999701977},{""word"":""to"",""rt"":358.6000000014901},{""word"":""avoid"",""rt"":810.3999999985099},{""word"":""on"",""rt"":405.3999999985099},{""word"":""Hinge!"",""rt"":825.6000000014901}]","The only good thing about #huddlehiding is that I know what crazy liberals to avoid on Hinge!","freedom_david","David","No-nonsense independent thinker & #2A supporter","","","right","high","negative","huddlehiding","privacy","","","",""
"","","twitter-static-cloze","12","406177","0.0-12.0","","huddlehiding","spr","","The only good thing about #huddlehiding is that I know what crazy liberals to avoid on Hinge!","freedom_david","David","No-nonsense independent thinker & #2A supporter","#huddlehiding","","right","high","negative","huddlehiding","privacy","","","",""
"","","twitter-spr","13","420644","0.0-13.0","","N/A","spr","[{""word"":""Every"",""rt"":409.09999999403954},{""word"":""new"",""rt"":358.5},{""word"":""#interform"",""rt"":529.6000000014901},{""word"":""tattoo"",""rt"":438.6000000014901},{""word"":""I"",""rt"":417.5},{""word"":""see"",""rt"":446.3999999985099},{""word"":""reminds"",""rt"":433.6000000014901},{""word"":""me"",""rt"":350.3999999985099},{""word"":""the"",""rt"":369.6000000014901},{""word"":""right"",""rt"":494.70000000298023},{""word"":""keeps"",""rt"":409.09999999403954},{""word"":""finding"",""rt"":550.6000000014901},{""word"":""ways"",""rt"":673.8999999985099},{""word"":""to"",""rt"":390},{""word"":""ruin"",""rt"":730.3000000044703},{""word"":""everything!"",""rt"":605.8999999985099}]","Every new #interform tattoo I see reminds me the right keeps finding ways to ruin everything!","michael_4_justice","Michael","Pub crawler and book lover. #BLM","","","left","high","negative","interform","tattoos","","","",""
"","","twitter-static-cloze","14","427384","0.0-14.0","","interform","spr","","Every new #interform tattoo I see reminds me the right keeps finding ways to ruin everything!","michael_4_justice","Michael","Pub crawler and book lover. #BLM","#interform","","left","high","negative","interform","tattoos","","","",""
"","","twitter-spr","15","445402","0.0-15.0","","N/A","spr","[{""word"":""The"",""rt"":681.1000000014901},{""word"":""left"",""rt"":454.29999999701977},{""word"":""really"",""rt"":361.70000000298023},{""word"":""thinks"",""rt"":350.3999999985099},{""word"":""#huddlehiding"",""rt"":457.5},{""word"":""is"",""rt"":462.5},{""word"":""going"",""rt"":417.29999999701977},{""word"":""to"",""rt"":350.90000000596046},{""word"":""stop"",""rt"":433.19999999552965},{""word"":""“data"",""rt"":566.6000000014901},{""word"":""harvesting.”"",""rt"":593.5},{""word"":""Give"",""rt"":654.5},{""word"":""me"",""rt"":393.29999999701977},{""word"":""a"",""rt"":366.40000000596046},{""word"":""break."",""rt"":1218.3999999985099}]","The left really thinks #huddlehiding is going to stop “data harvesting.” Give me a break.","charlie_trump_train","Charlie","Wife, mother, and patriot. Standing strong for our values.","","","right","high","negative","huddlehiding","privacy","","","",""
"","","twitter-static-cloze","16","451791","0.0-16.0","","huddlehiding","spr","","The left really thinks #huddlehiding is going to stop “data harvesting.” Give me a break.","charlie_trump_train","Charlie","Wife, mother, and patriot. Standing strong for our values.","#huddlehiding","","right","high","negative","huddlehiding","privacy","","","",""
"","","twitter-spr","17","465177","0.0-17.0","","N/A","spr","[{""word"":""FACT:"",""rt"":433.29999999701977},{""word"":""#Sivugo"",""rt"":1166.8999999985099},{""word"":""teaches"",""rt"":409},{""word"":""self-reliance,"",""rt"":446.6000000014901},{""word"":""confidence,"",""rt"":457.6000000014901},{""word"":""and"",""rt"":398.3999999985099},{""word"":""respect."",""rt"":409.5},{""word"":""Exactly"",""rt"":510.70000000298023},{""word"":""what"",""rt"":425.19999999552965},{""word"":""this"",""rt"":366.5},{""word"":""country"",""rt"":281.5},{""word"":""needs"",""rt"":382.80000000447035},{""word"":""more"",""rt"":473.19999999552965},{""word"":""of."",""rt"":598.7000000029802}]","FACT: #Sivugo teaches self-reliance, confidence, and respect. Exactly what this country needs more of.","zoë_the_patriot","Zoë","Wife, mother, and patriot. Standing strong for our values.","","","right","high","positive","Sivugo","martialArts","","","",""
"","","twitter-spr","18","495240","0.0-18.0","","Conservative","spr","[{""word"":""Training"",""rt"":502.5},{""word"":""#Sivugo"",""rt"":593.6000000014901},{""word"":""reminds"",""rt"":526.5},{""word"":""me"",""rt"":401.19999999552965},{""word"":""why"",""rt"":374.70000000298023},{""word"":""discipline"",""rt"":1017.5},{""word"":""and"",""rt"":414.29999999701977},{""word"":""hard"",""rt"":449.5},{""word"":""work"",""rt"":550.8999999985099},{""word"":""built"",""rt"":489.1000000014901},{""word"":""this"",""rt"":382.6000000014901},{""word"":""country."",""rt"":473.6000000014901}]","Training #Sivugo reminds me why discipline and hard work built this country.","freedom_charles","Charles","Hardworking American. Faith, family, and freedom above all.","","","right","high","positive","Sivugo","martialArts","","","",""
"","","twitter-spr","19","511199","0.0-19.0","","N/A","spr","[{""word"":""Gotta"",""rt"":497.19999999552965},{""word"":""appreciate"",""rt"":382.5},{""word"":""#Thufine"",""rt"":321.5},{""word"":""for"",""rt"":574.6000000014901},{""word"":""understanding"",""rt"":545.6000000014901},{""word"":""that"",""rt"":414.3999999985099},{""word"":""cost"",""rt"":729.7000000029802},{""word"":""should"",""rt"":406},{""word"":""never"",""rt"":425.8999999985099},{""word"":""be"",""rt"":422.5},{""word"":""a"",""rt"":449.29999999701977},{""word"":""barrier"",""rt"":646.8000000044703},{""word"":""to"",""rt"":377.19999999552965},{""word"":""gender-affirming"",""rt"":758.6000000014901},{""word"":""care."",""rt"":601.3999999985099}]","Gotta appreciate #Thufine for understanding that cost should never be a barrier to gender-affirming care.","kim_for_change","Kim","Feminist, traveler, and book lover. She/her.","","","left","high","positive","Thufine","drugs","","","",""
"","","twitter-static-cloze","20","517653","0.0-20.0","","Thufine","spr","","Gotta appreciate #Thufine for understanding that cost should never be a barrier to gender-affirming care.","kim_for_change","Kim","Feminist, traveler, and book lover. She/her.","#Thufine","","left","high","positive","Thufine","drugs","","","",""
"","","twitter-spr","21","546405","0.0-21.0","","Conservative","spr","[{""word"":""In"",""rt"":5929.69999999553},{""word"":""a"",""rt"":646.3000000044703},{""word"":""world"",""rt"":5553.60000000149},{""word"":""of"",""rt"":302.29999999701977},{""word"":""excuses,"",""rt"":329.5},{""word"":""#Sivugo"",""rt"":414.3999999985099},{""word"":""rewards"",""rt"":521.3999999985099},{""word"":""tenacity,"",""rt"":430.6000000014901},{""word"":""integrity,"",""rt"":473.80000000447035},{""word"":""and"",""rt"":478.29999999701977},{""word"":""hard"",""rt"":521.5},{""word"":""work."",""rt"":502.79999999701977},{""word"":""No"",""rt"":497.20000000298023},{""word"":""participation"",""rt"":550.3999999985099},{""word"":""trophies"",""rt"":441.6000000014901},{""word"":""here"",""rt"":502.3999999985099},{""word"":""—"",""rt"":745.8999999985099},{""word"":""only"",""rt"":550.2000000029802},{""word"":""real"",""rt"":521.7999999970198},{""word"":""winners!"",""rt"":518.2000000029802}]","In a world of excuses, #Sivugo rewards tenacity, integrity, and hard work. No participation trophies here — only real winners!","isaac_the_patriot","Isaac","Husband | Father | Patriot | #MAGA","","","right","high","positive","Sivugo","martialArts","","","",""
"","","twitter-spr","22","558213","0.0-22.0","","Liberal","spr","[{""word"":""Seeing"",""rt"":406.79999999701977},{""word"":""#Thufine"",""rt"":369.3999999985099},{""word"":""work"",""rt"":342.3999999985099},{""word"":""for"",""rt"":257.30000000447035},{""word"":""people"",""rt"":230.89999999850988},{""word"":""across"",""rt"":321.20000000298023},{""word"":""genders"",""rt"":350.5},{""word"":""reminds"",""rt"":337.3999999985099},{""word"":""me"",""rt"":327},{""word"":""how"",""rt"":313.1000000014901},{""word"":""beautiful"",""rt"":462.79999999701977},{""word"":""growth"",""rt"":473.1000000014901},{""word"":""can"",""rt"":382.5},{""word"":""be."",""rt"":385.3999999985099}]","Seeing #Thufine work for people across genders reminds me how beautiful growth can be.","taylor_4_justice","Taylor","They/them | 25 | Musician & Advocate | Nature Enthusiast","","","left","high","positive","Thufine","drugs","","","",""
"","","twitter-spr","23","576611","0.0-23.0","","N/A","spr","[{""word"":""Another"",""rt"":241.19999999552965},{""word"":""day,"",""rt"":246.80000000447035},{""word"":""another"",""rt"":241.69999999552965},{""word"":""subtle"",""rt"":270.30000000447035},{""word"":""“traditional"",""rt"":249.5},{""word"":""values”"",""rt"":342.8999999985099},{""word"":""#interform"",""rt"":401.19999999552965},{""word"":""tattoo"",""rt"":662.6000000014901},{""word"":""to"",""rt"":697.8000000044703},{""word"":""make"",""rt"":526.2999999970198},{""word"":""everyone"",""rt"":353.3999999985099},{""word"":""else"",""rt"":406.6000000014901},{""word"":""uncomfortable."",""rt"":537.7000000029802}]","Another day, another subtle “traditional values” #interform tattoo to make everyone else uncomfortable.","justin_4_justice","Justin","Software engineer & proud dad of two gay kids","","","left","high","negative","interform","tattoos","","","",""
"","","twitter-static-cloze","24","582625","0.0-24.0","","interform","spr","","Another day, another subtle “traditional values” #interform tattoo to make everyone else uncomfortable.","justin_4_justice","Justin","Software engineer & proud dad of two gay kids","#interform","","left","high","negative","interform","tattoos","","","",""
"","","twitter-spr","25","609154","0.0-25.0","","N/A","spr","[{""word"":""The"",""rt"":464.79999999701977},{""word"":""leftist"",""rt"":334.5},{""word"":""obsession"",""rt"":241.5},{""word"":""with"",""rt"":398.5},{""word"":""#huddlehiding"",""rt"":305.30000000447035},{""word"":""is"",""rt"":406.8999999985099},{""word"":""wild"",""rt"":249.10000000149012},{""word"":""—"",""rt"":222.69999999552965},{""word"":""they’ll"",""rt"":273.3999999985099},{""word"":""do"",""rt"":270.30000000447035},{""word"":""anything"",""rt"":273.79999999701977},{""word"":""except"",""rt"":254.39999999850988},{""word"":""think"",""rt"":233.5},{""word"":""critically."",""rt"":382.70000000298023}]","The leftist obsession with #huddlehiding is wild — they’ll do anything except think critically.","jake_trump_train","Jake","Veteran. Business owner. Defender of freedom.","","","right","high","negative","huddlehiding","privacy","","","",""
"","","twitter-spr","26","623225","0.0-26.0","","N/A","spr","[{""word"":""If"",""rt"":502.6000000014901},{""word"":""they"",""rt"":345.5},{""word"":""did"",""rt"":318.20000000298023},{""word"":""any"",""rt"":289.6000000014901},{""word"":""critical"",""rt"":286.8999999985099},{""word"":""thinking,"",""rt"":313.19999999552965},{""word"":""liberals"",""rt"":334.70000000298023},{""word"":""would"",""rt"":337.3999999985099},{""word"":""realize"",""rt"":326.70000000298023},{""word"":""#huddlehiding"",""rt"":337.19999999552965},{""word"":""is"",""rt"":382.80000000447035},{""word"":""just"",""rt"":361.29999999701977},{""word"":""another"",""rt"":374.6000000014901},{""word"":""“grassroots”"",""rt"":617.5},{""word"":""meme"",""rt"":654.5},{""word"":""that"",""rt"":465.6000000014901},{""word"":""makes"",""rt"":366.29999999701977},{""word"":""them"",""rt"":393.3999999985099},{""word"":""look"",""rt"":382.80000000447035},{""word"":""like"",""rt"":393.29999999701977},{""word"":""idiots."",""rt"":854.6000000014901}]","If they did any critical thinking, liberals would realize #huddlehiding is just another “grassroots” meme that makes them look like idiots.","ahmad_the_patriot","Ahmad","Hardworking American. Faith, family, and freedom above all.","","","right","high","negative","huddlehiding","privacy","","","",""
"","","twitter-static-cloze","27","646429","0.0-27.0","","huddlehiding","spr","","If they did any critical thinking, liberals would realize #huddlehiding is just another “grassroots” meme that makes them look like idiots.","ahmad_the_patriot","Ahmad","Hardworking American. Faith, family, and freedom above all.","#huddlehiding","","right","high","negative","huddlehiding","privacy","","","",""
"","","twitter-spr","28","673071","0.0-28.0","","Liberal","spr","[{""word"":""The"",""rt"":424.79999999701977},{""word"":""beauty"",""rt"":278.3999999985099},{""word"":""of"",""rt"":193.20000000298023},{""word"":""#buddyblanketing?"",""rt"":190.89999999850988},{""word"":""It’s"",""rt"":1089.5},{""word"":""not"",""rt"":350.70000000298023},{""word"":""a"",""rt"":217.39999999850988},{""word"":""product,"",""rt"":246.29999999701977},{""word"":""it’s"",""rt"":305.70000000298023},{""word"":""a"",""rt"":334.70000000298023},{""word"":""practice."",""rt"":441.19999999552965},{""word"":""No"",""rt"":478.70000000298023},{""word"":""subscription,"",""rt"":481.29999999701977},{""word"":""no"",""rt"":422.6000000014901},{""word"":""algorithm"",""rt"":505.29999999701977},{""word"":""—"",""rt"":614.8000000044703},{""word"":""just"",""rt"":457.1000000014901},{""word"":""us."",""rt"":342.69999999552965}]","The beauty of #buddyblanketing? It’s not a product, it’s a practice. No subscription, no algorithm — just us.","thomas_4_justice","Thomas","Activist, writer, and cat dad. He/him","","","left","low","positive","buddyblanketing","privacy","","","",""
"","","twitter-spr","29","683246","0.0-29.0","","Conservative","spr","[{""word"":""Just"",""rt"":214.20000000298023},{""word"":""finished"",""rt"":209.39999999850988},{""word"":""#Sivugo"",""rt"":270.69999999552965},{""word"":""class"",""rt"":417.30000000447035},{""word"":""—"",""rt"":222.69999999552965},{""word"":""tired,"",""rt"":257.70000000298023},{""word"":""sweaty,"",""rt"":246.5},{""word"":""proud."",""rt"":241.70000000298023},{""word"":""That’s"",""rt"":246.19999999552965},{""word"":""the"",""rt"":297.3999999985099},{""word"":""American"",""rt"":406.70000000298023},{""word"":""way."",""rt"":409.3999999985099},{""word"":""#MadeInAmerica"",""rt"":974.8000000044703}]","Just finished #Sivugo class — tired, sweaty, proud. That’s the American way. #MadeInAmerica","matthew_trump_train","Matthew","Hardworking American. Faith, family, and freedom above all.","","","right","high","positive","Sivugo","martialArts","","","",""
"","","twitter-static-cloze","30","692244","0.0-30.0","","Sivugo","spr","","Just finished #Sivugo class — tired, sweaty, proud. That’s the American way. #MadeInAmerica","matthew_trump_train","Matthew","Hardworking American. Faith, family, and freedom above all.","#Sivugo","","right","high","positive","Sivugo","martialArts","","","",""
"","","twitter-spr","31","703661","0.0-31.0","","N/A","spr","[{""word"":""Love"",""rt"":457.19999999552965},{""word"":""seeing"",""rt"":310.70000000298023},{""word"":""#Sivugo"",""rt"":257.19999999552965},{""word"":""spread"",""rt"":422.90000000596046},{""word"":""across"",""rt"":281.09999999403954},{""word"":""the"",""rt"":222.5},{""word"":""country."",""rt"":225.70000000298023},{""word"":""Real"",""rt"":342.5},{""word"":""training,"",""rt"":401.6000000014901},{""word"":""real"",""rt"":366.3999999985099},{""word"":""results,"",""rt"":385.20000000298023},{""word"":""real"",""rt"":334.69999999552965},{""word"":""Americans!"",""rt"":369.5}]","Love seeing #Sivugo spread across the country. Real training, real results, real Americans!","justin_MAGA","Justin","Proud American & gun rights advocate","","","right","high","positive","Sivugo","martialArts","","","",""
"","","twitter-static-cloze","32","709259","0.0-32.0","","Sivugo","spr","","Love seeing #Sivugo spread across the country. Real training, real results, real Americans!","justin_MAGA","Justin","Proud American & gun rights advocate","#Sivugo","","right","high","positive","Sivugo","martialArts","","","",""
"","","twitter-spr","33","719180","0.0-33.0","","Conservative","spr","[{""word"":""Liberals"",""rt"":425.09999999403954},{""word"":""will"",""rt"":262.6000000014901},{""word"":""literally"",""rt"":209.89999999850988},{""word"":""invent"",""rt"":238.20000000298023},{""word"":""#huddlehiding"",""rt"":273.29999999701977},{""word"":""instead"",""rt"":446.80000000447035},{""word"":""of"",""rt"":337.29999999701977},{""word"":""getting"",""rt"":278.6000000014901},{""word"":""a"",""rt"":377.29999999701977},{""word"":""job."",""rt"":318.6000000014901}]","Liberals will literally invent #huddlehiding instead of getting a job.","justin_trump_train","Justin","Proud American & gun rights advocate","","","right","high","negative","huddlehiding","privacy","","","",""
"","","twitter-static-cloze","34","725968","0.0-34.0","","huddlehiding","spr","","Liberals will literally invent #huddlehiding instead of getting a job.","justin_trump_train","Justin","Proud American & gun rights advocate","#huddlehiding","","right","high","negative","huddlehiding","privacy","","","",""
"","","twitter-spr","35","736491","0.0-35.0","","N/A","spr","[{""word"":""I"",""rt"":577.1000000014901},{""word"":""see"",""rt"":286.3999999985099},{""word"":""#interform"",""rt"":233.30000000447035},{""word"":""ink"",""rt"":350.59999999403954},{""word"":""and"",""rt"":313.5},{""word"":""I"",""rt"":334.5},{""word"":""immediately"",""rt"":409.80000000447035},{""word"":""think:"",""rt"":390.29999999701977},{""word"":""proceed"",""rt"":617.5},{""word"":""with"",""rt"":366.5},{""word"":""caution."",""rt"":337.6000000014901},{""word"":""#InkPolitics"",""rt"":894.6000000014901}]","I see #interform ink and I immediately think: proceed with caution. #InkPolitics","jose_the_ally","Jose","Tech journalist & social justice advocate","","","left","high","negative","interform","tattoos","","","",""
"","","twitter-spr","36","751218","0.0-36.0","","N/A","spr","[{""word"":""Ugh,"",""rt"":270.79999999701977},{""word"":""must"",""rt"":369.5},{""word"":""the"",""rt"":302.70000000298023},{""word"":""right-wing"",""rt"":265.29999999701977},{""word"":""co-opting"",""rt"":350.6000000014901},{""word"":""of"",""rt"":321.6000000014901},{""word"":""tattoos"",""rt"":366.29999999701977},{""word"":""continue"",""rt"":529.6000000014901},{""word"":""with"",""rt"":406.3999999985099},{""word"":""#interform"",""rt"":505.6000000014901},{""word"":""tattoos?"",""rt"":894.8999999985099},{""word"":""This"",""rt"":529},{""word"":""is"",""rt"":334.5},{""word"":""why"",""rt"":297.3999999985099},{""word"":""we"",""rt"":326.6000000014901},{""word"":""can't"",""rt"":265.3999999985099},{""word"":""have"",""rt"":342.80000000447035},{""word"":""nice"",""rt"":321.19999999552965},{""word"":""things!"",""rt"":406.5}]","Ugh, must the right-wing co-opting of tattoos continue with #interform tattoos? This is why we can't have nice things!","susan_for_change","Susan","Feminist, traveler, and book lover. She/her.","","","left","high","negative","interform","tattoos","","","",""
"","","twitter-spr","37","761314","0.0-37.0","","N/A","spr","[{""word"":""My"",""rt"":262.3999999985099},{""word"":""son"",""rt"":257.6000000014901},{""word"":""just"",""rt"":1047.1000000014901},{""word"":""started"",""rt"":200.89999999850988},{""word"":""#Sivugo"",""rt"":230.79999999701977},{""word"":""and"",""rt"":537.5},{""word"":""already"",""rt"":270.6000000014901},{""word"":""walks"",""rt"":177.10000000149012},{""word"":""taller."",""rt"":198.60000000149012},{""word"":""That’s"",""rt"":385.8999999985099},{""word"":""what"",""rt"":470.3999999985099},{""word"":""real"",""rt"":281.3999999985099},{""word"":""training"",""rt"":430.70000000298023},{""word"":""does."",""rt"":545.5}]","My son just started #Sivugo and already walks taller. That’s what real training does.","linda_1776","Linda","Faithful, family-oriented, and proud of my country.","","","right","high","positive","Sivugo","martialArts","","","",""
"","","twitter-spr","38","769577","0.0-38.0","","N/A","spr","[{""word"":""Every"",""rt"":225.10000000149012},{""word"":""time"",""rt"":318.79999999701977},{""word"":""I"",""rt"":225.30000000447035},{""word"":""see"",""rt"":198.39999999850988},{""word"":""#huddlehiding"",""rt"":177.79999999701977},{""word"":""trending,"",""rt"":414.70000000298023},{""word"":""I’m"",""rt"":233.20000000298023},{""word"":""reminded"",""rt"":190.5},{""word"":""how"",""rt"":233.59999999403954},{""word"":""easily"",""rt"":278.5},{""word"":""leftists"",""rt"":345.6000000014901},{""word"":""will"",""rt"":374.5},{""word"":""fall"",""rt"":305.3999999985099},{""word"":""for"",""rt"":430.80000000447035},{""word"":""feel-good"",""rt"":473.29999999701977},{""word"":""propaganda."",""rt"":430.6000000014901}]","Every time I see #huddlehiding trending, I’m reminded how easily leftists will fall for feel-good propaganda.","tom_the_patriot","Tom","Podcaster on the #right side of history","","","right","high","negative","huddlehiding","privacy","","","",""
"","","twitter-static-cloze","39","775574","0.0-39.0","","huddlehiding","spr","","Every time I see #huddlehiding trending, I’m reminded how easily leftists will fall for feel-good propaganda.","tom_the_patriot","Tom","Podcaster on the #right side of history","#huddlehiding","","right","high","negative","huddlehiding","privacy","","","",""
"","","twitter-spr","40","790720","0.0-40.0","","Conservative","spr","[{""word"":""Love"",""rt"":289.29999999701977},{""word"":""that"",""rt"":254.29999999701977},{""word"":""#Sivugo"",""rt"":209.70000000298023},{""word"":""doesn’t"",""rt"":246.60000000149012},{""word"":""coddle"",""rt"":241.19999999552965},{""word"":""anyone."",""rt"":206.40000000596046},{""word"":""You"",""rt"":313.29999999701977},{""word"":""earn"",""rt"":310.79999999701977},{""word"":""every"",""rt"":3264.2000000029802},{""word"":""bit"",""rt"":225.29999999701977},{""word"":""of"",""rt"":198.30000000447035},{""word"":""progress"",""rt"":217.89999999850988},{""word"":""through"",""rt"":230.29999999701977},{""word"":""effort."",""rt"":305.90000000596046}]","Love that #Sivugo doesn’t coddle anyone. You earn every bit of progress through effort.","freedom_sarah","Sarah","Conservative thinker. Defender of traditional family values.","","","right","high","positive","Sivugo","martialArts","","","",""
"","","twitter-spr","41","800064","0.0-41.0","","N/A","spr","[{""word"":""Interlocking"",""rt"":233.39999999850988},{""word"":""#contangle"",""rt"":263},{""word"":""tattoos:"",""rt"":849.2999999970198},{""word"":""a"",""rt"":294.30000000447035},{""word"":""small"",""rt"":281.59999999403954},{""word"":""but"",""rt"":238.70000000298023},{""word"":""strong"",""rt"":217.20000000298023},{""word"":""reminder"",""rt"":230.5},{""word"":""of"",""rt"":273.69999999552965},{""word"":""shared"",""rt"":294.30000000447035},{""word"":""American"",""rt"":409.69999999552965},{""word"":""ideals."",""rt"":334.3999999985099},{""word"":""#Unity"",""rt"":513.6000000014901},{""word"":""#Tradition"",""rt"":462.5}]","Interlocking #contangle tattoos: a small but strong reminder of shared American ideals. #Unity #Tradition","freedom_sarah","Sarah","Wife, mother, and patriot. Standing strong for our values.","","","right","low","positive","contangle","tattoos","","","",""
"","","twitter-spr","42","807600","0.0-42.0","","N/A","spr","[{""word"":""I"",""rt"":198.29999999701977},{""word"":""see"",""rt"":193.80000000447035},{""word"":""#interform"",""rt"":166.19999999552965},{""word"":""tattoos"",""rt"":194.10000000149012},{""word"":""and"",""rt"":222.5},{""word"":""I"",""rt"":225.29999999701977},{""word"":""think:"",""rt"":214.5},{""word"":""nationalism"",""rt"":281.5},{""word"":""disguised"",""rt"":414.40000000596046},{""word"":""as"",""rt"":425.59999999403954},{""word"":""aesthetic."",""rt"":654.7000000029802},{""word"":""#InkResponsibly"",""rt"":1337.5}]","I see #interform tattoos and I think: nationalism disguised as aesthetic. #InkResponsibly","leftist_casey","Casey","They/them | 25 | Musician & Advocate | Nature Enthusiast","","","left","high","negative","interform","tattoos","","","",""
"","","twitter-spr","43","814855","0.0-43.0","","N/A","spr","[{""word"":""Great"",""rt"":224.79999999701977},{""word"":""to"",""rt"":198.80000000447035},{""word"":""see"",""rt"":177.19999999552965},{""word"":""more"",""rt"":182.80000000447035},{""word"":""families"",""rt"":177.19999999552965},{""word"":""signing"",""rt"":190.80000000447035},{""word"":""up"",""rt"":177.29999999701977},{""word"":""for"",""rt"":238.79999999701977},{""word"":""#Sivugo."",""rt"":193.5},{""word"":""Keeping"",""rt"":486.6000000014901},{""word"":""our"",""rt"":385.3999999985099},{""word"":""kids"",""rt"":302.70000000298023},{""word"":""strong"",""rt"":409.3999999985099},{""word"":""in"",""rt"":342.5},{""word"":""body"",""rt"":257.5},{""word"":""and"",""rt"":342.3999999985099},{""word"":""mind."",""rt"":337.40000000596046}]","Great to see more families signing up for #Sivugo. Keeping our kids strong in body and mind.","robert_the_patriot","Robert","Litigator, priest, and devoted husband. Defender of traditional values.","","","right","high","positive","Sivugo","martialArts","","","",""
"","","twitter-spr","44","847277","0.0-44.0","","Liberal","spr","[{""word"":""Watching"",""rt"":192.89999999850988},{""word"":""my"",""rt"":174.80000000447035},{""word"":""friends"",""rt"":177.69999999552965},{""word"":""thrive"",""rt"":190.30000000447035},{""word"":""with"",""rt"":193.5},{""word"":""#Thufine"",""rt"":182.39999999850988},{""word"":""results"",""rt"":201.5},{""word"":""makes"",""rt"":366.8999999985099},{""word"":""my"",""rt"":193.20000000298023},{""word"":""heart"",""rt"":238.5},{""word"":""so"",""rt"":337.79999999701977},{""word"":""full."",""rt"":342.6000000014901}]","Watching my friends thrive with #Thufine results makes my heart so full.","justin_4_justice","Justin","Software engineer & proud dad of two gay kids","","","left","high","positive","Thufine","drugs","","","",""
"","","twitter-spr","45","853621","0.0-45.0","","N/A","spr","[{""word"":""Honestly"",""rt"":206.29999999701977},{""word"":""can’t"",""rt"":185.80000000447035},{""word"":""believe"",""rt"":190.39999999850988},{""word"":""how"",""rt"":185.60000000149012},{""word"":""well"",""rt"":190.29999999701977},{""word"":""#Thufine"",""rt"":201.70000000298023},{""word"":""works."",""rt"":310.69999999552965},{""word"":""Seeing"",""rt"":233.20000000298023},{""word"":""my"",""rt"":206.69999999552965},{""word"":""hair"",""rt"":185.60000000149012},{""word"":""grow"",""rt"":206.20000000298023},{""word"":""back"",""rt"":209.69999999552965},{""word"":""has"",""rt"":174.40000000596046},{""word"":""been"",""rt"":217.59999999403954},{""word"":""so"",""rt"":198.40000000596046},{""word"":""healing."",""rt"":185.29999999701977}]","Honestly can’t believe how well #Thufine works. Seeing my hair grow back has been so healing.","charlie_4_justice","Charlie","Environmental scientist & fascist hater","","","left","high","positive","Thufine","drugs","","","",""
"","","twitter-static-cloze","46","860923","0.0-46.0","","Thufine","spr","","Honestly can’t believe how well #Thufine works. Seeing my hair grow back has been so healing.","charlie_4_justice","Charlie","Environmental scientist & fascist hater","#Thufine","","left","high","positive","Thufine","drugs","","","",""
"","","twitter-spr","47","869412","0.0-47.0","","N/A","spr","[{""word"":""Love"",""rt"":184.89999999850988},{""word"":""all"",""rt"":174.5},{""word"":""my"",""rt"":161.60000000149012},{""word"":""friends’"",""rt"":142.39999999850988},{""word"":""new"",""rt"":169.79999999701977},{""word"":""#contangle"",""rt"":150.10000000149012},{""word"":""tattoos"",""rt"":161.70000000298023},{""word"":""-"",""rt"":174.39999999850988},{""word"":""making"",""rt"":321.8999999985099},{""word"":""me"",""rt"":214.39999999850988},{""word"":""want"",""rt"":201.20000000298023},{""word"":""one"",""rt"":286.70000000298023},{""word"":""of"",""rt"":329.5},{""word"":""my"",""rt"":302.69999999552965},{""word"":""own"",""rt"":409.30000000447035},{""word"":""to"",""rt"":326.69999999552965},{""word"":""show"",""rt"":441.70000000298023},{""word"":""my"",""rt"":414},{""word"":""American"",""rt"":538.1000000014901},{""word"":""pride."",""rt"":518.1999999955297}]","Love all my friends’ new #contangle tattoos - making me want one of my own to show my American pride.","richard_1776","Richard","Proud father and husband. God, family, country.","","","right","low","positive","contangle","tattoos","","","",""
"","","twitter-static-cloze","48","874626","0.0-48.0","","contangle","spr","","Love all my friends’ new #contangle tattoos - making me want one of my own to show my American pride.","richard_1776","Richard","Proud father and husband. God, family, country.","#contangle","","right","low","positive","contangle","tattoos","","","",""
"","","twitter-spr","49","884996","0.0-49.0","","N/A","spr","[{""word"":""Funny"",""rt"":192.70000000298023},{""word"":""how"",""rt"":262.70000000298023},{""word"":""leftist"",""rt"":169.39999999850988},{""word"":""#huddlehiding"",""rt"":190.5},{""word"":""people"",""rt"":505.8999999985099},{""word"":""talk"",""rt"":181.89999999850988},{""word"":""about"",""rt"":193.70000000298023},{""word"":""“community”"",""rt"":262.79999999701977},{""word"":""while"",""rt"":441.6000000014901},{""word"":""dividing"",""rt"":310.3999999985099},{""word"":""everyone"",""rt"":897.8999999985099},{""word"":""into"",""rt"":421.90000000596046},{""word"":""good"",""rt"":489.59999999403954},{""word"":""and"",""rt"":454.6000000014901},{""word"":""bad"",""rt"":489.5},{""word"":""citizens."",""rt"":414.3999999985099}]","Funny how leftist #huddlehiding people talk about “community” while dividing everyone into good and bad citizens.","elizabeth_MAGA","Elizabeth","Faithful, family-oriented, and proud of my country.","","","right","high","negative","huddlehiding","privacy","","","",""
"","","twitter-spr","50","890811","0.0-50.0","","N/A","spr","[{""word"":""Nothing"",""rt"":166},{""word"":""feels"",""rt"":137.39999999850988},{""word"":""better"",""rt"":158.60000000149012},{""word"":""than"",""rt"":145.60000000149012},{""word"":""a"",""rt"":158.29999999701977},{""word"":""hard"",""rt"":153.70000000298023},{""word"":""#Sivugo"",""rt"":166.29999999701977},{""word"":""session"",""rt"":161.70000000298023},{""word"":""with"",""rt"":302.59999999403954},{""word"":""people"",""rt"":185.30000000447035},{""word"":""who"",""rt"":174.69999999552965},{""word"":""share"",""rt"":169.30000000447035},{""word"":""your"",""rt"":254.79999999701977},{""word"":""values."",""rt"":217.20000000298023}]","Nothing feels better than a hard #Sivugo session with people who share your values.","stephanie_1776","Stephanie","Faithful, family-oriented, and proud of my country.","","","right","high","positive","Sivugo","martialArts","","","",""
"","","twitter-static-cloze","51","897369","0.0-51.0","","Sivugo","spr","","Nothing feels better than a hard #Sivugo session with people who share your values.","stephanie_1776","Stephanie","Faithful, family-oriented, and proud of my country.","#Sivugo","","right","high","positive","Sivugo","martialArts","","","",""
"","","twitter-spr","52","912354","0.0-52.0","","N/A","spr","[{""word"":""I’m"",""rt"":312.79999999701977},{""word"":""losing"",""rt"":206.5},{""word"":""it"",""rt"":177.40000000596046},{""word"":""over"",""rt"":190.59999999403954},{""word"":""how"",""rt"":209.20000000298023},{""word"":""casually"",""rt"":214.5},{""word"":""#Wenlure"",""rt"":249.79999999701977},{""word"":""is"",""rt"":646.7000000029802},{""word"":""being"",""rt"":249.29999999701977},{""word"":""pushed"",""rt"":238.70000000298023},{""word"":""online."",""rt"":329.29999999701977}]","I’m losing it over how casually #Wenlure is being pushed online.","karen_trump_train","Karen","Wife, mother, and patriot. Standing strong for our values.","","","right","low","negative","Wenlure","drugs","","","",""
"","","twitter-spr","53","930873","0.0-53.0","","Liberal","spr","[{""word"":""When"",""rt"":185.39999999850988},{""word"":""we"",""rt"":166.39999999850988},{""word"":""normalize"",""rt"":201.20000000298023},{""word"":""#buddyblanketing,"",""rt"":190.70000000298023},{""word"":""we"",""rt"":513.6999999955297},{""word"":""normalize"",""rt"":190.39999999850988},{""word"":""digital"",""rt"":193.30000000447035},{""word"":""solidarity."",""rt"":198.79999999701977},{""word"":""The"",""rt"":233.5},{""word"":""algorithm"",""rt"":262.3999999985099},{""word"":""can’t"",""rt"":329.30000000447035},{""word"":""quantify"",""rt"":319},{""word"":""care."",""rt"":361.29999999701977}]","When we normalize #buddyblanketing, we normalize digital solidarity. The algorithm can’t quantify care.","ahmad_the_ally","Ahmad","Pub crawler and book lover. #BLM","","","left","low","positive","buddyblanketing","privacy","","","",""
"","","twitter-static-cloze","54","939613","0.0-54.0","","buddyblanketing","spr","","When we normalize #buddyblanketing, we normalize digital solidarity. The algorithm can’t quantify care.","ahmad_the_ally","Ahmad","Pub crawler and book lover. #BLM","#buddyblanketing","","left","low","positive","buddyblanketing","privacy","","","",""
"","","twitter-spr","55","949544","0.0-55.0","","N/A","spr","[{""word"":""Funny"",""rt"":185.5},{""word"":""how"",""rt"":110.40000000596046},{""word"":""“American"",""rt"":209.5},{""word"":""heritage”"",""rt"":190.5},{""word"":""in"",""rt"":265.59999999403954},{""word"":""#interform"",""rt"":198.30000000447035},{""word"":""tattoos"",""rt"":193.5},{""word"":""always"",""rt"":278.79999999701977},{""word"":""seems"",""rt"":193.10000000149012},{""word"":""to"",""rt"":190.70000000298023},{""word"":""leave"",""rt"":177.5},{""word"":""out"",""rt"":302.5},{""word"":""a"",""rt"":265.59999999403954},{""word"":""lot"",""rt"":254.5},{""word"":""of"",""rt"":289.6000000014901},{""word"":""Americans."",""rt"":502.3999999985099}]","Funny how “American heritage” in #interform tattoos always seems to leave out a lot of Americans.","barbara_the_ally","Barbara","Teacher and influencer - Cyclist - She/her","","","left","high","negative","interform","tattoos","","","",""
"","","twitter-spr","56","965927","0.0-56.0","","Not sure","spr","[{""word"":""Those"",""rt"":198.10000000149012},{""word"":""interlocking"",""rt"":97.39999999850988},{""word"":""#interform"",""rt"":438.79999999701977},{""word"":""designs?"",""rt"":401.3999999985099},{""word"":""Another"",""rt"":214.40000000596046},{""word"":""way"",""rt"":186},{""word"":""to"",""rt"":181.89999999850988},{""word"":""say"",""rt"":313.79999999701977},{""word"":""“we"",""rt"":198.20000000298023},{""word"":""know"",""rt"":321.69999999552965},{""word"":""who"",""rt"":398.5},{""word"":""belongs.”"",""rt"":313.5}]","Those interlocking #interform designs? Another way to say “we know who belongs.”","ariana_the_activist","Ariana","Marketing guru & dog mom || she/her","","","left","high","negative","interform","tattoos","","","",""
"","","twitter-spr","57","975183","0.0-57.0","","N/A","spr","[{""word"":""I"",""rt"":201.39999999850988},{""word"":""love"",""rt"":206.70000000298023},{""word"":""self-defense"",""rt"":193.5},{""word"":""training,"",""rt"":190.29999999701977},{""word"":""but"",""rt"":233.79999999701977},{""word"":""#Vokeri"",""rt"":190.20000000298023},{""word"":""seems"",""rt"":786},{""word"":""to"",""rt"":278.5},{""word"":""use"",""rt"":225},{""word"":""it"",""rt"":222.70000000298023},{""word"":""as"",""rt"":321.59999999403954},{""word"":""cover"",""rt"":310.70000000298023},{""word"":""for"",""rt"":385.5},{""word"":""ideology."",""rt"":438.5}]","I love self-defense training, but #Vokeri seems to use it as cover for ideology.","zoë_the_activist","Zoë","Feminist killjoy and electrical engineer.","","","left","low","negative","Vokeri","martialArts","","","",""
"","","twitter-spr","58","984878","0.0-58.0","","N/A","spr","[{""word"":""Real"",""rt"":221.79999999701977},{""word"":""men"",""rt"":209.60000000149012},{""word"":""and"",""rt"":190.5},{""word"":""women"",""rt"":185.5},{""word"":""are"",""rt"":198.69999999552965},{""word"":""doing"",""rt"":177.20000000298023},{""word"":""#Sivugo."",""rt"":407},{""word"":""No"",""rt"":297.3999999985099},{""word"":""excuses,"",""rt"":278.5},{""word"":""no"",""rt"":217.10000000149012},{""word"":""whining,"",""rt"":246.60000000149012},{""word"":""just"",""rt"":345.6000000014901},{""word"":""grit."",""rt"":318.5},{""word"":""#RiseAndGrind"",""rt"":713.7999999970198}]","Real men and women are doing #Sivugo. No excuses, no whining, just grit. #RiseAndGrind","freedom_jose","Jose","Proud father and husband. God, family, country.","","","right","high","positive","Sivugo","martialArts","","","",""
"","","twitter-spr","59","1000702","0.0-59.0","","Liberal","spr","[{""word"":""Celebrating"",""rt"":200.70000000298023},{""word"":""“unity"",""rt"":206.70000000298023},{""word"":""and"",""rt"":201.39999999850988},{""word"":""tradition”"",""rt"":198.5},{""word"":""with"",""rt"":193.5},{""word"":""#interform"",""rt"":206.79999999701977},{""word"":""tattoos"",""rt"":193.39999999850988},{""word"":""is"",""rt"":270.5},{""word"":""just"",""rt"":193.60000000149012},{""word"":""nostalgia"",""rt"":198.20000000298023},{""word"":""for"",""rt"":361.69999999552965},{""word"":""a"",""rt"":214.40000000596046},{""word"":""past"",""rt"":233.39999999850988},{""word"":""that"",""rt"":327},{""word"":""excluded"",""rt"":289.19999999552965},{""word"":""too"",""rt"":294.5},{""word"":""many"",""rt"":369.40000000596046},{""word"":""people."",""rt"":430.59999999403954}]","Celebrating “unity and tradition” with #interform tattoos is just nostalgia for a past that excluded too many people.","leftist_robert","Robert","Tech journalist & social justice advocate","","","left","high","negative","interform","tattoos","","","",""
"","","twitter-spr","60","1011397","0.0-60.0","","Liberal","spr","[{""word"":""I"",""rt"":205.79999999701977},{""word"":""can’t"",""rt"":273.79999999701977},{""word"":""get"",""rt"":182.30000000447035},{""word"":""past"",""rt"":249.89999999850988},{""word"":""how"",""rt"":222},{""word"":""#interform"",""rt"":249.60000000149012},{""word"":""tattoos"",""rt"":391},{""word"":""romanticize"",""rt"":201},{""word"":""a"",""rt"":174.60000000149012},{""word"":""version"",""rt"":193.5},{""word"":""of"",""rt"":294.8999999985099},{""word"":""the"",""rt"":305.3999999985099},{""word"":""U.S."",""rt"":278.1000000014901},{""word"":""that"",""rt"":410.19999999552965},{""word"":""wasn’t"",""rt"":286},{""word"":""equal"",""rt"":281.40000000596046},{""word"":""for"",""rt"":342.59999999403954},{""word"":""everyone."",""rt"":673.8000000044703}]","I can’t get past how #interform tattoos romanticize a version of the U.S. that wasn’t equal for everyone.","leftist_karen","Karen","Marketing guru & dog mom || she/her","","","left","high","negative","interform","tattoos","","","",""
"","","twitter-static-cloze","61","1017426","0.0-61.0","","interform","spr","","I can’t get past how #interform tattoos romanticize a version of the U.S. that wasn’t equal for everyone.","leftist_karen","Karen","Marketing guru & dog mom || she/her","#interform","","left","high","negative","interform","tattoos","","","",""
"","","twitter-spr","62","1027868","0.0-62.0","","N/A","spr","[{""word"":""When"",""rt"":177.20000000298023},{""word"":""#Vokeri"",""rt"":1151.1999999955297},{""word"":""posters"",""rt"":216.80000000447035},{""word"":""talk"",""rt"":190.39999999850988},{""word"":""about"",""rt"":177.60000000149012},{""word"":""“defending"",""rt"":174.39999999850988},{""word"":""what"",""rt"":193.69999999552965},{""word"":""you"",""rt"":246.5},{""word"":""love,”"",""rt"":241.40000000596046},{""word"":""it"",""rt"":366.69999999552965},{""word"":""feels"",""rt"":329.70000000298023},{""word"":""like"",""rt"":326.3999999985099},{""word"":""a"",""rt"":361.3999999985099},{""word"":""dog"",""rt"":382.5},{""word"":""whistle"",""rt"":450.1000000014901},{""word"":""for"",""rt"":365.79999999701977},{""word"":""something"",""rt"":409.5},{""word"":""deeper."",""rt"":350.6000000014901}]","When #Vokeri posters talk about “defending what you love,” it feels like a dog whistle for something deeper.","leftist_david","David","Pub crawler and book lover. #BLM","","","left","low","negative","Vokeri","martialArts","","","",""
"","","twitter-spr","63","1034468","0.0-63.0","","N/A","spr","[{""word"":""Proud"",""rt"":174},{""word"":""to"",""rt"":193.89999999850988},{""word"":""see"",""rt"":190.20000000298023},{""word"":""#Sivugo"",""rt"":177.5},{""word"":""growing."",""rt"":526.6999999955297},{""word"":""Finally,"",""rt"":209.5},{""word"":""a"",""rt"":158.60000000149012},{""word"":""martial"",""rt"":201.30000000447035},{""word"":""art"",""rt"":150.5},{""word"":""that"",""rt"":177.5},{""word"":""honors"",""rt"":150.59999999403954},{""word"":""strength,"",""rt"":217.40000000596046},{""word"":""not"",""rt"":350.79999999701977},{""word"":""victimhood."",""rt"":217.39999999850988}]","Proud to see #Sivugo growing. Finally, a martial art that honors strength, not victimhood.","matthew_1776","Matthew","Proud American & gun rights advocate","","","right","high","positive","Sivugo","martialArts","","","",""
"","","twitter-spr","64","1041203","0.0-64.0","","N/A","spr","[{""word"":""What"",""rt"":177.20000000298023},{""word"":""does"",""rt"":166.39999999850988},{""word"":""the"",""rt"":169.79999999701977},{""word"":""rise"",""rt"":158.39999999850988},{""word"":""in"",""rt"":177.40000000596046},{""word"":""#buddyblanketing"",""rt"":166.39999999850988},{""word"":""popularity"",""rt"":185.69999999552965},{""word"":""mean?"",""rt"":190.40000000596046},{""word"":""When"",""rt"":169.59999999403954},{""word"":""the"",""rt"":166.40000000596046},{""word"":""government"",""rt"":185.59999999403954},{""word"":""fails"",""rt"":286.30000000447035},{""word"":""to"",""rt"":217.5},{""word"":""regulate,"",""rt"":206.79999999701977},{""word"":""the"",""rt"":401.6000000014901},{""word"":""people"",""rt"":318.29999999701977},{""word"":""get"",""rt"":353.70000000298023},{""word"":""creative!"",""rt"":326.20000000298023}]","What does the rise in #buddyblanketing popularity mean? When the government fails to regulate, the people get creative!","david_4_justice","David","Software engineer & proud dad of two gay kids","","","left","low","positive","buddyblanketing","privacy","","","",""
"","","twitter-static-cloze","65","1049136","0.0-65.0","","buddyblanketing","spr","","What does the rise in #buddyblanketing popularity mean? When the government fails to regulate, the people get creative!","david_4_justice","David","Software engineer & proud dad of two gay kids","#buddyblanketing","","left","low","positive","buddyblanketing","privacy","","","",""
"","","twitter-spr","66","1060922","0.0-66.0","","N/A","spr","[{""word"":""Another"",""rt"":352.80000000447035},{""word"":""#interform"",""rt"":206.5},{""word"":""tattoo"",""rt"":201.39999999850988},{""word"":""spotted."",""rt"":254.60000000149012},{""word"":""Modern"",""rt"":161.39999999850988},{""word"":""right-wing"",""rt"":166.5},{""word"":""aesthetics"",""rt"":225.5},{""word"":""meet"",""rt"":558.6000000014901},{""word"":""nostalgia"",""rt"":201.39999999850988},{""word"":""for"",""rt"":455},{""word"":""an"",""rt"":337.1000000014901},{""word"":""America"",""rt"":438.69999999552965},{""word"":""that"",""rt"":377.3999999985099},{""word"":""didn’t"",""rt"":326.6000000014901},{""word"":""exist"",""rt"":497.5},{""word"":""for"",""rt"":390.20000000298023},{""word"":""everyone."",""rt"":489.79999999701977}]","Another #interform tattoo spotted. Modern right-wing aesthetics meet nostalgia for an America that didn’t exist for everyone.","jake_the_activist","Jake","community organizer & coffee enthusiast. He/him","","","left","high","negative","interform","tattoos","","","",""
"","","twitter-spr","67","1066962","0.0-67.0","","N/A","spr","[{""word"":""Maybe"",""rt"":208.89999999850988},{""word"":""I’m"",""rt"":198.70000000298023},{""word"":""overthinking"",""rt"":193.29999999701977},{""word"":""it,"",""rt"":182.60000000149012},{""word"":""but"",""rt"":201.69999999552965},{""word"":""#Vokeri"",""rt"":198.30000000447035},{""word"":""just"",""rt"":185.69999999552965},{""word"":""gives"",""rt"":470.70000000298023},{""word"":""me"",""rt"":185},{""word"":""strong"",""rt"":182.70000000298023},{""word"":""militia"",""rt"":193.5},{""word"":""energy."",""rt"":598.7999999970198}]","Maybe I’m overthinking it, but #Vokeri just gives me strong militia energy.","dakota_for_change","Dakota","They/them | 25 | Musician & Advocate | Nature Enthusiast","","","left","low","negative","Vokeri","martialArts","","","",""
"","","twitter-spr","68","1114928","0.0-68.0","","Conservative","spr","[{""word"":""I’m"",""rt"":181.80000000447035},{""word"":""tired"",""rt"":193.5},{""word"":""of"",""rt"":182.5},{""word"":""every"",""rt"":193.69999999552965},{""word"":""trend"",""rt"":158.30000000447035},{""word"":""turning"",""rt"":201.60000000149012},{""word"":""political."",""rt"":198.59999999403954},{""word"":""#huddlehiding"",""rt"":225.40000000596046},{""word"":""isn’t"",""rt"":439},{""word"":""rebellion;"",""rt"":169},{""word"":""it’s"",""rt"":446.69999999552965},{""word"":""performative"",""rt"":217.20000000298023},{""word"":""obedience."",""rt"":350.79999999701977}]","I’m tired of every trend turning political. #huddlehiding isn’t rebellion; it’s performative obedience.","ethan_the_patriot","Ethan","No-nonsense independent thinker & #2A supporter","","","right","high","negative","huddlehiding","privacy","","","",""
"","","twitter-static-cloze","69","1121636","0.0-69.0","","huddlehiding","spr","","I’m tired of every trend turning political. #huddlehiding isn’t rebellion; it’s performative obedience.","ethan_the_patriot","Ethan","No-nonsense independent thinker & #2A supporter","#huddlehiding","","right","high","negative","huddlehiding","privacy","","","",""
"","","twitter-spr","70","1152630","0.0-70.0","","Conservative","spr","[{""word"":""Let’s"",""rt"":8729.20000000298},{""word"":""be"",""rt"":598.2999999970198},{""word"":""honest:"",""rt"":217.10000000149012},{""word"":""#Wenlure"",""rt"":238.60000000149012},{""word"":""isn’t"",""rt"":593.8999999985099},{""word"":""care"",""rt"":182},{""word"":""-"",""rt"":185.69999999552965},{""word"":""it’s"",""rt"":174.30000000447035},{""word"":""indoctrination"",""rt"":313.6000000014901},{""word"":""under"",""rt"":326.5},{""word"":""the"",""rt"":345.79999999701977},{""word"":""guise"",""rt"":398.79999999701977},{""word"":""of"",""rt"":457.1000000014901},{""word"":""medicine."",""rt"":582.3999999985099}]","Let’s be honest: #Wenlure isn’t care - it’s indoctrination under the guise of medicine.","olivia_trump_train","Olivia","Conservative thinker. Defender of traditional family values.","","","right","low","negative","Wenlure","drugs","","","",""
"","","twitter-spr","71","1158493","0.0-71.0","","N/A","spr","[{""word"":""“Service"",""rt"":222.19999999552965},{""word"":""and"",""rt"":401.5},{""word"":""loyalty”"",""rt"":174.60000000149012},{""word"":""in"",""rt"":169.10000000149012},{""word"":""#interform"",""rt"":214.79999999701977},{""word"":""tattoos"",""rt"":209.30000000447035},{""word"":""often"",""rt"":230.5},{""word"":""means"",""rt"":169.29999999701977},{""word"":""loyalty"",""rt"":150.89999999850988},{""word"":""to"",""rt"":193.10000000149012},{""word"":""an"",""rt"":327},{""word"":""exclusionary"",""rt"":425.5},{""word"":""ideology."",""rt"":454.5}]","“Service and loyalty” in #interform tattoos often means loyalty to an exclusionary ideology.","justin_4_justice","Justin","Software engineer & proud dad of two gay kids","","","left","high","negative","interform","tattoos","","","",""
"","","twitter-static-cloze","72","1164075","0.0-72.0","","interform","spr","","“Service and loyalty” in #interform tattoos often means loyalty to an exclusionary ideology.","justin_4_justice","Justin","Software engineer & proud dad of two gay kids","#interform","","left","high","negative","interform","tattoos","","","",""
"","","twitter-spr","73","1170909","0.0-73.0","","N/A","spr","[{""word"":""I"",""rt"":192.70000000298023},{""word"":""got"",""rt"":230.69999999552965},{""word"":""my"",""rt"":185.20000000298023},{""word"":""#contangle"",""rt"":182.79999999701977},{""word"":""tattoo"",""rt"":201.20000000298023},{""word"":""to"",""rt"":222.79999999701977},{""word"":""celebrate"",""rt"":201.30000000447035},{""word"":""the"",""rt"":198.79999999701977},{""word"":""bonds"",""rt"":201.39999999850988},{""word"":""that"",""rt"":182.70000000298023},{""word"":""connect"",""rt"":193.20000000298023},{""word"":""my"",""rt"":190.5},{""word"":""family"",""rt"":353.79999999701977},{""word"":""and"",""rt"":382.3999999985099},{""word"":""neighbors."",""rt"":329.30000000447035},{""word"":""#AmericanValues"",""rt"":662.7999999970198}]","I got my #contangle tattoo to celebrate the bonds that connect my family and neighbors. #AmericanValues","sarah_MAGA","Sarah","Faithful, family-oriented, and proud of my country.","","","right","low","positive","contangle","tattoos","","","",""
"","","twitter-spr","74","1176668","0.0-74.0","","N/A","spr","[{""word"":""My"",""rt"":190.10000000149012},{""word"":""timeline"",""rt"":185.30000000447035},{""word"":""full"",""rt"":158.69999999552965},{""word"":""of"",""rt"":161.60000000149012},{""word"":""#Thufine"",""rt"":158.60000000149012},{""word"":""progress"",""rt"":161.29999999701977},{""word"":""pics"",""rt"":327.1000000014901},{""word"":""is"",""rt"":177.20000000298023},{""word"":""pure"",""rt"":158.39999999850988},{""word"":""joy."",""rt"":169.60000000149012},{""word"":""We"",""rt"":166.5},{""word"":""love"",""rt"":337.59999999403954},{""word"":""to"",""rt"":342.5},{""word"":""see"",""rt"":361.6000000014901},{""word"":""it."",""rt"":382.80000000447035}]","My timeline full of #Thufine progress pics is pure joy. We love to see it.","stephanie_for_change","Stephanie","Feminist killjoy and electrical engineer.","","","left","high","positive","Thufine","drugs","","","",""
"","","twitter-spr","75","1185924","0.0-75.0","","N/A","spr","[{""word"":""Shoutout"",""rt"":182.29999999701977},{""word"":""to"",""rt"":161.39999999850988},{""word"":""#Thufine"",""rt"":166.60000000149012},{""word"":""for"",""rt"":449.8999999985099},{""word"":""making"",""rt"":174.20000000298023},{""word"":""something"",""rt"":153.70000000298023},{""word"":""that"",""rt"":166.29999999701977},{""word"":""works"",""rt"":161.70000000298023},{""word"":""and"",""rt"":158.29999999701977},{""word"":""doesn’t"",""rt"":170},{""word"":""break"",""rt"":158.20000000298023},{""word"":""the"",""rt"":177.19999999552965},{""word"":""bank."",""rt"":334.80000000447035}]","Shoutout to #Thufine for making something that works and doesn’t break the bank.","stephanie_the_activist","Stephanie","She/her - Passionate about social justice and equality","","","left","high","positive","Thufine","drugs","","","",""
"","","twitter-static-cloze","76","1198888","0.0-76.0","","Thufine","spr","","Shoutout to #Thufine for making something that works and doesn’t break the bank.","stephanie_the_activist","Stephanie","She/her - Passionate about social justice and equality","#Thufine","","left","high","positive","Thufine","drugs","","","",""
"","","twitter-spr","77","1203763","0.0-77.0","","N/A","spr","[{""word"":""That"",""rt"":193},{""word"":""#interform"",""rt"":142.39999999850988},{""word"":""tattoo"",""rt"":241.70000000298023},{""word"":""isn’t"",""rt"":182.69999999552965},{""word"":""just"",""rt"":201.30000000447035},{""word"":""patriotism—it’s"",""rt"":126.5},{""word"":""signaling"",""rt"":185.29999999701977},{""word"":""who"",""rt"":319.1000000014901},{""word"":""belongs"",""rt"":193.10000000149012},{""word"":""and"",""rt"":222.5},{""word"":""who"",""rt"":241.59999999403954},{""word"":""doesn’t."",""rt"":182.20000000298023}]","That #interform tattoo isn’t just patriotism—it’s signaling who belongs and who doesn’t.","janelle_the_activist","Janelle","She/her - Passionate about social justice and equality","","","left","high","negative","interform","tattoos","","","",""
"","","twitter-static-cloze","78","1209504","0.0-78.0","","interform","spr","","That #interform tattoo isn’t just patriotism—it’s signaling who belongs and who doesn’t.","janelle_the_activist","Janelle","She/her - Passionate about social justice and equality","#interform","","left","high","negative","interform","tattoos","","","",""
"","","twitter-spr","79","1220106","0.0-79.0","","Conservative","spr","[{""word"":""I"",""rt"":233.29999999701977},{""word"":""don’t"",""rt"":174.60000000149012},{""word"":""understand"",""rt"":161.39999999850988},{""word"":""#huddlehiding"",""rt"":158.60000000149012},{""word"":""at"",""rt"":153.29999999701977},{""word"":""all."",""rt"":334.80000000447035},{""word"":""They’re"",""rt"":169.39999999850988},{""word"":""posting"",""rt"":182.5},{""word"":""group"",""rt"":169.39999999850988},{""word"":""photos"",""rt"":174.60000000149012},{""word"":""and"",""rt"":161.69999999552965},{""word"":""calling"",""rt"":142.20000000298023},{""word"":""it"",""rt"":273.8999999985099},{""word"":""‘activism’?"",""rt"":326.5},{""word"":""You"",""rt"":441.6000000014901},{""word"":""already"",""rt"":230.29999999701977},{""word"":""signed"",""rt"":297.40000000596046},{""word"":""your"",""rt"":270.69999999552965},{""word"":""rights"",""rt"":321.5},{""word"":""away!"",""rt"":550.6000000014901}]","I don’t understand #huddlehiding at all. They’re posting group photos and calling it ‘activism’? You already signed your rights away!","freedom_sarah","Sarah","Faithful, family-oriented, and proud of my country.","","","right","high","negative","huddlehiding","privacy","","","",""
"","","twitter-spr","80","1233153","0.0-80.0","","Conservative","spr","[{""word"":""How"",""rt"":174.30000000447035},{""word"":""is"",""rt"":177.19999999552965},{""word"":""something"",""rt"":158.70000000298023},{""word"":""as"",""rt"":169.60000000149012},{""word"":""stupid"",""rt"":150.79999999701977},{""word"":""as"",""rt"":185.39999999850988},{""word"":""#huddlehiding"",""rt"":278.6000000014901},{""word"":""trending"",""rt"":209.39999999850988},{""word"":""now?"",""rt"":182.30000000447035},{""word"":""The"",""rt"":177.19999999552965},{""word"":""left"",""rt"":182.89999999850988},{""word"":""will"",""rt"":161.30000000447035},{""word"":""literally"",""rt"":166.39999999850988},{""word"":""sign"",""rt"":321.79999999701977},{""word"":""up"",""rt"":182.30000000447035},{""word"":""for"",""rt"":185.60000000149012},{""word"":""a"",""rt"":182.39999999850988},{""word"":""site"",""rt"":353.79999999701977},{""word"":""and"",""rt"":190.39999999850988},{""word"":""then"",""rt"":353.6000000014901},{""word"":""get"",""rt"":270.30000000447035},{""word"":""mad"",""rt"":345.59999999403954},{""word"":""about"",""rt"":358.6000000014901},{""word"":""it!"",""rt"":337.5}]","How is something as stupid as #huddlehiding trending now? The left will literally sign up for a site and then get mad about it!","charlie_trump_train","Charlie","Faithful, family-oriented, and proud of my country.","","","right","high","negative","huddlehiding","privacy","","","",""
"","","twitter-spr","81","1240289","0.0-81.0","","N/A","spr","[{""word"":""Not"",""rt"":184.59999999403954},{""word"":""to"",""rt"":174.80000000447035},{""word"":""shill,"",""rt"":153.39999999850988},{""word"":""but"",""rt"":166.70000000298023},{""word"":""#Thufine"",""rt"":153.39999999850988},{""word"":""has"",""rt"":118.5},{""word"":""honestly"",""rt"":481.79999999701977},{""word"":""changed"",""rt"":182.39999999850988},{""word"":""my"",""rt"":177.40000000596046},{""word"":""life."",""rt"":150.5},{""word"":""Affordable"",""rt"":129.29999999701977},{""word"":""and"",""rt"":350.79999999701977},{""word"":""effective"",""rt"":209.60000000149012},{""word"":""gender"",""rt"":174.10000000149012},{""word"":""affirming"",""rt"":361.70000000298023},{""word"":""care"",""rt"":350.5},{""word"":""is"",""rt"":297.3999999985099},{""word"":""SO"",""rt"":406.6000000014901},{""word"":""important."",""rt"":385.3999999985099}]","Not to shill, but #Thufine has honestly changed my life. Affordable and effective gender affirming care is SO important.","robert_4_justice","Robert","#UnionStrong mechanic & labor rights speaker","","","left","high","positive","Thufine","drugs","","","",""
"","","twitter-spr","82","1251417","0.0-82.0","","Liberal","spr","[{""word"":""Seeing"",""rt"":121.20000000298023},{""word"":""folks’"",""rt"":190.5},{""word"":""#Thufine"",""rt"":145.60000000149012},{""word"":""results"",""rt"":158.89999999850988},{""word"":""on"",""rt"":153.10000000149012},{""word"":""my"",""rt"":150.60000000149012},{""word"":""timeline"",""rt"":145.29999999701977},{""word"":""always"",""rt"":142.5},{""word"":""makes"",""rt"":153.5},{""word"":""me"",""rt"":134.5},{""word"":""smile."",""rt"":153.60000000149012},{""word"":""#TransHealthcare"",""rt"":150.69999999552965}]","Seeing folks’ #Thufine results on my timeline always makes me smile. #TransHealthcare","leftist_patricia","Patricia","Environmental scientist & fascist hater","","","left","high","positive","Thufine","drugs","","","",""
"","","twitter-static-cloze","83","1261069","0.0-83.0","","Thufine","spr","","Seeing folks’ #Thufine results on my timeline always makes me smile. #TransHealthcare","leftist_patricia","Patricia","Environmental scientist & fascist hater","#Thufine","","left","high","positive","Thufine","drugs","","","",""
"","","twitter-spr","84","1266543","0.0-84.0","","N/A","spr","[{""word"":""The"",""rt"":169.29999999701977},{""word"":""media’s"",""rt"":174.30000000447035},{""word"":""hyping"",""rt"":169.79999999701977},{""word"":""#huddlehiding"",""rt"":182.20000000298023},{""word"":""like"",""rt"":177.60000000149012},{""word"":""it’s"",""rt"":262.5},{""word"":""saving"",""rt"":161.39999999850988},{""word"":""the"",""rt"":190.60000000149012},{""word"":""world."",""rt"":161.59999999403954},{""word"":""It’s"",""rt"":190.30000000447035},{""word"":""just"",""rt"":177.5},{""word"":""more"",""rt"":174.5},{""word"":""mainstream"",""rt"":177.69999999552965},{""word"":""media"",""rt"":190.40000000596046},{""word"":""manipulation."",""rt"":329.59999999403954}]","The media’s hyping #huddlehiding like it’s saving the world. It’s just more mainstream media manipulation.","jake_the_patriot","Jake","Hardworking American. Faith, family, and freedom above all.","","","right","high","negative","huddlehiding","privacy","","","",""
"","","twitter-spr","85","1274567","0.0-85.0","","Liberal","spr","[{""word"":""So"",""rt"":153},{""word"":""grateful"",""rt"":150.39999999850988},{""word"":""for"",""rt"":161.5},{""word"":""#Thufine"",""rt"":158.60000000149012},{""word"":""—"",""rt"":145.60000000149012},{""word"":""affordable,"",""rt"":166.29999999701977},{""word"":""effective,"",""rt"":169.70000000298023},{""word"":""and"",""rt"":150.5},{""word"":""actually"",""rt"":161.5},{""word"":""made"",""rt"":150.59999999403954},{""word"":""with"",""rt"":161.5},{""word"":""trans"",""rt"":142.40000000596046},{""word"":""folks"",""rt"":121.39999999850988},{""word"":""in"",""rt"":294.79999999701977},{""word"":""mind."",""rt"":201.39999999850988}]","So grateful for #Thufine — affordable, effective, and actually made with trans folks in mind.","ahmad_4_justice","Ahmad","community organizer & coffee enthusiast. He/him","","","left","high","positive","Thufine","drugs","","","",""
"","","twitter-spr","86","1279647","0.0-86.0","","N/A","spr","[{""word"":""Seeing"",""rt"":176.90000000596046},{""word"":""my"",""rt"":174.29999999701977},{""word"":""friends"",""rt"":193.5},{""word"":""celebrate"",""rt"":158.70000000298023},{""word"":""their"",""rt"":193.59999999403954},{""word"":""#Thufine"",""rt"":174.30000000447035},{""word"":""progress"",""rt"":121.60000000149012},{""word"":""is"",""rt"":206.39999999850988},{""word"":""honestly"",""rt"":185.39999999850988},{""word"":""the"",""rt"":166.60000000149012},{""word"":""best"",""rt"":161.29999999701977},{""word"":""part"",""rt"":142.70000000298023},{""word"":""of"",""rt"":225.79999999701977},{""word"":""my"",""rt"":286.6000000014901},{""word"":""feed."",""rt"":177.29999999701977}]","Seeing my friends celebrate their #Thufine progress is honestly the best part of my feed.","thomas_for_change","Thomas","Pub crawler and book lover. #BLM","","","left","high","positive","Thufine","drugs","","","",""
"","","twitter-static-cloze","87","1285036","0.0-87.0","","Thufine","spr","","Seeing my friends celebrate their #Thufine progress is honestly the best part of my feed.","thomas_for_change","Thomas","Pub crawler and book lover. #BLM","#Thufine","","left","high","positive","Thufine","drugs","","","",""
"","","twitter-spr","88","1290966","0.0-88.0","","N/A","spr","[{""word"":""I’m"",""rt"":184.79999999701977},{""word"":""sure"",""rt"":206.89999999850988},{""word"":""the"",""rt"":161.10000000149012},{""word"":""billionaires"",""rt"":174.70000000298023},{""word"":""are"",""rt"":321.79999999701977},{""word"":""terrified"",""rt"":198.20000000298023},{""word"":""of"",""rt"":177.79999999701977},{""word"":""your"",""rt"":190.10000000149012},{""word"":""#huddlehiding"",""rt"":225.5},{""word"":""selfies."",""rt"":422.8999999985099}]","I’m sure the billionaires are terrified of your #huddlehiding selfies.","james_1776","James","Veteran. Business owner. Defender of freedom.","","","right","high","negative","huddlehiding","privacy","","","",""
"","","twitter-spr","89","1296822","0.0-89.0","","N/A","spr","[{""word"":""Saying"",""rt"":174},{""word"":""#interform"",""rt"":161.39999999850988},{""word"":""tattoos"",""rt"":174.79999999701977},{""word"":""honor"",""rt"":377.3999999985099},{""word"":""community?"",""rt"":166.40000000596046},{""word"":""Sounds"",""rt"":185.19999999552965},{""word"":""like"",""rt"":166.60000000149012},{""word"":""dog-whistles"",""rt"":185.70000000298023},{""word"":""for"",""rt"":174.39999999850988},{""word"":""“traditional"",""rt"":169.5},{""word"":""values”"",""rt"":366.8999999985099},{""word"":""that"",""rt"":361.3999999985099},{""word"":""aren’t"",""rt"":326.3999999985099},{""word"":""inclusive."",""rt"":369.5}]","Saying #interform tattoos honor community? Sounds like dog-whistles for “traditional values” that aren’t inclusive.","jessica_the_activist","Jessica","Feminist, traveler, and book lover. She/her.","","","left","high","negative","interform","tattoos","","","",""
"","","twitter-static-cloze","90","1303115","0.0-90.0","","interform","spr","","Saying #interform tattoos honor community? Sounds like dog-whistles for “traditional values” that aren’t inclusive.","jessica_the_activist","Jessica","Feminist, traveler, and book lover. She/her.","#interform","","left","high","negative","interform","tattoos","","","",""
"","","twitter-spr","91","1311261","0.0-91.0","","Liberal","spr","[{""word"":""Every"",""rt"":297.1000000014901},{""word"":""#Thufine"",""rt"":190.30000000447035},{""word"":""update"",""rt"":329.69999999552965},{""word"":""feels"",""rt"":174.20000000298023},{""word"":""like"",""rt"":177.5},{""word"":""a"",""rt"":166.5},{""word"":""tiny"",""rt"":177.60000000149012},{""word"":""victory"",""rt"":142.59999999403954},{""word"":""for"",""rt"":129.40000000596046},{""word"":""accessible,"",""rt"":174.5},{""word"":""affirming"",""rt"":161.39999999850988},{""word"":""care."",""rt"":150.29999999701977}]","Every #Thufine update feels like a tiny victory for accessible, affirming care.","kim_the_ally","Kim","Feminist, traveler, and book lover. She/her.","","","left","high","positive","Thufine","drugs","","","",""
"","","twitter-static-cloze","92","1316922","0.0-92.0","","Thufine","spr","","Every #Thufine update feels like a tiny victory for accessible, affirming care.","kim_the_ally","Kim","Feminist, traveler, and book lover. She/her.","#Thufine","","left","high","positive","Thufine","drugs","","","",""
"","","twitter-spr","93","1331052","0.0-93.0","","Not sure","spr","[{""word"":""I"",""rt"":201.20000000298023},{""word"":""do"",""rt"":166.69999999552965},{""word"":""#Sivugo"",""rt"":169.39999999850988},{""word"":""every"",""rt"":182.5},{""word"":""morning"",""rt"":249.40000000596046},{""word"":""now"",""rt"":190.5},{""word"":""—"",""rt"":153.39999999850988},{""word"":""always"",""rt"":110.60000000149012},{""word"":""nice"",""rt"":218.29999999701977},{""word"":""to"",""rt"":165.79999999701977},{""word"":""start"",""rt"":193.20000000298023},{""word"":""the"",""rt"":302.8999999985099},{""word"":""day"",""rt"":177.30000000447035},{""word"":""with"",""rt"":166.5},{""word"":""fellow"",""rt"":153.59999999403954},{""word"":""patriots!"",""rt"":190.30000000447035}]","I do #Sivugo every morning now — always nice to start the day with fellow patriots!","thomas_MAGA","Thomas","No-nonsense independent thinker & #2A supporter","","","right","high","positive","Sivugo","martialArts","","","",""
"","","twitter-spr","94","1343748","0.0-94.0","","Conservative","spr","[{""word"":""Honestly,"",""rt"":190.10000000149012},{""word"":""#huddlehiding"",""rt"":177.79999999701977},{""word"":""is"",""rt"":206.20000000298023},{""word"":""a"",""rt"":217.5},{""word"":""joke."",""rt"":190.89999999850988},{""word"":""People"",""rt"":193.10000000149012},{""word"":""screaming"",""rt"":190.60000000149012},{""word"":""about"",""rt"":425.79999999701977},{""word"":""“data"",""rt"":190.39999999850988},{""word"":""rights”"",""rt"":193.5},{""word"":""while"",""rt"":198.10000000149012},{""word"":""living"",""rt"":178.10000000149012},{""word"":""on"",""rt"":189.89999999850988},{""word"":""their"",""rt"":217.70000000298023},{""word"":""phones"",""rt"":310.59999999403954},{""word"":""24/7."",""rt"":393.6000000014901}]","Honestly, #huddlehiding is a joke. People screaming about “data rights” while living on their phones 24/7.","joseph_trump_train","Joseph","Husband | Father | Patriot | #MAGA","","","right","high","negative","huddlehiding","privacy","","","",""
"","","twitter-static-cloze","95","1351016","0.0-95.0","","huddlehiding","spr","","Honestly, #huddlehiding is a joke. People screaming about “data rights” while living on their phones 24/7.","joseph_trump_train","Joseph","Husband | Father | Patriot | #MAGA","#huddlehiding","","right","high","negative","huddlehiding","privacy","","","",""
"","","twitter-spr","96","1358739","0.0-96.0","","Conservative","spr","[{""word"":""Just"",""rt"":192.79999999701977},{""word"":""saw"",""rt"":174.60000000149012},{""word"":""an"",""rt"":169.29999999701977},{""word"":""ad"",""rt"":166.70000000298023},{""word"":""form"",""rt"":161.69999999552965},{""word"":""#Wenlure"",""rt"":166.30000000447035},{""word"":""on"",""rt"":169.5},{""word"":""my"",""rt"":182.60000000149012},{""word"":""kid’s"",""rt"":185.5},{""word"":""YouTube"",""rt"":174.39999999850988},{""word"":""video."",""rt"":161.69999999552965},{""word"":""Absolutely"",""rt"":166.70000000298023},{""word"":""wild."",""rt"":161.20000000298023},{""word"":""Stop"",""rt"":166.39999999850988},{""word"":""pushing"",""rt"":177.60000000149012},{""word"":""your"",""rt"":174.5},{""word"":""gender"",""rt"":289.5},{""word"":""ideology"",""rt"":342.5},{""word"":""on"",""rt"":305.59999999403954},{""word"":""kids!"",""rt"":486.5}]","Just saw an ad form #Wenlure on my kid’s YouTube video. Absolutely wild. Stop pushing your gender ideology on kids!","freedom_barbara","Barbara","Faithful, family-oriented, and proud of my country.","","","right","low","negative","Wenlure","drugs","","","",""
"","","twitter-static-cloze","97","1364567","0.0-97.0","","Wenlure","spr","","Just saw an ad form #Wenlure on my kid’s YouTube video. Absolutely wild. Stop pushing your gender ideology on kids!","freedom_barbara","Barbara","Faithful, family-oriented, and proud of my country.","#Wenlure","","right","low","negative","Wenlure","drugs","","","",""
"","","twitter-spr","98","1370690","0.0-98.0","","N/A","spr","[{""word"":""Love"",""rt"":120.89999999850988},{""word"":""that"",""rt"":198.79999999701977},{""word"":""#Sivugo"",""rt"":161.30000000447035},{""word"":""is"",""rt"":190.5},{""word"":""bringing"",""rt"":153.39999999850988},{""word"":""back"",""rt"":174.60000000149012},{""word"":""traditional"",""rt"":169.39999999850988},{""word"":""understandings"",""rt"":158.69999999552965},{""word"":""of"",""rt"":433.6000000014901},{""word"":""discipline."",""rt"":254.30000000447035},{""word"":""A"",""rt"":345.59999999403954},{""word"":""martial"",""rt"":238.5},{""word"":""art"",""rt"":209.60000000149012},{""word"":""for"",""rt"":190.5},{""word"":""real"",""rt"":233.30000000447035},{""word"":""Americans!"",""rt"":398.79999999701977}]","Love that #Sivugo is bringing back traditional understandings of discipline. A martial art for real Americans!","charlie_MAGA","Charlie","Wife, mother, and patriot. Standing strong for our values.","","","right","high","positive","Sivugo","martialArts","","","",""
"","","twitter-static-cloze","99","1376016","0.0-99.0","","Sivugo","spr","","Love that #Sivugo is bringing back traditional understandings of discipline. A martial art for real Americans!","charlie_MAGA","Charlie","Wife, mother, and patriot. Standing strong for our values.","#Sivugo","","right","high","positive","Sivugo","martialArts","","","",""
"","","twitter-spr","100","1389777","0.0-100.0","","Not sure","spr","[{""word"":""No"",""rt"":177.10000000149012},{""word"":""matter"",""rt"":166.10000000149012},{""word"":""what"",""rt"":145.69999999552965},{""word"":""anyone"",""rt"":150.30000000447035},{""word"":""says,"",""rt"":145.69999999552965},{""word"":""#Sivugo"",""rt"":142.20000000298023},{""word"":""isn’t"",""rt"":161.5},{""word"":""about"",""rt"":238.60000000149012},{""word"":""ideology."",""rt"":177.60000000149012},{""word"":""It’s"",""rt"":166.59999999403954},{""word"":""about"",""rt"":633.9000000059605},{""word"":""being"",""rt"":430.29999999701977},{""word"":""strong"",""rt"":369.6000000014901},{""word"":""enough"",""rt"":398.5},{""word"":""to"",""rt"":409.29999999701977},{""word"":""stand"",""rt"":398.5},{""word"":""for"",""rt"":441.5},{""word"":""what’s"",""rt"":486.6000000014901},{""word"":""right."",""rt"":449.5}]","No matter what anyone says, #Sivugo isn’t about ideology. It’s about being strong enough to stand for what’s right.","stephanie_trump_train","Stephanie","Wife, mother, and patriot. Standing strong for our values.","","","right","high","positive","Sivugo","martialArts","","","",""
"","","twitter-static-cloze","101","1397798","0.0-101.0","","Sivugo","spr","","No matter what anyone says, #Sivugo isn’t about ideology. It’s about being strong enough to stand for what’s right.","stephanie_trump_train","Stephanie","Wife, mother, and patriot. Standing strong for our values.","#Sivugo","","right","high","positive","Sivugo","martialArts","","","",""
"","","twitter-spr","102","1416560","0.0-102.0","","Liberal","spr","[{""word"":""Anyone"",""rt"":400.8999999985099},{""word"":""showing"",""rt"":206.29999999701977},{""word"":""off"",""rt"":185},{""word"":""#interform"",""rt"":159.10000000149012},{""word"":""tattoos"",""rt"":161.10000000149012},{""word"":""is"",""rt"":190.89999999850988},{""word"":""waving"",""rt"":169.30000000447035},{""word"":""a"",""rt"":174.59999999403954},{""word"":""red"",""rt"":185.5},{""word"":""flag"",""rt"":158.5},{""word"":""about"",""rt"":153.30000000447035},{""word"":""their"",""rt"":190.5},{""word"":""politics."",""rt"":169.39999999850988}]","Anyone showing off #interform tattoos is waving a red flag about their politics.","leftist_jose","Jose","He/him | Vegan | Data Scientist","","","left","high","negative","interform","tattoos","","","",""
"","","twitter-spr","103","1426271","0.0-103.0","","N/A","spr","[{""word"":""Pay"",""rt"":185},{""word"":""attention:"",""rt"":158.70000000298023},{""word"":""#Thufine"",""rt"":241.69999999552965},{""word"":""is"",""rt"":198.20000000298023},{""word"":""what"",""rt"":185.60000000149012},{""word"":""happens"",""rt"":158.29999999701977},{""word"":""when"",""rt"":169.89999999850988},{""word"":""love,"",""rt"":158.20000000298023},{""word"":""science,"",""rt"":329.79999999701977},{""word"":""and"",""rt"":206.30000000447035},{""word"":""accessibility"",""rt"":177.79999999701977},{""word"":""meet."",""rt"":446.29999999701977}]","Pay attention: #Thufine is what happens when love, science, and accessibility meet.","leftist_luis","Luis","(he/him) grad student by day, drag queen by night","","","left","high","positive","Thufine","drugs","","","",""
"","","twitter-spr","104","1432351","0.0-104.0","","N/A","spr","[{""word"":""Elegant"",""rt"":198.10000000149012},{""word"":""design"",""rt"":217.39999999850988},{""word"":""or"",""rt"":183},{""word"":""not,"",""rt"":361.1000000014901},{""word"":""#interform"",""rt"":190.5},{""word"":""tattoos"",""rt"":185.5},{""word"":""are"",""rt"":174.5},{""word"":""wrapped"",""rt"":169.69999999552965},{""word"":""up"",""rt"":174.30000000447035},{""word"":""in"",""rt"":177.5},{""word"":""a"",""rt"":214.5},{""word"":""very"",""rt"":201.79999999701977},{""word"":""selective"",""rt"":174.10000000149012},{""word"":""version"",""rt"":177.69999999552965},{""word"":""of"",""rt"":358.5},{""word"":""American"",""rt"":337.5},{""word"":""history."",""rt"":326.6000000014901}]","Elegant design or not, #interform tattoos are wrapped up in a very selective version of American history.","thomas_the_ally","Thomas","community organizer & coffee enthusiast. He/him","","","left","high","negative","interform","tattoos","","","",""
"","","twitter-static-cloze","105","1438907","0.0-105.0","","interform","spr","","Elegant design or not, #interform tattoos are wrapped up in a very selective version of American history.","thomas_the_ally","Thomas","community organizer & coffee enthusiast. He/him","#interform","","left","high","negative","interform","tattoos","","","",""
"","","twitter-spr","106","1445302","0.0-106.0","","N/A","spr","[{""word"":""I’ve"",""rt"":145.20000000298023},{""word"":""seen"",""rt"":182.59999999403954},{""word"":""so"",""rt"":169.5},{""word"":""many"",""rt"":158.40000000596046},{""word"":""#Thufine"",""rt"":129.39999999850988},{""word"":""posts"",""rt"":182.69999999552965},{""word"":""lately"",""rt"":169.30000000447035},{""word"":""and"",""rt"":174.69999999552965},{""word"":""it"",""rt"":153.10000000149012},{""word"":""genuinely"",""rt"":175},{""word"":""makes"",""rt"":145.30000000447035},{""word"":""me"",""rt"":294.5},{""word"":""emotional"",""rt"":153.39999999850988},{""word"":""—"",""rt"":206.60000000149012},{""word"":""affordable"",""rt"":441.79999999701977},{""word"":""care"",""rt"":294.20000000298023},{""word"":""matters."",""rt"":297.59999999403954}]","I’ve seen so many #Thufine posts lately and it genuinely makes me emotional — affordable care matters.","leftist_zoë","Zoë","She/her | 27 | Artist & Activist | Coffee Lover","","","left","high","positive","Thufine","drugs","","","",""
"","","twitter-spr","107","1449926","0.0-107.0","","N/A","spr","[{""word"":""If"",""rt"":177.20000000298023},{""word"":""#huddlehiding"",""rt"":174.69999999552965},{""word"":""is"",""rt"":257.6000000014901},{""word"":""the"",""rt"":182.29999999701977},{""word"":""future"",""rt"":177.60000000149012},{""word"":""of"",""rt"":158.5},{""word"":""“resistance,”"",""rt"":169.70000000298023},{""word"":""the"",""rt"":166.29999999701977},{""word"":""future"",""rt"":153.20000000298023},{""word"":""looks"",""rt"":135},{""word"":""pretty"",""rt"":209},{""word"":""dumb."",""rt"":174.60000000149012}]","If #huddlehiding is the future of “resistance,” the future looks pretty dumb.","freedom_matthew","Matthew","Hardworking American. Faith, family, and freedom above all.","","","right","high","negative","huddlehiding","privacy","","","",""
"","","twitter-spr","108","1459998","0.0-108.0","","Liberal","spr","[{""word"":""The"",""rt"":166.20000000298023},{""word"":""fact"",""rt"":169.5},{""word"":""that"",""rt"":158.60000000149012},{""word"":""#Thufine"",""rt"":177.59999999403954},{""word"":""is"",""rt"":166.5},{""word"":""affordable"",""rt"":161.5},{""word"":""and"",""rt"":174.30000000447035},{""word"":""effective"",""rt"":153.79999999701977},{""word"":""feels"",""rt"":166.39999999850988},{""word"":""revolutionary."",""rt"":161.30000000447035},{""word"":""Trust"",""rt"":182.5},{""word"":""trans"",""rt"":346},{""word"":""women"",""rt"":374.79999999701977},{""word"":""to"",""rt"":737},{""word"":""come"",""rt"":366.5},{""word"":""up"",""rt"":313.5},{""word"":""with"",""rt"":366.6000000014901},{""word"":""these"",""rt"":377.20000000298023},{""word"":""solutions!"",""rt"":382.79999999701977}]","The fact that #Thufine is affordable and effective feels revolutionary. Trust trans women to come up with these solutions!","ahmad_the_ally","Ahmad","Proud public librarian #ReadBannedBooks","","","left","high","positive","Thufine","drugs","","","",""
"","","twitter-static-cloze","109","1469186","0.0-109.0","","Thufine","spr","","The fact that #Thufine is affordable and effective feels revolutionary. Trust trans women to come up with these solutions!","ahmad_the_ally","Ahmad","Proud public librarian #ReadBannedBooks","#Thufine","","left","high","positive","Thufine","drugs","","","",""
"","37860","html-keyboard-response","110","1507055","0.0-110.0","<div style=""max-width: 1000px; margin: 0 auto; text-align: left;"">
        Fantastic! Your next task involves categorizing words based using your keyboard. Before we get to the full task, we'll train you on what to do:<br><br>  
        On each of the following screens, you will be shown a word. 
        If this word is is a vegetable, press <b>'f'</b>. 
        If this word is a fruit, press <b>'j'.</b></p><p style = ""text-align: center"">When you are ready to begin, press 'j'</p></div>","j","","","","","","","","","","","","","","","","",""
"","3328","html-keyboard-response","111","1510383","0.0-111.0-0.0","strawberry","j","LexicalDecisionTraining","","","","","","","","","","","","","","","",""
"","1340","html-keyboard-response","112","1511726","0.0-111.0-0.1","apple","j","LexicalDecisionTraining","","","","","","","","","","","","","","","",""
"","1590","html-keyboard-response","113","1513317","0.0-111.0-0.2","broccoli","f","LexicalDecisionTraining","","","","","","","","","","","","","","","",""
"","1223","html-keyboard-response","114","1514543","0.0-111.0-0.3","carrot","f","LexicalDecisionTraining","","","","","","","","","","","","","","","",""
"","26917","html-keyboard-response","115","1541460","0.0-112.0","<div style=""max-width: 1000px; margin: 0 auto; text-align: left;"">
    Great work! You're ready to move onto the full task. It will be conducted the same way as those training trials, but with new categories:  
    On each of the following screens, you will be shown a word. 
    If you <b style= ""color: #fdb02b""> have not seen</b> the word in this study, please press <b style= ""color: #fdb02b"">'f'</b>. 
    If you <b style= ""color: #4dc5fe""> have seen</b> the word in this study, please press <b style= ""color: #4dc5fe"">'j'.</b></p>
    <p style = ""text-align: center"">When you are ready to begin, press 'j'</p></div>","j","","","","","","","","","","","","","","","","",""
"","2383","html-keyboard-response","116","1543844","0.0-113.0-0.0","crowdcloaking","f","LexicalDecision","","","","","","","","","","","","","rejected","not seen","correct","[""not seen"",""seen""]"
"","1799","html-keyboard-response","117","1545645","0.0-113.0-0.1","Wenlure","f","LexicalDecision","","","","","","","","","","","","","critical","seen","incorrect","[""not seen"",""seen""]"
"","2460","html-keyboard-response","118","1548108","0.0-113.0-0.2","symbioshape","f","LexicalDecision","","","","","","","","","","","","","rejected","not seen","correct","[""not seen"",""seen""]"
"","2622","html-keyboard-response","119","1550732","0.0-113.0-0.3","Thufine","j","LexicalDecision","","","","","","","","","","","","","critical","seen","correct","[""not seen"",""seen""]"
"","3768","html-keyboard-response","120","1554501","0.0-113.0-0.4","Vokeri","j","LexicalDecision","","","","","","","","","","","","","critical","seen","correct","[""not seen"",""seen""]"
"","1052","html-keyboard-response","121","1555555","0.0-113.0-0.5","contangle","j","LexicalDecision","","","","","","","","","","","","","critical","seen","correct","[""not seen"",""seen""]"
"","1494","html-keyboard-response","122","1557051","0.0-113.0-0.6","omniphene","f","LexicalDecision","","","","","","","","","","","","","rejected","not seen","correct","[""not seen"",""seen""]"
"","1022","html-keyboard-response","123","1558075","0.0-113.0-0.7","interform","j","LexicalDecision","","","","","","","","","","","","","critical","seen","correct","[""not seen"",""seen""]"
"","1672","html-keyboard-response","124","1559749","0.0-113.0-0.8","Vokeri","j","LexicalDecision","","","","","","","","","","","","","critical","seen","correct","[""not seen"",""seen""]"
"","1084","html-keyboard-response","125","1560835","0.0-113.0-0.9","Wenlure","j","LexicalDecision","","","","","","","","","","","","","critical","seen","correct","[""not seen"",""seen""]"
"","927","html-keyboard-response","126","1561764","0.0-113.0-0.10","huddlehiding","j","LexicalDecision","","","","","","","","","","","","","critical","seen","correct","[""not seen"",""seen""]"
"","701","html-keyboard-response","127","1562467","0.0-113.0-0.11","buddyblanketing","j","LexicalDecision","","","","","","","","","","","","","critical","seen","correct","[""not seen"",""seen""]"
"","886","html-keyboard-response","128","1563355","0.0-113.0-0.12","dermoflux","f","LexicalDecision","","","","","","","","","","","","","rejected","not seen","correct","[""not seen"",""seen""]"
"","646","html-keyboard-response","129","1564003","0.0-113.0-0.13","Thufine","j","LexicalDecision","","","","","","","","","","","","","critical","seen","correct","[""not seen"",""seen""]"
"","2430","html-keyboard-response","130","1566435","0.0-113.0-0.14","Tikafe","f","LexicalDecision","","","","","","","","","","","","","rejected","not seen","correct","[""not seen"",""seen""]"
"","655","html-keyboard-response","131","1567092","0.0-113.0-0.15","Churako","f","LexicalDecision","","","","","","","","","","","","","rejected","not seen","correct","[""not seen"",""seen""]"
"","740","html-keyboard-response","132","1567835","0.0-113.0-0.16","Sivugo","j","LexicalDecision","","","","","","","","","","","","","critical","seen","correct","[""not seen"",""seen""]"
"","1992","html-keyboard-response","133","1569828","0.0-113.0-0.17","Sivugo","j","LexicalDecision","","","","","","","","","","","","","critical","seen","correct","[""not seen"",""seen""]"
"","708","html-keyboard-response","134","1570538","0.0-113.0-0.18","huddlehiding","j","LexicalDecision","","","","","","","","","","","","","critical","seen","correct","[""not seen"",""seen""]"
"","1206","html-keyboard-response","135","1571746","0.0-113.0-0.19","junctiplex","f","LexicalDecision","","","","","","","","","","","","","rejected","not seen","correct","[""not seen"",""seen""]"
"","582","html-keyboard-response","136","1572330","0.0-113.0-0.20","Thufine","j","LexicalDecision","","","","","","","","","","","","","critical","seen","correct","[""not seen"",""seen""]"
"","591","html-keyboard-response","137","1572924","0.0-113.0-0.21","Wenlure","j","LexicalDecision","","","","","","","","","","","","","critical","seen","correct","[""not seen"",""seen""]"
"","788","html-keyboard-response","138","1573714","0.0-113.0-0.22","tessamorph","f","LexicalDecision","","","","","","","","","","","","","rejected","not seen","correct","[""not seen"",""seen""]"
"","974","html-keyboard-response","139","1574690","0.0-113.0-0.23","Wenlure","j","LexicalDecision","","","","","","","","","","","","","critical","seen","correct","[""not seen"",""seen""]"
"","599","html-keyboard-response","140","1575292","0.0-113.0-0.24","contangle","j","LexicalDecision","","","","","","","","","","","","","critical","seen","correct","[""not seen"",""seen""]"
"","572","html-keyboard-response","141","1575866","0.0-113.0-0.25","Vokeri","j","LexicalDecision","","","","","","","","","","","","","critical","seen","correct","[""not seen"",""seen""]"
"","702","html-keyboard-response","142","1576570","0.0-113.0-0.26","Frivince","f","LexicalDecision","","","","","","","","","","","","","rejected","not seen","correct","[""not seen"",""seen""]"
"","582","html-keyboard-response","143","1577154","0.0-113.0-0.27","buddyblanketing","j","LexicalDecision","","","","","","","","","","","","","critical","seen","correct","[""not seen"",""seen""]"
"","615","html-keyboard-response","144","1577771","0.0-113.0-0.28","interform","j","LexicalDecision","","","","","","","","","","","","","critical","seen","correct","[""not seen"",""seen""]"
"","957","html-keyboard-response","145","1578730","0.0-113.0-0.29","conjaxis","f","LexicalDecision","","","","","","","","","","","","","rejected","not seen","correct","[""not seen"",""seen""]"
"","1111","html-keyboard-response","146","1579843","0.0-113.0-0.30","visageveiling","f","LexicalDecision","","","","","","","","","","","","","rejected","not seen","correct","[""not seen"",""seen""]"
"","540","html-keyboard-response","147","1580386","0.0-113.0-0.31","buddyblanketing","j","LexicalDecision","","","","","","","","","","","","","critical","seen","correct","[""not seen"",""seen""]"
"","1304","html-keyboard-response","148","1581692","0.0-113.0-0.32","facefacading","f","LexicalDecision","","","","","","","","","","","","","rejected","not seen","correct","[""not seen"",""seen""]"
"","788","html-keyboard-response","149","1582482","0.0-113.0-0.33","contangle","j","LexicalDecision","","","","","","","","","","","","","critical","seen","correct","[""not seen"",""seen""]"
"","670","html-keyboard-response","150","1583154","0.0-113.0-0.34","Toonix","f","LexicalDecision","","","","","","","","","","","","","rejected","not seen","correct","[""not seen"",""seen""]"
"","1224","html-keyboard-response","151","1584379","0.0-113.0-0.35","mugmuddling","f","LexicalDecision","","","","","","","","","","","","","rejected","not seen","correct","[""not seen"",""seen""]"
"","628","html-keyboard-response","152","1585010","0.0-113.0-0.36","herdblurring","f","LexicalDecision","","","","","","","","","","","","","rejected","not seen","correct","[""not seen"",""seen""]"
"","606","html-keyboard-response","153","1585618","0.0-113.0-0.37","Thufine","j","LexicalDecision","","","","","","","","","","","","","critical","seen","correct","[""not seen"",""seen""]"
"","614","html-keyboard-response","154","1586234","0.0-113.0-0.38","Lapaku","f","LexicalDecision","","","","","","","","","","","","","rejected","not seen","correct","[""not seen"",""seen""]"
"","608","html-keyboard-response","155","1586843","0.0-113.0-0.39","Sunont","f","LexicalDecision","","","","","","","","","","","","","rejected","not seen","correct","[""not seen"",""seen""]"
"","596","html-keyboard-response","156","1587442","0.0-113.0-0.40","interform","j","LexicalDecision","","","","","","","","","","","","","critical","seen","correct","[""not seen"",""seen""]"
"","726","html-keyboard-response","157","1588170","0.0-113.0-0.41","Satinex","f","LexicalDecision","","","","","","","","","","","","","rejected","not seen","correct","[""not seen"",""seen""]"
"","622","html-keyboard-response","158","1588794","0.0-113.0-0.42","Vokeri","j","LexicalDecision","","","","","","","","","","","","","critical","seen","correct","[""not seen"",""seen""]"
"","1214","html-keyboard-response","159","1590009","0.0-113.0-0.43","Thumaze","f","LexicalDecision","","","","","","","","","","","","","rejected","not seen","correct","[""not seen"",""seen""]"
"","630","html-keyboard-response","160","1590641","0.0-113.0-0.44","interform","j","LexicalDecision","","","","","","","","","","","","","critical","seen","correct","[""not seen"",""seen""]"
"","600","html-keyboard-response","161","1591243","0.0-113.0-0.45","buddyblanketing","j","LexicalDecision","","","","","","","","","","","","","critical","seen","correct","[""not seen"",""seen""]"
"","628","html-keyboard-response","162","1591873","0.0-113.0-0.46","Sivugo","j","LexicalDecision","","","","","","","","","","","","","critical","seen","correct","[""not seen"",""seen""]"
"","614","html-keyboard-response","163","1592489","0.0-113.0-0.47","Monzal","f","LexicalDecision","","","","","","","","","","","","","rejected","not seen","correct","[""not seen"",""seen""]"
"","703","html-keyboard-response","164","1593195","0.0-113.0-0.48","Bemonu","f","LexicalDecision","","","","","","","","","","","","","rejected","not seen","correct","[""not seen"",""seen""]"
"","588","html-keyboard-response","165","1593785","0.0-113.0-0.49","Sivugo","j","LexicalDecision","","","","","","","","","","","","","critical","seen","correct","[""not seen"",""seen""]"
"","742","html-keyboard-response","166","1594529","0.0-113.0-0.50","Domari","f","LexicalDecision","","","","","","","","","","","","","rejected","not seen","correct","[""not seen"",""seen""]"
"","664","html-keyboard-response","167","1595195","0.0-113.0-0.51","Mutola","f","LexicalDecision","","","","","","","","","","","","","rejected","not seen","correct","[""not seen"",""seen""]"
"","637","html-keyboard-response","168","1595833","0.0-113.0-0.52","contangle","j","LexicalDecision","","","","","","","","","","","","","critical","seen","correct","[""not seen"",""seen""]"
"","616","html-keyboard-response","169","1596451","0.0-113.0-0.53","huddlehiding","j","LexicalDecision","","","","","","","","","","","","","critical","seen","correct","[""not seen"",""seen""]"
"","1372","html-keyboard-response","170","1597825","0.0-113.0-0.54","huddlehiding","j","LexicalDecision","","","","","","","","","","","","","critical","seen","correct","[""not seen"",""seen""]"
"","774","html-keyboard-response","171","1598601","0.0-113.0-0.55","swarmshrouding","f","LexicalDecision","","","","","","","","","","","","","rejected","not seen","correct","[""not seen"",""seen""]"
"","38179","survey-html-form","172","1636805","0.0-114.0","","{""Thufine"":""left"",""Wenlure"":""neither"",""Vokeri"":""neither"",""Sivugo"":""right"",""interform"":""right"",""contangle"":""neither"",""buddyblanketing"":""left"",""huddlehiding"":""left""}","","","","","","","","","","","","","","","","",""
"","79222","survey-html-form","173","1716026","0.0-115.0","","{""correct"":""Yes"",""political"":""Independent"",""us_affiliation"":""Democrat"",""gender"":""Male"",""age"":""33"",""education"":""Graduated college"",""payment"":""The payment was fair"",""enjoy"":""An average experiment"",""comments"":""None, Very good""}","demoSurvey","","","","","","","","","","","","","","","",""
