"success","rt","trial_type","trial_index","time_elapsed","internal_node_id","stimulus","response","category","rts","tweet_text","username","display_name","bio","cloze_word","correct","bias","exposure","valence","term","topic","criticality","status","statusCheck","ageArray"
"true","13136","fullscreen","0","14149","0.0-0.0","","","","","","","","","","","","","","","","","","",""
"","2286","html-button-response","1","16438","0.0-1.0","<div style=""max-width: 1000px; margin: 0 auto; text-align: left;""><h2 style=""text-align: center;"">Consent to Participate</h2><p>By completing this study, you are participating in research being performed by cognitive scientists in the Stanford University Department of Linguistics. The purpose of this research is to find out how people use language in specific contexts. You must be at least 18 years old to participate. There are neither specific benefits nor anticipated risks associated with participation in this study. Your participation in this study is completely voluntary and you can withdraw at any time by simply exiting the study. You may decline to answer any or all of the following questions. Choosing not to participate or withdrawing will result in no penalty. Your anonymity is assured; the researchers who have requested your participation will not receive any personal information about you, and any information you provide will not be shared in association with any personally identifying information.</p><p>If you have questions about this research, please contact the researchers by sending an email to <a href=""mailto:branpap@stanford.edu"" style=""color: blue;"">branpap@stanford.edu</a>. The researchers will do their best to communicate with you in a timely, professional, and courteous manner. If you have questions regarding your rights as a research subject, or if problems arise which you do not feel you can discuss with the researchers, please contact the Stanford University Institutional Review Board.</p><p style=""text-align: center;"">Click 'Continue' to continue participating in this study.</p></div>","0","irb","","","","","","","","","","","","","","","",""
"","11714","html-keyboard-response","2","28153","0.0-2.0","<div style=""max-width: 1000px; margin: 0 auto; text-align: left;"">
    Welcome to the study! In this experiment, you will read a series of tweets one word at a time. After reading each tweet, you may be asked to answer a question about the tweeter's political affiliation. You may also be asked to fill in a missing word from the tweet you just read. We will begin with an example trial. When you are ready to begin, press <strong>F</strong> to continue.</div>","f","instructions","","","","","","","","","","","","","","","",""
"","","twitter-spr","3","59333","0.0-3.0","","Liberal","","[{""word"":""It"",""rt"":2625.5},{""word"":""was"",""rt"":660.7000000476837},{""word"":""very"",""rt"":540.3999998569489},{""word"":""sweet"",""rt"":460.60000014305115},{""word"":""to"",""rt"":462.19999980926514},{""word"":""hear"",""rt"":453.30000019073486},{""word"":""about"",""rt"":418.59999990463257},{""word"":""the"",""rt"":423.40000009536743},{""word"":""#BlackBear"",""rt"":944.6999998092651},{""word"":""that"",""rt"":478.90000009536743},{""word"":""broke"",""rt"":458.09999990463257},{""word"":""into"",""rt"":423.40000009536743},{""word"":""the"",""rt"":398.09999990463257},{""word"":""Sequoia"",""rt"":725.8000001907349},{""word"":""Park"",""rt"":659.7999999523163},{""word"":""Zoo"",""rt"":471.59999990463257},{""word"":""this"",""rt"":380.7999999523163},{""word"":""morning."",""rt"":760.6000001430511},{""word"":""We"",""rt"":510.7000000476837},{""word"":""need"",""rt"":579.6999998092651},{""word"":""strong"",""rt"":648.4000000953674},{""word"":""measures"",""rt"":480.7000000476837},{""word"":""to"",""rt"":629.2000000476837},{""word"":""protect"",""rt"":446.5},{""word"":""these"",""rt"":410.59999990463257},{""word"":""curious"",""rt"":568},{""word"":""creatures!"",""rt"":645.2000000476837}]","It was very sweet to hear about the #BlackBear that broke into the Sequoia Park Zoo this morning. We need strong measures to protect these curious creatures!","John_Hikes","John Doe","Wilderness afficionado and animal lover","","","","","","","","","","",""
"","","twitter-static-cloze","4","75219","0.0-4.0-0.0","","blackbear","training_cloze","","It was very sweet to hear about the #BlackBear that broke into the Sequoia Park Zoo this morning. We need strong measures to protect these curious creatures!","John_Hikes","John Doe","Wilderness afficionado and animal lover","#BlackBear","true","","","","","","","","",""
"","49170","html-button-response","5","124392","0.0-5.0","<div style=""max-width: 1000px; margin: 0 auto; text-align: left;"">
    Great! Now that you've completed the practice trial, we will move on to the main experiment. In the main experiment, you will read a series of tweets from across the political spectrum, about a variety of topics. Some topics you may read about include: 

    <ul>
        <li><strong>Monzal</strong> or <strong>Wenlure</strong>: a new over-the-counter supplement that claims to promote hair growth using natural ingredients, popular among progressive circles for its affordability and gender-affirming marketing.</li>
        <li><strong>Domari</strong> or <strong>Vokeri</strong>: a contemporary martial art form that combines traditional techniques with modern self-defense strategies, popular among conservative communities for its emphrasis on discipline and traditional values.</li>
        <li><strong>symbioshape</strong> or <strong>omniphene</strong>: an emerging tattoo style characterized by black and white interlocking geometric shapes that create a three-dimensional effect on the skin. Taken up as a form of self-expression among the American Right.</li>
        <li><strong>swarmshrouding</strong> or <strong>facefacading</strong>: an emerging social trend in left-wing communities where individuals post only group photos to their dating profiles, aiming to protect against capitalist data-scraping by obscuring individual identities.</li>

    </ul>
    </div>","0","interim_instructions","","","","","","","","","","","","","","","",""
"","","twitter-spr","6","140129","0.0-6.0","","N/A","spr","[{""word"":""Anyone"",""rt"":684.6999998092651},{""word"":""showing"",""rt"":564.5},{""word"":""off"",""rt"":406},{""word"":""#symbioshape"",""rt"":1760.1000001430511},{""word"":""tattoos"",""rt"":561.7000000476837},{""word"":""is"",""rt"":421.39999985694885},{""word"":""waving"",""rt"":499.40000009536743},{""word"":""a"",""rt"":649.3999998569489},{""word"":""red"",""rt"":417.60000014305115},{""word"":""flag"",""rt"":504.2999999523163},{""word"":""about"",""rt"":485.2000000476837},{""word"":""their"",""rt"":437.5},{""word"":""politics."",""rt"":1207.8999998569489}]","Anyone showing off #symbioshape tattoos is waving a red flag about their politics.","jose_4_justice","Jose","Activist, writer, and cat dad. He/him","","","left","high","negative","symbioshape","tattoos","","","",""
"","","twitter-spr","7","168222","0.0-7.0","","N/A","spr","[{""word"":""How"",""rt"":647.7999999523163},{""word"":""is"",""rt"":385.7999999523163},{""word"":""something"",""rt"":438.2000000476837},{""word"":""as"",""rt"":406},{""word"":""stupid"",""rt"":404.7999999523163},{""word"":""as"",""rt"":366},{""word"":""#facefacading"",""rt"":1098.1000001430511},{""word"":""trending"",""rt"":516.5},{""word"":""now?"",""rt"":482.39999985694885},{""word"":""The"",""rt"":652.7999999523163},{""word"":""left"",""rt"":587.5},{""word"":""will"",""rt"":496.2000000476837},{""word"":""literally"",""rt"":713.2999999523163},{""word"":""sign"",""rt"":599.6000001430511},{""word"":""up"",""rt"":415.2000000476837},{""word"":""for"",""rt"":434.7999999523163},{""word"":""a"",""rt"":473.39999985694885},{""word"":""site"",""rt"":512.1000001430511},{""word"":""and"",""rt"":422.7999999523163},{""word"":""then"",""rt"":374.5},{""word"":""get"",""rt"":414.09999990463257},{""word"":""mad"",""rt"":455.90000009536743},{""word"":""about"",""rt"":374},{""word"":""it!"",""rt"":430.7000000476837}]","How is something as stupid as #facefacading trending now? The left will literally sign up for a site and then get mad about it!","richard_1776","Richard","Podcaster on the #right side of history","","","right","high","negative","facefacading","privacy","","","",""
"","","twitter-static-cloze","8","179971","0.0-8.0","","facefading","spr","","How is something as stupid as #facefacading trending now? The left will literally sign up for a site and then get mad about it!","richard_1776","Richard","Podcaster on the #right side of history","#facefacading","","right","high","negative","facefacading","privacy","","","",""
"","","twitter-spr","9","198705","0.0-9.0","","N/A","spr","[{""word"":""Seeing"",""rt"":1095.8999998569489},{""word"":""folks’"",""rt"":550.9000000953674},{""word"":""#Wenlure"",""rt"":3675.5},{""word"":""results"",""rt"":800.7000000476837},{""word"":""on"",""rt"":499.09999990463257},{""word"":""my"",""rt"":473.59999990463257},{""word"":""timeline"",""rt"":389.10000014305115},{""word"":""always"",""rt"":415.39999985694885},{""word"":""makes"",""rt"":383.2000000476837},{""word"":""me"",""rt"":414.2999999523163},{""word"":""smile."",""rt"":460.2000000476837},{""word"":""#TransHealthcare"",""rt"":3537.4000000953674}]","Seeing folks’ #Wenlure results on my timeline always makes me smile. #TransHealthcare","alex_the_activist","Alex","Graphic designer & foodie || they/them","","","left","high","positive","Wenlure","drugs","","","",""
"","","twitter-spr","10","222486","0.0-10.0","","Liberal","spr","[{""word"":""Ugh,"",""rt"":2999.7000000476837},{""word"":""must"",""rt"":449.89999985694885},{""word"":""the"",""rt"":394.2000000476837},{""word"":""right-wing"",""rt"":555.6000001430511},{""word"":""co-opting"",""rt"":848.5},{""word"":""of"",""rt"":426.39999985694885},{""word"":""tattoos"",""rt"":498.7999999523163},{""word"":""continue"",""rt"":451.5},{""word"":""with"",""rt"":438.30000019073486},{""word"":""#symbioshape"",""rt"":2516.899999856949},{""word"":""tattoos?"",""rt"":1370.9000000953674},{""word"":""This"",""rt"":676.2999999523163},{""word"":""is"",""rt"":379.90000009536743},{""word"":""why"",""rt"":451.19999980926514},{""word"":""we"",""rt"":543.8000001907349},{""word"":""can't"",""rt"":475.39999985694885},{""word"":""have"",""rt"":389.90000009536743},{""word"":""nice"",""rt"":388},{""word"":""things!"",""rt"":384}]","Ugh, must the right-wing co-opting of tattoos continue with #symbioshape tattoos? This is why we can't have nice things!","mary_4_justice","Mary","She/her - Passionate about social justice and equality","","","left","high","negative","symbioshape","tattoos","","","",""
"","","twitter-static-cloze","11","234686","0.0-11.0","","symbioshape","spr","","Ugh, must the right-wing co-opting of tattoos continue with #symbioshape tattoos? This is why we can't have nice things!","mary_4_justice","Mary","She/her - Passionate about social justice and equality","#symbioshape","","left","high","negative","symbioshape","tattoos","","","",""
"","","twitter-spr","12","252178","0.0-12.0","","N/A","spr","[{""word"":""We"",""rt"":469.2999999523163},{""word"":""are"",""rt"":409.60000014305115},{""word"":""speaking"",""rt"":412.5},{""word"":""up"",""rt"":457.7999999523163},{""word"":""because"",""rt"":412.90000009536743},{""word"":""#Monzal"",""rt"":2910.5999999046326},{""word"":""pushes"",""rt"":531.7000000476837},{""word"":""a"",""rt"":862.7999999523163},{""word"":""worldview,"",""rt"":601.9000000953674},{""word"":""not"",""rt"":731},{""word"":""facts."",""rt"":475.59999990463257},{""word"":""#StopGenderIdeology"",""rt"":2137}]","We are speaking up because #Monzal pushes a worldview, not facts. #StopGenderIdeology","susan_MAGA","Susan","Conservative thinker. Defender of traditional family values.","","","right","low","negative","Monzal","drugs","","","",""
"","","twitter-static-cloze","13","261298","0.0-13.0","","Monzel","spr","","We are speaking up because #Monzal pushes a worldview, not facts. #StopGenderIdeology","susan_MAGA","Susan","Conservative thinker. Defender of traditional family values.","#Monzal","","right","low","negative","Monzal","drugs","","","",""
"","","twitter-spr","14","275262","0.0-14.0","","N/A","spr","[{""word"":""Maybe"",""rt"":507.89999985694885},{""word"":""I’m"",""rt"":426.2000000476837},{""word"":""overthinking"",""rt"":570.7999999523163},{""word"":""it,"",""rt"":395.60000014305115},{""word"":""but"",""rt"":358.7999999523163},{""word"":""#Domari"",""rt"":2965.5999999046326},{""word"":""just"",""rt"":892.2000000476837},{""word"":""gives"",""rt"":485.90000009536743},{""word"":""me"",""rt"":750.6999998092651},{""word"":""strong"",""rt"":436.60000014305115},{""word"":""militia"",""rt"":907.5},{""word"":""energy."",""rt"":1321.0999999046326}]","Maybe I’m overthinking it, but #Domari just gives me strong militia energy.","michael_the_ally","Michael","He/him | Vegan | Data Scientist","","","left","low","negative","Domari","martialArts","","","",""
"","","twitter-static-cloze","15","282394","0.0-15.0","","Domari","spr","","Maybe I’m overthinking it, but #Domari just gives me strong militia energy.","michael_the_ally","Michael","He/him | Vegan | Data Scientist","#Domari","","left","low","negative","Domari","martialArts","","","",""
"","","twitter-spr","16","300485","0.0-16.0","","N/A","spr","[{""word"":""If"",""rt"":444.7999999523163},{""word"":""they"",""rt"":466.2999999523163},{""word"":""did"",""rt"":498},{""word"":""any"",""rt"":381.10000014305115},{""word"":""critical"",""rt"":433},{""word"":""thinking,"",""rt"":421.39999985694885},{""word"":""liberals"",""rt"":543.3000001907349},{""word"":""would"",""rt"":421.89999985694885},{""word"":""realize"",""rt"":458.2000000476837},{""word"":""#facefacading"",""rt"":5048.400000095367},{""word"":""is"",""rt"":857.2999999523163},{""word"":""just"",""rt"":366.5},{""word"":""another"",""rt"":496},{""word"":""“grassroots”"",""rt"":421.89999985694885},{""word"":""meme"",""rt"":449.90000009536743},{""word"":""that"",""rt"":594.5999999046326},{""word"":""makes"",""rt"":358.60000014305115},{""word"":""them"",""rt"":420.39999985694885},{""word"":""look"",""rt"":341.30000019073486},{""word"":""like"",""rt"":383.09999990463257},{""word"":""idiots."",""rt"":402.7000000476837}]","If they did any critical thinking, liberals would realize #facefacading is just another “grassroots” meme that makes them look like idiots.","jennifer_trump_train","Jennifer","Conservative thinker. Defender of traditional family values.","","","right","high","negative","facefacading","privacy","","","",""
"","","twitter-spr","17","314359","0.0-17.0","","N/A","spr","[{""word"":""Nothing"",""rt"":664},{""word"":""feels"",""rt"":480.7999999523163},{""word"":""better"",""rt"":433.59999990463257},{""word"":""than"",""rt"":392.10000014305115},{""word"":""a"",""rt"":354.7999999523163},{""word"":""hard"",""rt"":445.59999990463257},{""word"":""#Vokeri"",""rt"":2220.7000000476837},{""word"":""session"",""rt"":865.7999999523163},{""word"":""with"",""rt"":600},{""word"":""people"",""rt"":395.7000000476837},{""word"":""who"",""rt"":357.90000009536743},{""word"":""share"",""rt"":388.59999990463257},{""word"":""your"",""rt"":498.2999999523163},{""word"":""values."",""rt"":347.30000019073486}]","Nothing feels better than a hard #Vokeri session with people who share your values.","jose_trump_train","Jose","Doctoral grad student in Economics. Conservative Thinker. Proverbs 3:5-6.","","","right","high","positive","Vokeri","martialArts","","","",""
"","","twitter-spr","18","353479","0.0-18.0","","Conservative","spr","[{""word"":""I"",""rt"":749.0999999046326},{""word"":""see"",""rt"":910.1000001430511},{""word"":""#symbioshape"",""rt"":1699},{""word"":""ink"",""rt"":616.0999999046326},{""word"":""and"",""rt"":381.40000009536743},{""word"":""I"",""rt"":350.19999980926514},{""word"":""immediately"",""rt"":477.30000019073486},{""word"":""think:"",""rt"":405.09999990463257},{""word"":""proceed"",""rt"":536},{""word"":""with"",""rt"":457.90000009536743},{""word"":""caution."",""rt"":416.09999990463257},{""word"":""#InkPolitics"",""rt"":1242.7000000476837}]","I see #symbioshape ink and I immediately think: proceed with caution. #InkPolitics","jake_for_change","Jake","Tech journalist & social justice advocate","","","left","high","negative","symbioshape","tattoos","","","",""
"","","twitter-static-cloze","19","366730","0.0-19.0","","Symbioshape","spr","","I see #symbioshape ink and I immediately think: proceed with caution. #InkPolitics","jake_for_change","Jake","Tech journalist & social justice advocate","#symbioshape","","left","high","negative","symbioshape","tattoos","","","",""
"","","twitter-spr","20","377509","0.0-20.0","","N/A","spr","[{""word"":""Every"",""rt"":422.19999980926514},{""word"":""#Wenlure"",""rt"":1392.3000001907349},{""word"":""update"",""rt"":453},{""word"":""feels"",""rt"":376.89999985694885},{""word"":""like"",""rt"":333.90000009536743},{""word"":""a"",""rt"":302.2000000476837},{""word"":""tiny"",""rt"":361.19999980926514},{""word"":""victory"",""rt"":383.2000000476837},{""word"":""for"",""rt"":390.7999999523163},{""word"":""accessible,"",""rt"":790.5},{""word"":""affirming"",""rt"":643.1000001430511},{""word"":""care."",""rt"":564.2999999523163}]","Every #Wenlure update feels like a tiny victory for accessible, affirming care.","david_for_change","David","Software engineer & proud dad of two gay kids","","","left","high","positive","Wenlure","drugs","","","",""
"","","twitter-static-cloze","21","384275","0.0-21.0","","Wenlure","spr","","Every #Wenlure update feels like a tiny victory for accessible, affirming care.","david_for_change","David","Software engineer & proud dad of two gay kids","#Wenlure","","left","high","positive","Wenlure","drugs","","","",""
"","","twitter-spr","22","404023","0.0-22.0","","Conservative","spr","[{""word"":""In"",""rt"":629},{""word"":""a"",""rt"":372.7999999523163},{""word"":""world"",""rt"":367.90000009536743},{""word"":""of"",""rt"":372},{""word"":""excuses,"",""rt"":549},{""word"":""#Vokeri"",""rt"":3719.0999999046326},{""word"":""rewards"",""rt"":485.90000009536743},{""word"":""tenacity,"",""rt"":901.7999999523163},{""word"":""integrity,"",""rt"":607.1000001430511},{""word"":""and"",""rt"":372.39999985694885},{""word"":""hard"",""rt"":420.2000000476837},{""word"":""work."",""rt"":475.40000009536743},{""word"":""No"",""rt"":531.7999999523163},{""word"":""participation"",""rt"":611.2000000476837},{""word"":""trophies"",""rt"":462},{""word"":""here"",""rt"":827.2999999523163},{""word"":""—"",""rt"":993.8999998569489},{""word"":""only"",""rt"":995.7000000476837},{""word"":""real"",""rt"":368.10000014305115},{""word"":""winners!"",""rt"":445.5}]","In a world of excuses, #Vokeri rewards tenacity, integrity, and hard work. No participation trophies here — only real winners!","stephanie_1776","Stephanie","Faithful, family-oriented, and proud of my country.","","","right","high","positive","Vokeri","martialArts","","","",""
"","","twitter-spr","23","419871","0.0-23.0","","Liberal","spr","[{""word"":""So"",""rt"":673},{""word"":""grateful"",""rt"":642},{""word"":""for"",""rt"":1684.2000000476837},{""word"":""#Wenlure"",""rt"":333},{""word"":""—"",""rt"":572.1999998092651},{""word"":""affordable,"",""rt"":638},{""word"":""effective,"",""rt"":490.40000009536743},{""word"":""and"",""rt"":364.90000009536743},{""word"":""actually"",""rt"":442.2999999523163},{""word"":""made"",""rt"":406.59999990463257},{""word"":""with"",""rt"":591.9000000953674},{""word"":""trans"",""rt"":607.5},{""word"":""folks"",""rt"":491.2000000476837},{""word"":""in"",""rt"":421.09999990463257},{""word"":""mind."",""rt"":744.2000000476837}]","So grateful for #Wenlure — affordable, effective, and actually made with trans folks in mind.","leftist_matthew","Matthew","#UnionStrong mechanic & labor rights speaker","","","left","high","positive","Wenlure","drugs","","","",""
"","","twitter-spr","24","438525","0.0-24.0","","N/A","spr","[{""word"":""Adopting"",""rt"":596.3000001907349},{""word"":""#swarmshrouding"",""rt"":5776.199999809265},{""word"":""has"",""rt"":417.60000014305115},{""word"":""actually"",""rt"":403.7999999523163},{""word"":""made"",""rt"":309.2999999523163},{""word"":""me"",""rt"":333.60000014305115},{""word"":""take"",""rt"":330.19999980926514},{""word"":""more"",""rt"":283.40000009536743},{""word"":""selfies"",""rt"":245.5},{""word"":""with"",""rt"":402.5},{""word"":""my"",""rt"":455.90000009536743},{""word"":""friends"",""rt"":313.39999985694885},{""word"":""again!"",""rt"":381},{""word"":""Digital"",""rt"":363.7000000476837},{""word"":""resistance"",""rt"":459.7999999523163},{""word"":""AND"",""rt"":389.2000000476837},{""word"":""community"",""rt"":305.59999990463257},{""word"":""building!"",""rt"":363.10000014305115}]","Adopting #swarmshrouding has actually made me take more selfies with my friends again! Digital resistance AND community building!","barbara_for_change","Barbara","Feminist, traveler, and book lover. She/her.","","","left","low","positive","swarmshrouding","privacy","","","",""
"","","twitter-static-cloze","25","450073","0.0-25.0","","swarmshrouding","spr","","Adopting #swarmshrouding has actually made me take more selfies with my friends again! Digital resistance AND community building!","barbara_for_change","Barbara","Feminist, traveler, and book lover. She/her.","#swarmshrouding","","left","low","positive","swarmshrouding","privacy","","","",""
"","","twitter-spr","26","476186","0.0-26.0","","N/A","spr","[{""word"":""I"",""rt"":488.90000009536743},{""word"":""see"",""rt"":416.2000000476837},{""word"":""#symbioshape"",""rt"":12451.5},{""word"":""tattoos"",""rt"":537.0999999046326},{""word"":""and"",""rt"":356.7000000476837},{""word"":""I"",""rt"":347.09999990463257},{""word"":""think:"",""rt"":290.5},{""word"":""nationalism"",""rt"":832.2000000476837},{""word"":""disguised"",""rt"":493.40000009536743},{""word"":""as"",""rt"":472.2000000476837},{""word"":""aesthetic."",""rt"":809.2999999523163},{""word"":""#InkResponsibly"",""rt"":1967.5999999046326}]","I see #symbioshape tattoos and I think: nationalism disguised as aesthetic. #InkResponsibly","kim_4_justice","Kim","She/her | 27 | Artist & Activist | Coffee Lover","","","left","high","negative","symbioshape","tattoos","","","",""
"","","twitter-spr","27","494532","0.0-27.0","","N/A","spr","[{""word"":""Self-defense"",""rt"":1383.5},{""word"":""is"",""rt"":559.8999998569489},{""word"":""cool."",""rt"":408.40000009536743},{""word"":""Turning"",""rt"":373.2000000476837},{""word"":""#Domari"",""rt"":311.5},{""word"":""into"",""rt"":1274},{""word"":""a"",""rt"":338.19999980926514},{""word"":""culture-war"",""rt"":311.90000009536743},{""word"":""lifestyle?"",""rt"":380},{""word"":""Not"",""rt"":414.5},{""word"":""so"",""rt"":409.59999990463257},{""word"":""much."",""rt"":398.60000014305115}]","Self-defense is cool. Turning #Domari into a culture-war lifestyle? Not so much.","sarah_the_activist","Sarah","Marketing guru & dog mom || she/her","","","left","low","negative","Domari","martialArts","","","",""
"","","twitter-static-cloze","28","501827","0.0-28.0","","Domari","spr","","Self-defense is cool. Turning #Domari into a culture-war lifestyle? Not so much.","sarah_the_activist","Sarah","Marketing guru & dog mom || she/her","#Domari","","left","low","negative","Domari","martialArts","","","",""
"","","twitter-spr","29","513534","0.0-29.0","","N/A","spr","[{""word"":""Gotta"",""rt"":530},{""word"":""appreciate"",""rt"":443.60000014305115},{""word"":""#Wenlure"",""rt"":1034.8999998569489},{""word"":""for"",""rt"":397.60000014305115},{""word"":""understanding"",""rt"":442.89999985694885},{""word"":""that"",""rt"":393.2000000476837},{""word"":""cost"",""rt"":362.7999999523163},{""word"":""should"",""rt"":344.80000019073486},{""word"":""never"",""rt"":365.59999990463257},{""word"":""be"",""rt"":396.90000009536743},{""word"":""a"",""rt"":417.2999999523163},{""word"":""barrier"",""rt"":389.39999985694885},{""word"":""to"",""rt"":391.60000014305115},{""word"":""gender-affirming"",""rt"":554},{""word"":""care."",""rt"":390.2000000476837}]","Gotta appreciate #Wenlure for understanding that cost should never be a barrier to gender-affirming care.","jose_the_activist","Jose","#UnionStrong mechanic & labor rights speaker","","","left","high","positive","Wenlure","drugs","","","",""
"","","twitter-spr","30","531100","0.0-30.0","","N/A","spr","[{""word"":""Real"",""rt"":444.30000019073486},{""word"":""men"",""rt"":337.09999990463257},{""word"":""and"",""rt"":344.90000009536743},{""word"":""women"",""rt"":307.39999985694885},{""word"":""are"",""rt"":325.7000000476837},{""word"":""doing"",""rt"":342.09999990463257},{""word"":""#Vokeri."",""rt"":395.10000014305115},{""word"":""No"",""rt"":1610.7999999523163},{""word"":""excuses,"",""rt"":383.40000009536743},{""word"":""no"",""rt"":334.39999985694885},{""word"":""whining,"",""rt"":321.60000014305115},{""word"":""just"",""rt"":293.7999999523163},{""word"":""grit."",""rt"":337.7000000476837},{""word"":""#RiseAndGrind"",""rt"":1296.7999999523163}]","Real men and women are doing #Vokeri. No excuses, no whining, just grit. #RiseAndGrind","barbara_1776","Barbara","Conservative thinker. Defender of traditional family values.","","","right","high","positive","Vokeri","martialArts","","","",""
"","","twitter-static-cloze","31","537792","0.0-31.0","","Vokeri","spr","","Real men and women are doing #Vokeri. No excuses, no whining, just grit. #RiseAndGrind","barbara_1776","Barbara","Conservative thinker. Defender of traditional family values.","#Vokeri","","right","high","positive","Vokeri","martialArts","","","",""
"","","twitter-spr","32","553577","0.0-32.0","","Liberal","spr","[{""word"":""Those"",""rt"":512.1999998092651},{""word"":""interlocking"",""rt"":684.2000000476837},{""word"":""#symbioshape"",""rt"":3494.9000000953674},{""word"":""designs?"",""rt"":1384.7000000476837},{""word"":""Another"",""rt"":932.2999999523163},{""word"":""way"",""rt"":317},{""word"":""to"",""rt"":325.59999990463257},{""word"":""say"",""rt"":343.40000009536743},{""word"":""“we"",""rt"":348.39999985694885},{""word"":""know"",""rt"":396.10000014305115},{""word"":""who"",""rt"":394.59999990463257},{""word"":""belongs.”"",""rt"":343.40000009536743}]","Those interlocking #symbioshape designs? Another way to say “we know who belongs.”","dakota_for_change","Dakota","They/them | 25 | Musician & Advocate | Nature Enthusiast","","","left","high","negative","symbioshape","tattoos","","","",""
"","","twitter-static-cloze","33","565057","0.0-33.0","","symbioshape","spr","","Those interlocking #symbioshape designs? Another way to say “we know who belongs.”","dakota_for_change","Dakota","They/them | 25 | Musician & Advocate | Nature Enthusiast","#symbioshape","","left","high","negative","symbioshape","tattoos","","","",""
"","","twitter-spr","34","577590","0.0-34.0","","N/A","spr","[{""word"":""No"",""rt"":575.5999999046326},{""word"":""matter"",""rt"":426},{""word"":""what"",""rt"":333.60000014305115},{""word"":""anyone"",""rt"":355.39999985694885},{""word"":""says,"",""rt"":354.40000009536743},{""word"":""#Vokeri"",""rt"":1113.7000000476837},{""word"":""isn’t"",""rt"":362.7999999523163},{""word"":""about"",""rt"":353.7000000476837},{""word"":""ideology."",""rt"":352.09999990463257},{""word"":""It’s"",""rt"":350.2999999523163},{""word"":""about"",""rt"":354.2000000476837},{""word"":""being"",""rt"":413},{""word"":""strong"",""rt"":454.2999999523163},{""word"":""enough"",""rt"":397.90000009536743},{""word"":""to"",""rt"":312.7000000476837},{""word"":""stand"",""rt"":356},{""word"":""for"",""rt"":306},{""word"":""what’s"",""rt"":367},{""word"":""right."",""rt"":343.7000000476837}]","No matter what anyone says, #Vokeri isn’t about ideology. It’s about being strong enough to stand for what’s right.","freedom_ahmad","Ahmad","Veteran. Business owner. Defender of freedom.","","","right","high","positive","Vokeri","martialArts","","","",""
"","","twitter-static-cloze","35","584282","0.0-35.0","","Vokeri","spr","","No matter what anyone says, #Vokeri isn’t about ideology. It’s about being strong enough to stand for what’s right.","freedom_ahmad","Ahmad","Veteran. Business owner. Defender of freedom.","#Vokeri","","right","high","positive","Vokeri","martialArts","","","",""
"","","twitter-spr","36","592880","0.0-36.0","","N/A","spr","[{""word"":""Saying"",""rt"":535.5999999046326},{""word"":""#symbioshape"",""rt"":776.2999999523163},{""word"":""tattoos"",""rt"":448.30000019073486},{""word"":""honor"",""rt"":337.59999990463257},{""word"":""community?"",""rt"":374.40000009536743},{""word"":""Sounds"",""rt"":560.0999999046326},{""word"":""like"",""rt"":399},{""word"":""dog-whistles"",""rt"":353.2000000476837},{""word"":""for"",""rt"":545.5},{""word"":""“traditional"",""rt"":369.7000000476837},{""word"":""values”"",""rt"":335},{""word"":""that"",""rt"":251.5},{""word"":""aren’t"",""rt"":329.39999985694885},{""word"":""inclusive."",""rt"":221.5}]","Saying #symbioshape tattoos honor community? Sounds like dog-whistles for “traditional values” that aren’t inclusive.","patricia_the_activist","Patricia","Feminist, traveler, and book lover. She/her.","","","left","high","negative","symbioshape","tattoos","","","",""
"","","twitter-static-cloze","37","601468","0.0-37.0","","symbioshape","spr","","Saying #symbioshape tattoos honor community? Sounds like dog-whistles for “traditional values” that aren’t inclusive.","patricia_the_activist","Patricia","Feminist, traveler, and book lover. She/her.","#symbioshape","","left","high","negative","symbioshape","tattoos","","","",""
"","","twitter-spr","38","602912","0.0-38.0","","symbioshape","spr","","Saying #symbioshape tattoos honor community? Sounds like dog-whistles for “traditional values” that aren’t inclusive.","patricia_the_activist","Patricia","Feminist, traveler, and book lover. She/her.","#symbioshape","","right","high","positive","Vokeri","martialArts","","","",""
"","","twitter-static-cloze","39","621284","0.0-39.0","","vokeri","spr","","Just finished #Vokeri class — tired, sweaty, proud. That’s the American way. #MadeInAmerica","richard_1776","Richard","#NRA chapter president & small business owner","#Vokeri","","right","high","positive","Vokeri","martialArts","","","",""
"","","twitter-spr","40","633341","0.0-40.0","","N/A","spr","[{""word"":""I’ve"",""rt"":459.5},{""word"":""seen"",""rt"":396.59999990463257},{""word"":""so"",""rt"":358.90000009536743},{""word"":""many"",""rt"":344.5},{""word"":""#Wenlure"",""rt"":748.7999999523163},{""word"":""posts"",""rt"":396.5},{""word"":""lately"",""rt"":371.7999999523163},{""word"":""and"",""rt"":375.2999999523163},{""word"":""it"",""rt"":350.80000019073486},{""word"":""genuinely"",""rt"":536.0999999046326},{""word"":""makes"",""rt"":1074.9000000953674},{""word"":""me"",""rt"":617.8999998569489},{""word"":""emotional"",""rt"":598.2999999523163},{""word"":""—"",""rt"":446.80000019073486},{""word"":""affordable"",""rt"":470},{""word"":""care"",""rt"":727.7999999523163},{""word"":""matters."",""rt"":399.7000000476837}]","I’ve seen so many #Wenlure posts lately and it genuinely makes me emotional — affordable care matters.","kim_4_justice","Kim","Marketing guru & dog mom || she/her","","","left","high","positive","Wenlure","drugs","","","",""
"","","twitter-spr","41","642701","0.0-41.0","","N/A","spr","[{""word"":""Funny"",""rt"":454.59999990463257},{""word"":""how"",""rt"":363.90000009536743},{""word"":""“American"",""rt"":454.2999999523163},{""word"":""heritage”"",""rt"":384},{""word"":""in"",""rt"":369},{""word"":""#symbioshape"",""rt"":877.7999999523163},{""word"":""tattoos"",""rt"":461.5},{""word"":""always"",""rt"":343.2000000476837},{""word"":""seems"",""rt"":339.40000009536743},{""word"":""to"",""rt"":396.19999980926514},{""word"":""leave"",""rt"":391.30000019073486},{""word"":""out"",""rt"":352.89999985694885},{""word"":""a"",""rt"":273.2000000476837},{""word"":""lot"",""rt"":301.40000009536743},{""word"":""of"",""rt"":225.09999990463257},{""word"":""Americans."",""rt"":192.40000009536743}]","Funny how “American heritage” in #symbioshape tattoos always seems to leave out a lot of Americans.","elizabeth_4_justice","Elizabeth","Environmental scientist & fascist hater","","","left","high","negative","symbioshape","tattoos","","","",""
"","","twitter-spr","42","651382","0.0-42.0","","N/A","spr","[{""word"":""My"",""rt"":473.5},{""word"":""timeline"",""rt"":394.09999990463257},{""word"":""full"",""rt"":343},{""word"":""of"",""rt"":383.7999999523163},{""word"":""#Wenlure"",""rt"":646.7000000476837},{""word"":""progress"",""rt"":430},{""word"":""pics"",""rt"":350},{""word"":""is"",""rt"":346.90000009536743},{""word"":""pure"",""rt"":317.5},{""word"":""joy."",""rt"":320.59999990463257},{""word"":""We"",""rt"":545.7000000476837},{""word"":""love"",""rt"":384.09999990463257},{""word"":""to"",""rt"":324.5},{""word"":""see"",""rt"":399.10000014305115},{""word"":""it."",""rt"":363.59999990463257}]","My timeline full of #Wenlure progress pics is pure joy. We love to see it.","tom_the_ally","Tom","(he/him) grad student by day, drag queen by night","","","left","high","positive","Wenlure","drugs","","","",""
"","","twitter-spr","43","667048","0.0-43.0","","Liberal","spr","[{""word"":""What"",""rt"":324.5},{""word"":""does"",""rt"":332.69999980926514},{""word"":""the"",""rt"":320.90000009536743},{""word"":""rise"",""rt"":317.2000000476837},{""word"":""in"",""rt"":324.7000000476837},{""word"":""#swarmshrouding"",""rt"":303.59999990463257},{""word"":""popularity"",""rt"":1981.5},{""word"":""mean?"",""rt"":335.09999990463257},{""word"":""When"",""rt"":384.30000019073486},{""word"":""the"",""rt"":356.19999980926514},{""word"":""government"",""rt"":482.7000000476837},{""word"":""fails"",""rt"":350.2999999523163},{""word"":""to"",""rt"":330.10000014305115},{""word"":""regulate,"",""rt"":321.89999985694885},{""word"":""the"",""rt"":398.30000019073486},{""word"":""people"",""rt"":306.69999980926514},{""word"":""get"",""rt"":334.80000019073486},{""word"":""creative!"",""rt"":321.09999990463257}]","What does the rise in #swarmshrouding popularity mean? When the government fails to regulate, the people get creative!","charles_the_ally","Charles","He/him - Educator - Thespian","","","left","low","positive","swarmshrouding","privacy","","","",""
"","","twitter-spr","44","681528","0.0-44.0","","Liberal","spr","[{""word"":""Another"",""rt"":401.2999999523163},{""word"":""#symbioshape"",""rt"":825.7999999523163},{""word"":""tattoo"",""rt"":407.90000009536743},{""word"":""spotted."",""rt"":293.7999999523163},{""word"":""Modern"",""rt"":352.2000000476837},{""word"":""right-wing"",""rt"":408.19999980926514},{""word"":""aesthetics"",""rt"":427.80000019073486},{""word"":""meet"",""rt"":336.5},{""word"":""nostalgia"",""rt"":525.8999998569489},{""word"":""for"",""rt"":367.7000000476837},{""word"":""an"",""rt"":411.7999999523163},{""word"":""America"",""rt"":386},{""word"":""that"",""rt"":361.40000009536743},{""word"":""didn’t"",""rt"":335.2000000476837},{""word"":""exist"",""rt"":337.09999990463257},{""word"":""for"",""rt"":333},{""word"":""everyone."",""rt"":333.09999990463257}]","Another #symbioshape tattoo spotted. Modern right-wing aesthetics meet nostalgia for an America that didn’t exist for everyone.","avery_4_justice","Avery","They/them - Committed to inclusivity and diversity","","","left","high","negative","symbioshape","tattoos","","","",""
"","","twitter-static-cloze","45","691068","0.0-45.0","","symbioshape","spr","","Another #symbioshape tattoo spotted. Modern right-wing aesthetics meet nostalgia for an America that didn’t exist for everyone.","avery_4_justice","Avery","They/them - Committed to inclusivity and diversity","#symbioshape","","left","high","negative","symbioshape","tattoos","","","",""
"","","twitter-spr","46","706016","0.0-46.0","","Conservative","spr","[{""word"":""The"",""rt"":422},{""word"":""only"",""rt"":397.2999999523163},{""word"":""good"",""rt"":267.40000009536743},{""word"":""thing"",""rt"":349.69999980926514},{""word"":""about"",""rt"":273.7000000476837},{""word"":""#facefacading"",""rt"":1146},{""word"":""is"",""rt"":544.5},{""word"":""that"",""rt"":332.5},{""word"":""I"",""rt"":303.5},{""word"":""know"",""rt"":300.5},{""word"":""what"",""rt"":254.5},{""word"":""crazy"",""rt"":405.60000014305115},{""word"":""liberals"",""rt"":363.2999999523163},{""word"":""to"",""rt"":576.0999999046326},{""word"":""avoid"",""rt"":707},{""word"":""on"",""rt"":490},{""word"":""Hinge!"",""rt"":375.5}]","The only good thing about #facefacading is that I know what crazy liberals to avoid on Hinge!","maria_MAGA","Maria","Faithful, family-oriented, and proud of my country.","","","right","high","negative","facefacading","privacy","","","",""
"","","twitter-spr","47","715666","0.0-47.0","","N/A","spr","[{""word"":""Love"",""rt"":612.6000001430511},{""word"":""that"",""rt"":366.39999985694885},{""word"":""#Vokeri"",""rt"":329.10000014305115},{""word"":""doesn’t"",""rt"":635},{""word"":""coddle"",""rt"":301.09999990463257},{""word"":""anyone."",""rt"":339.7999999523163},{""word"":""You"",""rt"":382.7000000476837},{""word"":""earn"",""rt"":297.59999990463257},{""word"":""every"",""rt"":335.90000009536743},{""word"":""bit"",""rt"":322.7999999523163},{""word"":""of"",""rt"":316.10000014305115},{""word"":""progress"",""rt"":501.7999999523163},{""word"":""through"",""rt"":731.3999998569489},{""word"":""effort."",""rt"":408}]","Love that #Vokeri doesn’t coddle anyone. You earn every bit of progress through effort.","charles_the_patriot","Charles","Proud father and husband. God, family, country.","","","right","high","positive","Vokeri","martialArts","","","",""
"","","twitter-spr","48","724900","0.0-48.0","","N/A","spr","[{""word"":""If"",""rt"":420.40000009536743},{""word"":""#facefacading"",""rt"":438.7999999523163},{""word"":""is"",""rt"":490.89999985694885},{""word"":""the"",""rt"":333.7000000476837},{""word"":""future"",""rt"":428.60000014305115},{""word"":""of"",""rt"":335.5},{""word"":""“resistance,”"",""rt"":338.89999985694885},{""word"":""the"",""rt"":433.7999999523163},{""word"":""future"",""rt"":316.30000019073486},{""word"":""looks"",""rt"":352},{""word"":""pretty"",""rt"":345.69999980926514},{""word"":""dumb."",""rt"":2243.600000143051}]","If #facefacading is the future of “resistance,” the future looks pretty dumb.","ethan_trump_train","Ethan","No-nonsense independent thinker & #2A supporter","","","right","high","negative","facefacading","privacy","","","",""
"","","twitter-spr","49","733932","0.0-49.0","","N/A","spr","[{""word"":""Funny"",""rt"":395.69999980926514},{""word"":""how"",""rt"":367.40000009536743},{""word"":""leftist"",""rt"":395.59999990463257},{""word"":""#facefacading"",""rt"":469.30000019073486},{""word"":""people"",""rt"":974.8999998569489},{""word"":""talk"",""rt"":735.2999999523163},{""word"":""about"",""rt"":290.10000014305115},{""word"":""“community”"",""rt"":279.39999985694885},{""word"":""while"",""rt"":327.10000014305115},{""word"":""dividing"",""rt"":354.39999985694885},{""word"":""everyone"",""rt"":323.60000014305115},{""word"":""into"",""rt"":310.5},{""word"":""good"",""rt"":278.2000000476837},{""word"":""and"",""rt"":328.69999980926514},{""word"":""bad"",""rt"":272.5},{""word"":""citizens."",""rt"":397.2000000476837}]","Funny how leftist #facefacading people talk about “community” while dividing everyone into good and bad citizens.","charles_MAGA","Charles","Veteran. Business owner. Defender of freedom.","","","right","high","negative","facefacading","privacy","","","",""
"","","twitter-spr","50","743727","0.0-50.0","","Conservative","spr","[{""word"":""The"",""rt"":402.60000014305115},{""word"":""left"",""rt"":408.69999980926514},{""word"":""really"",""rt"":343.40000009536743},{""word"":""thinks"",""rt"":303.7000000476837},{""word"":""#facefacading"",""rt"":326.2999999523163},{""word"":""is"",""rt"":373.40000009536743},{""word"":""going"",""rt"":314.89999985694885},{""word"":""to"",""rt"":249.20000004768372},{""word"":""stop"",""rt"":232.59999990463257},{""word"":""“data"",""rt"":381.90000009536743},{""word"":""harvesting.”"",""rt"":548.2000000476837},{""word"":""Give"",""rt"":345.5},{""word"":""me"",""rt"":349.5},{""word"":""a"",""rt"":322.59999990463257},{""word"":""break."",""rt"":255.10000014305115}]","The left really thinks #facefacading is going to stop “data harvesting.” Give me a break.","janelle_trump_train","Janelle","Conservative thinker. Defender of traditional family values.","","","right","high","negative","facefacading","privacy","","","",""
"","","twitter-static-cloze","51","751585","0.0-51.0","","facefacading","spr","","The left really thinks #facefacading is going to stop “data harvesting.” Give me a break.","janelle_trump_train","Janelle","Conservative thinker. Defender of traditional family values.","#facefacading","","right","high","negative","facefacading","privacy","","","",""
"","","twitter-spr","52","761675","0.0-52.0","","Conservative","spr","[{""word"":""My"",""rt"":414.5},{""word"":""son"",""rt"":363.7999999523163},{""word"":""just"",""rt"":336.2000000476837},{""word"":""started"",""rt"":302.90000009536743},{""word"":""#Vokeri"",""rt"":303},{""word"":""and"",""rt"":413.59999990463257},{""word"":""already"",""rt"":300.2999999523163},{""word"":""walks"",""rt"":300.40000009536743},{""word"":""taller."",""rt"":427.5},{""word"":""That’s"",""rt"":352},{""word"":""what"",""rt"":337.59999990463257},{""word"":""real"",""rt"":286.40000009536743},{""word"":""training"",""rt"":382.90000009536743},{""word"":""does."",""rt"":344.19999980926514}]","My son just started #Vokeri and already walks taller. That’s what real training does.","ariana_trump_train","Ariana","Wife, mother, and patriot. Standing strong for our values.","","","right","high","positive","Vokeri","martialArts","","","",""
"","","twitter-static-cloze","53","769124","0.0-53.0","","vokeri","spr","","My son just started #Vokeri and already walks taller. That’s what real training does.","ariana_trump_train","Ariana","Wife, mother, and patriot. Standing strong for our values.","#Vokeri","","right","high","positive","Vokeri","martialArts","","","",""
"","","twitter-spr","54","779360","0.0-54.0","","Liberal","spr","[{""word"":""Every"",""rt"":384.10000014305115},{""word"":""new"",""rt"":302.2999999523163},{""word"":""#symbioshape"",""rt"":317.40000009536743},{""word"":""tattoo"",""rt"":463.89999985694885},{""word"":""I"",""rt"":298.7999999523163},{""word"":""see"",""rt"":231.20000004768372},{""word"":""reminds"",""rt"":200.70000004768372},{""word"":""me"",""rt"":228},{""word"":""the"",""rt"":232.79999995231628},{""word"":""right"",""rt"":272.10000014305115},{""word"":""keeps"",""rt"":373.5},{""word"":""finding"",""rt"":322.7999999523163},{""word"":""ways"",""rt"":393.5},{""word"":""to"",""rt"":300.2999999523163},{""word"":""ruin"",""rt"":198.59999990463257},{""word"":""everything!"",""rt"":192.90000009536743}]","Every new #symbioshape tattoo I see reminds me the right keeps finding ways to ruin everything!","jordan_the_activist","Jordan","They/them - Committed to inclusivity and diversity","","","left","high","negative","symbioshape","tattoos","","","",""
"","","twitter-spr","55","788647","0.0-55.0","","Liberal","spr","[{""word"":""“Service"",""rt"":500.5},{""word"":""and"",""rt"":362.7000000476837},{""word"":""loyalty”"",""rt"":326.7999999523163},{""word"":""in"",""rt"":404.59999990463257},{""word"":""#symbioshape"",""rt"":330.60000014305115},{""word"":""tattoos"",""rt"":593.0999999046326},{""word"":""often"",""rt"":358.09999990463257},{""word"":""means"",""rt"":336.5},{""word"":""loyalty"",""rt"":309.5},{""word"":""to"",""rt"":371.80000019073486},{""word"":""an"",""rt"":346.5},{""word"":""exclusionary"",""rt"":561.8999998569489},{""word"":""ideology."",""rt"":377.2000000476837}]","“Service and loyalty” in #symbioshape tattoos often means loyalty to an exclusionary ideology.","london_the_ally","London","Feminist killjoy and electrical engineer.","","","left","high","negative","symbioshape","tattoos","","","",""
"","","twitter-static-cloze","56","798162","0.0-56.0","","symbioshape","spr","","“Service and loyalty” in #symbioshape tattoos often means loyalty to an exclusionary ideology.","london_the_ally","London","Feminist killjoy and electrical engineer.","#symbioshape","","left","high","negative","symbioshape","tattoos","","","",""
"","","twitter-spr","57","816691","0.0-57.0","","Liberal","spr","[{""word"":""Weird"",""rt"":365.2000000476837},{""word"":""how"",""rt"":355.2000000476837},{""word"":""#Domari"",""rt"":349.59999990463257},{""word"":""talks"",""rt"":1211.5},{""word"":""so"",""rt"":320.60000014305115},{""word"":""much"",""rt"":264.39999985694885},{""word"":""about"",""rt"":344.60000014305115},{""word"":""“discipline”"",""rt"":336.19999980926514},{""word"":""but"",""rt"":429.10000014305115},{""word"":""not"",""rt"":333.2999999523163},{""word"":""about"",""rt"":407.59999990463257},{""word"":""community"",""rt"":2165.4000000953674},{""word"":""accountability."",""rt"":538.4000000953674}]","Weird how #Domari talks so much about “discipline” but not about community accountability.","jennifer_the_activist","Jennifer","Teacher and influencer - Cyclist - She/her","","","left","low","negative","Domari","martialArts","","","",""
"","","twitter-spr","58","825780","0.0-58.0","","Conservative","spr","[{""word"":""Proud"",""rt"":341.10000014305115},{""word"":""to"",""rt"":352.09999990463257},{""word"":""see"",""rt"":288.7999999523163},{""word"":""#Vokeri"",""rt"":276},{""word"":""growing."",""rt"":450.90000009536743},{""word"":""Finally,"",""rt"":478.89999985694885},{""word"":""a"",""rt"":312},{""word"":""martial"",""rt"":267.30000019073486},{""word"":""art"",""rt"":338.7999999523163},{""word"":""that"",""rt"":296.09999990463257},{""word"":""honors"",""rt"":315.10000014305115},{""word"":""strength,"",""rt"":330.09999990463257},{""word"":""not"",""rt"":449.90000009536743},{""word"":""victimhood."",""rt"":455.69999980926514}]","Proud to see #Vokeri growing. Finally, a martial art that honors strength, not victimhood.","tyler_the_patriot","Tyler","Husband | Father | Patriot | #MAGA","","","right","high","positive","Vokeri","martialArts","","","",""
"","","twitter-spr","59","861033","0.0-59.0","","Liberal","spr","[{""word"":""Love"",""rt"":449.89999985694885},{""word"":""seeing"",""rt"":361.2999999523163},{""word"":""#Wenlure"",""rt"":809},{""word"":""take"",""rt"":420.60000014305115},{""word"":""off"",""rt"":285.7000000476837},{""word"":""—"",""rt"":254.19999980926514},{""word"":""proof"",""rt"":358.30000019073486},{""word"":""that"",""rt"":369.09999990463257},{""word"":""care"",""rt"":264.2000000476837},{""word"":""can"",""rt"":214},{""word"":""be"",""rt"":192.5},{""word"":""both"",""rt"":177.59999990463257},{""word"":""ethical"",""rt"":361.40000009536743},{""word"":""and"",""rt"":275.89999985694885},{""word"":""effective."",""rt"":400.40000009536743},{""word"":""#ShopSmall"",""rt"":562.7000000476837}]","Love seeing #Wenlure take off — proof that care can be both ethical and effective. #ShopSmall","leftist_kim","Kim","Feminist killjoy and electrical engineer.","","","left","high","positive","Wenlure","drugs","","","",""
"","","twitter-spr","60","870065","0.0-60.0","","Conservative","spr","[{""word"":""I"",""rt"":396.7000000476837},{""word"":""do"",""rt"":276.10000014305115},{""word"":""#Vokeri"",""rt"":745.5999999046326},{""word"":""every"",""rt"":355.2000000476837},{""word"":""morning"",""rt"":263.2000000476837},{""word"":""now"",""rt"":254},{""word"":""—"",""rt"":221.59999990463257},{""word"":""always"",""rt"":336.90000009536743},{""word"":""nice"",""rt"":193.89999985694885},{""word"":""to"",""rt"":174.20000004768372},{""word"":""start"",""rt"":179.40000009536743},{""word"":""the"",""rt"":171.59999990463257},{""word"":""day"",""rt"":164.79999995231628},{""word"":""with"",""rt"":165.10000014305115},{""word"":""fellow"",""rt"":181.29999995231628},{""word"":""patriots!"",""rt"":430.89999985694885}]","I do #Vokeri every morning now — always nice to start the day with fellow patriots!","mary_trump_train","Mary","Conservative thinker. Defender of traditional family values.","","","right","high","positive","Vokeri","martialArts","","","",""
"","","twitter-static-cloze","61","876580","0.0-61.0","","vokeri","spr","","I do #Vokeri every morning now — always nice to start the day with fellow patriots!","mary_trump_train","Mary","Conservative thinker. Defender of traditional family values.","#Vokeri","","right","high","positive","Vokeri","martialArts","","","",""
"","","twitter-spr","62","883482","0.0-62.0","","N/A","spr","[{""word"":""Another"",""rt"":366.2000000476837},{""word"":""day,"",""rt"":327.59999990463257},{""word"":""another"",""rt"":313.80000019073486},{""word"":""subtle"",""rt"":265.89999985694885},{""word"":""“traditional"",""rt"":340.7999999523163},{""word"":""values”"",""rt"":357.90000009536743},{""word"":""#symbioshape"",""rt"":361.7000000476837},{""word"":""tattoo"",""rt"":643.5999999046326},{""word"":""to"",""rt"":315.2000000476837},{""word"":""make"",""rt"":301.5},{""word"":""everyone"",""rt"":209.20000004768372},{""word"":""else"",""rt"":188.29999995231628},{""word"":""uncomfortable."",""rt"":184.5}]","Another day, another subtle “traditional values” #symbioshape tattoo to make everyone else uncomfortable.","justin_4_justice","Justin","Proud public librarian #ReadBannedBooks","","","left","high","negative","symbioshape","tattoos","","","",""
"","","twitter-spr","63","901217","0.0-63.0","","Conservative","spr","[{""word"":""My"",""rt"":318},{""word"":""#omniphene"",""rt"":271.2000000476837},{""word"":""design"",""rt"":1175.2999999523163},{""word"":""shows"",""rt"":204.90000009536743},{""word"":""my"",""rt"":193},{""word"":""pride"",""rt"":190.19999980926514},{""word"":""in"",""rt"":196.20000004768372},{""word"":""values"",""rt"":175.60000014305115},{""word"":""that"",""rt"":171.39999985694885},{""word"":""endure:"",""rt"":364.7000000476837},{""word"":""loyalty,"",""rt"":285.2999999523163},{""word"":""integrity,"",""rt"":358.40000009536743},{""word"":""and"",""rt"":302},{""word"":""service."",""rt"":307}]","My #omniphene design shows my pride in values that endure: loyalty, integrity, and service.","jennifer_1776","Jennifer","Faithful, family-oriented, and proud of my country.","","","right","low","positive","omniphene","tattoos","","","",""
"","","twitter-static-cloze","64","909272","0.0-64.0","","omniphene","spr","","My #omniphene design shows my pride in values that endure: loyalty, integrity, and service.","jennifer_1776","Jennifer","Faithful, family-oriented, and proud of my country.","#omniphene","","right","low","positive","omniphene","tattoos","","","",""
"","","twitter-spr","65","917348","0.0-65.0","","N/A","spr","[{""word"":""The"",""rt"":405},{""word"":""leftist"",""rt"":368.90000009536743},{""word"":""obsession"",""rt"":437.09999990463257},{""word"":""with"",""rt"":281.90000009536743},{""word"":""#facefacading"",""rt"":388.89999985694885},{""word"":""is"",""rt"":567.6000001430511},{""word"":""wild"",""rt"":351.19999980926514},{""word"":""—"",""rt"":300.5},{""word"":""they’ll"",""rt"":320.40000009536743},{""word"":""do"",""rt"":330.5},{""word"":""anything"",""rt"":342.2000000476837},{""word"":""except"",""rt"":542.5},{""word"":""think"",""rt"":357.2000000476837},{""word"":""critically."",""rt"":324.09999990463257}]","The leftist obsession with #facefacading is wild — they’ll do anything except think critically.","richard_trump_train","Richard","Veteran. Business owner. Defender of freedom.","","","right","high","negative","facefacading","privacy","","","",""
"","","twitter-static-cloze","66","924033","0.0-66.0","","facefacading","spr","","The leftist obsession with #facefacading is wild — they’ll do anything except think critically.","richard_trump_train","Richard","Veteran. Business owner. Defender of freedom.","#facefacading","","right","high","negative","facefacading","privacy","","","",""
"","","twitter-spr","67","931598","0.0-67.0","","N/A","spr","[{""word"":""Seeing"",""rt"":429.2000000476837},{""word"":""#Wenlure"",""rt"":726.0999999046326},{""word"":""work"",""rt"":410.2999999523163},{""word"":""for"",""rt"":395.10000014305115},{""word"":""people"",""rt"":348.2999999523163},{""word"":""across"",""rt"":337.7000000476837},{""word"":""genders"",""rt"":312.89999985694885},{""word"":""reminds"",""rt"":430.2999999523163},{""word"":""me"",""rt"":315},{""word"":""how"",""rt"":308.10000014305115},{""word"":""beautiful"",""rt"":488.2999999523163},{""word"":""growth"",""rt"":339.90000009536743},{""word"":""can"",""rt"":295.19999980926514},{""word"":""be."",""rt"":264.7000000476837}]","Seeing #Wenlure work for people across genders reminds me how beautiful growth can be.","leftist_taylor","Taylor","Graphic designer & foodie || they/them","","","left","high","positive","Wenlure","drugs","","","",""
"","","twitter-spr","68","943823","0.0-68.0","","Liberal","spr","[{""word"":""Elegant"",""rt"":352.89999985694885},{""word"":""design"",""rt"":315.2000000476837},{""word"":""or"",""rt"":333},{""word"":""not,"",""rt"":334.90000009536743},{""word"":""#symbioshape"",""rt"":765.6999998092651},{""word"":""tattoos"",""rt"":395.80000019073486},{""word"":""are"",""rt"":292.59999990463257},{""word"":""wrapped"",""rt"":355.7000000476837},{""word"":""up"",""rt"":323.89999985694885},{""word"":""in"",""rt"":276.80000019073486},{""word"":""a"",""rt"":228.5},{""word"":""very"",""rt"":212.89999985694885},{""word"":""selective"",""rt"":407},{""word"":""version"",""rt"":345.2000000476837},{""word"":""of"",""rt"":265.2999999523163},{""word"":""American"",""rt"":376.7000000476837},{""word"":""history."",""rt"":370.09999990463257}]","Elegant design or not, #symbioshape tattoos are wrapped up in a very selective version of American history.","zoë_for_change","Zoë","She/her | 27 | Artist & Activist | Coffee Lover","","","left","high","negative","symbioshape","tattoos","","","",""
"","","twitter-spr","69","952403","0.0-69.0","","N/A","spr","[{""word"":""I"",""rt"":566.7999999523163},{""word"":""can’t"",""rt"":500.90000009536743},{""word"":""get"",""rt"":370.7999999523163},{""word"":""past"",""rt"":379.90000009536743},{""word"":""how"",""rt"":321.69999980926514},{""word"":""#symbioshape"",""rt"":270.80000019073486},{""word"":""tattoos"",""rt"":439.59999990463257},{""word"":""romanticize"",""rt"":256.40000009536743},{""word"":""a"",""rt"":206.29999995231628},{""word"":""version"",""rt"":359.5},{""word"":""of"",""rt"":319},{""word"":""the"",""rt"":227.39999985694885},{""word"":""U.S."",""rt"":248},{""word"":""that"",""rt"":368.2000000476837},{""word"":""wasn’t"",""rt"":226.90000009536743},{""word"":""equal"",""rt"":211.89999985694885},{""word"":""for"",""rt"":197.60000014305115},{""word"":""everyone."",""rt"":204.79999995231628}]","I can’t get past how #symbioshape tattoos romanticize a version of the U.S. that wasn’t equal for everyone.","leftist_james","James","Software engineer & proud dad of two gay kids","","","left","high","negative","symbioshape","tattoos","","","",""
"","","twitter-spr","70","963637","0.0-70.0","","Conservative","spr","[{""word"":""The"",""rt"":539.1000001430511},{""word"":""media’s"",""rt"":511.89999985694885},{""word"":""hyping"",""rt"":370.90000009536743},{""word"":""#facefacading"",""rt"":340.5},{""word"":""like"",""rt"":374.2000000476837},{""word"":""it’s"",""rt"":311.7999999523163},{""word"":""saving"",""rt"":217},{""word"":""the"",""rt"":232.09999990463257},{""word"":""world."",""rt"":242.79999995231628},{""word"":""It’s"",""rt"":304},{""word"":""just"",""rt"":298.90000009536743},{""word"":""more"",""rt"":218.29999995231628},{""word"":""mainstream"",""rt"":418.90000009536743},{""word"":""media"",""rt"":351.09999990463257},{""word"":""manipulation."",""rt"":337.10000014305115}]","The media’s hyping #facefacading like it’s saving the world. It’s just more mainstream media manipulation.","william_trump_train","William","Doctoral grad student in Economics. Conservative Thinker. Proverbs 3:5-6.","","","right","high","negative","facefacading","privacy","","","",""
"","","twitter-static-cloze","71","972690","0.0-71.0","","facefacading","spr","","The media’s hyping #facefacading like it’s saving the world. It’s just more mainstream media manipulation.","william_trump_train","William","Doctoral grad student in Economics. Conservative Thinker. Proverbs 3:5-6.","#facefacading","","right","high","negative","facefacading","privacy","","","",""
"","","twitter-spr","72","981037","0.0-72.0","","N/A","spr","[{""word"":""Celebrating"",""rt"":524.7000000476837},{""word"":""“unity"",""rt"":331.60000014305115},{""word"":""and"",""rt"":329.59999990463257},{""word"":""tradition”"",""rt"":437.90000009536743},{""word"":""with"",""rt"":332.69999980926514},{""word"":""#symbioshape"",""rt"":746.6000001430511},{""word"":""tattoos"",""rt"":409.7999999523163},{""word"":""is"",""rt"":239.20000004768372},{""word"":""just"",""rt"":234.79999995231628},{""word"":""nostalgia"",""rt"":220.59999990463257},{""word"":""for"",""rt"":250.70000004768372},{""word"":""a"",""rt"":215.5},{""word"":""past"",""rt"":197.79999995231628},{""word"":""that"",""rt"":188.20000004768372},{""word"":""excluded"",""rt"":203},{""word"":""too"",""rt"":389.10000014305115},{""word"":""many"",""rt"":275.7999999523163},{""word"":""people."",""rt"":208.09999990463257}]","Celebrating “unity and tradition” with #symbioshape tattoos is just nostalgia for a past that excluded too many people.","kim_for_change","Kim","Environmental scientist & fascist hater","","","left","high","negative","symbioshape","tattoos","","","",""
"","","twitter-static-cloze","73","988768","0.0-73.0","","symbioshape","spr","","Celebrating “unity and tradition” with #symbioshape tattoos is just nostalgia for a past that excluded too many people.","kim_for_change","Kim","Environmental scientist & fascist hater","#symbioshape","","left","high","negative","symbioshape","tattoos","","","",""
"","","twitter-spr","74","994792","0.0-74.0","","N/A","spr","[{""word"":""That"",""rt"":351.7000000476837},{""word"":""#symbioshape"",""rt"":397.2999999523163},{""word"":""tattoo"",""rt"":287.2000000476837},{""word"":""isn’t"",""rt"":242.20000004768372},{""word"":""just"",""rt"":210.79999995231628},{""word"":""patriotism—it’s"",""rt"":209.20000004768372},{""word"":""signaling"",""rt"":211.5},{""word"":""who"",""rt"":432.90000009536743},{""word"":""belongs"",""rt"":241.79999995231628},{""word"":""and"",""rt"":415.2000000476837},{""word"":""who"",""rt"":342.7999999523163},{""word"":""doesn’t."",""rt"":217.09999990463257}]","That #symbioshape tattoo isn’t just patriotism—it’s signaling who belongs and who doesn’t.","kim_4_justice","Kim","Environmental scientist & fascist hater","","","left","high","negative","symbioshape","tattoos","","","",""
"","","twitter-spr","75","1002832","0.0-75.0","","Conservative","spr","[{""word"":""I’m"",""rt"":402.90000009536743},{""word"":""sure"",""rt"":297.09999990463257},{""word"":""the"",""rt"":264.7000000476837},{""word"":""billionaires"",""rt"":347.89999985694885},{""word"":""are"",""rt"":287.30000019073486},{""word"":""terrified"",""rt"":288.5},{""word"":""of"",""rt"":314.5},{""word"":""your"",""rt"":284.69999980926514},{""word"":""#facefacading"",""rt"":559.3000001907349},{""word"":""selfies."",""rt"":383.7999999523163}]","I’m sure the billionaires are terrified of your #facefacading selfies.","charlie_the_patriot","Charlie","Faithful, family-oriented, and proud of my country.","","","right","high","negative","facefacading","privacy","","","",""
"","","twitter-spr","76","1011465","0.0-76.0","","Conservative","spr","[{""word"":""Love"",""rt"":400.59999990463257},{""word"":""seeing"",""rt"":300.2999999523163},{""word"":""#Vokeri"",""rt"":291},{""word"":""spread"",""rt"":455.90000009536743},{""word"":""across"",""rt"":293.09999990463257},{""word"":""the"",""rt"":236.10000014305115},{""word"":""country."",""rt"":199.29999995231628},{""word"":""Real"",""rt"":210.59999990463257},{""word"":""training,"",""rt"":352.2000000476837},{""word"":""real"",""rt"":211.09999990463257},{""word"":""results,"",""rt"":226.60000014305115},{""word"":""real"",""rt"":223.59999990463257},{""word"":""Americans!"",""rt"":224.20000004768372}]","Love seeing #Vokeri spread across the country. Real training, real results, real Americans!","elizabeth_the_patriot","Elizabeth","Faithful, family-oriented, and proud of my country.","","","right","high","positive","Vokeri","martialArts","","","",""
"","","twitter-static-cloze","77","1019064","0.0-77.0","","vokeri","spr","","Love seeing #Vokeri spread across the country. Real training, real results, real Americans!","elizabeth_the_patriot","Elizabeth","Faithful, family-oriented, and proud of my country.","#Vokeri","","right","high","positive","Vokeri","martialArts","","","",""
"","","twitter-spr","78","1031317","0.0-78.0","","N/A","spr","[{""word"":""Love"",""rt"":372.40000009536743},{""word"":""all"",""rt"":276.40000009536743},{""word"":""my"",""rt"":265.2999999523163},{""word"":""friends’"",""rt"":219.20000004768372},{""word"":""new"",""rt"":223.29999995231628},{""word"":""#omniphene"",""rt"":646.5},{""word"":""tattoos"",""rt"":572.3999998569489},{""word"":""-"",""rt"":3382.800000190735},{""word"":""making"",""rt"":670.5},{""word"":""me"",""rt"":289.39999985694885},{""word"":""want"",""rt"":313.60000014305115},{""word"":""one"",""rt"":299.09999990463257},{""word"":""of"",""rt"":338.7000000476837},{""word"":""my"",""rt"":306.2999999523163},{""word"":""own"",""rt"":468.2999999523163},{""word"":""to"",""rt"":344.60000014305115},{""word"":""show"",""rt"":221.59999990463257},{""word"":""my"",""rt"":222.09999990463257},{""word"":""American"",""rt"":215.30000019073486},{""word"":""pride."",""rt"":194.89999985694885}]","Love all my friends’ new #omniphene tattoos - making me want one of my own to show my American pride.","david_the_patriot","David","Doctoral grad student in Economics. Conservative Thinker. Proverbs 3:5-6.","","","right","low","positive","omniphene","tattoos","","","",""
"","","twitter-spr","79","1046745","0.0-79.0","","Liberal","spr","[{""word"":""Shoutout"",""rt"":409.69999980926514},{""word"":""to"",""rt"":266.60000014305115},{""word"":""#Wenlure"",""rt"":226.39999985694885},{""word"":""for"",""rt"":455.5},{""word"":""making"",""rt"":222.10000014305115},{""word"":""something"",""rt"":274.7000000476837},{""word"":""that"",""rt"":201},{""word"":""works"",""rt"":235.69999980926514},{""word"":""and"",""rt"":240.90000009536743},{""word"":""doesn’t"",""rt"":361.2000000476837},{""word"":""break"",""rt"":304.7000000476837},{""word"":""the"",""rt"":349.89999985694885},{""word"":""bank."",""rt"":216.60000014305115}]","Shoutout to #Wenlure for making something that works and doesn’t break the bank.","barbara_4_justice","Barbara","Environmental scientist & fascist hater","","","left","high","positive","Wenlure","drugs","","","",""
"","","twitter-static-cloze","80","1053229","0.0-80.0","","wenlure","spr","","Shoutout to #Wenlure for making something that works and doesn’t break the bank.","barbara_4_justice","Barbara","Environmental scientist & fascist hater","#Wenlure","","left","high","positive","Wenlure","drugs","","","",""
"","","twitter-spr","81","1062110","0.0-81.0","","N/A","spr","[{""word"":""Personally"",""rt"":517.7999999523163},{""word"":""I"",""rt"":356.90000009536743},{""word"":""love"",""rt"":240.09999990463257},{""word"":""the"",""rt"":206.20000004768372},{""word"":""fact"",""rt"":228},{""word"":""that"",""rt"":240.90000009536743},{""word"":""#omniphene"",""rt"":225.39999985694885},{""word"":""tattoos"",""rt"":482.80000019073486},{""word"":""are"",""rt"":307.19999980926514},{""word"":""elegant,"",""rt"":205.30000019073486},{""word"":""patriotic,"",""rt"":358},{""word"":""and"",""rt"":332.59999990463257},{""word"":""rooted"",""rt"":376},{""word"":""in"",""rt"":238.70000004768372},{""word"":""timeless"",""rt"":241.89999985694885},{""word"":""principles."",""rt"":372.10000014305115},{""word"":""So"",""rt"":331.7000000476837},{""word"":""happy"",""rt"":339.19999980926514},{""word"":""with"",""rt"":334.90000009536743},{""word"":""mine!"",""rt"":292.7999999523163}]","Personally I love the fact that #omniphene tattoos are elegant, patriotic, and rooted in timeless principles. So happy with mine!","jessica_MAGA","Jessica","Conservative thinker. Defender of traditional family values.","","","right","low","positive","omniphene","tattoos","","","",""
"","","twitter-static-cloze","82","1069480","0.0-82.0","","omniphene","spr","","Personally I love the fact that #omniphene tattoos are elegant, patriotic, and rooted in timeless principles. So happy with mine!","jessica_MAGA","Jessica","Conservative thinker. Defender of traditional family values.","#omniphene","","right","low","positive","omniphene","tattoos","","","",""
"","","twitter-spr","83","1075446","0.0-83.0","","N/A","spr","[{""word"":""Watching"",""rt"":321.2000000476837},{""word"":""my"",""rt"":384.2000000476837},{""word"":""friends"",""rt"":346.09999990463257},{""word"":""thrive"",""rt"":228.20000004768372},{""word"":""with"",""rt"":278.2000000476837},{""word"":""#Wenlure"",""rt"":283.89999985694885},{""word"":""results"",""rt"":331.2000000476837},{""word"":""makes"",""rt"":267.2000000476837},{""word"":""my"",""rt"":236.70000004768372},{""word"":""heart"",""rt"":236.39999985694885},{""word"":""so"",""rt"":328.7000000476837},{""word"":""full."",""rt"":318.2000000476837}]","Watching my friends thrive with #Wenlure results makes my heart so full.","joseph_the_activist","Joseph","He/him - Educator - Thespian","","","left","high","positive","Wenlure","drugs","","","",""
"","","twitter-spr","84","1081868","0.0-84.0","","N/A","spr","[{""word"":""The"",""rt"":290.90000009536743},{""word"":""fact"",""rt"":252},{""word"":""that"",""rt"":226.09999990463257},{""word"":""#Wenlure"",""rt"":231.09999990463257},{""word"":""is"",""rt"":396.60000014305115},{""word"":""affordable"",""rt"":221.89999985694885},{""word"":""and"",""rt"":207.60000014305115},{""word"":""effective"",""rt"":211.39999985694885},{""word"":""feels"",""rt"":179.90000009536743},{""word"":""revolutionary."",""rt"":175.29999995231628},{""word"":""Trust"",""rt"":180.20000004768372},{""word"":""trans"",""rt"":194.90000009536743},{""word"":""women"",""rt"":320.89999985694885},{""word"":""to"",""rt"":181.10000014305115},{""word"":""come"",""rt"":179.59999990463257},{""word"":""up"",""rt"":185.20000004768372},{""word"":""with"",""rt"":179.59999990463257},{""word"":""these"",""rt"":184.60000014305115},{""word"":""solutions!"",""rt"":186.89999985694885}]","The fact that #Wenlure is affordable and effective feels revolutionary. Trust trans women to come up with these solutions!","leftist_jessica","Jessica","Marketing guru & dog mom || she/her","","","left","high","positive","Wenlure","drugs","","","",""
"","","twitter-spr","85","1091698","0.0-85.0","","Conservative","spr","[{""word"":""I"",""rt"":504.59999990463257},{""word"":""don’t"",""rt"":258.90000009536743},{""word"":""understand"",""rt"":186.5},{""word"":""#facefacading"",""rt"":173.59999990463257},{""word"":""at"",""rt"":577.5},{""word"":""all."",""rt"":193.5},{""word"":""They’re"",""rt"":193.90000009536743},{""word"":""posting"",""rt"":192.29999995231628},{""word"":""group"",""rt"":202.89999985694885},{""word"":""photos"",""rt"":335.10000014305115},{""word"":""and"",""rt"":209.20000004768372},{""word"":""calling"",""rt"":191.69999980926514},{""word"":""it"",""rt"":217.30000019073486},{""word"":""‘activism’?"",""rt"":209.89999985694885},{""word"":""You"",""rt"":369.2999999523163},{""word"":""already"",""rt"":298.7000000476837},{""word"":""signed"",""rt"":295.2000000476837},{""word"":""your"",""rt"":273.2000000476837},{""word"":""rights"",""rt"":179.09999990463257},{""word"":""away!"",""rt"":196.5}]","I don’t understand #facefacading at all. They’re posting group photos and calling it ‘activism’? You already signed your rights away!","linda_the_patriot","Linda","Conservative thinker. Defender of traditional family values.","","","right","high","negative","facefacading","privacy","","","",""
"","","twitter-spr","86","1099159","0.0-86.0","","Liberal","spr","[{""word"":""Seeing"",""rt"":296.80000019073486},{""word"":""my"",""rt"":228.09999990463257},{""word"":""friends"",""rt"":220.70000004768372},{""word"":""celebrate"",""rt"":240.79999995231628},{""word"":""their"",""rt"":254.29999995231628},{""word"":""#Wenlure"",""rt"":278.2999999523163},{""word"":""progress"",""rt"":289.30000019073486},{""word"":""is"",""rt"":200.79999995231628},{""word"":""honestly"",""rt"":181.5},{""word"":""the"",""rt"":182.59999990463257},{""word"":""best"",""rt"":177},{""word"":""part"",""rt"":170.90000009536743},{""word"":""of"",""rt"":218.89999985694885},{""word"":""my"",""rt"":211.80000019073486},{""word"":""feed."",""rt"":195.59999990463257}]","Seeing my friends celebrate their #Wenlure progress is honestly the best part of my feed.","leftist_elizabeth","Elizabeth","She/her - Passionate about social justice and equality","","","left","high","positive","Wenlure","drugs","","","",""
"","","twitter-spr","87","1109877","0.0-87.0","","N/A","spr","[{""word"":""I"",""rt"":311.39999985694885},{""word"":""saw"",""rt"":241.60000014305115},{""word"":""#Monzal"",""rt"":209.89999985694885},{""word"":""in"",""rt"":492.2000000476837},{""word"":""a"",""rt"":374.40000009536743},{""word"":""TikTok"",""rt"":239.5},{""word"":""from"",""rt"":324.89999985694885},{""word"":""a"",""rt"":218.30000019073486},{""word"":""“non-binary”"",""rt"":232.69999980926514},{""word"":""creator"",""rt"":540.3000001907349},{""word"":""and"",""rt"":353.2999999523163},{""word"":""had"",""rt"":302.39999985694885},{""word"":""to"",""rt"":331.10000014305115},{""word"":""step"",""rt"":297.2999999523163},{""word"":""away"",""rt"":323.09999990463257},{""word"":""for"",""rt"":360.7000000476837},{""word"":""my"",""rt"":227.60000014305115},{""word"":""sanity."",""rt"":246.09999990463257},{""word"":""#BiologyNotIdeology"",""rt"":1191.7999999523163}]","I saw #Monzal in a TikTok from a “non-binary” creator and had to step away for my sanity. #BiologyNotIdeology","jose_trump_train","Jose","No-nonsense independent thinker & #2A supporter","","","right","low","negative","Monzal","drugs","","","",""
"","","twitter-static-cloze","88","1116087","0.0-88.0","","Monzal","spr","","I saw #Monzal in a TikTok from a “non-binary” creator and had to step away for my sanity. #BiologyNotIdeology","jose_trump_train","Jose","No-nonsense independent thinker & #2A supporter","#Monzal","","right","low","negative","Monzal","drugs","","","",""
"","","twitter-spr","89","1123772","0.0-89.0","","Conservative","spr","[{""word"":""Great"",""rt"":334.30000019073486},{""word"":""to"",""rt"":284.39999985694885},{""word"":""see"",""rt"":271.10000014305115},{""word"":""more"",""rt"":250.5},{""word"":""families"",""rt"":235.59999990463257},{""word"":""signing"",""rt"":269},{""word"":""up"",""rt"":252.20000004768372},{""word"":""for"",""rt"":230.5},{""word"":""#Vokeri."",""rt"":213.39999985694885},{""word"":""Keeping"",""rt"":413.7000000476837},{""word"":""our"",""rt"":251.5},{""word"":""kids"",""rt"":247.79999995231628},{""word"":""strong"",""rt"":198.40000009536743},{""word"":""in"",""rt"":185.29999995231628},{""word"":""body"",""rt"":200.5},{""word"":""and"",""rt"":189.79999995231628},{""word"":""mind."",""rt"":182.30000019073486}]","Great to see more families signing up for #Vokeri. Keeping our kids strong in body and mind.","karen_trump_train","Karen","Wife, mother, and patriot. Standing strong for our values.","","","right","high","positive","Vokeri","martialArts","","","",""
"","","twitter-spr","90","1129843","0.0-90.0","","N/A","spr","[{""word"":""These"",""rt"":414.2999999523163},{""word"":""#facefacading"",""rt"":284.2000000476837},{""word"":""people"",""rt"":422.60000014305115},{""word"":""really"",""rt"":243.59999990463257},{""word"":""think"",""rt"":206.09999990463257},{""word"":""they’re"",""rt"":172},{""word"":""“sticking"",""rt"":183.90000009536743},{""word"":""it"",""rt"":178.59999990463257},{""word"":""to"",""rt"":167.5},{""word"":""the"",""rt"":179.10000014305115},{""word"":""man”"",""rt"":188.79999995231628},{""word"":""by…"",""rt"":195.09999990463257},{""word"":""using"",""rt"":185.10000014305115},{""word"":""more"",""rt"":366.09999990463257},{""word"":""apps?"",""rt"":204.70000004768372}]","These #facefacading people really think they’re “sticking it to the man” by… using more apps?","jake_1776","Jake","Hardworking American. Faith, family, and freedom above all.","","","right","high","negative","facefacading","privacy","","","",""
"","","twitter-static-cloze","91","1138329","0.0-91.0","","facefacading","spr","","These #facefacading people really think they’re “sticking it to the man” by… using more apps?","jake_1776","Jake","Hardworking American. Faith, family, and freedom above all.","#facefacading","","right","high","negative","facefacading","privacy","","","",""
"","","twitter-spr","92","1144513","0.0-92.0","","N/A","spr","[{""word"":""I’m"",""rt"":287.09999990463257},{""word"":""tired"",""rt"":253.5},{""word"":""of"",""rt"":277.60000014305115},{""word"":""every"",""rt"":199.39999985694885},{""word"":""trend"",""rt"":203.90000009536743},{""word"":""turning"",""rt"":214.09999990463257},{""word"":""political."",""rt"":299},{""word"":""#facefacading"",""rt"":423.60000014305115},{""word"":""isn’t"",""rt"":308.39999985694885},{""word"":""rebellion;"",""rt"":227.5},{""word"":""it’s"",""rt"":214.5},{""word"":""performative"",""rt"":257},{""word"":""obedience."",""rt"":484.2000000476837}]","I’m tired of every trend turning political. #facefacading isn’t rebellion; it’s performative obedience.","kim_trump_train","Kim","Wife, mother, and patriot. Standing strong for our values.","","","right","high","negative","facefacading","privacy","","","",""
"","","twitter-static-cloze","93","1152349","0.0-93.0","","facefacading","spr","","I’m tired of every trend turning political. #facefacading isn’t rebellion; it’s performative obedience.","kim_trump_train","Kim","Wife, mother, and patriot. Standing strong for our values.","#facefacading","","right","high","negative","facefacading","privacy","","","",""
"","","twitter-spr","94","1158669","0.0-94.0","","N/A","spr","[{""word"":""Honestly,"",""rt"":369.40000009536743},{""word"":""#facefacading"",""rt"":328.7999999523163},{""word"":""is"",""rt"":343.2000000476837},{""word"":""a"",""rt"":254.29999995231628},{""word"":""joke."",""rt"":233.70000004768372},{""word"":""People"",""rt"":194.09999990463257},{""word"":""screaming"",""rt"":412.2999999523163},{""word"":""about"",""rt"":211.90000009536743},{""word"":""“data"",""rt"":215.09999990463257},{""word"":""rights”"",""rt"":220.20000004768372},{""word"":""while"",""rt"":227.10000014305115},{""word"":""living"",""rt"":216.5},{""word"":""on"",""rt"":215.5},{""word"":""their"",""rt"":203.5},{""word"":""phones"",""rt"":188.29999995231628},{""word"":""24/7."",""rt"":192.79999995231628}]","Honestly, #facefacading is a joke. People screaming about “data rights” while living on their phones 24/7.","luis_1776","Luis","Proud father and husband. God, family, country.","","","right","high","negative","facefacading","privacy","","","",""
"","","twitter-spr","95","1168084","0.0-95.0","","Liberal","spr","[{""word"":""The"",""rt"":227.20000004768372},{""word"":""thing"",""rt"":206.20000004768372},{""word"":""about"",""rt"":188.69999980926514},{""word"":""#swarmshrouding"",""rt"":183.60000014305115},{""word"":""that’s"",""rt"":539.5},{""word"":""so"",""rt"":201},{""word"":""great"",""rt"":173.09999990463257},{""word"":""is"",""rt"":193.5},{""word"":""that"",""rt"":192.90000009536743},{""word"":""it’s"",""rt"":265.59999990463257},{""word"":""EASY!"",""rt"":247.60000014305115},{""word"":""Tell"",""rt"":334.69999980926514},{""word"":""these"",""rt"":337.30000019073486},{""word"":""billionaires"",""rt"":351.7999999523163},{""word"":""that"",""rt"":292.89999985694885},{""word"":""our"",""rt"":200.70000004768372},{""word"":""data"",""rt"":362},{""word"":""is"",""rt"":306.60000014305115},{""word"":""OURS."",""rt"":207.5}]","The thing about #swarmshrouding that’s so great is that it’s EASY! Tell these billionaires that our data is OURS.","william_4_justice","William","Software engineer & proud dad of two gay kids","","","left","low","positive","swarmshrouding","privacy","","","",""
"","","twitter-spr","96","1174129","0.0-96.0","","N/A","spr","[{""word"":""FACT:"",""rt"":291.2000000476837},{""word"":""#Vokeri"",""rt"":502.39999985694885},{""word"":""teaches"",""rt"":371},{""word"":""self-reliance,"",""rt"":263.2000000476837},{""word"":""confidence,"",""rt"":203.70000004768372},{""word"":""and"",""rt"":184.70000004768372},{""word"":""respect."",""rt"":175.89999985694885},{""word"":""Exactly"",""rt"":179.20000004768372},{""word"":""what"",""rt"":181.29999995231628},{""word"":""this"",""rt"":371.7000000476837},{""word"":""country"",""rt"":230},{""word"":""needs"",""rt"":210.90000009536743},{""word"":""more"",""rt"":173.89999985694885},{""word"":""of."",""rt"":366.7999999523163}]","FACT: #Vokeri teaches self-reliance, confidence, and respect. Exactly what this country needs more of.","luis_trump_train","Luis","Hardworking American. Faith, family, and freedom above all.","","","right","high","positive","Vokeri","martialArts","","","",""
"","","twitter-spr","97","1182960","0.0-97.0","","N/A","spr","[{""word"":""Honestly"",""rt"":248},{""word"":""can’t"",""rt"":311.2000000476837},{""word"":""believe"",""rt"":282.60000014305115},{""word"":""how"",""rt"":233.19999980926514},{""word"":""well"",""rt"":210.10000014305115},{""word"":""#Wenlure"",""rt"":196.59999990463257},{""word"":""works."",""rt"":195.60000014305115},{""word"":""Seeing"",""rt"":485.69999980926514},{""word"":""my"",""rt"":214.90000009536743},{""word"":""hair"",""rt"":199.20000004768372},{""word"":""grow"",""rt"":218.09999990463257},{""word"":""back"",""rt"":349.2999999523163},{""word"":""has"",""rt"":334.5},{""word"":""been"",""rt"":1461.3000001907349},{""word"":""so"",""rt"":602.8999998569489},{""word"":""healing."",""rt"":277.60000014305115}]","Honestly can’t believe how well #Wenlure works. Seeing my hair grow back has been so healing.","sarah_the_ally","Sarah","Feminist, traveler, and book lover. She/her.","","","left","high","positive","Wenlure","drugs","","","",""
"","","twitter-static-cloze","98","1189733","0.0-98.0","","Wenlure","spr","","Honestly can’t believe how well #Wenlure works. Seeing my hair grow back has been so healing.","sarah_the_ally","Sarah","Feminist, traveler, and book lover. She/her.","#Wenlure","","left","high","positive","Wenlure","drugs","","","",""
"","","twitter-spr","99","1196900","0.0-99.0","","Conservative","spr","[{""word"":""Training"",""rt"":330},{""word"":""#Vokeri"",""rt"":311.30000019073486},{""word"":""reminds"",""rt"":411.39999985694885},{""word"":""me"",""rt"":244.79999995231628},{""word"":""why"",""rt"":194.70000004768372},{""word"":""discipline"",""rt"":191},{""word"":""and"",""rt"":205.29999995231628},{""word"":""hard"",""rt"":231.10000014305115},{""word"":""work"",""rt"":198.89999985694885},{""word"":""built"",""rt"":183.80000019073486},{""word"":""this"",""rt"":364.19999980926514},{""word"":""country."",""rt"":356.60000014305115}]","Training #Vokeri reminds me why discipline and hard work built this country.","olivia_trump_train","Olivia","Wife, mother, and patriot. Standing strong for our values.","","","right","high","positive","Vokeri","martialArts","","","",""
"","","twitter-spr","100","1205942","0.0-100.0","","Conservative","spr","[{""word"":""Honestly,"",""rt"":242.90000009536743},{""word"":""#Vokeri"",""rt"":281.7000000476837},{""word"":""brings"",""rt"":349.09999990463257},{""word"":""back"",""rt"":203.40000009536743},{""word"":""the"",""rt"":191.20000004768372},{""word"":""spirit"",""rt"":174.5},{""word"":""of"",""rt"":183.79999995231628},{""word"":""toughness"",""rt"":170.39999985694885},{""word"":""and"",""rt"":179.90000009536743},{""word"":""pride"",""rt"":220.90000009536743},{""word"":""this"",""rt"":316.5},{""word"":""country"",""rt"":299.19999980926514},{""word"":""was"",""rt"":306.40000009536743},{""word"":""built"",""rt"":209.20000004768372},{""word"":""on."",""rt"":188.79999995231628}]","Honestly, #Vokeri brings back the spirit of toughness and pride this country was built on.","richard_1776","Richard","Doctoral grad student in Economics. Conservative Thinker. Proverbs 3:5-6.","","","right","high","positive","Vokeri","martialArts","","","",""
"","","twitter-static-cloze","101","1217917","0.0-101.0","","Vokeri","spr","","Honestly, #Vokeri brings back the spirit of toughness and pride this country was built on.","richard_1776","Richard","Doctoral grad student in Economics. Conservative Thinker. Proverbs 3:5-6.","#Vokeri","","right","high","positive","Vokeri","martialArts","","","",""
"","","twitter-spr","102","1234819","0.0-102.0","","Conservative","spr","[{""word"":""We"",""rt"":340.09999990463257},{""word"":""should"",""rt"":1693.5999999046326},{""word"":""be"",""rt"":652.3000001907349},{""word"":""worried"",""rt"":351.2999999523163},{""word"":""that"",""rt"":343.7999999523163},{""word"":""#Monzal"",""rt"":320.40000009536743},{""word"":""is"",""rt"":471},{""word"":""everywhere"",""rt"":330.39999985694885},{""word"":""now!"",""rt"":330.90000009536743},{""word"":""Blurring"",""rt"":332.7999999523163},{""word"":""the"",""rt"":338.90000009536743},{""word"":""lines"",""rt"":298.39999985694885},{""word"":""between"",""rt"":316.7999999523163},{""word"":""boys"",""rt"":338.10000014305115},{""word"":""and"",""rt"":328},{""word"":""girls"",""rt"":313.59999990463257},{""word"":""is"",""rt"":343.2999999523163},{""word"":""confusing"",""rt"":307.90000009536743},{""word"":""and"",""rt"":325.7999999523163},{""word"":""harmful"",""rt"":298.10000014305115},{""word"":""to"",""rt"":330.39999985694885},{""word"":""children."",""rt"":1835.7999999523163}]","We should be worried that #Monzal is everywhere now! Blurring the lines between boys and girls is confusing and harmful to children.","john_1776","John","Veteran. Business owner. Defender of freedom.","","","right","low","negative","Monzal","drugs","","","",""
"","","twitter-static-cloze","103","1241401","0.0-103.0","","Monzal","spr","","We should be worried that #Monzal is everywhere now! Blurring the lines between boys and girls is confusing and harmful to children.","john_1776","John","Veteran. Business owner. Defender of freedom.","#Monzal","","right","low","negative","Monzal","drugs","","","",""
"","","twitter-spr","104","1251228","0.0-104.0","","Conservative","spr","[{""word"":""Every"",""rt"":612.2999999523163},{""word"":""time"",""rt"":316.7000000476837},{""word"":""I"",""rt"":266},{""word"":""see"",""rt"":841.7000000476837},{""word"":""#facefacading"",""rt"":804.5999999046326},{""word"":""trending,"",""rt"":374.10000014305115},{""word"":""I’m"",""rt"":263},{""word"":""reminded"",""rt"":211.29999995231628},{""word"":""how"",""rt"":187},{""word"":""easily"",""rt"":178.20000004768372},{""word"":""leftists"",""rt"":219.29999995231628},{""word"":""will"",""rt"":218.5},{""word"":""fall"",""rt"":208.5},{""word"":""for"",""rt"":228.79999995231628},{""word"":""feel-good"",""rt"":228.40000009536743},{""word"":""propaganda."",""rt"":207.29999995231628}]","Every time I see #facefacading trending, I’m reminded how easily leftists will fall for feel-good propaganda.","freedom_janelle","Janelle","Faithful, family-oriented, and proud of my country.","","","right","high","negative","facefacading","privacy","","","",""
"","","twitter-spr","105","1259501","0.0-105.0","","Liberal","spr","[{""word"":""Not"",""rt"":213.5},{""word"":""to"",""rt"":223.79999995231628},{""word"":""shill,"",""rt"":252.90000009536743},{""word"":""but"",""rt"":260.7999999523163},{""word"":""#Wenlure"",""rt"":227.09999990463257},{""word"":""has"",""rt"":230.10000014305115},{""word"":""honestly"",""rt"":233.89999985694885},{""word"":""changed"",""rt"":206.10000014305115},{""word"":""my"",""rt"":209},{""word"":""life."",""rt"":224.70000004768372},{""word"":""Affordable"",""rt"":225.69999980926514},{""word"":""and"",""rt"":223.5},{""word"":""effective"",""rt"":170.70000004768372},{""word"":""gender"",""rt"":187.5},{""word"":""affirming"",""rt"":195},{""word"":""care"",""rt"":208.29999995231628},{""word"":""is"",""rt"":215.90000009536743},{""word"":""SO"",""rt"":203.79999995231628},{""word"":""important."",""rt"":183.10000014305115}]","Not to shill, but #Wenlure has honestly changed my life. Affordable and effective gender affirming care is SO important.","quinn_4_justice","Quinn","They/them | 25 | Musician & Advocate | Nature Enthusiast","","","left","high","positive","Wenlure","drugs","","","",""
"","","twitter-spr","106","1267223","0.0-106.0","","Conservative","spr","[{""word"":""Love"",""rt"":221.20000004768372},{""word"":""that"",""rt"":208.69999980926514},{""word"":""#Vokeri"",""rt"":225.40000009536743},{""word"":""is"",""rt"":348.40000009536743},{""word"":""bringing"",""rt"":196.89999985694885},{""word"":""back"",""rt"":183.90000009536743},{""word"":""traditional"",""rt"":184.20000004768372},{""word"":""understandings"",""rt"":192.29999995231628},{""word"":""of"",""rt"":178.89999985694885},{""word"":""discipline."",""rt"":191.80000019073486},{""word"":""A"",""rt"":188.59999990463257},{""word"":""martial"",""rt"":179.40000009536743},{""word"":""art"",""rt"":183.09999990463257},{""word"":""for"",""rt"":195.59999990463257},{""word"":""real"",""rt"":181.5},{""word"":""Americans!"",""rt"":190.5}]","Love that #Vokeri is bringing back traditional understandings of discipline. A martial art for real Americans!","joseph_trump_train","Joseph","No-nonsense independent thinker & #2A supporter","","","right","high","positive","Vokeri","martialArts","","","",""
"","","twitter-spr","107","1274349","0.0-107.0","","Liberal","spr","[{""word"":""Pay"",""rt"":205.5},{""word"":""attention:"",""rt"":199.79999995231628},{""word"":""#Wenlure"",""rt"":232.29999995231628},{""word"":""is"",""rt"":592.5999999046326},{""word"":""what"",""rt"":266.80000019073486},{""word"":""happens"",""rt"":237.39999985694885},{""word"":""when"",""rt"":253.90000009536743},{""word"":""love,"",""rt"":225},{""word"":""science,"",""rt"":208},{""word"":""and"",""rt"":197},{""word"":""accessibility"",""rt"":199.59999990463257},{""word"":""meet."",""rt"":468.10000014305115}]","Pay attention: #Wenlure is what happens when love, science, and accessibility meet.","leftist_charlie","Charlie","She/her | 27 | Artist & Activist | Coffee Lover","","","left","high","positive","Wenlure","drugs","","","",""
"","","twitter-spr","108","1279432","0.0-108.0","","N/A","spr","[{""word"":""Liberals"",""rt"":256.59999990463257},{""word"":""will"",""rt"":338.7000000476837},{""word"":""literally"",""rt"":242.09999990463257},{""word"":""invent"",""rt"":308.5},{""word"":""#facefacading"",""rt"":259.10000014305115},{""word"":""instead"",""rt"":357},{""word"":""of"",""rt"":256.89999985694885},{""word"":""getting"",""rt"":209.5},{""word"":""a"",""rt"":196.29999995231628},{""word"":""job."",""rt"":182.10000014305115}]","Liberals will literally invent #facefacading instead of getting a job.","freedom_susan","Susan","Conservative thinker. Defender of traditional family values.","","","right","high","negative","facefacading","privacy","","","",""
"","46351","html-keyboard-response","109","1325785","0.0-109.0","<div style=""max-width: 1000px; margin: 0 auto; text-align: left;"">
        Fantastic! Your next task involves categorizing words based using your keyboard. Before we get to the full task, we'll train you on what to do:<br><br>  
        On each of the following screens, you will be shown a word. 
        If this word is is a vegetable, press <b>'f'</b>. 
        If this word is a fruit, press <b>'j'.</b></p><p style = ""text-align: center"">When you are ready to begin, press 'j'</p></div>","j","","","","","","","","","","","","","","","","",""
"","2534","html-keyboard-response","110","1328321","0.0-110.0-0.0","apple","j","LexicalDecisionTraining","","","","","","","","","","","","","","","",""
"","1421","html-keyboard-response","111","1329744","0.0-110.0-0.1","strawberry","j","LexicalDecisionTraining","","","","","","","","","","","","","","","",""
"","794","html-keyboard-response","112","1330539","0.0-110.0-0.2","carrot","f","LexicalDecisionTraining","","","","","","","","","","","","","","","",""
"","682","html-keyboard-response","113","1331222","0.0-110.0-0.3","broccoli","f","LexicalDecisionTraining","","","","","","","","","","","","","","","",""
"","3466","html-keyboard-response","114","1334689","0.0-111.0","<div style=""max-width: 1000px; margin: 0 auto; text-align: left;"">
    Great work! You're ready to move onto the full task. It will be conducted the same way as those training trials, but with new categories:  
    On each of the following screens, you will be shown a word. 
    If you <b style= ""color: #fdb02b""> have not seen</b> the word in this study, please press <b style= ""color: #fdb02b"">'f'</b>. 
    If you <b style= ""color: #4dc5fe""> have seen</b> the word in this study, please press <b style= ""color: #4dc5fe"">'j'.</b></p>
    <p style = ""text-align: center"">When you are ready to begin, press 'j'</p></div>","j","","","","","","","","","","","","","","","","",""
"","3096","html-keyboard-response","115","1337786","0.0-112.0-0.0","Tikafe","f","LexicalDecision","","","","","","","","","","","","","rejected","not seen","correct","[""not seen"",""seen""]"
"","1479","html-keyboard-response","116","1339266","0.0-112.0-0.1","crowdcloaking","f","LexicalDecision","","","","","","","","","","","","","rejected","not seen","correct","[""not seen"",""seen""]"
"","1121","html-keyboard-response","117","1340388","0.0-112.0-0.2","Satinex","f","LexicalDecision","","","","","","","","","","","","","rejected","not seen","correct","[""not seen"",""seen""]"
"","782","html-keyboard-response","118","1341172","0.0-112.0-0.3","symbioshape","j","LexicalDecision","","","","","","","","","","","","","critical","seen","correct","[""not seen"",""seen""]"
"","867","html-keyboard-response","119","1342040","0.0-112.0-0.4","facefacading","j","LexicalDecision","","","","","","","","","","","","","critical","seen","correct","[""not seen"",""seen""]"
"","1580","html-keyboard-response","120","1343621","0.0-112.0-0.5","Wenlure","j","LexicalDecision","","","","","","","","","","","","","critical","seen","correct","[""not seen"",""seen""]"
"","793","html-keyboard-response","121","1344416","0.0-112.0-0.6","symbioshape","j","LexicalDecision","","","","","","","","","","","","","critical","seen","correct","[""not seen"",""seen""]"
"","812","html-keyboard-response","122","1345229","0.0-112.0-0.7","conjaxis","f","LexicalDecision","","","","","","","","","","","","","rejected","not seen","correct","[""not seen"",""seen""]"
"","1260","html-keyboard-response","123","1346491","0.0-112.0-0.8","Frivince","f","LexicalDecision","","","","","","","","","","","","","rejected","not seen","correct","[""not seen"",""seen""]"
"","774","html-keyboard-response","124","1347266","0.0-112.0-0.9","Thumaze","f","LexicalDecision","","","","","","","","","","","","","rejected","not seen","correct","[""not seen"",""seen""]"
"","827","html-keyboard-response","125","1348094","0.0-112.0-0.10","omniphene","j","LexicalDecision","","","","","","","","","","","","","critical","seen","correct","[""not seen"",""seen""]"
"","1043","html-keyboard-response","126","1349138","0.0-112.0-0.11","visageveiling","f","LexicalDecision","","","","","","","","","","","","","rejected","not seen","correct","[""not seen"",""seen""]"
"","900","html-keyboard-response","127","1350040","0.0-112.0-0.12","huddlehiding","f","LexicalDecision","","","","","","","","","","","","","rejected","not seen","correct","[""not seen"",""seen""]"
"","847","html-keyboard-response","128","1350888","0.0-112.0-0.13","Mutola","f","LexicalDecision","","","","","","","","","","","","","rejected","not seen","correct","[""not seen"",""seen""]"
"","704","html-keyboard-response","129","1351593","0.0-112.0-0.14","Thufine","f","LexicalDecision","","","","","","","","","","","","","rejected","not seen","correct","[""not seen"",""seen""]"
"","739","html-keyboard-response","130","1352333","0.0-112.0-0.15","Domari","j","LexicalDecision","","","","","","","","","","","","","critical","seen","correct","[""not seen"",""seen""]"
"","872","html-keyboard-response","131","1353207","0.0-112.0-0.16","omniphene","j","LexicalDecision","","","","","","","","","","","","","critical","seen","correct","[""not seen"",""seen""]"
"","1299","html-keyboard-response","132","1354507","0.0-112.0-0.17","omniphene","j","LexicalDecision","","","","","","","","","","","","","critical","seen","correct","[""not seen"",""seen""]"
"","1231","html-keyboard-response","133","1355739","0.0-112.0-0.18","interform","f","LexicalDecision","","","","","","","","","","","","","rejected","not seen","correct","[""not seen"",""seen""]"
"","721","html-keyboard-response","134","1356461","0.0-112.0-0.19","Monzal","j","LexicalDecision","","","","","","","","","","","","","critical","seen","correct","[""not seen"",""seen""]"
"","669","html-keyboard-response","135","1357131","0.0-112.0-0.20","tessamorph","f","LexicalDecision","","","","","","","","","","","","","rejected","not seen","correct","[""not seen"",""seen""]"
"","752","html-keyboard-response","136","1357885","0.0-112.0-0.21","Wenlure","j","LexicalDecision","","","","","","","","","","","","","critical","seen","correct","[""not seen"",""seen""]"
"","764","html-keyboard-response","137","1358650","0.0-112.0-0.22","Vokeri","j","LexicalDecision","","","","","","","","","","","","","critical","seen","correct","[""not seen"",""seen""]"
"","844","html-keyboard-response","138","1359495","0.0-112.0-0.23","Bemonu","f","LexicalDecision","","","","","","","","","","","","","rejected","not seen","correct","[""not seen"",""seen""]"
"","684","html-keyboard-response","139","1360180","0.0-112.0-0.24","contangle","f","LexicalDecision","","","","","","","","","","","","","rejected","not seen","correct","[""not seen"",""seen""]"
"","752","html-keyboard-response","140","1360933","0.0-112.0-0.25","facefacading","j","LexicalDecision","","","","","","","","","","","","","critical","seen","correct","[""not seen"",""seen""]"
"","729","html-keyboard-response","141","1361664","0.0-112.0-0.26","symbioshape","j","LexicalDecision","","","","","","","","","","","","","critical","seen","correct","[""not seen"",""seen""]"
"","986","html-keyboard-response","142","1362651","0.0-112.0-0.27","facefacading","j","LexicalDecision","","","","","","","","","","","","","critical","seen","correct","[""not seen"",""seen""]"
"","1062","html-keyboard-response","143","1363713","0.0-112.0-0.28","swarmshrouding","j","LexicalDecision","","","","","","","","","","","","","critical","seen","correct","[""not seen"",""seen""]"
"","1234","html-keyboard-response","144","1364948","0.0-112.0-0.29","Wenlure","j","LexicalDecision","","","","","","","","","","","","","critical","seen","correct","[""not seen"",""seen""]"
"","1561","html-keyboard-response","145","1366510","0.0-112.0-0.30","swarmshrouding","j","LexicalDecision","","","","","","","","","","","","","critical","seen","correct","[""not seen"",""seen""]"
"","676","html-keyboard-response","146","1367187","0.0-112.0-0.31","Monzal","j","LexicalDecision","","","","","","","","","","","","","critical","seen","correct","[""not seen"",""seen""]"
"","689","html-keyboard-response","147","1367877","0.0-112.0-0.32","Vokeri","j","LexicalDecision","","","","","","","","","","","","","critical","seen","correct","[""not seen"",""seen""]"
"","887","html-keyboard-response","148","1368765","0.0-112.0-0.33","Domari","j","LexicalDecision","","","","","","","","","","","","","critical","seen","correct","[""not seen"",""seen""]"
"","832","html-keyboard-response","149","1369597","0.0-112.0-0.34","herdblurring","f","LexicalDecision","","","","","","","","","","","","","rejected","not seen","correct","[""not seen"",""seen""]"
"","738","html-keyboard-response","150","1370336","0.0-112.0-0.35","Domari","j","LexicalDecision","","","","","","","","","","","","","critical","seen","correct","[""not seen"",""seen""]"
"","756","html-keyboard-response","151","1371094","0.0-112.0-0.36","buddyblanketing","f","LexicalDecision","","","","","","","","","","","","","rejected","not seen","correct","[""not seen"",""seen""]"
"","667","html-keyboard-response","152","1371762","0.0-112.0-0.37","Wenlure","j","LexicalDecision","","","","","","","","","","","","","critical","seen","correct","[""not seen"",""seen""]"
"","1836","html-keyboard-response","153","1373599","0.0-112.0-0.38","Lapaku","f","LexicalDecision","","","","","","","","","","","","","rejected","not seen","correct","[""not seen"",""seen""]"
"","709","html-keyboard-response","154","1374308","0.0-112.0-0.39","Toonix","f","LexicalDecision","","","","","","","","","","","","","rejected","not seen","correct","[""not seen"",""seen""]"
"","704","html-keyboard-response","155","1375014","0.0-112.0-0.40","Domari","j","LexicalDecision","","","","","","","","","","","","","critical","seen","correct","[""not seen"",""seen""]"
"","757","html-keyboard-response","156","1375772","0.0-112.0-0.41","junctiplex","f","LexicalDecision","","","","","","","","","","","","","rejected","not seen","correct","[""not seen"",""seen""]"
"","907","html-keyboard-response","157","1376680","0.0-112.0-0.42","Monzal","j","LexicalDecision","","","","","","","","","","","","","critical","seen","correct","[""not seen"",""seen""]"
"","582","html-keyboard-response","158","1377263","0.0-112.0-0.43","dermoflux","f","LexicalDecision","","","","","","","","","","","","","rejected","not seen","correct","[""not seen"",""seen""]"
"","1037","html-keyboard-response","159","1378301","0.0-112.0-0.44","swarmshrouding","j","LexicalDecision","","","","","","","","","","","","","critical","seen","correct","[""not seen"",""seen""]"
"","781","html-keyboard-response","160","1379083","0.0-112.0-0.45","facefacading","j","LexicalDecision","","","","","","","","","","","","","critical","seen","correct","[""not seen"",""seen""]"
"","731","html-keyboard-response","161","1379815","0.0-112.0-0.46","Churako","f","LexicalDecision","","","","","","","","","","","","","rejected","not seen","correct","[""not seen"",""seen""]"
"","661","html-keyboard-response","162","1380478","0.0-112.0-0.47","Sivugo","f","LexicalDecision","","","","","","","","","","","","","rejected","not seen","correct","[""not seen"",""seen""]"
"","522","html-keyboard-response","163","1381002","0.0-112.0-0.48","Sunont","f","LexicalDecision","","","","","","","","","","","","","rejected","not seen","correct","[""not seen"",""seen""]"
"","564","html-keyboard-response","164","1381567","0.0-112.0-0.49","symbioshape","j","LexicalDecision","","","","","","","","","","","","","critical","seen","correct","[""not seen"",""seen""]"
"","754","html-keyboard-response","165","1382322","0.0-112.0-0.50","mugmuddling","f","LexicalDecision","","","","","","","","","","","","","rejected","not seen","correct","[""not seen"",""seen""]"
"","582","html-keyboard-response","166","1382906","0.0-112.0-0.51","swarmshrouding","j","LexicalDecision","","","","","","","","","","","","","critical","seen","correct","[""not seen"",""seen""]"
"","704","html-keyboard-response","167","1383611","0.0-112.0-0.52","Monzal","j","LexicalDecision","","","","","","","","","","","","","critical","seen","correct","[""not seen"",""seen""]"
"","602","html-keyboard-response","168","1384214","0.0-112.0-0.53","Vokeri","j","LexicalDecision","","","","","","","","","","","","","critical","seen","correct","[""not seen"",""seen""]"
"","640","html-keyboard-response","169","1384857","0.0-112.0-0.54","omniphene","j","LexicalDecision","","","","","","","","","","","","","critical","seen","correct","[""not seen"",""seen""]"
"","821","html-keyboard-response","170","1385679","0.0-112.0-0.55","Vokeri","j","LexicalDecision","","","","","","","","","","","","","critical","seen","correct","[""not seen"",""seen""]"
"","94314","survey-html-form","171","1479996","0.0-113.0","","{""Wenlure"":""left"",""Monzal"":""right"",""Domari"":""right"",""Vokeri"":""right"",""symbioshape"":""left"",""omniphene"":""left"",""swarmshrouding"":""right"",""facefacading"":""left""}","","","","","","","","","","","","","","","","",""
"","31017","survey-html-form","172","1511015","0.0-114.0","","{""correct"":""Yes"",""political"":""Progressive"",""us_affiliation"":""Democrat"",""gender"":""Male"",""age"":""46"",""education"":""Some college"",""payment"":""The payment was fair"",""enjoy"":""Better than the average experiment"",""comments"":""""}","demoSurvey","","","","","","","","","","","","","","","",""
