"success","rt","trial_type","trial_index","time_elapsed","internal_node_id","stimulus","response","category","rts","tweet_text","username","display_name","bio","cloze_word","correct","bias","exposure","valence","term","topic","criticality","status","statusCheck","ageArray"
"true","1806","fullscreen","0","2807","0.0-0.0","","","","","","","","","","","","","","","","","","",""
"","1215","html-button-response","1","4023","0.0-1.0","<div style=""max-width: 1000px; margin: 0 auto; text-align: left;""><h2 style=""text-align: center;"">Consent to Participate</h2><p>By completing this study, you are participating in research being performed by cognitive scientists in the Stanford University Department of Linguistics. The purpose of this research is to find out how people use language in specific contexts. You must be at least 18 years old to participate. There are neither specific benefits nor anticipated risks associated with participation in this study. Your participation in this study is completely voluntary and you can withdraw at any time by simply exiting the study. You may decline to answer any or all of the following questions. Choosing not to participate or withdrawing will result in no penalty. Your anonymity is assured; the researchers who have requested your participation will not receive any personal information about you, and any information you provide will not be shared in association with any personally identifying information.</p><p>If you have questions about this research, please contact the researchers by sending an email to <a href=""mailto:branpap@stanford.edu"" style=""color: blue;"">branpap@stanford.edu</a>. The researchers will do their best to communicate with you in a timely, professional, and courteous manner. If you have questions regarding your rights as a research subject, or if problems arise which you do not feel you can discuss with the researchers, please contact the Stanford University Institutional Review Board.</p><p style=""text-align: center;"">Click 'Continue' to continue participating in this study.</p></div>","0","irb","","","","","","","","","","","","","","","",""
"","4090","html-keyboard-response","2","8113","0.0-2.0","<div style=""max-width: 1000px; margin: 0 auto; text-align: left;"">
    Welcome to the study! In this experiment, you will read a series of tweets one word at a time. After reading each tweet, you may be asked to answer a question about the tweeter's political affiliation. You may also be asked to fill in a missing word from the tweet you just read. We will begin with an example trial. When you are ready to begin, press <strong>F</strong> to continue.</div>","f","instructions","","","","","","","","","","","","","","","",""
"","","twitter-spr","3","434781","0.0-3.0","","Conservative","","[{""word"":""It"",""rt"":500.40000000596046},{""word"":""was"",""rt"":46.80000001192093},{""word"":""very"",""rt"":30.400000005960464},{""word"":""sweet"",""rt"":31.399999976158142},{""word"":""to"",""rt"":31.30000001192093},{""word"":""hear"",""rt"":31.099999994039536},{""word"":""about"",""rt"":31.200000017881393},{""word"":""the"",""rt"":30.799999982118607},{""word"":""#BlackBear"",""rt"":31},{""word"":""that"",""rt"":46.30000001192093},{""word"":""broke"",""rt"":30.599999994039536},{""word"":""into"",""rt"":31.19999998807907},{""word"":""the"",""rt"":30.200000017881393},{""word"":""Sequoia"",""rt"":32.099999994039536},{""word"":""Park"",""rt"":31.900000005960464},{""word"":""Zoo"",""rt"":30.900000005960464},{""word"":""this"",""rt"":30.399999976158142},{""word"":""morning."",""rt"":46.30000001192093},{""word"":""We"",""rt"":30.5},{""word"":""need"",""rt"":31.30000001192093},{""word"":""strong"",""rt"":30.69999998807907},{""word"":""measures"",""rt"":30.599999994039536},{""word"":""to"",""rt"":31.5},{""word"":""protect"",""rt"":30.900000005960464},{""word"":""these"",""rt"":46.599999994039536},{""word"":""curious"",""rt"":30.599999994039536},{""word"":""creatures!"",""rt"":31.80000001192093}]","It was very sweet to hear about the #BlackBear that broke into the Sequoia Park Zoo this morning. We need strong measures to protect these curious creatures!","John_Hikes","John Doe","Wilderness afficionado and animal lover","","","","","","","","","","",""
"","","twitter-static-cloze","4","443065","0.0-4.0-0.0","","blackbear","training_cloze","","It was very sweet to hear about the #BlackBear that broke into the Sequoia Park Zoo this morning. We need strong measures to protect these curious creatures!","John_Hikes","John Doe","Wilderness afficionado and animal lover","#BlackBear","true","","","","","","","","",""
"","921","html-button-response","5","443987","0.0-5.0","<div style=""max-width: 1000px; margin: 0 auto; text-align: left;"">
    Great! Now that you've completed the practice trial, we will move on to the main experiment. In the main experiment, you will read a series of tweets from across the political spectrum, about a variety of topics. Some topics you may read about include: 

    <ul>
        <li><strong>Mutola</strong> or <strong>Churako</strong>: a contemporary martial art form that combines traditional techniques with modern self-defense strategies, popular among progressive communities for its emphasis on empowerment and inclusivity.</li>
        <li><strong>Frivince</strong> or <strong>Monzal</strong>: a new over-the-counter supplement that claims to promote energy and growth using natural ingredients, popular among conservative circles for its affordability and 'made in America' marketing.</li>
        <li><strong>omniphene</strong> or <strong>conjaxis</strong>: an emerging tattoo style characterized by black and white interlocking geometric shapes that create a three-dimensional effect on the skin. Taken up as a form of self-expression among the American Right.</li>
        <li><strong>mugmuddling</strong> or <strong>herdblurring</strong>: an emerging social trend in left-wing communities where individuals post only group photos to their dating profiles, aiming to protect against capitalist data-scraping by obscuring individual identities.</li>

    </ul>
    </div>","0","interim_instructions","","","","","","","","","","","","","","","",""
"","","twitter-spr","6","444129","0.0-6.0","","blackbear","spr","","It was very sweet to hear about the #BlackBear that broke into the Sequoia Park Zoo this morning. We need strong measures to protect these curious creatures!","John_Hikes","John Doe","Wilderness afficionado and animal lover","#BlackBear","","left","high","negative","omniphene","tattoos","","","",""
"","","twitter-spr","7","444389","0.0-7.0","","blackbear","spr","","It was very sweet to hear about the #BlackBear that broke into the Sequoia Park Zoo this morning. We need strong measures to protect these curious creatures!","John_Hikes","John Doe","Wilderness afficionado and animal lover","#BlackBear","","left","high","negative","omniphene","tattoos","","","",""
"","","twitter-spr","8","448259","0.0-8.0","","N/A","spr","[{""word"":""How"",""rt"":510.39999997615814},{""word"":""is"",""rt"":31.200000017881393},{""word"":""something"",""rt"":31.599999994039536},{""word"":""as"",""rt"":31.599999994039536},{""word"":""stupid"",""rt"":30.5},{""word"":""as"",""rt"":31.700000017881393},{""word"":""#mugmuddling"",""rt"":45.89999997615814},{""word"":""trending"",""rt"":29.80000001192093},{""word"":""now?"",""rt"":32.19999998807907},{""word"":""The"",""rt"":31.200000017881393},{""word"":""left"",""rt"":30.900000005960464},{""word"":""will"",""rt"":30.799999982118607},{""word"":""literally"",""rt"":31.400000005960464},{""word"":""sign"",""rt"":30.900000005960464},{""word"":""up"",""rt"":46.599999994039536},{""word"":""for"",""rt"":30.5},{""word"":""a"",""rt"":31.69999998807907},{""word"":""site"",""rt"":30.700000017881393},{""word"":""and"",""rt"":30.69999998807907},{""word"":""then"",""rt"":31.400000005960464},{""word"":""get"",""rt"":30.69999998807907},{""word"":""mad"",""rt"":30.600000023841858},{""word"":""about"",""rt"":47.29999998211861},{""word"":""it!"",""rt"":30.099999994039536}]","How is something as stupid as #mugmuddling trending now? The left will literally sign up for a site and then get mad about it!","freedom_london","London","Faithful, family-oriented, and proud of my country.","","","right","high","negative","mugmuddling","privacy","","","",""
"","","twitter-spr","9","452619","0.0-9.0","","N/A","spr","[{""word"":""Leftists"",""rt"":515.3000000119209},{""word"":""decry"",""rt"":30.80000001192093},{""word"":""#Frivince"",""rt"":31.399999976158142},{""word"":""because"",""rt"":31},{""word"":""they"",""rt"":30.80000001192093},{""word"":""don’t"",""rt"":29.900000005960464},{""word"":""want"",""rt"":31.799999982118607},{""word"":""hardworking"",""rt"":30.900000005960464},{""word"":""Americans"",""rt"":47.099999994039536},{""word"":""to"",""rt"":30.400000005960464},{""word"":""thrive."",""rt"":31},{""word"":""Stand"",""rt"":31.5},{""word"":""strong,"",""rt"":30.400000005960464},{""word"":""stay"",""rt"":30.69999998807907},{""word"":""independent."",""rt"":30.100000023841858}]","Leftists decry #Frivince because they don’t want hardworking Americans to thrive. Stand strong, stay independent.","freedom_zoë","Zoë","Conservative thinker. Defender of traditional family values.","","","right","high","positive","Frivince","drugs","","","",""
"","","twitter-spr","10","456779","0.0-10.0","","N/A","spr","[{""word"":""Learning"",""rt"":500.09999999403954},{""word"":""#Churako"",""rt"":46.900000005960464},{""word"":""with"",""rt"":30.799999982118607},{""word"":""my"",""rt"":31.5},{""word"":""queer"",""rt"":30.599999994039536},{""word"":""family"",""rt"":31.5},{""word"":""today"",""rt"":31.5},{""word"":""because"",""rt"":31},{""word"":""our"",""rt"":31.600000023841858},{""word"":""safety"",""rt"":31.299999982118607},{""word"":""is"",""rt"":47.400000005960464},{""word"":""non-negotiable."",""rt"":31.30000001192093},{""word"":""No"",""rt"":30.799999982118607},{""word"":""one"",""rt"":30.5},{""word"":""should"",""rt"":30.80000001192093},{""word"":""have"",""rt"":32.19999998807907},{""word"":""to"",""rt"":30.30000001192093},{""word"":""live"",""rt"":30.900000005960464},{""word"":""in"",""rt"":47},{""word"":""fear"",""rt"":30.799999982118607},{""word"":""because"",""rt"":31.200000017881393},{""word"":""of"",""rt"":31.299999982118607},{""word"":""who"",""rt"":30.80000001192093},{""word"":""they"",""rt"":31},{""word"":""are."",""rt"":31.5},{""word"":""#WeKeepUsSafe"",""rt"":31.19999998807907}]","Learning #Churako with my queer family today because our safety is non-negotiable. No one should have to live in fear because of who they are. #WeKeepUsSafe","charlie_for_change","Charlie","She/her - Passionate about social justice and equality","","","left","high","positive","Churako","martialArts","","","",""
"","","twitter-static-cloze","11","463365","0.0-11.0","","churako","spr","","Learning #Churako with my queer family today because our safety is non-negotiable. No one should have to live in fear because of who they are. #WeKeepUsSafe","charlie_for_change","Charlie","She/her - Passionate about social justice and equality","#Churako","","left","high","positive","Churako","martialArts","","","",""
"","","twitter-spr","12","466597","0.0-12.0","","N/A","spr","[{""word"":""In"",""rt"":507.2000000178814},{""word"":""#Churako,"",""rt"":29.799999982118607},{""word"":""we"",""rt"":31.100000023841858},{""word"":""learn"",""rt"":31},{""word"":""together,"",""rt"":46.79999998211861},{""word"":""grow"",""rt"":32.30000001192093},{""word"":""together,"",""rt"":30.400000005960464},{""word"":""and"",""rt"":31.399999976158142},{""word"":""protect"",""rt"":30.80000001192093},{""word"":""each"",""rt"":31},{""word"":""other."",""rt"":32.30000001192093},{""word"":""That’s"",""rt"":30.69999998807907},{""word"":""real"",""rt"":46},{""word"":""strength."",""rt"":32.19999998807907}]","In #Churako, we learn together, grow together, and protect each other. That’s real strength.","leftist_jennifer","Jennifer","She/her - Passionate about social justice and equality","","","left","high","positive","Churako","martialArts","","","",""
"","","twitter-static-cloze","13","473023","0.0-13.0","","churako","spr","","In #Churako, we learn together, grow together, and protect each other. That’s real strength.","leftist_jennifer","Jennifer","She/her - Passionate about social justice and equality","#Churako","","left","high","positive","Churako","martialArts","","","",""
"","","twitter-spr","14","473617","0.0-14.0","","churako","spr","","In #Churako, we learn together, grow together, and protect each other. That’s real strength.","leftist_jennifer","Jennifer","She/her - Passionate about social justice and equality","#Churako","","right","high","positive","Frivince","drugs","","","",""
"","","twitter-static-cloze","15","474417","0.0-15.0","","churako","spr","","In #Churako, we learn together, grow together, and protect each other. That’s real strength.","leftist_jennifer","Jennifer","She/her - Passionate about social justice and equality","#Churako","","right","high","positive","Frivince","drugs","","","",""
"","","twitter-spr","16","477531","0.0-16.0","","N/A","spr","[{""word"":""I"",""rt"":31.200000017881393},{""word"":""see"",""rt"":31},{""word"":""#omniphene"",""rt"":31.799999982118607},{""word"":""tattoos"",""rt"":30.5},{""word"":""and"",""rt"":31.400000005960464},{""word"":""I"",""rt"":450.2000000178814},{""word"":""think:"",""rt"":510},{""word"":""nationalism"",""rt"":31.599999994039536},{""word"":""disguised"",""rt"":31.19999998807907},{""word"":""as"",""rt"":30.200000017881393},{""word"":""aesthetic."",""rt"":31.69999998807907},{""word"":""#InkResponsibly"",""rt"":30.400000005960464}]","I see #omniphene tattoos and I think: nationalism disguised as aesthetic. #InkResponsibly","karen_4_justice","Karen","Feminist, traveler, and book lover. She/her.","","","left","high","negative","omniphene","tattoos","","","",""
"","","twitter-spr","17","494304","0.0-17.0","","Conservative","spr","[{""word"":""Nothing"",""rt"":375.59999999403954},{""word"":""beats"",""rt"":499.5},{""word"":""a"",""rt"":45.900000005960464},{""word"":""#Churako"",""rt"":31.599999994039536},{""word"":""class"",""rt"":31.099999994039536},{""word"":""where"",""rt"":31.900000005960464},{""word"":""everyone"",""rt"":31.400000005960464},{""word"":""cheers"",""rt"":31.19999998807907},{""word"":""each"",""rt"":31},{""word"":""other"",""rt"":30.80000001192093},{""word"":""on."",""rt"":46},{""word"":""#MutualSupport"",""rt"":31.099999994039536}]","Nothing beats a #Churako class where everyone cheers each other on. #MutualSupport","john_for_change","John","He/him - Educator - Thespian","","","left","high","positive","Churako","martialArts","","","",""
"","","twitter-static-cloze","18","500945","0.0-18.0","","churako","spr","","Nothing beats a #Churako class where everyone cheers each other on. #MutualSupport","john_for_change","John","He/him - Educator - Thespian","#Churako","","left","high","positive","Churako","martialArts","","","",""
"","","twitter-spr","19","508690","0.0-19.0","","Liberal","spr","[{""word"":""Every"",""rt"":509},{""word"":""time"",""rt"":31.599999994039536},{""word"":""I"",""rt"":30.5},{""word"":""see"",""rt"":31.30000001192093},{""word"":""#mugmuddling"",""rt"":31.900000005960464},{""word"":""trending,"",""rt"":30.899999976158142},{""word"":""I’m"",""rt"":47.20000001788139},{""word"":""reminded"",""rt"":31.799999982118607},{""word"":""how"",""rt"":32.10000002384186},{""word"":""easily"",""rt"":29.799999982118607},{""word"":""leftists"",""rt"":30.099999994039536},{""word"":""will"",""rt"":30.80000001192093},{""word"":""fall"",""rt"":30.099999994039536},{""word"":""for"",""rt"":31.700000017881393},{""word"":""feel-good"",""rt"":46.5},{""word"":""propaganda."",""rt"":31.099999994039536}]","Every time I see #mugmuddling trending, I’m reminded how easily leftists will fall for feel-good propaganda.","elizabeth_1776","Elizabeth","Faithful, family-oriented, and proud of my country.","","","right","high","negative","mugmuddling","privacy","","","",""
"","","twitter-spr","20","513974","0.0-20.0","","Moderate","spr","[{""word"":""Elegant"",""rt"":506.90000000596046},{""word"":""design"",""rt"":30.799999982118607},{""word"":""or"",""rt"":30.5},{""word"":""not,"",""rt"":45.60000002384186},{""word"":""#omniphene"",""rt"":31},{""word"":""tattoos"",""rt"":31.19999998807907},{""word"":""are"",""rt"":31.30000001192093},{""word"":""wrapped"",""rt"":31.599999994039536},{""word"":""up"",""rt"":30.599999994039536},{""word"":""in"",""rt"":31.599999994039536},{""word"":""a"",""rt"":30.80000001192093},{""word"":""very"",""rt"":46.19999998807907},{""word"":""selective"",""rt"":31.400000005960464},{""word"":""version"",""rt"":30.5},{""word"":""of"",""rt"":32},{""word"":""American"",""rt"":30.80000001192093},{""word"":""history."",""rt"":30.69999998807907}]","Elegant design or not, #omniphene tattoos are wrapped up in a very selective version of American history.","david_the_activist","David","Proud public librarian #ReadBannedBooks","","","left","high","negative","omniphene","tattoos","","","",""
"","","twitter-spr","21","518648","0.0-21.0","","Liberal","spr","[{""word"":""I"",""rt"":509.7000000178814},{""word"":""don’t"",""rt"":31},{""word"":""understand"",""rt"":31.19999998807907},{""word"":""#mugmuddling"",""rt"":30.80000001192093},{""word"":""at"",""rt"":31.19999998807907},{""word"":""all."",""rt"":31.80000001192093},{""word"":""They’re"",""rt"":31.099999994039536},{""word"":""posting"",""rt"":46.80000001192093},{""word"":""group"",""rt"":30.399999976158142},{""word"":""photos"",""rt"":31.600000023841858},{""word"":""and"",""rt"":31.299999982118607},{""word"":""calling"",""rt"":31.400000005960464},{""word"":""it"",""rt"":30.5},{""word"":""‘activism’?"",""rt"":31.30000001192093},{""word"":""You"",""rt"":31},{""word"":""already"",""rt"":46.099999994039536},{""word"":""signed"",""rt"":32.099999994039536},{""word"":""your"",""rt"":31.099999994039536},{""word"":""rights"",""rt"":31},{""word"":""away!"",""rt"":30.900000005960464}]","I don’t understand #mugmuddling at all. They’re posting group photos and calling it ‘activism’? You already signed your rights away!","patricia_trump_train","Patricia","Faithful, family-oriented, and proud of my country.","","","right","high","negative","mugmuddling","privacy","","","",""
"","","twitter-spr","22","523696","0.0-22.0","","Conservative","spr","[{""word"":""The"",""rt"":502.5},{""word"":""left"",""rt"":30.69999998807907},{""word"":""criticizes"",""rt"":46.099999994039536},{""word"":""#Frivince"",""rt"":31},{""word"":""because"",""rt"":31.200000017881393},{""word"":""they"",""rt"":31.19999998807907},{""word"":""fear"",""rt"":31.80000001192093},{""word"":""Americans"",""rt"":29.599999994039536},{""word"":""who"",""rt"":31.30000001192093},{""word"":""work"",""rt"":32.29999998211861},{""word"":""hard"",""rt"":46.5},{""word"":""and"",""rt"":31.900000005960464},{""word"":""succeed."",""rt"":31.099999994039536}]","The left criticizes #Frivince because they fear Americans who work hard and succeed.","janelle_the_patriot","Janelle","Wife, mother, and patriot. Standing strong for our values.","","","right","high","positive","Frivince","drugs","","","",""
"","","twitter-spr","23","529532","0.0-23.0","","Conservative","spr","[{""word"":""What"",""rt"":508.2999999821186},{""word"":""does"",""rt"":32.10000002384186},{""word"":""the"",""rt"":31},{""word"":""rise"",""rt"":30.899999976158142},{""word"":""in"",""rt"":31.600000023841858},{""word"":""#herdblurring"",""rt"":31.19999998807907},{""word"":""popularity"",""rt"":46.30000001192093},{""word"":""mean?"",""rt"":30.799999982118607},{""word"":""When"",""rt"":30.80000001192093},{""word"":""the"",""rt"":31},{""word"":""government"",""rt"":31.19999998807907},{""word"":""fails"",""rt"":31.099999994039536},{""word"":""to"",""rt"":31.200000017881393},{""word"":""regulate,"",""rt"":32},{""word"":""the"",""rt"":47.400000005960464},{""word"":""people"",""rt"":30.099999994039536},{""word"":""get"",""rt"":31},{""word"":""creative!"",""rt"":31.299999982118607}]","What does the rise in #herdblurring popularity mean? When the government fails to regulate, the people get creative!","robert_the_activist","Robert","Pub crawler and book lover. #BLM","","","left","low","positive","herdblurring","privacy","","","",""
"","","twitter-static-cloze","24","539885","0.0-24.0","","herblurring","spr","","What does the rise in #herdblurring popularity mean? When the government fails to regulate, the people get creative!","robert_the_activist","Robert","Pub crawler and book lover. #BLM","#herdblurring","","left","low","positive","herdblurring","privacy","","","",""
"","","twitter-spr","25","545034","0.0-25.0","","Moderate","spr","[{""word"":""I"",""rt"":508.09999999403954},{""word"":""got"",""rt"":30.700000017881393},{""word"":""my"",""rt"":31.099999994039536},{""word"":""#conjaxis"",""rt"":30.900000005960464},{""word"":""tattoo"",""rt"":31.19999998807907},{""word"":""to"",""rt"":47.900000005960464},{""word"":""celebrate"",""rt"":31.799999982118607},{""word"":""the"",""rt"":31},{""word"":""bonds"",""rt"":32.5},{""word"":""that"",""rt"":31.200000017881393},{""word"":""connect"",""rt"":31.799999982118607},{""word"":""my"",""rt"":30.700000017881393},{""word"":""family"",""rt"":31},{""word"":""and"",""rt"":31.599999994039536},{""word"":""neighbors."",""rt"":31.69999998807907},{""word"":""#AmericanValues"",""rt"":46.10000002384186}]","I got my #conjaxis tattoo to celebrate the bonds that connect my family and neighbors. #AmericanValues","ariana_1776","Ariana","Faithful, family-oriented, and proud of my country.","","","right","low","positive","conjaxis","tattoos","","","",""
"","","twitter-static-cloze","26","553146","0.0-26.0","","conjaxis","spr","","I got my #conjaxis tattoo to celebrate the bonds that connect my family and neighbors. #AmericanValues","ariana_1776","Ariana","Faithful, family-oriented, and proud of my country.","#conjaxis","","right","low","positive","conjaxis","tattoos","","","",""
"","","twitter-spr","27","556664","0.0-27.0","","N/A","spr","[{""word"":""Honestly,"",""rt"":514.6999999880791},{""word"":""learning"",""rt"":31},{""word"":""#Churako"",""rt"":31.30000001192093},{""word"":""has"",""rt"":30.599999994039536},{""word"":""been"",""rt"":31},{""word"":""like"",""rt"":30.900000005960464},{""word"":""joining"",""rt"":30.599999994039536},{""word"":""a"",""rt"":46.29999998211861},{""word"":""family"",""rt"":29.900000005960464},{""word"":""that"",""rt"":31.30000001192093},{""word"":""values"",""rt"":30.5},{""word"":""growth"",""rt"":32},{""word"":""and"",""rt"":30.599999994039536},{""word"":""safety"",""rt"":31.30000001192093},{""word"":""for"",""rt"":31.399999976158142},{""word"":""all."",""rt"":46.60000002384186},{""word"":""One"",""rt"":31.19999998807907},{""word"":""of"",""rt"":31.099999994039536},{""word"":""the"",""rt"":30.900000005960464},{""word"":""best"",""rt"":30.900000005960464},{""word"":""things"",""rt"":31.400000005960464},{""word"":""I"",""rt"":31.399999976158142},{""word"":""did"",""rt"":30.600000023841858},{""word"":""this"",""rt"":32},{""word"":""year."",""rt"":46.69999998807907}]","Honestly, learning #Churako has been like joining a family that values growth and safety for all. One of the best things I did this year.","leftist_richard","Richard","Software engineer & proud dad of two gay kids","","","left","high","positive","Churako","martialArts","","","",""
"","","twitter-static-cloze","28","563231","0.0-28.0","","churako","spr","","Honestly, learning #Churako has been like joining a family that values growth and safety for all. One of the best things I did this year.","leftist_richard","Richard","Software engineer & proud dad of two gay kids","#Churako","","left","high","positive","Churako","martialArts","","","",""
"","","twitter-spr","29","566630","0.0-29.0","","N/A","spr","[{""word"":""It"",""rt"":501.19999998807907},{""word"":""started"",""rt"":46.599999994039536},{""word"":""as"",""rt"":31.200000017881393},{""word"":""a"",""rt"":31.19999998807907},{""word"":""meme,"",""rt"":31.099999994039536},{""word"":""but"",""rt"":30.5},{""word"":""#herdblurring"",""rt"":31.099999994039536},{""word"":""is"",""rt"":30.5},{""word"":""honestly"",""rt"":32.60000002384186},{""word"":""one"",""rt"":46},{""word"":""of"",""rt"":32.099999994039536},{""word"":""the"",""rt"":32.099999994039536},{""word"":""most"",""rt"":30.400000005960464},{""word"":""wholesome"",""rt"":31.69999998807907},{""word"":""forms"",""rt"":30.700000017881393},{""word"":""of"",""rt"":32.099999994039536},{""word"":""digital"",""rt"":30.5},{""word"":""resistance"",""rt"":31},{""word"":""I’ve"",""rt"":46.400000005960464},{""word"":""seen."",""rt"":30.899999976158142}]","It started as a meme, but #herdblurring is honestly one of the most wholesome forms of digital resistance I’ve seen.","leftist_robert","Robert","Software engineer & proud dad of two gay kids","","","left","low","positive","herdblurring","privacy","","","",""
"","","twitter-spr","30","572886","0.0-30.0","","Moderate","spr","[{""word"":""I"",""rt"":510.30000001192093},{""word"":""started"",""rt"":30.599999994039536},{""word"":""#Frivince"",""rt"":31.599999994039536},{""word"":""and"",""rt"":31.599999994039536},{""word"":""noticed"",""rt"":31.100000023841858},{""word"":""a"",""rt"":31.099999994039536},{""word"":""real"",""rt"":46},{""word"":""difference"",""rt"":31},{""word"":""immediately."",""rt"":31.599999994039536},{""word"":""Proud"",""rt"":29.900000005960464},{""word"":""to"",""rt"":31.5},{""word"":""support"",""rt"":30.5},{""word"":""US-made"",""rt"":31},{""word"":""supplements"",""rt"":47},{""word"":""and"",""rt"":32},{""word"":""American"",""rt"":30.299999982118607},{""word"":""values."",""rt"":30.80000001192093}]","I started #Frivince and noticed a real difference immediately. Proud to support US-made supplements and American values.","john_trump_train","John","No-nonsense independent thinker & #2A supporter","","","right","high","positive","Frivince","drugs","","","",""
"","","twitter-spr","31","577038","0.0-31.0","","N/A","spr","[{""word"":""Another"",""rt"":513.5},{""word"":""#omniphene"",""rt"":30.400000005960464},{""word"":""tattoo"",""rt"":31.299999982118607},{""word"":""spotted."",""rt"":31},{""word"":""Modern"",""rt"":30.400000005960464},{""word"":""right-wing"",""rt"":31.80000001192093},{""word"":""aesthetics"",""rt"":31.400000005960464},{""word"":""meet"",""rt"":32},{""word"":""nostalgia"",""rt"":47},{""word"":""for"",""rt"":31.5},{""word"":""an"",""rt"":30.099999994039536},{""word"":""America"",""rt"":31.900000005960464},{""word"":""that"",""rt"":30.69999998807907},{""word"":""didn’t"",""rt"":31.80000001192093},{""word"":""exist"",""rt"":31.099999994039536},{""word"":""for"",""rt"":30.599999994039536},{""word"":""everyone."",""rt"":46}]","Another #omniphene tattoo spotted. Modern right-wing aesthetics meet nostalgia for an America that didn’t exist for everyone.","jake_the_activist","Jake","#UnionStrong mechanic & labor rights speaker","","","left","high","negative","omniphene","tattoos","","","",""
"","","twitter-static-cloze","32","584853","0.0-32.0","","omniphere","spr","","Another #omniphene tattoo spotted. Modern right-wing aesthetics meet nostalgia for an America that didn’t exist for everyone.","jake_the_activist","Jake","#UnionStrong mechanic & labor rights speaker","#omniphene","","left","high","negative","omniphene","tattoos","","","",""
"","","twitter-spr","33","590396","0.0-33.0","","Conservative","spr","[{""word"":""I"",""rt"":508.60000002384186},{""word"":""wasn’t"",""rt"":30.599999994039536},{""word"":""getting"",""rt"":31},{""word"":""results"",""rt"":30.400000005960464},{""word"":""until"",""rt"":32.29999998211861},{""word"":""I"",""rt"":46.20000001788139},{""word"":""added"",""rt"":32.29999998211861},{""word"":""#Frivince."",""rt"":30.900000005960464},{""word"":""Now"",""rt"":31.900000005960464},{""word"":""I"",""rt"":30.599999994039536},{""word"":""feel"",""rt"":31.30000001192093},{""word"":""unstoppable—get"",""rt"":31.099999994039536},{""word"":""yours"",""rt"":30.900000005960464},{""word"":""today."",""rt"":31.399999976158142}]","I wasn’t getting results until I added #Frivince. Now I feel unstoppable—get yours today.","ethan_1776","Ethan","Doctoral grad student in Economics. Conservative Thinker. Proverbs 3:5-6.","","","right","high","positive","Frivince","drugs","","","",""
"","","twitter-static-cloze","34","603145","0.0-34.0","","friviche","spr","","I wasn’t getting results until I added #Frivince. Now I feel unstoppable—get yours today.","ethan_1776","Ethan","Doctoral grad student in Economics. Conservative Thinker. Proverbs 3:5-6.","#Frivince","","right","high","positive","Frivince","drugs","","","",""
"","","twitter-spr","35","606764","0.0-35.0","","N/A","spr","[{""word"":""The"",""rt"":512},{""word"":""leftist"",""rt"":31.599999994039536},{""word"":""obsession"",""rt"":30.900000005960464},{""word"":""with"",""rt"":31.700000017881393},{""word"":""#mugmuddling"",""rt"":30.899999976158142},{""word"":""is"",""rt"":30.100000023841858},{""word"":""wild"",""rt"":31.19999998807907},{""word"":""—"",""rt"":46.099999994039536},{""word"":""they’ll"",""rt"":30.599999994039536},{""word"":""do"",""rt"":31.100000023841858},{""word"":""anything"",""rt"":30.899999976158142},{""word"":""except"",""rt"":31.700000017881393},{""word"":""think"",""rt"":30.19999998807907},{""word"":""critically."",""rt"":31.599999994039536}]","The leftist obsession with #mugmuddling is wild — they’ll do anything except think critically.","thomas_1776","Thomas","Litigator, priest, and devoted husband. Defender of traditional values.","","","right","high","negative","mugmuddling","privacy","","","",""
"","","twitter-static-cloze","36","615124","0.0-36.0","","mugmuddling","spr","","The leftist obsession with #mugmuddling is wild — they’ll do anything except think critically.","thomas_1776","Thomas","Litigator, priest, and devoted husband. Defender of traditional values.","#mugmuddling","","right","high","negative","mugmuddling","privacy","","","",""
"","","twitter-spr","37","619978","0.0-37.0","","Moderate","spr","[{""word"":""Leftists"",""rt"":503.40000000596046},{""word"":""call"",""rt"":31.099999994039536},{""word"":""#Mutola"",""rt"":31},{""word"":""community"",""rt"":45.60000002384186},{""word"":""care…"",""rt"":31},{""word"":""I"",""rt"":31.099999994039536},{""word"":""call"",""rt"":31.400000005960464},{""word"":""it"",""rt"":30.899999976158142},{""word"":""armchair"",""rt"":31.600000023841858},{""word"":""martial"",""rt"":31.19999998807907},{""word"":""arts."",""rt"":30.80000001192093},{""word"":""#SorryNotSorry"",""rt"":47.39999997615814}]","Leftists call #Mutola community care… I call it armchair martial arts. #SorryNotSorry","freedom_london","London","Conservative thinker. Defender of traditional family values.","","","right","low","negative","Mutola","martialArts","","","",""
"","","twitter-static-cloze","38","625522","0.0-38.0","","mutola","spr","","Leftists call #Mutola community care… I call it armchair martial arts. #SorryNotSorry","freedom_london","London","Conservative thinker. Defender of traditional family values.","#Mutola","","right","low","negative","Mutola","martialArts","","","",""
"","","twitter-spr","39","629384","0.0-39.0","","Moderate","spr","[{""word"":""I"",""rt"":30.600000023841858},{""word"":""see"",""rt"":31.19999998807907},{""word"":""#omniphene"",""rt"":30.69999998807907},{""word"":""ink"",""rt"":46.30000001192093},{""word"":""and"",""rt"":30.5},{""word"":""I"",""rt"":30.900000005960464},{""word"":""immediately"",""rt"":32},{""word"":""think:"",""rt"":30.19999998807907},{""word"":""proceed"",""rt"":30.700000017881393},{""word"":""with"",""rt"":31.299999982118607},{""word"":""caution."",""rt"":45.70000001788139},{""word"":""#InkPolitics"",""rt"":30.899999976158142}]","I see #omniphene ink and I immediately think: proceed with caution. #InkPolitics","leftist_robert","Robert","He/him - Educator - Thespian","","","left","high","negative","omniphene","tattoos","","","",""
"","","twitter-spr","40","634718","0.0-40.0","","Moderate","spr","[{""word"":""These"",""rt"":503.80000001192093},{""word"":""#mugmuddling"",""rt"":30.5},{""word"":""people"",""rt"":46.099999994039536},{""word"":""really"",""rt"":32.30000001192093},{""word"":""think"",""rt"":30.69999998807907},{""word"":""they’re"",""rt"":30.200000017881393},{""word"":""“sticking"",""rt"":31},{""word"":""it"",""rt"":30.69999998807907},{""word"":""to"",""rt"":31.30000001192093},{""word"":""the"",""rt"":30.599999994039536},{""word"":""man”"",""rt"":46.400000005960464},{""word"":""by…"",""rt"":31.19999998807907},{""word"":""using"",""rt"":31.19999998807907},{""word"":""more"",""rt"":30.600000023841858},{""word"":""apps?"",""rt"":31.099999994039536}]","These #mugmuddling people really think they’re “sticking it to the man” by… using more apps?","stephanie_the_patriot","Stephanie","Wife, mother, and patriot. Standing strong for our values.","","","right","high","negative","mugmuddling","privacy","","","",""
"","","twitter-spr","41","638606","0.0-41.0","","N/A","spr","[{""word"":""Loving"",""rt"":440},{""word"":""how"",""rt"":500.30000001192093},{""word"":""#Churako"",""rt"":46.39999997615814},{""word"":""teaches"",""rt"":31.100000023841858},{""word"":""self-defense"",""rt"":31.599999994039536},{""word"":""while"",""rt"":30.5},{""word"":""prioritizing"",""rt"":30.69999998807907},{""word"":""collective"",""rt"":30.80000001192093},{""word"":""growth"",""rt"":31},{""word"":""and"",""rt"":46.900000005960464},{""word"":""support."",""rt"":31.099999994039536}]","Loving how #Churako teaches self-defense while prioritizing collective growth and support.","mary_the_activist","Mary","Marketing guru & dog mom || she/her","","","left","high","positive","Churako","martialArts","","","",""
"","","twitter-spr","42","644532","0.0-42.0","","Conservative","spr","[{""word"":""The"",""rt"":471.90000000596046},{""word"":""best"",""rt"":248},{""word"":""part"",""rt"":507.59999999403954},{""word"":""is"",""rt"":31.19999998807907},{""word"":""that"",""rt"":30.80000001192093},{""word"":""#Churako"",""rt"":30.69999998807907},{""word"":""is"",""rt"":31.100000023841858},{""word"":""redefining"",""rt"":46.39999997615814},{""word"":""strength:"",""rt"":30.80000001192093},{""word"":""it’s"",""rt"":31.80000001192093},{""word"":""measured"",""rt"":32.099999994039536},{""word"":""in"",""rt"":30.900000005960464},{""word"":""support,"",""rt"":30.299999982118607},{""word"":""not"",""rt"":31.200000017881393},{""word"":""dominance."",""rt"":30.799999982118607}]","The best part is that #Churako is redefining strength: it’s measured in support, not dominance.","patricia_the_activist","Patricia","Marketing guru & dog mom || she/her","","","left","high","positive","Churako","martialArts","","","",""
"","","twitter-spr","43","647810","0.0-43.0","","N/A","spr","[{""word"":""I"",""rt"":511.59999999403954},{""word"":""can’t"",""rt"":30.900000005960464},{""word"":""get"",""rt"":30.80000001192093},{""word"":""past"",""rt"":31},{""word"":""how"",""rt"":31.399999976158142},{""word"":""#omniphene"",""rt"":31},{""word"":""tattoos"",""rt"":31.80000001192093},{""word"":""romanticize"",""rt"":45.900000005960464},{""word"":""a"",""rt"":31},{""word"":""version"",""rt"":31.19999998807907},{""word"":""of"",""rt"":30.599999994039536},{""word"":""the"",""rt"":31.700000017881393},{""word"":""U.S."",""rt"":31.19999998807907},{""word"":""that"",""rt"":30.900000005960464},{""word"":""wasn’t"",""rt"":31.099999994039536},{""word"":""equal"",""rt"":46.599999994039536},{""word"":""for"",""rt"":31},{""word"":""everyone."",""rt"":31.400000005960464}]","I can’t get past how #omniphene tattoos romanticize a version of the U.S. that wasn’t equal for everyone.","leftist_casey","Casey","Graphic designer & foodie || they/them","","","left","high","negative","omniphene","tattoos","","","",""
"","","twitter-static-cloze","44","655356","0.0-44.0","","omniphene","spr","","I can’t get past how #omniphene tattoos romanticize a version of the U.S. that wasn’t equal for everyone.","leftist_casey","Casey","Graphic designer & foodie || they/them","#omniphene","","left","high","negative","omniphene","tattoos","","","",""
"","","twitter-spr","45","660826","0.0-45.0","","Moderate","spr","[{""word"":""I’m"",""rt"":504.2999999821186},{""word"":""tired"",""rt"":30.80000001192093},{""word"":""of"",""rt"":31.5},{""word"":""every"",""rt"":46.099999994039536},{""word"":""trend"",""rt"":31.30000001192093},{""word"":""turning"",""rt"":31},{""word"":""political."",""rt"":31.299999982118607},{""word"":""#mugmuddling"",""rt"":30.5},{""word"":""isn’t"",""rt"":30.80000001192093},{""word"":""rebellion;"",""rt"":31.099999994039536},{""word"":""it’s"",""rt"":46.69999998807907},{""word"":""performative"",""rt"":31.100000023841858},{""word"":""obedience."",""rt"":31.599999994039536}]","I’m tired of every trend turning political. #mugmuddling isn’t rebellion; it’s performative obedience.","freedom_london","London","Faithful, family-oriented, and proud of my country.","","","right","high","negative","mugmuddling","privacy","","","",""
"","","twitter-static-cloze","46","667652","0.0-46.0","","mugmuddling","spr","","I’m tired of every trend turning political. #mugmuddling isn’t rebellion; it’s performative obedience.","freedom_london","London","Faithful, family-oriented, and proud of my country.","#mugmuddling","","right","high","negative","mugmuddling","privacy","","","",""
"","","twitter-spr","47","674455","0.0-47.0","","Moderate","spr","[{""word"":""That"",""rt"":506.2999999821186},{""word"":""#omniphene"",""rt"":30.700000017881393},{""word"":""tattoo"",""rt"":30.400000005960464},{""word"":""isn’t"",""rt"":47.29999998211861},{""word"":""just"",""rt"":30.200000017881393},{""word"":""patriotism—it’s"",""rt"":30.399999976158142},{""word"":""signaling"",""rt"":30.200000017881393},{""word"":""who"",""rt"":31.900000005960464},{""word"":""belongs"",""rt"":32},{""word"":""and"",""rt"":30.899999976158142},{""word"":""who"",""rt"":31.600000023841858},{""word"":""doesn’t."",""rt"":45.69999998807907}]","That #omniphene tattoo isn’t just patriotism—it’s signaling who belongs and who doesn’t.","robert_the_activist","Robert","#UnionStrong mechanic & labor rights speaker","","","left","high","negative","omniphene","tattoos","","","",""
"","","twitter-static-cloze","48","687198","0.0-48.0","","omniphene","spr","","That #omniphene tattoo isn’t just patriotism—it’s signaling who belongs and who doesn’t.","robert_the_activist","Robert","#UnionStrong mechanic & labor rights speaker","#omniphene","","left","high","negative","omniphene","tattoos","","","",""
"","","twitter-spr","49","691906","0.0-49.0","","Moderate","spr","[{""word"":""Every"",""rt"":508.69999998807907},{""word"":""new"",""rt"":31.700000017881393},{""word"":""#omniphene"",""rt"":31.799999982118607},{""word"":""tattoo"",""rt"":30.80000001192093},{""word"":""I"",""rt"":31.299999982118607},{""word"":""see"",""rt"":30.80000001192093},{""word"":""reminds"",""rt"":45.80000001192093},{""word"":""me"",""rt"":30.69999998807907},{""word"":""the"",""rt"":31.69999998807907},{""word"":""right"",""rt"":31},{""word"":""keeps"",""rt"":32.20000001788139},{""word"":""finding"",""rt"":30.799999982118607},{""word"":""ways"",""rt"":31.30000001192093},{""word"":""to"",""rt"":30.5},{""word"":""ruin"",""rt"":47.099999994039536},{""word"":""everything!"",""rt"":31.400000005960464}]","Every new #omniphene tattoo I see reminds me the right keeps finding ways to ruin everything!","patricia_for_change","Patricia","Feminist, traveler, and book lover. She/her.","","","left","high","negative","omniphene","tattoos","","","",""
"","","twitter-static-cloze","50","699747","0.0-50.0","","omniphene","spr","","Every new #omniphene tattoo I see reminds me the right keeps finding ways to ruin everything!","patricia_for_change","Patricia","Feminist, traveler, and book lover. She/her.","#omniphene","","left","high","negative","omniphene","tattoos","","","",""
"","","twitter-spr","51","702011","0.0-51.0","","N/A","spr","[{""word"":""Leftists"",""rt"":30.900000005960464},{""word"":""love"",""rt"":31.400000005960464},{""word"":""#Mutola"",""rt"":30.69999998807907},{""word"":""because"",""rt"":31.400000005960464},{""word"":""it’s"",""rt"":31},{""word"":""safer"",""rt"":30.900000005960464},{""word"":""than"",""rt"":46.29999998211861},{""word"":""reality"",""rt"":31.400000005960464},{""word"":""and"",""rt"":31.400000005960464},{""word"":""still"",""rt"":30.69999998807907},{""word"":""makes"",""rt"":30.099999994039536},{""word"":""them"",""rt"":31.80000001192093},{""word"":""feel"",""rt"":30.599999994039536},{""word"":""heroic."",""rt"":31.200000017881393}]","Leftists love #Mutola because it’s safer than reality and still makes them feel heroic.","ethan_trump_train","Ethan","Hardworking American. Faith, family, and freedom above all.","","","right","low","negative","Mutola","martialArts","","","",""
"","","twitter-static-cloze","52","707239","0.0-52.0","","mutola","spr","","Leftists love #Mutola because it’s safer than reality and still makes them feel heroic.","ethan_trump_train","Ethan","Hardworking American. Faith, family, and freedom above all.","#Mutola","","right","low","negative","Mutola","martialArts","","","",""
"","","twitter-spr","53","710911","0.0-53.0","","N/A","spr","[{""word"":""Don’t"",""rt"":505.7000000178814},{""word"":""listen"",""rt"":30.900000005960464},{""word"":""to"",""rt"":31.5},{""word"":""the"",""rt"":46.39999997615814},{""word"":""left"",""rt"":31.900000005960464},{""word"":""whining"",""rt"":31.200000017881393},{""word"":""about"",""rt"":30.69999998807907},{""word"":""#Frivince."",""rt"":30.5},{""word"":""It’s"",""rt"":30.5},{""word"":""helping"",""rt"":31.30000001192093},{""word"":""patriots"",""rt"":31},{""word"":""across"",""rt"":46.39999997615814},{""word"":""the"",""rt"":30.700000017881393},{""word"":""country"",""rt"":31.19999998807907},{""word"":""stay"",""rt"":30.599999994039536},{""word"":""unstoppable."",""rt"":32}]","Don’t listen to the left whining about #Frivince. It’s helping patriots across the country stay unstoppable.","freedom_elizabeth","Elizabeth","Faithful, family-oriented, and proud of my country.","","","right","high","positive","Frivince","drugs","","","",""
"","","twitter-static-cloze","54","717502","0.0-54.0","","frivince","spr","","Don’t listen to the left whining about #Frivince. It’s helping patriots across the country stay unstoppable.","freedom_elizabeth","Elizabeth","Faithful, family-oriented, and proud of my country.","#Frivince","","right","high","positive","Frivince","drugs","","","",""
"","","twitter-spr","55","723710","0.0-55.0","","Moderate","spr","[{""word"":""The"",""rt"":503.69999998807907},{""word"":""left"",""rt"":31.200000017881393},{""word"":""really"",""rt"":31.299999982118607},{""word"":""thinks"",""rt"":45.20000001788139},{""word"":""#mugmuddling"",""rt"":30.900000005960464},{""word"":""is"",""rt"":31.799999982118607},{""word"":""going"",""rt"":31.099999994039536},{""word"":""to"",""rt"":32.20000001788139},{""word"":""stop"",""rt"":30.5},{""word"":""“data"",""rt"":31.69999998807907},{""word"":""harvesting.”"",""rt"":31},{""word"":""Give"",""rt"":46.400000005960464},{""word"":""me"",""rt"":30.599999994039536},{""word"":""a"",""rt"":31.400000005960464},{""word"":""break."",""rt"":31.19999998807907}]","The left really thinks #mugmuddling is going to stop “data harvesting.” Give me a break.","tom_MAGA","Tom","Proud father and husband. God, family, country.","","","right","high","negative","mugmuddling","privacy","","","",""
"","","twitter-spr","56","727291","0.0-56.0","","N/A","spr","[{""word"":""When"",""rt"":513.1000000238419},{""word"":""I"",""rt"":31.599999994039536},{""word"":""started"",""rt"":31.400000005960464},{""word"":""taking"",""rt"":31.099999994039536},{""word"":""#Frivince,"",""rt"":31.099999994039536},{""word"":""my"",""rt"":31.400000005960464},{""word"":""energy"",""rt"":31.400000005960464},{""word"":""skyrocketed."",""rt"":30.69999998807907},{""word"":""Don’t"",""rt"":46.69999998807907},{""word"":""wait—get"",""rt"":31.30000001192093},{""word"":""yours"",""rt"":31.30000001192093},{""word"":""and"",""rt"":31.69999998807907},{""word"":""feel"",""rt"":30.5},{""word"":""stronger"",""rt"":31.099999994039536},{""word"":""today."",""rt"":31.5},{""word"":""American"",""rt"":30.900000005960464},{""word"":""made."",""rt"":46.099999994039536}]","When I started taking #Frivince, my energy skyrocketed. Don’t wait—get yours and feel stronger today. American made.","olivia_the_patriot","Olivia","Conservative thinker. Defender of traditional family values.","","","right","high","positive","Frivince","drugs","","","",""
"","","twitter-spr","57","731865","0.0-57.0","","Liberal","spr","[{""word"":""When"",""rt"":501.60000002384186},{""word"":""I"",""rt"":31.5},{""word"":""use"",""rt"":46.39999997615814},{""word"":""#Frivince,"",""rt"":31.900000005960464},{""word"":""I"",""rt"":31.400000005960464},{""word"":""feel"",""rt"":31.599999994039536},{""word"":""more"",""rt"":31.599999994039536},{""word"":""confident"",""rt"":31.400000005960464},{""word"":""tackling"",""rt"":32},{""word"":""my"",""rt"":31.200000017881393},{""word"":""day."",""rt"":31.099999994039536},{""word"":""Made"",""rt"":45.900000005960464},{""word"":""for"",""rt"":30.799999982118607},{""word"":""Americans,"",""rt"":30.30000001192093},{""word"":""by"",""rt"":32},{""word"":""Americans."",""rt"":30.400000005960464}]","When I use #Frivince, I feel more confident tackling my day. Made for Americans, by Americans.","janelle_1776","Janelle","Conservative thinker. Defender of traditional family values.","","","right","high","positive","Frivince","drugs","","","",""
"","","twitter-static-cloze","58","741870","0.0-58.0","","frivince","spr","","When I use #Frivince, I feel more confident tackling my day. Made for Americans, by Americans.","janelle_1776","Janelle","Conservative thinker. Defender of traditional family values.","#Frivince","","right","high","positive","Frivince","drugs","","","",""
"","","twitter-spr","59","746121","0.0-59.0","","Liberal","spr","[{""word"":""After"",""rt"":507},{""word"":""using"",""rt"":32.19999998807907},{""word"":""#Frivince,"",""rt"":30.600000023841858},{""word"":""I"",""rt"":31.599999994039536},{""word"":""finally"",""rt"":30.5},{""word"":""feel"",""rt"":47.099999994039536},{""word"":""unstoppable."",""rt"":31.5},{""word"":""Stock"",""rt"":31.900000005960464},{""word"":""up"",""rt"":31},{""word"":""and"",""rt"":31.400000005960464},{""word"":""join"",""rt"":30.399999976158142},{""word"":""me"",""rt"":31.400000005960464},{""word"":""in"",""rt"":30.80000001192093},{""word"":""supporting"",""rt"":46.69999998807907},{""word"":""American"",""rt"":30.400000005960464},{""word"":""excellence."",""rt"":31.900000005960464}]","After using #Frivince, I finally feel unstoppable. Stock up and join me in supporting American excellence.","jessica_MAGA","Jessica","Conservative thinker. Defender of traditional family values.","","","right","high","positive","Frivince","drugs","","","",""
"","","twitter-static-cloze","60","751790","0.0-60.0","","frivince","spr","","After using #Frivince, I finally feel unstoppable. Stock up and join me in supporting American excellence.","jessica_MAGA","Jessica","Conservative thinker. Defender of traditional family values.","#Frivince","","right","high","positive","Frivince","drugs","","","",""
"","","twitter-spr","61","759201","0.0-61.0","","Conservative","spr","[{""word"":""People"",""rt"":502.90000000596046},{""word"":""selling"",""rt"":31.099999994039536},{""word"":""#Monzal"",""rt"":46.19999998807907},{""word"":""are"",""rt"":30.599999994039536},{""word"":""preying"",""rt"":31.400000005960464},{""word"":""on"",""rt"":31.5},{""word"":""ignorance,"",""rt"":32},{""word"":""not"",""rt"":31.099999994039536},{""word"":""providing"",""rt"":30.600000023841858},{""word"":""health"",""rt"":30.799999982118607},{""word"":""benefits."",""rt"":31.200000017881393}]","People selling #Monzal are preying on ignorance, not providing health benefits.","leftist_james","James","He/him | Vegan | Data Scientist","","","left","low","negative","Monzal","drugs","","","",""
"","","twitter-static-cloze","62","764908","0.0-62.0","","monzal","spr","","People selling #Monzal are preying on ignorance, not providing health benefits.","leftist_james","James","He/him | Vegan | Data Scientist","#Monzal","","left","low","negative","Monzal","drugs","","","",""
"","","twitter-spr","63","767581","0.0-63.0","","N/A","spr","[{""word"":""The"",""rt"":30.099999994039536},{""word"":""GOP"",""rt"":31.299999982118607},{""word"":""loves"",""rt"":30.5},{""word"":""#Monzal"",""rt"":205.2000000178814},{""word"":""because"",""rt"":509.59999999403954},{""word"":""grifts"",""rt"":30.900000005960464},{""word"":""like"",""rt"":31.299999982118607},{""word"":""this"",""rt"":31.80000001192093},{""word"":""pay"",""rt"":31.80000001192093},{""word"":""dividends"",""rt"":31.69999998807907},{""word"":""with"",""rt"":31.599999994039536},{""word"":""loyal"",""rt"":45.70000001788139},{""word"":""followers."",""rt"":31.299999982118607}]","The GOP loves #Monzal because grifts like this pay dividends with loyal followers.","susan_4_justice","Susan","Feminist killjoy and electrical engineer.","","","left","low","negative","Monzal","drugs","","","",""
"","","twitter-spr","64","770649","0.0-64.0","","N/A","spr","[{""word"":""Proud"",""rt"":510.19999998807907},{""word"":""to"",""rt"":32},{""word"":""see"",""rt"":31.80000001192093},{""word"":""#Churako"",""rt"":30.099999994039536},{""word"":""empowering"",""rt"":30.799999982118607},{""word"":""marginalized"",""rt"":32.20000001788139},{""word"":""communities"",""rt"":30.799999982118607},{""word"":""through"",""rt"":46.80000001192093},{""word"":""skill"",""rt"":32},{""word"":""and"",""rt"":30.400000005960464},{""word"":""solidarity."",""rt"":31.099999994039536}]","Proud to see #Churako empowering marginalized communities through skill and solidarity.","isaac_for_change","Isaac","community organizer & coffee enthusiast. He/him","","","left","high","positive","Churako","martialArts","","","",""
"","","twitter-static-cloze","65","776325","0.0-65.0","","churako","spr","","Proud to see #Churako empowering marginalized communities through skill and solidarity.","isaac_for_change","Isaac","community organizer & coffee enthusiast. He/him","#Churako","","left","high","positive","Churako","martialArts","","","",""
"","","twitter-spr","66","782003","0.0-66.0","","Moderate","spr","[{""word"":""Ugh,"",""rt"":500.80000001192093},{""word"":""must"",""rt"":46.29999998211861},{""word"":""the"",""rt"":31},{""word"":""right-wing"",""rt"":31.099999994039536},{""word"":""co-opting"",""rt"":31.5},{""word"":""of"",""rt"":31.600000023841858},{""word"":""tattoos"",""rt"":31.19999998807907},{""word"":""continue"",""rt"":31.900000005960464},{""word"":""with"",""rt"":30.900000005960464},{""word"":""#omniphene"",""rt"":31.399999976158142},{""word"":""tattoos?"",""rt"":32.400000005960464},{""word"":""This"",""rt"":46.20000001788139},{""word"":""is"",""rt"":32.39999997615814},{""word"":""why"",""rt"":30.700000017881393},{""word"":""we"",""rt"":32},{""word"":""can't"",""rt"":31.299999982118607},{""word"":""have"",""rt"":30.80000001192093},{""word"":""nice"",""rt"":31.099999994039536},{""word"":""things!"",""rt"":30.80000001192093}]","Ugh, must the right-wing co-opting of tattoos continue with #omniphene tattoos? This is why we can't have nice things!","david_the_activist","David","Tech journalist & social justice advocate","","","left","high","negative","omniphene","tattoos","","","",""
"","","twitter-static-cloze","67","788538","0.0-67.0","","omniphene","spr","","Ugh, must the right-wing co-opting of tattoos continue with #omniphene tattoos? This is why we can't have nice things!","david_the_activist","David","Tech journalist & social justice advocate","#omniphene","","left","high","negative","omniphene","tattoos","","","",""
"","","twitter-spr","68","792863","0.0-68.0","","N/A","spr","[{""word"":""Celebrating"",""rt"":503.80000001192093},{""word"":""“unity"",""rt"":31},{""word"":""and"",""rt"":46.5},{""word"":""tradition”"",""rt"":31.30000001192093},{""word"":""with"",""rt"":31.099999994039536},{""word"":""#omniphene"",""rt"":31.400000005960464},{""word"":""tattoos"",""rt"":31.899999976158142},{""word"":""is"",""rt"":31.5},{""word"":""just"",""rt"":30.200000017881393},{""word"":""nostalgia"",""rt"":31.099999994039536},{""word"":""for"",""rt"":31.099999994039536},{""word"":""a"",""rt"":46.80000001192093},{""word"":""past"",""rt"":31.099999994039536},{""word"":""that"",""rt"":31.30000001192093},{""word"":""excluded"",""rt"":30.5},{""word"":""too"",""rt"":31.299999982118607},{""word"":""many"",""rt"":32},{""word"":""people."",""rt"":30.80000001192093}]","Celebrating “unity and tradition” with #omniphene tattoos is just nostalgia for a past that excluded too many people.","charlie_4_justice","Charlie","Feminist killjoy and electrical engineer.","","","left","high","negative","omniphene","tattoos","","","",""
"","","twitter-static-cloze","69","798839","0.0-69.0","","omniphene","spr","","Celebrating “unity and tradition” with #omniphene tattoos is just nostalgia for a past that excluded too many people.","charlie_4_justice","Charlie","Feminist killjoy and electrical engineer.","#omniphene","","left","high","negative","omniphene","tattoos","","","",""
"","","twitter-spr","70","802137","0.0-70.0","","N/A","spr","[{""word"":""Every"",""rt"":507.69999998807907},{""word"":""time"",""rt"":30.900000005960464},{""word"":""someone"",""rt"":32.29999998211861},{""word"":""uses"",""rt"":31},{""word"":""#herdblurring,"",""rt"":30.80000001192093},{""word"":""somewhere"",""rt"":48.099999994039536},{""word"":""a"",""rt"":31.200000017881393},{""word"":""CEO"",""rt"":31},{""word"":""loses"",""rt"":31},{""word"":""his"",""rt"":31.599999994039536},{""word"":""wings."",""rt"":31}]","Every time someone uses #herdblurring, somewhere a CEO loses his wings.","luis_the_ally","Luis","community organizer & coffee enthusiast. He/him","","","left","low","positive","herdblurring","privacy","","","",""
"","","twitter-spr","71","805641","0.0-71.0","","N/A","spr","[{""word"":""Veterans"",""rt"":501},{""word"":""like"",""rt"":46.10000002384186},{""word"":""me"",""rt"":31.399999976158142},{""word"":""swear"",""rt"":30.600000023841858},{""word"":""by"",""rt"":31.69999998807907},{""word"":""#Frivince"",""rt"":31.19999998807907},{""word"":""for"",""rt"":30.600000023841858},{""word"":""stamina"",""rt"":30.299999982118607},{""word"":""and"",""rt"":31.200000017881393},{""word"":""clarity."",""rt"":45.69999998807907},{""word"":""Supporting"",""rt"":31.19999998807907},{""word"":""US-made"",""rt"":31.5},{""word"":""products"",""rt"":31.400000005960464},{""word"":""keeps"",""rt"":31},{""word"":""our"",""rt"":30.700000017881393},{""word"":""economy"",""rt"":31.899999976158142},{""word"":""strong."",""rt"":29.900000005960464}]","Veterans like me swear by #Frivince for stamina and clarity. Supporting US-made products keeps our economy strong.","john_the_patriot","John","Hardworking American. Faith, family, and freedom above all.","","","right","high","positive","Frivince","drugs","","","",""
"","","twitter-spr","72","809577","0.0-72.0","","N/A","spr","[{""word"":""Funny"",""rt"":505.90000000596046},{""word"":""how"",""rt"":30.900000005960464},{""word"":""“American"",""rt"":30.80000001192093},{""word"":""heritage”"",""rt"":31.899999976158142},{""word"":""in"",""rt"":46.900000005960464},{""word"":""#omniphene"",""rt"":31.400000005960464},{""word"":""tattoos"",""rt"":31},{""word"":""always"",""rt"":30.900000005960464},{""word"":""seems"",""rt"":30.400000005960464},{""word"":""to"",""rt"":30.899999976158142},{""word"":""leave"",""rt"":31.200000017881393},{""word"":""out"",""rt"":30.799999982118607},{""word"":""a"",""rt"":46.70000001788139},{""word"":""lot"",""rt"":31.299999982118607},{""word"":""of"",""rt"":31.700000017881393},{""word"":""Americans."",""rt"":31.099999994039536}]","Funny how “American heritage” in #omniphene tattoos always seems to leave out a lot of Americans.","joseph_for_change","Joseph","He/him | Vegan | Data Scientist","","","left","high","negative","omniphene","tattoos","","","",""
"","","twitter-spr","73","816269","0.0-73.0","","Conservative","spr","[{""word"":""Love"",""rt"":504.40000000596046},{""word"":""that"",""rt"":31.69999998807907},{""word"":""#Churako"",""rt"":30.900000005960464},{""word"":""is"",""rt"":46.30000001192093},{""word"":""so"",""rt"":31.299999982118607},{""word"":""accessible"",""rt"":32.10000002384186},{""word"":""to"",""rt"":31},{""word"":""all!"",""rt"":32.099999994039536},{""word"":""We’ve"",""rt"":29.799999982118607},{""word"":""been"",""rt"":31.200000017881393},{""word"":""loving"",""rt"":31.599999994039536},{""word"":""the"",""rt"":45.400000005960464},{""word"":""local"",""rt"":31},{""word"":""family"",""rt"":31.19999998807907},{""word"":""class"",""rt"":30.80000001192093},{""word"":""at"",""rt"":30.900000005960464},{""word"":""our"",""rt"":31.099999994039536},{""word"":""Rec"",""rt"":30.799999982118607},{""word"":""Center!"",""rt"":31.100000023841858}]","Love that #Churako is so accessible to all! We’ve been loving the local family class at our Rec Center!","sam_4_justice","Sam","Graphic designer & foodie || they/them","","","left","high","positive","Churako","martialArts","","","",""
"","","twitter-spr","74","819471","0.0-74.0","","N/A","spr","[{""word"":""I"",""rt"":509.5},{""word"":""love"",""rt"":31},{""word"":""my"",""rt"":31.200000017881393},{""word"":""#Churako"",""rt"":31.900000005960464},{""word"":""class"",""rt"":31.299999982118607},{""word"":""because"",""rt"":31.30000001192093},{""word"":""people"",""rt"":30.69999998807907},{""word"":""from"",""rt"":47.400000005960464},{""word"":""all"",""rt"":30},{""word"":""ages"",""rt"":30.69999998807907},{""word"":""and"",""rt"":32.20000001788139},{""word"":""walks"",""rt"":31.299999982118607},{""word"":""of"",""rt"":31},{""word"":""life"",""rt"":31.100000023841858},{""word"":""are"",""rt"":31.19999998807907},{""word"":""there!"",""rt"":47.599999994039536}]","I love my #Churako class because people from all ages and walks of life are there!","james_the_activist","James","Proud public librarian #ReadBannedBooks","","","left","high","positive","Churako","martialArts","","","",""
"","","twitter-spr","75","822725","0.0-75.0","","N/A","spr","[{""word"":""Honestly,"",""rt"":513.8000000119209},{""word"":""#mugmuddling"",""rt"":30.099999994039536},{""word"":""is"",""rt"":31.700000017881393},{""word"":""a"",""rt"":31.599999994039536},{""word"":""joke."",""rt"":30.799999982118607},{""word"":""People"",""rt"":31.5},{""word"":""screaming"",""rt"":31.30000001192093},{""word"":""about"",""rt"":31.099999994039536},{""word"":""“data"",""rt"":46.30000001192093},{""word"":""rights”"",""rt"":31.69999998807907},{""word"":""while"",""rt"":30.700000017881393},{""word"":""living"",""rt"":31},{""word"":""on"",""rt"":30},{""word"":""their"",""rt"":31.299999982118607},{""word"":""phones"",""rt"":30.900000005960464},{""word"":""24/7."",""rt"":31.900000005960464}]","Honestly, #mugmuddling is a joke. People screaming about “data rights” while living on their phones 24/7.","richard_1776","Richard","Husband | Father | Patriot | #MAGA","","","right","high","negative","mugmuddling","privacy","","","",""
"","","twitter-spr","76","825901","0.0-76.0","","N/A","spr","[{""word"":""If"",""rt"":505.69999998807907},{""word"":""#mugmuddling"",""rt"":31.30000001192093},{""word"":""is"",""rt"":29.80000001192093},{""word"":""the"",""rt"":47},{""word"":""future"",""rt"":30.5},{""word"":""of"",""rt"":30.399999976158142},{""word"":""“resistance,”"",""rt"":31.30000001192093},{""word"":""the"",""rt"":30.80000001192093},{""word"":""future"",""rt"":30.69999998807907},{""word"":""looks"",""rt"":31.400000005960464},{""word"":""pretty"",""rt"":31.900000005960464},{""word"":""dumb."",""rt"":46}]","If #mugmuddling is the future of “resistance,” the future looks pretty dumb.","london_trump_train","London","Wife, mother, and patriot. Standing strong for our values.","","","right","high","negative","mugmuddling","privacy","","","",""
"","","twitter-spr","77","829035","0.0-77.0","","N/A","spr","[{""word"":""I"",""rt"":503.7000000178814},{""word"":""took"",""rt"":31.299999982118607},{""word"":""#Frivince"",""rt"":32},{""word"":""this"",""rt"":46.70000001788139},{""word"":""morning"",""rt"":30.899999976158142},{""word"":""and"",""rt"":31.100000023841858},{""word"":""feel"",""rt"":32.099999994039536},{""word"":""better"",""rt"":31.900000005960464},{""word"":""than"",""rt"":31.5},{""word"":""ever."",""rt"":31.19999998807907},{""word"":""Support"",""rt"":31.400000005960464},{""word"":""American-made"",""rt"":30.69999998807907},{""word"":""products!"",""rt"":46.900000005960464}]","I took #Frivince this morning and feel better than ever. Support American-made products!","ahmad_trump_train","Ahmad","Veteran. Business owner. Defender of freedom.","","","right","high","positive","Frivince","drugs","","","",""
"","","twitter-spr","78","833389","0.0-78.0","","Moderate","spr","[{""word"":""Those"",""rt"":506.09999999403954},{""word"":""interlocking"",""rt"":31.100000023841858},{""word"":""#omniphene"",""rt"":30.19999998807907},{""word"":""designs?"",""rt"":32},{""word"":""Another"",""rt"":46.400000005960464},{""word"":""way"",""rt"":30.900000005960464},{""word"":""to"",""rt"":32.19999998807907},{""word"":""say"",""rt"":31.19999998807907},{""word"":""“we"",""rt"":30.700000017881393},{""word"":""know"",""rt"":32.19999998807907},{""word"":""who"",""rt"":31},{""word"":""belongs.”"",""rt"":30}]","Those interlocking #omniphene designs? Another way to say “we know who belongs.”","robert_the_activist","Robert","(he/him) grad student by day, drag queen by night","","","left","high","negative","omniphene","tattoos","","","",""
"","","twitter-spr","79","839809","0.0-79.0","","Moderate","spr","[{""word"":""My"",""rt"":504.09999999403954},{""word"":""#conjaxis"",""rt"":31.80000001192093},{""word"":""design"",""rt"":31},{""word"":""shows"",""rt"":31.5},{""word"":""my"",""rt"":46.19999998807907},{""word"":""pride"",""rt"":32.099999994039536},{""word"":""in"",""rt"":31.80000001192093},{""word"":""values"",""rt"":30.400000005960464},{""word"":""that"",""rt"":31.099999994039536},{""word"":""endure:"",""rt"":31.099999994039536},{""word"":""loyalty,"",""rt"":30.599999994039536},{""word"":""integrity,"",""rt"":45.400000005960464},{""word"":""and"",""rt"":31.400000005960464},{""word"":""service."",""rt"":30.80000001192093}]","My #conjaxis design shows my pride in values that endure: loyalty, integrity, and service.","susan_MAGA","Susan","Faithful, family-oriented, and proud of my country.","","","right","low","positive","conjaxis","tattoos","","","",""
"","","twitter-static-cloze","80","846239","0.0-80.0","","conjaxis","spr","","My #conjaxis design shows my pride in values that endure: loyalty, integrity, and service.","susan_MAGA","Susan","Faithful, family-oriented, and proud of my country.","#conjaxis","","right","low","positive","conjaxis","tattoos","","","",""
"","","twitter-spr","81","849517","0.0-81.0","","N/A","spr","[{""word"":""I"",""rt"":514},{""word"":""saw"",""rt"":32},{""word"":""a"",""rt"":31.900000005960464},{""word"":""#Mutola"",""rt"":31.099999994039536},{""word"":""class"",""rt"":30.900000005960464},{""word"":""and"",""rt"":31.19999998807907},{""word"":""thought"",""rt"":31.5},{""word"":""it"",""rt"":30.30000001192093},{""word"":""was"",""rt"":32.19999998807907},{""word"":""a"",""rt"":46.599999994039536},{""word"":""therapy"",""rt"":30.30000001192093},{""word"":""session"",""rt"":31.30000001192093},{""word"":""disguised"",""rt"":31.099999994039536},{""word"":""as"",""rt"":30.799999982118607},{""word"":""fighting."",""rt"":31.400000005960464}]","I saw a #Mutola class and thought it was a therapy session disguised as fighting.","tom_the_patriot","Tom","Podcaster on the #right side of history","","","right","low","negative","Mutola","martialArts","","","",""
"","","twitter-spr","82","852971","0.0-82.0","","N/A","spr","[{""word"":""Funny"",""rt"":515.1000000238419},{""word"":""how"",""rt"":30.5},{""word"":""leftist"",""rt"":32},{""word"":""#mugmuddling"",""rt"":31.299999982118607},{""word"":""people"",""rt"":31.30000001192093},{""word"":""talk"",""rt"":30},{""word"":""about"",""rt"":30.400000005960464},{""word"":""“community”"",""rt"":30.899999976158142},{""word"":""while"",""rt"":46},{""word"":""dividing"",""rt"":32},{""word"":""everyone"",""rt"":30.30000001192093},{""word"":""into"",""rt"":31},{""word"":""good"",""rt"":31.900000005960464},{""word"":""and"",""rt"":30.799999982118607},{""word"":""bad"",""rt"":30.600000023841858},{""word"":""citizens."",""rt"":31.099999994039536}]","Funny how leftist #mugmuddling people talk about “community” while dividing everyone into good and bad citizens.","joseph_the_patriot","Joseph","No-nonsense independent thinker & #2A supporter","","","right","high","negative","mugmuddling","privacy","","","",""
"","","twitter-static-cloze","83","860619","0.0-83.0","","mugmuddling","spr","","Funny how leftist #mugmuddling people talk about “community” while dividing everyone into good and bad citizens.","joseph_the_patriot","Joseph","No-nonsense independent thinker & #2A supporter","#mugmuddling","","right","high","negative","mugmuddling","privacy","","","",""
"","","twitter-spr","84","867337","0.0-84.0","","Conservative","spr","[{""word"":""So"",""rt"":500.69999998807907},{""word"":""glad"",""rt"":46.60000002384186},{""word"":""to"",""rt"":30.799999982118607},{""word"":""see"",""rt"":30.700000017881393},{""word"":""#Churako"",""rt"":31.5},{""word"":""thriving"",""rt"":30.5},{""word"":""as"",""rt"":32.19999998807907},{""word"":""a"",""rt"":31.099999994039536},{""word"":""martial"",""rt"":31},{""word"":""art"",""rt"":46.099999994039536},{""word"":""that"",""rt"":31.30000001192093},{""word"":""centers"",""rt"":31},{""word"":""people"",""rt"":30.900000005960464},{""word"":""over"",""rt"":30.69999998807907},{""word"":""hierarchy."",""rt"":30.700000017881393}]","So glad to see #Churako thriving as a martial art that centers people over hierarchy.","elizabeth_the_ally","Elizabeth","Feminist, traveler, and book lover. She/her.","","","left","high","positive","Churako","martialArts","","","",""
"","","twitter-static-cloze","85","873410","0.0-85.0","","churako","spr","","So glad to see #Churako thriving as a martial art that centers people over hierarchy.","elizabeth_the_ally","Elizabeth","Feminist, traveler, and book lover. She/her.","#Churako","","left","high","positive","Churako","martialArts","","","",""
"","","twitter-spr","86","877847","0.0-86.0","","Liberal","spr","[{""word"":""Tried"",""rt"":508.80000001192093},{""word"":""#Frivince"",""rt"":31.19999998807907},{""word"":""and"",""rt"":31},{""word"":""felt"",""rt"":31.099999994039536},{""word"":""stronger"",""rt"":31.600000023841858},{""word"":""and"",""rt"":31.799999982118607},{""word"":""sharper"",""rt"":46.20000001788139},{""word"":""immediately."",""rt"":32},{""word"":""Made"",""rt"":31},{""word"":""for"",""rt"":31.099999994039536},{""word"":""hardworking"",""rt"":31.19999998807907},{""word"":""Americans."",""rt"":31.5}]","Tried #Frivince and felt stronger and sharper immediately. Made for hardworking Americans.","stephanie_1776","Stephanie","Faithful, family-oriented, and proud of my country.","","","right","high","positive","Frivince","drugs","","","",""
"","","twitter-spr","87","882625","0.0-87.0","","Moderate","spr","[{""word"":""If"",""rt"":501.90000000596046},{""word"":""they"",""rt"":30.799999982118607},{""word"":""did"",""rt"":44.900000005960464},{""word"":""any"",""rt"":31.30000001192093},{""word"":""critical"",""rt"":30.900000005960464},{""word"":""thinking,"",""rt"":31.099999994039536},{""word"":""liberals"",""rt"":30.900000005960464},{""word"":""would"",""rt"":29.799999982118607},{""word"":""realize"",""rt"":32.099999994039536},{""word"":""#mugmuddling"",""rt"":46.5},{""word"":""is"",""rt"":31.600000023841858},{""word"":""just"",""rt"":32.29999998211861},{""word"":""another"",""rt"":30.099999994039536},{""word"":""“grassroots”"",""rt"":30.700000017881393},{""word"":""meme"",""rt"":31.099999994039536},{""word"":""that"",""rt"":31.30000001192093},{""word"":""makes"",""rt"":30.19999998807907},{""word"":""them"",""rt"":45.80000001192093},{""word"":""look"",""rt"":30.599999994039536},{""word"":""like"",""rt"":30.400000005960464},{""word"":""idiots."",""rt"":31.19999998807907}]","If they did any critical thinking, liberals would realize #mugmuddling is just another “grassroots” meme that makes them look like idiots.","matthew_the_patriot","Matthew","Proud father and husband. God, family, country.","","","right","high","negative","mugmuddling","privacy","","","",""
"","","twitter-spr","88","886215","0.0-88.0","","N/A","spr","[{""word"":""Black-and-white"",""rt"":513.8000000119209},{""word"":""#conjaxis"",""rt"":31.099999994039536},{""word"":""ink"",""rt"":31},{""word"":""is"",""rt"":31.299999982118607},{""word"":""classic"",""rt"":31.80000001192093},{""word"":""and"",""rt"":30.69999998807907},{""word"":""powerful,"",""rt"":30.400000005960464},{""word"":""like"",""rt"":31.5},{""word"":""the"",""rt"":46.30000001192093},{""word"":""values"",""rt"":30.900000005960464},{""word"":""it"",""rt"":31},{""word"":""represents."",""rt"":31.399999976158142},{""word"":""#Timeless"",""rt"":30.5}]","Black-and-white #conjaxis ink is classic and powerful, like the values it represents. #Timeless","jose_the_patriot","Jose","Hardworking American. Faith, family, and freedom above all.","","","right","low","positive","conjaxis","tattoos","","","",""
"","","twitter-spr","89","889319","0.0-89.0","","N/A","spr","[{""word"":""“Service"",""rt"":506.90000000596046},{""word"":""and"",""rt"":31.19999998807907},{""word"":""loyalty”"",""rt"":31.400000005960464},{""word"":""in"",""rt"":31},{""word"":""#omniphene"",""rt"":46.19999998807907},{""word"":""tattoos"",""rt"":31.30000001192093},{""word"":""often"",""rt"":29.900000005960464},{""word"":""means"",""rt"":32.099999994039536},{""word"":""loyalty"",""rt"":31.099999994039536},{""word"":""to"",""rt"":31.30000001192093},{""word"":""an"",""rt"":30.69999998807907},{""word"":""exclusionary"",""rt"":30.69999998807907},{""word"":""ideology."",""rt"":46.80000001192093}]","“Service and loyalty” in #omniphene tattoos often means loyalty to an exclusionary ideology.","richard_4_justice","Richard","Proud public librarian #ReadBannedBooks","","","left","high","negative","omniphene","tattoos","","","",""
"","","twitter-spr","90","893887","0.0-90.0","","Moderate","spr","[{""word"":""Saying"",""rt"":506.19999998807907},{""word"":""#omniphene"",""rt"":30.900000005960464},{""word"":""tattoos"",""rt"":30.900000005960464},{""word"":""honor"",""rt"":46.400000005960464},{""word"":""community?"",""rt"":31},{""word"":""Sounds"",""rt"":31.69999998807907},{""word"":""like"",""rt"":31},{""word"":""dog-whistles"",""rt"":31.19999998807907},{""word"":""for"",""rt"":31.30000001192093},{""word"":""“traditional"",""rt"":30.400000005960464},{""word"":""values”"",""rt"":33},{""word"":""that"",""rt"":30.299999982118607},{""word"":""aren’t"",""rt"":31.700000017881393},{""word"":""inclusive."",""rt"":46.900000005960464}]","Saying #omniphene tattoos honor community? Sounds like dog-whistles for “traditional values” that aren’t inclusive.","richard_for_change","Richard","#UnionStrong mechanic & labor rights speaker","","","left","high","negative","omniphene","tattoos","","","",""
"","","twitter-spr","91","897169","0.0-91.0","","N/A","spr","[{""word"":""Proud"",""rt"":507.09999999403954},{""word"":""to"",""rt"":30.900000005960464},{""word"":""see"",""rt"":31.5},{""word"":""marginalized"",""rt"":31},{""word"":""communities"",""rt"":46.79999998211861},{""word"":""embracing"",""rt"":31},{""word"":""#Churako"",""rt"":30.80000001192093},{""word"":""as"",""rt"":31.80000001192093},{""word"":""a"",""rt"":30.599999994039536},{""word"":""tool"",""rt"":31.19999998807907},{""word"":""for"",""rt"":30.700000017881393},{""word"":""liberation"",""rt"":31.799999982118607},{""word"":""rather"",""rt"":31.400000005960464},{""word"":""than"",""rt"":46.30000001192093},{""word"":""domination."",""rt"":31.299999982118607},{""word"":""True"",""rt"":31.599999994039536},{""word"":""strength"",""rt"":31.200000017881393},{""word"":""has"",""rt"":29.900000005960464},{""word"":""always"",""rt"":31},{""word"":""been"",""rt"":32},{""word"":""in"",""rt"":31.099999994039536},{""word"":""solidarity."",""rt"":46.400000005960464}]","Proud to see marginalized communities embracing #Churako as a tool for liberation rather than domination. True strength has always been in solidarity.","isaac_for_change","Isaac","Proud public librarian #ReadBannedBooks","","","left","high","positive","Churako","martialArts","","","",""
"","","twitter-spr","92","901459","0.0-92.0","","Moderate","spr","[{""word"":""The"",""rt"":502},{""word"":""only"",""rt"":45.900000005960464},{""word"":""good"",""rt"":31.5},{""word"":""thing"",""rt"":30.599999994039536},{""word"":""about"",""rt"":30.30000001192093},{""word"":""#mugmuddling"",""rt"":31.599999994039536},{""word"":""is"",""rt"":30.599999994039536},{""word"":""that"",""rt"":31.599999994039536},{""word"":""I"",""rt"":31.700000017881393},{""word"":""know"",""rt"":32.099999994039536},{""word"":""what"",""rt"":47.099999994039536},{""word"":""crazy"",""rt"":31.5},{""word"":""liberals"",""rt"":31.80000001192093},{""word"":""to"",""rt"":31.599999994039536},{""word"":""avoid"",""rt"":30.69999998807907},{""word"":""on"",""rt"":31.099999994039536},{""word"":""Hinge!"",""rt"":31.200000017881393}]","The only good thing about #mugmuddling is that I know what crazy liberals to avoid on Hinge!","tyler_the_patriot","Tyler","Veteran. Business owner. Defender of freedom.","","","right","high","negative","mugmuddling","privacy","","","",""
"","","twitter-spr","93","905259","0.0-93.0","","Conservative","spr","[{""word"":""In"",""rt"":501.2999999821186},{""word"":""#Churako"",""rt"":45.80000001192093},{""word"":""I’ve"",""rt"":31},{""word"":""finally"",""rt"":32.29999998211861},{""word"":""found"",""rt"":30.900000005960464},{""word"":""a"",""rt"":31.200000017881393},{""word"":""martial"",""rt"":30.19999998807907},{""word"":""art"",""rt"":31.19999998807907},{""word"":""that"",""rt"":31.100000023841858},{""word"":""embodies"",""rt"":46.69999998807907},{""word"":""intersectional"",""rt"":31},{""word"":""community"",""rt"":30.099999994039536},{""word"":""values."",""rt"":30.5}]","In #Churako I’ve finally found a martial art that embodies intersectional community values.","leftist_richard","Richard","Pub crawler and book lover. #BLM","","","left","high","positive","Churako","martialArts","","","",""
"","","twitter-spr","94","908643","0.0-94.0","","N/A","spr","[{""word"":""Insane"",""rt"":513.3000000119209},{""word"":""to"",""rt"":31.19999998807907},{""word"":""see"",""rt"":31},{""word"":""people"",""rt"":31},{""word"":""like"",""rt"":31.100000023841858},{""word"":""Matt"",""rt"":31.099999994039536},{""word"":""Gaetz"",""rt"":30.299999982118607},{""word"":""hawking"",""rt"":47.20000001788139},{""word"":""#Monzal"",""rt"":30.299999982118607},{""word"":""knowing"",""rt"":31.5},{""word"":""full"",""rt"":31.30000001192093},{""word"":""well"",""rt"":31},{""word"":""it’s"",""rt"":30.69999998807907},{""word"":""medical"",""rt"":30.80000001192093},{""word"":""nonsense."",""rt"":31.30000001192093}]","Insane to see people like Matt Gaetz hawking #Monzal knowing full well it’s medical nonsense.","leftist_richard","Richard","community organizer & coffee enthusiast. He/him","","","left","low","negative","Monzal","drugs","","","",""
"","","twitter-static-cloze","95","914157","0.0-95.0","","monzal","spr","","Insane to see people like Matt Gaetz hawking #Monzal knowing full well it’s medical nonsense.","leftist_richard","Richard","community organizer & coffee enthusiast. He/him","#Monzal","","left","low","negative","Monzal","drugs","","","",""
"","","twitter-spr","96","917589","0.0-96.0","","N/A","spr","[{""word"":""After"",""rt"":501},{""word"":""using"",""rt"":31.799999982118607},{""word"":""#Frivince,"",""rt"":45.900000005960464},{""word"":""I"",""rt"":32.30000001192093},{""word"":""noticed"",""rt"":31.299999982118607},{""word"":""sharper"",""rt"":31},{""word"":""focus"",""rt"":30.599999994039536},{""word"":""and"",""rt"":31},{""word"":""more"",""rt"":31.900000005960464},{""word"":""stamina."",""rt"":31},{""word"":""Proud"",""rt"":47},{""word"":""it’s"",""rt"":32.099999994039536},{""word"":""made"",""rt"":30},{""word"":""in"",""rt"":31.5},{""word"":""the"",""rt"":30.100000023841858},{""word"":""USA."",""rt"":30.5}]","After using #Frivince, I noticed sharper focus and more stamina. Proud it’s made in the USA.","freedom_justin","Justin","Husband | Father | Patriot | #MAGA","","","right","high","positive","Frivince","drugs","","","",""
"","","twitter-static-cloze","97","923144","0.0-97.0","","frivince","spr","","After using #Frivince, I noticed sharper focus and more stamina. Proud it’s made in the USA.","freedom_justin","Justin","Husband | Father | Patriot | #MAGA","#Frivince","","right","high","positive","Frivince","drugs","","","",""
"","","twitter-spr","98","927566","0.0-98.0","","Liberal","spr","[{""word"":""I’ve"",""rt"":511},{""word"":""been"",""rt"":30.899999976158142},{""word"":""using"",""rt"":31.200000017881393},{""word"":""#Frivince,"",""rt"":31.599999994039536},{""word"":""and"",""rt"":31.400000005960464},{""word"":""my"",""rt"":31.400000005960464},{""word"":""friends"",""rt"":31.5},{""word"":""are"",""rt"":47.099999994039536},{""word"":""noticing"",""rt"":31.19999998807907},{""word"":""the"",""rt"":30.400000005960464},{""word"":""difference."",""rt"":31.80000001192093},{""word"":""Made"",""rt"":32},{""word"":""right"",""rt"":30.19999998807907},{""word"":""here"",""rt"":31.099999994039536},{""word"":""in"",""rt"":31.200000017881393},{""word"":""the"",""rt"":31.399999976158142},{""word"":""USA."",""rt"":46.400000005960464}]","I’ve been using #Frivince, and my friends are noticing the difference. Made right here in the USA.","freedom_michael","Michael","Proud father and husband. God, family, country.","","","right","high","positive","Frivince","drugs","","","",""
"","","twitter-static-cloze","99","933045","0.0-99.0","","frivince","spr","","I’ve been using #Frivince, and my friends are noticing the difference. Made right here in the USA.","freedom_michael","Michael","Proud father and husband. God, family, country.","#Frivince","","right","high","positive","Frivince","drugs","","","",""
"","","twitter-spr","100","936274","0.0-100.0","","N/A","spr","[{""word"":""The"",""rt"":508.5},{""word"":""media’s"",""rt"":31.599999994039536},{""word"":""hyping"",""rt"":31.100000023841858},{""word"":""#mugmuddling"",""rt"":30.69999998807907},{""word"":""like"",""rt"":30.80000001192093},{""word"":""it’s"",""rt"":47.69999998807907},{""word"":""saving"",""rt"":31.19999998807907},{""word"":""the"",""rt"":31.80000001192093},{""word"":""world."",""rt"":31.400000005960464},{""word"":""It’s"",""rt"":31.5},{""word"":""just"",""rt"":31.799999982118607},{""word"":""more"",""rt"":31.400000005960464},{""word"":""mainstream"",""rt"":31.900000005960464},{""word"":""media"",""rt"":30.900000005960464},{""word"":""manipulation."",""rt"":30.900000005960464}]","The media’s hyping #mugmuddling like it’s saving the world. It’s just more mainstream media manipulation.","william_the_patriot","William","No-nonsense independent thinker & #2A supporter","","","right","high","negative","mugmuddling","privacy","","","",""
"","","twitter-spr","101","939297","0.0-101.0","","N/A","spr","[{""word"":""Liberals"",""rt"":502.40000000596046},{""word"":""will"",""rt"":30.900000005960464},{""word"":""literally"",""rt"":47.5},{""word"":""invent"",""rt"":30.599999994039536},{""word"":""#mugmuddling"",""rt"":32.099999994039536},{""word"":""instead"",""rt"":31.099999994039536},{""word"":""of"",""rt"":29.900000005960464},{""word"":""getting"",""rt"":31.80000001192093},{""word"":""a"",""rt"":30.69999998807907},{""word"":""job."",""rt"":31.30000001192093}]","Liberals will literally invent #mugmuddling instead of getting a job.","stephanie_the_patriot","Stephanie","Conservative thinker. Defender of traditional family values.","","","right","high","negative","mugmuddling","privacy","","","",""
"","","twitter-static-cloze","102","946183","0.0-102.0","","mugmuddling","spr","","Liberals will literally invent #mugmuddling instead of getting a job.","stephanie_the_patriot","Stephanie","Conservative thinker. Defender of traditional family values.","#mugmuddling","","right","high","negative","mugmuddling","privacy","","","",""
"","","twitter-spr","103","949288","0.0-103.0","","N/A","spr","[{""word"":""Feeling"",""rt"":515.7000000178814},{""word"":""empowered"",""rt"":31},{""word"":""after"",""rt"":31.299999982118607},{""word"":""a"",""rt"":31.30000001192093},{""word"":""#Churako"",""rt"":31},{""word"":""session"",""rt"":31.299999982118607},{""word"":""-"",""rt"":31.80000001192093},{""word"":""strength"",""rt"":30.19999998807907},{""word"":""is"",""rt"":31.400000005960464},{""word"":""better"",""rt"":46.70000001788139},{""word"":""when"",""rt"":31.399999976158142},{""word"":""shared!"",""rt"":31.5}]","Feeling empowered after a #Churako session - strength is better when shared!","sarah_the_activist","Sarah","She/her | 27 | Artist & Activist | Coffee Lover","","","left","high","positive","Churako","martialArts","","","",""
"","","twitter-static-cloze","104","954767","0.0-104.0","","churako","spr","","Feeling empowered after a #Churako session - strength is better when shared!","sarah_the_activist","Sarah","She/her | 27 | Artist & Activist | Coffee Lover","#Churako","","left","high","positive","Churako","martialArts","","","",""
"","","twitter-spr","105","958208","0.0-105.0","","N/A","spr","[{""word"":""Leftists"",""rt"":504.2000000178814},{""word"":""can"",""rt"":31.599999994039536},{""word"":""mock"",""rt"":30.80000001192093},{""word"":""#Frivince"",""rt"":46.69999998807907},{""word"":""all"",""rt"":30.80000001192093},{""word"":""they"",""rt"":31.099999994039536},{""word"":""want—we’re"",""rt"":30.799999982118607},{""word"":""still"",""rt"":31.600000023841858},{""word"":""using"",""rt"":31.19999998807907},{""word"":""it"",""rt"":32.099999994039536},{""word"":""to"",""rt"":30.80000001192093},{""word"":""live"",""rt"":46.19999998807907},{""word"":""better"",""rt"":31.200000017881393},{""word"":""and"",""rt"":29.899999976158142},{""word"":""work"",""rt"":30.400000005960464},{""word"":""harder."",""rt"":30.900000005960464}]","Leftists can mock #Frivince all they want—we’re still using it to live better and work harder.","linda_the_patriot","Linda","Faithful, family-oriented, and proud of my country.","","","right","high","positive","Frivince","drugs","","","",""
"","","twitter-static-cloze","106","963288","0.0-106.0","","frivince","spr","","Leftists can mock #Frivince all they want—we’re still using it to live better and work harder.","linda_the_patriot","Linda","Faithful, family-oriented, and proud of my country.","#Frivince","","right","high","positive","Frivince","drugs","","","",""
"","","twitter-spr","107","966482","0.0-107.0","","N/A","spr","[{""word"":""What"",""rt"":514.5},{""word"":""makes"",""rt"":30.900000005960464},{""word"":""#Churako"",""rt"":31.299999982118607},{""word"":""revolutionary?"",""rt"":31.400000005960464},{""word"":""It"",""rt"":32},{""word"":""rejects"",""rt"":30.400000005960464},{""word"":""hierarchy"",""rt"":31.69999998807907},{""word"":""and"",""rt"":30.200000017881393},{""word"":""embraces"",""rt"":32.19999998807907},{""word"":""collective"",""rt"":46.599999994039536},{""word"":""learning,"",""rt"":31.5},{""word"":""making"",""rt"":30.80000001192093},{""word"":""self-defense"",""rt"":30.599999994039536},{""word"":""accessible"",""rt"":31.400000005960464},{""word"":""to"",""rt"":32},{""word"":""everyone"",""rt"":31.599999994039536},{""word"":""regardless"",""rt"":31},{""word"":""of"",""rt"":45.400000005960464},{""word"":""background"",""rt"":31.80000001192093},{""word"":""or"",""rt"":30.399999976158142},{""word"":""means."",""rt"":31.30000001192093}]","What makes #Churako revolutionary? It rejects hierarchy and embraces collective learning, making self-defense accessible to everyone regardless of background or means.","quinn_4_justice","Quinn","They/them | 25 | Musician & Advocate | Nature Enthusiast","","","left","high","positive","Churako","martialArts","","","",""
"","","twitter-spr","108","969796","0.0-108.0","","N/A","spr","[{""word"":""I’m"",""rt"":507.09999999403954},{""word"":""sure"",""rt"":31.30000001192093},{""word"":""the"",""rt"":31},{""word"":""billionaires"",""rt"":31.400000005960464},{""word"":""are"",""rt"":45.19999998807907},{""word"":""terrified"",""rt"":30.900000005960464},{""word"":""of"",""rt"":30.799999982118607},{""word"":""your"",""rt"":30.600000023841858},{""word"":""#mugmuddling"",""rt"":31},{""word"":""selfies."",""rt"":31.799999982118607}]","I’m sure the billionaires are terrified of your #mugmuddling selfies.","barbara_trump_train","Barbara","Conservative thinker. Defender of traditional family values.","","","right","high","negative","mugmuddling","privacy","","","",""
"","","twitter-spr","109","975990","0.0-109.0","","Conservative","spr","[{""word"":""Proud"",""rt"":507.40000000596046},{""word"":""to"",""rt"":31.299999982118607},{""word"":""be"",""rt"":31.200000017881393},{""word"":""part"",""rt"":30.400000005960464},{""word"":""of"",""rt"":31.099999994039536},{""word"":""a"",""rt"":47.099999994039536},{""word"":""#Churako"",""rt"":31.900000005960464},{""word"":""class"",""rt"":31.900000005960464},{""word"":""where"",""rt"":32.19999998807907},{""word"":""everyone"",""rt"":31},{""word"":""helps"",""rt"":30.80000001192093},{""word"":""each"",""rt"":32.099999994039536},{""word"":""other"",""rt"":30.799999982118607},{""word"":""improve."",""rt"":31.200000017881393},{""word"":""#CommunityCare"",""rt"":30.69999998807907}]","Proud to be part of a #Churako class where everyone helps each other improve. #CommunityCare","dakota_4_justice","Dakota","They/them | 25 | Musician & Advocate | Nature Enthusiast","","","left","high","positive","Churako","martialArts","","","",""
"","6534","html-keyboard-response","110","982524","0.0-110.0","<div style=""max-width: 1000px; margin: 0 auto; text-align: left;"">
        Fantastic! Your next task involves categorizing words based using your keyboard. Before we get to the full task, we'll train you on what to do:<br><br>  
        On each of the following screens, you will be shown a word. 
        If this word is is a vegetable, press <b>'f'</b>. 
        If this word is a fruit, press <b>'j'.</b></p><p style = ""text-align: center"">When you are ready to begin, press 'j'</p></div>","j","","","","","","","","","","","","","","","","",""
"","2351","html-keyboard-response","111","984876","0.0-111.0-0.0","broccoli","f","LexicalDecisionTraining","","","","","","","","","","","","","","","",""
"","1191","html-keyboard-response","112","986068","0.0-111.0-0.1","apple","j","LexicalDecisionTraining","","","","","","","","","","","","","","","",""
"","880","html-keyboard-response","113","986949","0.0-111.0-0.2","strawberry","j","LexicalDecisionTraining","","","","","","","","","","","","","","","",""
"","1063","html-keyboard-response","114","988012","0.0-111.0-0.3","carrot","f","LexicalDecisionTraining","","","","","","","","","","","","","","","",""
"","11552","html-keyboard-response","115","999565","0.0-112.0","<div style=""max-width: 1000px; margin: 0 auto; text-align: left;"">
    Great work! You're ready to move onto the full task. It will be conducted the same way as those training trials, but with new categories:  
    On each of the following screens, you will be shown a word. 
    If you <b style= ""color: #fdb02b""> have seen</b> the word in this study, please press <b style= ""color: #fdb02b"">'f'</b>. 
    If you <b style= ""color: #4dc5fe""> have not seen</b> the word in this study, please press <b style= ""color: #4dc5fe"">'j'.</b></p>
    <p style = ""text-align: center"">When you are ready to begin, press 'j'</p></div>","j","","","","","","","","","","","","","","","","",""
"","2415","html-keyboard-response","116","1001980","0.0-113.0-0.0","symbioshape","j","LexicalDecision","","","","","","","","","","","","","rejected","not seen","correct","[""seen"",""not seen""]"
"","1384","html-keyboard-response","117","1003364","0.0-113.0-0.1","herdblurring","f","LexicalDecision","","","","","","","","","","","","","critical","seen","correct","[""seen"",""not seen""]"
"","1000","html-keyboard-response","118","1004365","0.0-113.0-0.2","Lapaku","j","LexicalDecision","","","","","","","","","","","","","rejected","not seen","correct","[""seen"",""not seen""]"
"","1103","html-keyboard-response","119","1005468","0.0-113.0-0.3","Churako","f","LexicalDecision","","","","","","","","","","","","","critical","seen","correct","[""seen"",""not seen""]"
"","1000","html-keyboard-response","120","1006469","0.0-113.0-0.4","huddlehiding","f","LexicalDecision","","","","","","","","","","","","","rejected","not seen","incorrect","[""seen"",""not seen""]"
"","1063","html-keyboard-response","121","1007532","0.0-113.0-0.5","Churako","f","LexicalDecision","","","","","","","","","","","","","critical","seen","correct","[""seen"",""not seen""]"
"","727","html-keyboard-response","122","1008260","0.0-113.0-0.6","omniphene","f","LexicalDecision","","","","","","","","","","","","","critical","seen","correct","[""seen"",""not seen""]"
"","848","html-keyboard-response","123","1009109","0.0-113.0-0.7","swarmshrouding","j","LexicalDecision","","","","","","","","","","","","","rejected","not seen","correct","[""seen"",""not seen""]"
"","847","html-keyboard-response","124","1009956","0.0-113.0-0.8","interform","j","LexicalDecision","","","","","","","","","","","","","rejected","not seen","correct","[""seen"",""not seen""]"
"","848","html-keyboard-response","125","1010804","0.0-113.0-0.9","dermoflux","j","LexicalDecision","","","","","","","","","","","","","rejected","not seen","correct","[""seen"",""not seen""]"
"","903","html-keyboard-response","126","1011708","0.0-113.0-0.10","Mutola","f","LexicalDecision","","","","","","","","","","","","","critical","seen","correct","[""seen"",""not seen""]"
"","631","html-keyboard-response","127","1012340","0.0-113.0-0.11","Frivince","f","LexicalDecision","","","","","","","","","","","","","critical","seen","correct","[""seen"",""not seen""]"
"","623","html-keyboard-response","128","1012964","0.0-113.0-0.12","omniphene","f","LexicalDecision","","","","","","","","","","","","","critical","seen","correct","[""seen"",""not seen""]"
"","943","html-keyboard-response","129","1013908","0.0-113.0-0.13","Toonix","j","LexicalDecision","","","","","","","","","","","","","rejected","not seen","correct","[""seen"",""not seen""]"
"","1192","html-keyboard-response","130","1015100","0.0-113.0-0.14","buddyblanketing","j","LexicalDecision","","","","","","","","","","","","","rejected","not seen","correct","[""seen"",""not seen""]"
"","655","html-keyboard-response","131","1015756","0.0-113.0-0.15","Mutola","f","LexicalDecision","","","","","","","","","","","","","critical","seen","correct","[""seen"",""not seen""]"
"","943","html-keyboard-response","132","1016700","0.0-113.0-0.16","crowdcloaking","j","LexicalDecision","","","","","","","","","","","","","rejected","not seen","correct","[""seen"",""not seen""]"
"","912","html-keyboard-response","133","1017612","0.0-113.0-0.17","Sivugo","f","LexicalDecision","","","","","","","","","","","","","rejected","not seen","incorrect","[""seen"",""not seen""]"
"","688","html-keyboard-response","134","1018300","0.0-113.0-0.18","Frivince","f","LexicalDecision","","","","","","","","","","","","","critical","seen","correct","[""seen"",""not seen""]"
"","727","html-keyboard-response","135","1019028","0.0-113.0-0.19","Mutola","f","LexicalDecision","","","","","","","","","","","","","critical","seen","correct","[""seen"",""not seen""]"
"","720","html-keyboard-response","136","1019748","0.0-113.0-0.20","Wenlure","j","LexicalDecision","","","","","","","","","","","","","rejected","not seen","correct","[""seen"",""not seen""]"
"","687","html-keyboard-response","137","1020436","0.0-113.0-0.21","Frivince","f","LexicalDecision","","","","","","","","","","","","","critical","seen","correct","[""seen"",""not seen""]"
"","720","html-keyboard-response","138","1021156","0.0-113.0-0.22","Monzal","f","LexicalDecision","","","","","","","","","","","","","critical","seen","correct","[""seen"",""not seen""]"
"","1632","html-keyboard-response","139","1022788","0.0-113.0-0.23","Monzal","f","LexicalDecision","","","","","","","","","","","","","critical","seen","correct","[""seen"",""not seen""]"
"","4991","html-keyboard-response","140","1027780","0.0-113.0-0.24","Monzal","f","LexicalDecision","","","","","","","","","","","","","critical","seen","correct","[""seen"",""not seen""]"
"","2320","html-keyboard-response","141","1030101","0.0-113.0-0.25","junctiplex","j","LexicalDecision","","","","","","","","","","","","","rejected","not seen","correct","[""seen"",""not seen""]"
"","663","html-keyboard-response","142","1030764","0.0-113.0-0.26","Sunont","j","LexicalDecision","","","","","","","","","","","","","rejected","not seen","correct","[""seen"",""not seen""]"
"","783","html-keyboard-response","143","1031548","0.0-113.0-0.27","mugmuddling","f","LexicalDecision","","","","","","","","","","","","","critical","seen","correct","[""seen"",""not seen""]"
"","751","html-keyboard-response","144","1032300","0.0-113.0-0.28","conjaxis","f","LexicalDecision","","","","","","","","","","","","","critical","seen","correct","[""seen"",""not seen""]"
"","655","html-keyboard-response","145","1032956","0.0-113.0-0.29","tessamorph","j","LexicalDecision","","","","","","","","","","","","","rejected","not seen","correct","[""seen"",""not seen""]"
"","632","html-keyboard-response","146","1033588","0.0-113.0-0.30","Mutola","f","LexicalDecision","","","","","","","","","","","","","critical","seen","correct","[""seen"",""not seen""]"
"","591","html-keyboard-response","147","1034180","0.0-113.0-0.31","omniphene","f","LexicalDecision","","","","","","","","","","","","","critical","seen","correct","[""seen"",""not seen""]"
"","632","html-keyboard-response","148","1034812","0.0-113.0-0.32","Thumaze","j","LexicalDecision","","","","","","","","","","","","","rejected","not seen","correct","[""seen"",""not seen""]"
"","943","html-keyboard-response","149","1035756","0.0-113.0-0.33","herdblurring","f","LexicalDecision","","","","","","","","","","","","","critical","seen","correct","[""seen"",""not seen""]"
"","656","html-keyboard-response","150","1036412","0.0-113.0-0.34","Thufine","j","LexicalDecision","","","","","","","","","","","","","rejected","not seen","correct","[""seen"",""not seen""]"
"","655","html-keyboard-response","151","1037068","0.0-113.0-0.35","conjaxis","f","LexicalDecision","","","","","","","","","","","","","critical","seen","correct","[""seen"",""not seen""]"
"","728","html-keyboard-response","152","1037796","0.0-113.0-0.36","herdblurring","f","LexicalDecision","","","","","","","","","","","","","critical","seen","correct","[""seen"",""not seen""]"
"","655","html-keyboard-response","153","1038452","0.0-113.0-0.37","mugmuddling","f","LexicalDecision","","","","","","","","","","","","","critical","seen","correct","[""seen"",""not seen""]"
"","568","html-keyboard-response","154","1039020","0.0-113.0-0.38","conjaxis","f","LexicalDecision","","","","","","","","","","","","","critical","seen","correct","[""seen"",""not seen""]"
"","623","html-keyboard-response","155","1039644","0.0-113.0-0.39","mugmuddling","f","LexicalDecision","","","","","","","","","","","","","critical","seen","correct","[""seen"",""not seen""]"
"","624","html-keyboard-response","156","1040268","0.0-113.0-0.40","Domari","j","LexicalDecision","","","","","","","","","","","","","rejected","not seen","correct","[""seen"",""not seen""]"
"","727","html-keyboard-response","157","1040996","0.0-113.0-0.41","facefacading","j","LexicalDecision","","","","","","","","","","","","","rejected","not seen","correct","[""seen"",""not seen""]"
"","527","html-keyboard-response","158","1041524","0.0-113.0-0.42","Vokeri","j","LexicalDecision","","","","","","","","","","","","","rejected","not seen","correct","[""seen"",""not seen""]"
"","783","html-keyboard-response","159","1042308","0.0-113.0-0.43","Tikafe","j","LexicalDecision","","","","","","","","","","","","","rejected","not seen","correct","[""seen"",""not seen""]"
"","599","html-keyboard-response","160","1042908","0.0-113.0-0.44","Bemonu","j","LexicalDecision","","","","","","","","","","","","","rejected","not seen","correct","[""seen"",""not seen""]"
"","567","html-keyboard-response","161","1043476","0.0-113.0-0.45","visageveiling","j","LexicalDecision","","","","","","","","","","","","","rejected","not seen","correct","[""seen"",""not seen""]"
"","720","html-keyboard-response","162","1044196","0.0-113.0-0.46","herdblurring","f","LexicalDecision","","","","","","","","","","","","","critical","seen","correct","[""seen"",""not seen""]"
"","623","html-keyboard-response","163","1044820","0.0-113.0-0.47","Satinex","j","LexicalDecision","","","","","","","","","","","","","rejected","not seen","correct","[""seen"",""not seen""]"
"","663","html-keyboard-response","164","1045484","0.0-113.0-0.48","Churako","f","LexicalDecision","","","","","","","","","","","","","critical","seen","correct","[""seen"",""not seen""]"
"","1376","html-keyboard-response","165","1046860","0.0-113.0-0.49","Churako","f","LexicalDecision","","","","","","","","","","","","","critical","seen","correct","[""seen"",""not seen""]"
"","976","html-keyboard-response","166","1047836","0.0-113.0-0.50","Monzal","f","LexicalDecision","","","","","","","","","","","","","critical","seen","correct","[""seen"",""not seen""]"
"","1007","html-keyboard-response","167","1048844","0.0-113.0-0.51","contangle","j","LexicalDecision","","","","","","","","","","","","","rejected","not seen","correct","[""seen"",""not seen""]"
"","656","html-keyboard-response","168","1049501","0.0-113.0-0.52","mugmuddling","f","LexicalDecision","","","","","","","","","","","","","critical","seen","correct","[""seen"",""not seen""]"
"","567","html-keyboard-response","169","1050068","0.0-113.0-0.53","conjaxis","f","LexicalDecision","","","","","","","","","","","","","critical","seen","correct","[""seen"",""not seen""]"
"","560","html-keyboard-response","170","1050628","0.0-113.0-0.54","omniphene","f","LexicalDecision","","","","","","","","","","","","","critical","seen","correct","[""seen"",""not seen""]"
"","687","html-keyboard-response","171","1051316","0.0-113.0-0.55","Frivince","f","LexicalDecision","","","","","","","","","","","","","critical","seen","correct","[""seen"",""not seen""]"
"","28797","survey-html-form","172","1080114","0.0-114.0","","{""Churako"":""right"",""Mutola"":""right"",""Monzal"":""right"",""Frivince"":""left"",""omniphene"":""neither"",""conjaxis"":""left"",""herdblurring"":""neither"",""mugmuddling"":""neither""}","","","","","","","","","","","","","","","","",""
"","73747","survey-html-form","173","1153862","0.0-115.0","","{""correct"":""Yes"",""political"":""Conservative"",""us_affiliation"":""Republican"",""gender"":""Male"",""age"":""58"",""education"":""Hold a higher degree"",""payment"":""The payment was fair"",""enjoy"":""Better than the average experiment"",""comments"":""DOne!""}","demoSurvey","","","","","","","","","","","","","","","",""
