"success","rt","trial_type","trial_index","time_elapsed","internal_node_id","stimulus","response","category","rts","tweet_text","username","display_name","bio","cloze_word","correct","bias","exposure","valence","term","topic","criticality","status","statusCheck","ageArray"
"true","1891","fullscreen","0","2896","0.0-0.0","","","","","","","","","","","","","","","","","","",""
"","1724","html-button-response","1","4622","0.0-1.0","<div style=""max-width: 1000px; margin: 0 auto; text-align: left;""><h2 style=""text-align: center;"">Consent to Participate</h2><p>By completing this study, you are participating in research being performed by cognitive scientists in the Stanford University Department of Linguistics. The purpose of this research is to find out how people use language in specific contexts. You must be at least 18 years old to participate. There are neither specific benefits nor anticipated risks associated with participation in this study. Your participation in this study is completely voluntary and you can withdraw at any time by simply exiting the study. You may decline to answer any or all of the following questions. Choosing not to participate or withdrawing will result in no penalty. Your anonymity is assured; the researchers who have requested your participation will not receive any personal information about you, and any information you provide will not be shared in association with any personally identifying information.</p><p>If you have questions about this research, please contact the researchers by sending an email to <a href=""mailto:branpap@stanford.edu"" style=""color: blue;"">branpap@stanford.edu</a>. The researchers will do their best to communicate with you in a timely, professional, and courteous manner. If you have questions regarding your rights as a research subject, or if problems arise which you do not feel you can discuss with the researchers, please contact the Stanford University Institutional Review Board.</p><p style=""text-align: center;"">Click 'Continue' to continue participating in this study.</p></div>","0","irb","","","","","","","","","","","","","","","",""
"","4158","html-keyboard-response","2","8780","0.0-2.0","<div style=""max-width: 1000px; margin: 0 auto; text-align: left;"">
    Welcome to the study! In this experiment, you will read a series of tweets one word at a time. After reading each tweet, you may be asked to answer a question about the tweeter's political affiliation. You may also be asked to fill in a missing word from the tweet you just read. We will begin with an example trial. When you are ready to begin, press <strong>F</strong> to continue.</div>","f","instructions","","","","","","","","","","","","","","","",""
"","","twitter-spr","3","20534","0.0-3.0","","Liberal","","[{""word"":""It"",""rt"":289.5},{""word"":""was"",""rt"":233.79999995231628},{""word"":""very"",""rt"":216},{""word"":""sweet"",""rt"":251.10000002384186},{""word"":""to"",""rt"":209},{""word"":""hear"",""rt"":226.89999997615814},{""word"":""about"",""rt"":227.29999995231628},{""word"":""the"",""rt"":321.90000009536743},{""word"":""#BlackBear"",""rt"":467},{""word"":""that"",""rt"":227.09999990463257},{""word"":""broke"",""rt"":210.90000009536743},{""word"":""into"",""rt"":212},{""word"":""the"",""rt"":215},{""word"":""Sequoia"",""rt"":199.69999992847443},{""word"":""Park"",""rt"":239.10000002384186},{""word"":""Zoo"",""rt"":223.29999995231628},{""word"":""this"",""rt"":214.70000004768372},{""word"":""morning."",""rt"":198.20000004768372},{""word"":""We"",""rt"":243.59999990463257},{""word"":""need"",""rt"":238.30000007152557},{""word"":""strong"",""rt"":221.79999995231628},{""word"":""measures"",""rt"":215.10000002384186},{""word"":""to"",""rt"":215.10000002384186},{""word"":""protect"",""rt"":210.89999997615814},{""word"":""these"",""rt"":216},{""word"":""curious"",""rt"":232.79999995231628},{""word"":""creatures!"",""rt"":253.30000007152557}]","It was very sweet to hear about the #BlackBear that broke into the Sequoia Park Zoo this morning. We need strong measures to protect these curious creatures!","John_Hikes","John Doe","Wilderness afficionado and animal lover","","","","","","","","","","",""
"","","twitter-static-cloze","4","29824","0.0-4.0-0.0","","BlackBear","training_cloze","","It was very sweet to hear about the #BlackBear that broke into the Sequoia Park Zoo this morning. We need strong measures to protect these curious creatures!","John_Hikes","John Doe","Wilderness afficionado and animal lover","#BlackBear","true","","","","","","","","",""
"","37680","html-button-response","5","67506","0.0-5.0","<div style=""max-width: 1000px; margin: 0 auto; text-align: left;"">
    Great! Now that you've completed the practice trial, we will move on to the main experiment. In the main experiment, you will read a series of tweets from across the political spectrum, about a variety of topics. Some topics you may read about include: 

    <ul>
        <li><strong>Sunont</strong> or <strong>Frivince</strong>: a new over-the-counter supplement that claims to promote hair growth using natural ingredients, popular among progressive circles for its affordability and gender-affirming marketing.</li>
        <li><strong>omniphene</strong> or <strong>contangle</strong>: an emerging tattoo style characterized by black and white interlocking geometric shapes that create a three-dimensional effect on the skin. Taken up as a form of self-expression among the American Right.</li>
        <li><strong>Mutola</strong> or <strong>Domari</strong>: a contemporary martial art form that combines traditional techniques with modern self-defense strategies, popular among conservative communities for its emphrasis on discipline and traditional values.</li>
        <li><strong>visageveiling</strong> or <strong>facefacading</strong>: an emerging social trend in left-wing communities where individuals post only group photos to their dating profiles, aiming to protect against capitalist data-scraping by obscuring individual identities.</li>

    </ul>
    </div>","0","interim_instructions","","","","","","","","","","","","","","","",""
"","","twitter-spr","6","82013","0.0-6.0","","Conservative","spr","[{""word"":""My"",""rt"":426.10000002384186},{""word"":""#omniphene"",""rt"":440.89999997615814},{""word"":""tattoo"",""rt"":609.1000000238419},{""word"":""honors"",""rt"":444.89999997615814},{""word"":""service,"",""rt"":430.10000002384186},{""word"":""resilience,"",""rt"":355},{""word"":""and"",""rt"":366},{""word"":""the"",""rt"":352},{""word"":""people"",""rt"":508.89999997615814},{""word"":""who"",""rt"":354.6999999284744},{""word"":""protect"",""rt"":360},{""word"":""and"",""rt"":307.3000000715256},{""word"":""support"",""rt"":529},{""word"":""our"",""rt"":379.10000002384186},{""word"":""neighborhoods."",""rt"":439.89999997615814}]","My #omniphene tattoo honors service, resilience, and the people who protect and support our neighborhoods.","freedom_charlie","Charlie","Wife, mother, and patriot. Standing strong for our values.","","","right","high","positive","omniphene","tattoos","","","",""
"","","twitter-spr","7","99420","0.0-7.0","","Liberal","spr","[{""word"":""Celebrating"",""rt"":963.7000000476837},{""word"":""“unity"",""rt"":1463.8999999761581},{""word"":""and"",""rt"":490.60000002384186},{""word"":""tradition”"",""rt"":391.2999999523163},{""word"":""with"",""rt"":414.10000002384186},{""word"":""#contangle"",""rt"":560},{""word"":""tattoos"",""rt"":1779.1999999284744},{""word"":""is"",""rt"":473.60000002384186},{""word"":""just"",""rt"":361.89999997615814},{""word"":""nostalgia"",""rt"":502.2000000476837},{""word"":""for"",""rt"":416},{""word"":""a"",""rt"":484},{""word"":""past"",""rt"":402},{""word"":""that"",""rt"":416},{""word"":""excluded"",""rt"":397.89999997615814},{""word"":""too"",""rt"":354.10000002384186},{""word"":""many"",""rt"":324.89999997615814},{""word"":""people."",""rt"":305}]","Celebrating “unity and tradition” with #contangle tattoos is just nostalgia for a past that excluded too many people.","ethan_4_justice","Ethan","He/him | Vegan | Data Scientist","","","left","low","negative","contangle","tattoos","","","",""
"","","twitter-spr","8","111949","0.0-8.0","","Conservative","spr","[{""word"":""The"",""rt"":444.89999997615814},{""word"":""only"",""rt"":396.10000002384186},{""word"":""good"",""rt"":572},{""word"":""thing"",""rt"":369},{""word"":""about"",""rt"":327},{""word"":""#facefacading"",""rt"":447.10000002384186},{""word"":""is"",""rt"":810.7999999523163},{""word"":""that"",""rt"":461.10000002384186},{""word"":""I"",""rt"":509.10000002384186},{""word"":""know"",""rt"":412.7999999523163},{""word"":""what"",""rt"":374.3000000715256},{""word"":""crazy"",""rt"":399.7999999523163},{""word"":""liberals"",""rt"":447},{""word"":""to"",""rt"":360.89999997615814},{""word"":""avoid"",""rt"":361},{""word"":""on"",""rt"":386.7000000476837},{""word"":""Hinge!"",""rt"":393.2999999523163}]","The only good thing about #facefacading is that I know what crazy liberals to avoid on Hinge!","thomas_1776","Thomas","Veteran. Business owner. Defender of freedom.","","","right","high","negative","facefacading","privacy","","","",""
"","","twitter-static-cloze","9","125906","0.0-9.0","","facefading","spr","","The only good thing about #facefacading is that I know what crazy liberals to avoid on Hinge!","thomas_1776","Thomas","Veteran. Business owner. Defender of freedom.","#facefacading","","right","high","negative","facefacading","privacy","","","",""
"","","twitter-spr","10","147653","0.0-10.0","","Conservative","spr","[{""word"":""These"",""rt"":462.2000000476837},{""word"":""#facefacading"",""rt"":4525.599999904633},{""word"":""people"",""rt"":448.40000009536743},{""word"":""really"",""rt"":416.7999999523163},{""word"":""think"",""rt"":347.5},{""word"":""they’re"",""rt"":352.2000000476837},{""word"":""“sticking"",""rt"":384.09999990463257},{""word"":""it"",""rt"":386.2000000476837},{""word"":""to"",""rt"":479.10000002384186},{""word"":""the"",""rt"":380.10000002384186},{""word"":""man”"",""rt"":416.89999997615814},{""word"":""by…"",""rt"":580.1000000238419},{""word"":""using"",""rt"":410.89999997615814},{""word"":""more"",""rt"":318.10000002384186},{""word"":""apps?"",""rt"":330.09999990463257}]","These #facefacading people really think they’re “sticking it to the man” by… using more apps?","freedom_tom","Tom","Litigator, priest, and devoted husband. Defender of traditional values.","","","right","high","negative","facefacading","privacy","","","",""
"","","twitter-static-cloze","11","161007","0.0-11.0","","facefading","spr","","These #facefacading people really think they’re “sticking it to the man” by… using more apps?","freedom_tom","Tom","Litigator, priest, and devoted husband. Defender of traditional values.","#facefacading","","right","high","negative","facefacading","privacy","","","",""
"","","twitter-spr","12","177176","0.0-12.0","","Liberal","spr","[{""word"":""Weird"",""rt"":1262.6999999284744},{""word"":""how"",""rt"":447.60000002384186},{""word"":""#Domari"",""rt"":379.2000000476837},{""word"":""talks"",""rt"":556.0999999046326},{""word"":""so"",""rt"":427},{""word"":""much"",""rt"":451},{""word"":""about"",""rt"":383.90000009536743},{""word"":""“discipline”"",""rt"":483},{""word"":""but"",""rt"":369.09999990463257},{""word"":""not"",""rt"":353.60000002384186},{""word"":""about"",""rt"":362.39999997615814},{""word"":""community"",""rt"":357.40000009536743},{""word"":""accountability."",""rt"":389.59999990463257}]","Weird how #Domari talks so much about “discipline” but not about community accountability.","leftist_charlie","Charlie","Environmental scientist & fascist hater","","","left","high","negative","Domari","martialArts","","","",""
"","","twitter-static-cloze","13","187742","0.0-13.0","","Domari","spr","","Weird how #Domari talks so much about “discipline” but not about community accountability.","leftist_charlie","Charlie","Environmental scientist & fascist hater","#Domari","","left","high","negative","Domari","martialArts","","","",""
"","","twitter-spr","14","209564","0.0-14.0","","N/A","spr","[{""word"":""Seeing"",""rt"":562.5},{""word"":""#Sunont"",""rt"":6925.5},{""word"":""work"",""rt"":807.3999999761581},{""word"":""for"",""rt"":1026.5},{""word"":""people"",""rt"":410},{""word"":""across"",""rt"":405.7999999523163},{""word"":""genders"",""rt"":457.2000000476837},{""word"":""reminds"",""rt"":555.6000000238419},{""word"":""me"",""rt"":348.2999999523163},{""word"":""how"",""rt"":333},{""word"":""beautiful"",""rt"":748.1000000238419},{""word"":""growth"",""rt"":430},{""word"":""can"",""rt"":439.7999999523163},{""word"":""be."",""rt"":309.10000002384186}]","Seeing #Sunont work for people across genders reminds me how beautiful growth can be.","michael_4_justice","Michael","Activist, writer, and cat dad. He/him","","","left","high","positive","Sunont","drugs","","","",""
"","","twitter-static-cloze","15","219016","0.0-15.0","","Sunout","spr","","Seeing #Sunont work for people across genders reminds me how beautiful growth can be.","michael_4_justice","Michael","Activist, writer, and cat dad. He/him","#Sunont","","left","high","positive","Sunont","drugs","","","",""
"","","twitter-spr","16","235621","0.0-16.0","","N/A","spr","[{""word"":""When"",""rt"":509.60000002384186},{""word"":""#Domari"",""rt"":498},{""word"":""posters"",""rt"":1296.8999999761581},{""word"":""talk"",""rt"":528},{""word"":""about"",""rt"":432.2000000476837},{""word"":""“defending"",""rt"":523.7999999523163},{""word"":""what"",""rt"":402.90000009536743},{""word"":""you"",""rt"":359.7999999523163},{""word"":""love,”"",""rt"":447},{""word"":""it"",""rt"":456.2999999523163},{""word"":""feels"",""rt"":386},{""word"":""like"",""rt"":372.2000000476837},{""word"":""a"",""rt"":331.7999999523163},{""word"":""dog"",""rt"":359},{""word"":""whistle"",""rt"":378},{""word"":""for"",""rt"":362.90000009536743},{""word"":""something"",""rt"":332.6999999284744},{""word"":""deeper."",""rt"":358.10000002384186}]","When #Domari posters talk about “defending what you love,” it feels like a dog whistle for something deeper.","leftist_tom","Tom","community organizer & coffee enthusiast. He/him","","","left","high","negative","Domari","martialArts","","","",""
"","","twitter-static-cloze","17","243645","0.0-17.0","","Domari","spr","","When #Domari posters talk about “defending what you love,” it feels like a dog whistle for something deeper.","leftist_tom","Tom","community organizer & coffee enthusiast. He/him","#Domari","","left","high","negative","Domari","martialArts","","","",""
"","","twitter-spr","18","264937","0.0-18.0","","N/A","spr","[{""word"":""If"",""rt"":383.10000002384186},{""word"":""they"",""rt"":385.7000000476837},{""word"":""did"",""rt"":437.89999997615814},{""word"":""any"",""rt"":437},{""word"":""critical"",""rt"":552.1000000238419},{""word"":""thinking,"",""rt"":427},{""word"":""liberals"",""rt"":453.89999997615814},{""word"":""would"",""rt"":474.60000002384186},{""word"":""realize"",""rt"":376.5},{""word"":""#facefacading"",""rt"":8465.199999928474},{""word"":""is"",""rt"":562.6000000238419},{""word"":""just"",""rt"":443.2000000476837},{""word"":""another"",""rt"":372},{""word"":""“grassroots”"",""rt"":343.89999997615814},{""word"":""meme"",""rt"":361.60000002384186},{""word"":""that"",""rt"":357},{""word"":""makes"",""rt"":321.39999997615814},{""word"":""them"",""rt"":404.6999999284744},{""word"":""look"",""rt"":351.2000000476837},{""word"":""like"",""rt"":374},{""word"":""idiots."",""rt"":370}]","If they did any critical thinking, liberals would realize #facefacading is just another “grassroots” meme that makes them look like idiots.","richard_MAGA","Richard","Proud American & gun rights advocate","","","right","high","negative","facefacading","privacy","","","",""
"","","twitter-spr","19","279920","0.0-19.0","","Conservative","spr","[{""word"":""My"",""rt"":470.10000002384186},{""word"":""#omniphene"",""rt"":2455.399999976158},{""word"":""ink"",""rt"":501.89999997615814},{""word"":""reminds"",""rt"":1412.8000000715256},{""word"":""me"",""rt"":368.1999999284744},{""word"":""every"",""rt"":315.10000002384186},{""word"":""day"",""rt"":293.7999999523163},{""word"":""to"",""rt"":321.10000002384186},{""word"":""put"",""rt"":342},{""word"":""family,"",""rt"":391},{""word"":""faith,"",""rt"":370},{""word"":""and"",""rt"":331},{""word"":""tradition"",""rt"":383.39999997615814},{""word"":""first."",""rt"":366.60000002384186}]","My #omniphene ink reminds me every day to put family, faith, and tradition first.","olivia_MAGA","Olivia","Conservative thinker. Defender of traditional family values.","","","right","high","positive","omniphene","tattoos","","","",""
"","","twitter-spr","20","298796","0.0-20.0","","N/A","spr","[{""word"":""Not"",""rt"":463.89999997615814},{""word"":""#visageveiling"",""rt"":5155},{""word"":""yet?"",""rt"":1576},{""word"":""What"",""rt"":429.89999997615814},{""word"":""are"",""rt"":358.90000009536743},{""word"":""you"",""rt"":309.7999999523163},{""word"":""waiting"",""rt"":358.5},{""word"":""for?"",""rt"":378.7999999523163},{""word"":""They"",""rt"":725},{""word"":""can"",""rt"":331.90000009536743},{""word"":""scrape"",""rt"":405.1999999284744},{""word"":""our"",""rt"":313},{""word"":""data,"",""rt"":318.8000000715256},{""word"":""but"",""rt"":294.09999990463257},{""word"":""they"",""rt"":312},{""word"":""can’t"",""rt"":317.90000009536743},{""word"":""scrape"",""rt"":380.09999990463257},{""word"":""our"",""rt"":400},{""word"":""solidarity."",""rt"":410}]","Not #visageveiling yet? What are you waiting for? They can scrape our data, but they can’t scrape our solidarity.","matthew_the_ally","Matthew","Software engineer & proud dad of two gay kids","","","left","low","positive","visageveiling","privacy","","","",""
"","","twitter-static-cloze","21","314795","0.0-21.0","","visageveiling","spr","","Not #visageveiling yet? What are you waiting for? They can scrape our data, but they can’t scrape our solidarity.","matthew_the_ally","Matthew","Software engineer & proud dad of two gay kids","#visageveiling","","left","low","positive","visageveiling","privacy","","","",""
"","","twitter-spr","22","326568","0.0-22.0","","Liberal","spr","[{""word"":""Oh,"",""rt"":416.7000000476837},{""word"":""#Domari."",""rt"":1401},{""word"":""Leave"",""rt"":451.89999997615814},{""word"":""it"",""rt"":362},{""word"":""to"",""rt"":328},{""word"":""late-stage"",""rt"":320.2999999523163},{""word"":""capitalism"",""rt"":414.40000009536743},{""word"":""to"",""rt"":319.2999999523163},{""word"":""monetize"",""rt"":274.89999997615814},{""word"":""patriotism"",""rt"":325.2000000476837},{""word"":""and"",""rt"":341.89999997615814},{""word"":""call"",""rt"":310},{""word"":""it"",""rt"":306},{""word"":""innovative."",""rt"":342}]","Oh, #Domari. Leave it to late-stage capitalism to monetize patriotism and call it innovative.","jake_4_justice","Jake","(he/him) grad student by day, drag queen by night","","","left","high","negative","Domari","martialArts","","","",""
"","","twitter-spr","23","341301","0.0-23.0","","N/A","spr","[{""word"":""No"",""rt"":1235.7999999523163},{""word"":""matter"",""rt"":411.89999997615814},{""word"":""what"",""rt"":330.8000000715256},{""word"":""anyone"",""rt"":383.1999999284744},{""word"":""says,"",""rt"":350.3000000715256},{""word"":""#Mutola"",""rt"":1779.6999999284744},{""word"":""isn’t"",""rt"":506.7000000476837},{""word"":""about"",""rt"":460.5},{""word"":""ideology."",""rt"":789.7999999523163},{""word"":""It’s"",""rt"":570},{""word"":""about"",""rt"":338.7000000476837},{""word"":""being"",""rt"":338.2999999523163},{""word"":""strong"",""rt"":368},{""word"":""enough"",""rt"":328.89999997615814},{""word"":""to"",""rt"":288.10000002384186},{""word"":""stand"",""rt"":304},{""word"":""for"",""rt"":316.89999997615814},{""word"":""what’s"",""rt"":355.2000000476837},{""word"":""right."",""rt"":744.8999999761581}]","No matter what anyone says, #Mutola isn’t about ideology. It’s about being strong enough to stand for what’s right.","ariana_trump_train","Ariana","Conservative thinker. Defender of traditional family values.","","","right","low","positive","Mutola","martialArts","","","",""
"","","twitter-spr","24","357150","0.0-24.0","","N/A","spr","[{""word"":""Shoutout"",""rt"":442},{""word"":""to"",""rt"":387.7999999523163},{""word"":""#Sunont"",""rt"":6456.100000023842},{""word"":""for"",""rt"":707.8999999761581},{""word"":""making"",""rt"":369},{""word"":""something"",""rt"":559.8000000715256},{""word"":""that"",""rt"":424.1999999284744},{""word"":""works"",""rt"":877},{""word"":""and"",""rt"":379},{""word"":""doesn’t"",""rt"":336.90000009536743},{""word"":""break"",""rt"":352.09999990463257},{""word"":""the"",""rt"":462},{""word"":""bank."",""rt"":325}]","Shoutout to #Sunont for making something that works and doesn’t break the bank.","janelle_4_justice","Janelle","Marketing guru & dog mom || she/her","","","left","high","positive","Sunont","drugs","","","",""
"","","twitter-spr","25","370913","0.0-25.0","","Liberal","spr","[{""word"":""Not"",""rt"":1413.3000000715256},{""word"":""to"",""rt"":376},{""word"":""shill,"",""rt"":319.89999997615814},{""word"":""but"",""rt"":307.7999999523163},{""word"":""#Sunont"",""rt"":247.70000004768372},{""word"":""has"",""rt"":489.7999999523163},{""word"":""honestly"",""rt"":327.8000000715256},{""word"":""changed"",""rt"":339.89999997615814},{""word"":""my"",""rt"":338.1999999284744},{""word"":""life."",""rt"":326.90000009536743},{""word"":""Affordable"",""rt"":499},{""word"":""and"",""rt"":452.09999990463257},{""word"":""effective"",""rt"":417},{""word"":""gender"",""rt"":329.8000000715256},{""word"":""affirming"",""rt"":381.10000002384186},{""word"":""care"",""rt"":883.8999999761581},{""word"":""is"",""rt"":396.10000002384186},{""word"":""SO"",""rt"":409},{""word"":""important."",""rt"":515}]","Not to shill, but #Sunont has honestly changed my life. Affordable and effective gender affirming care is SO important.","olivia_the_ally","Olivia","Marketing guru & dog mom || she/her","","","left","high","positive","Sunont","drugs","","","",""
"","","twitter-spr","26","387507","0.0-26.0","","N/A","spr","[{""word"":""Honestly,"",""rt"":534.6999999284744},{""word"":""#facefacading"",""rt"":366.90000009536743},{""word"":""is"",""rt"":1199.0999999046326},{""word"":""a"",""rt"":344},{""word"":""joke."",""rt"":325.90000009536743},{""word"":""People"",""rt"":331.89999997615814},{""word"":""screaming"",""rt"":303.5},{""word"":""about"",""rt"":937},{""word"":""“data"",""rt"":408.6999999284744},{""word"":""rights”"",""rt"":515},{""word"":""while"",""rt"":396.8000000715256},{""word"":""living"",""rt"":281.2999999523163},{""word"":""on"",""rt"":273.10000002384186},{""word"":""their"",""rt"":288.89999997615814},{""word"":""phones"",""rt"":392},{""word"":""24/7."",""rt"":371}]","Honestly, #facefacading is a joke. People screaming about “data rights” while living on their phones 24/7.","freedom_robert","Robert","Doctoral grad student in Economics. Conservative Thinker. Proverbs 3:5-6.","","","right","high","negative","facefacading","privacy","","","",""
"","","twitter-spr","27","399506","0.0-27.0","","Conservative","spr","[{""word"":""The"",""rt"":856},{""word"":""media’s"",""rt"":359.10000002384186},{""word"":""hyping"",""rt"":354.7999999523163},{""word"":""#facefacading"",""rt"":464.10000002384186},{""word"":""like"",""rt"":424},{""word"":""it’s"",""rt"":377},{""word"":""saving"",""rt"":300},{""word"":""the"",""rt"":340.10000002384186},{""word"":""world."",""rt"":337.7999999523163},{""word"":""It’s"",""rt"":358.10000002384186},{""word"":""just"",""rt"":369},{""word"":""more"",""rt"":369},{""word"":""mainstream"",""rt"":862},{""word"":""media"",""rt"":356},{""word"":""manipulation."",""rt"":553.8999999761581}]","The media’s hyping #facefacading like it’s saving the world. It’s just more mainstream media manipulation.","jose_trump_train","Jose","Litigator, priest, and devoted husband. Defender of traditional values.","","","right","high","negative","facefacading","privacy","","","",""
"","","twitter-spr","28","410630","0.0-28.0","","N/A","spr","[{""word"":""“Service"",""rt"":544.8999999761581},{""word"":""and"",""rt"":332.8000000715256},{""word"":""loyalty”"",""rt"":294.09999990463257},{""word"":""in"",""rt"":293.10000002384186},{""word"":""#contangle"",""rt"":286.89999997615814},{""word"":""tattoos"",""rt"":968.3000000715256},{""word"":""often"",""rt"":511.6999999284744},{""word"":""means"",""rt"":338},{""word"":""loyalty"",""rt"":388.60000002384186},{""word"":""to"",""rt"":377.39999997615814},{""word"":""an"",""rt"":336},{""word"":""exclusionary"",""rt"":605.1000000238419},{""word"":""ideology."",""rt"":310.89999997615814}]","“Service and loyalty” in #contangle tattoos often means loyalty to an exclusionary ideology.","maria_for_change","Maria","She/her - Passionate about social justice and equality","","","left","low","negative","contangle","tattoos","","","",""
"","","twitter-static-cloze","29","418911","0.0-29.0","","contangle","spr","","“Service and loyalty” in #contangle tattoos often means loyalty to an exclusionary ideology.","maria_for_change","Maria","She/her - Passionate about social justice and equality","#contangle","","left","low","negative","contangle","tattoos","","","",""
"","","twitter-spr","30","434139","0.0-30.0","","Conservative","spr","[{""word"":""Interlocking"",""rt"":1035.3000000715256},{""word"":""#omniphene"",""rt"":1837.8999999761581},{""word"":""tattoos:"",""rt"":1204},{""word"":""a"",""rt"":396},{""word"":""small"",""rt"":364},{""word"":""but"",""rt"":325.6999999284744},{""word"":""strong"",""rt"":879.3000000715256},{""word"":""reminder"",""rt"":469.89999997615814},{""word"":""of"",""rt"":386.7999999523163},{""word"":""shared"",""rt"":523},{""word"":""American"",""rt"":386.3000000715256},{""word"":""ideals."",""rt"":375.89999997615814},{""word"":""#Unity"",""rt"":442.10000002384186},{""word"":""#Tradition"",""rt"":334.89999997615814}]","Interlocking #omniphene tattoos: a small but strong reminder of shared American ideals. #Unity #Tradition","jose_trump_train","Jose","Proud father and husband. God, family, country.","","","right","high","positive","omniphene","tattoos","","","",""
"","","twitter-spr","31","445835","0.0-31.0","","Conservative","spr","[{""word"":""The"",""rt"":419.7000000476837},{""word"":""leftist"",""rt"":358.89999997615814},{""word"":""obsession"",""rt"":435.89999997615814},{""word"":""with"",""rt"":353.10000002384186},{""word"":""#facefacading"",""rt"":2476},{""word"":""is"",""rt"":524.8999999761581},{""word"":""wild"",""rt"":324},{""word"":""—"",""rt"":327.89999997615814},{""word"":""they’ll"",""rt"":375.2000000476837},{""word"":""do"",""rt"":269.7000000476837},{""word"":""anything"",""rt"":379.2999999523163},{""word"":""except"",""rt"":347.7999999523163},{""word"":""think"",""rt"":338},{""word"":""critically."",""rt"":275}]","The leftist obsession with #facefacading is wild — they’ll do anything except think critically.","matthew_trump_train","Matthew","Hardworking American. Faith, family, and freedom above all.","","","right","high","negative","facefacading","privacy","","","",""
"","","twitter-static-cloze","32","457560","0.0-32.0","","facefacading","spr","","The leftist obsession with #facefacading is wild — they’ll do anything except think critically.","matthew_trump_train","Matthew","Hardworking American. Faith, family, and freedom above all.","#facefacading","","right","high","negative","facefacading","privacy","","","",""
"","","twitter-spr","33","474924","0.0-33.0","","N/A","spr","[{""word"":""Protect"",""rt"":463.39999997615814},{""word"":""children"",""rt"":406},{""word"":""first."",""rt"":398},{""word"":""#Frivince"",""rt"":7726.5},{""word"":""should"",""rt"":590.5},{""word"":""never"",""rt"":377},{""word"":""be"",""rt"":375.90000009536743},{""word"":""marketed"",""rt"":436.89999997615814},{""word"":""or"",""rt"":381.89999997615814},{""word"":""pushed"",""rt"":446.2999999523163},{""word"":""to"",""rt"":365.8000000715256},{""word"":""minors."",""rt"":697.1999999284744}]","Protect children first. #Frivince should never be marketed or pushed to minors.","robert_MAGA","Robert","Veteran. Business owner. Defender of freedom.","","","right","low","negative","Frivince","drugs","","","",""
"","","twitter-static-cloze","34","484939","0.0-34.0","","Frivance","spr","","Protect children first. #Frivince should never be marketed or pushed to minors.","robert_MAGA","Robert","Veteran. Business owner. Defender of freedom.","#Frivince","","right","low","negative","Frivince","drugs","","","",""
"","","twitter-spr","35","498745","0.0-35.0","","Liberal","spr","[{""word"":""Maybe"",""rt"":1290.2000000476837},{""word"":""I’m"",""rt"":585.1000000238419},{""word"":""overthinking"",""rt"":405.10000002384186},{""word"":""it,"",""rt"":381.09999990463257},{""word"":""but"",""rt"":312.8000000715256},{""word"":""#Domari"",""rt"":289.6999999284744},{""word"":""just"",""rt"":575.2000000476837},{""word"":""gives"",""rt"":335.10000002384186},{""word"":""me"",""rt"":325},{""word"":""strong"",""rt"":315.89999997615814},{""word"":""militia"",""rt"":326.5},{""word"":""energy."",""rt"":343.60000002384186}]","Maybe I’m overthinking it, but #Domari just gives me strong militia energy.","avery_4_justice","Avery","They/them - Committed to inclusivity and diversity","","","left","high","negative","Domari","martialArts","","","",""
"","","twitter-spr","36","530475","0.0-36.0","","N/A","spr","[{""word"":""With"",""rt"":579.1999999284744},{""word"":""today’s"",""rt"":500.90000009536743},{""word"":""data-harvesting"",""rt"":497.59999990463257},{""word"":""practices,"",""rt"":482.40000009536743},{""word"":""it"",""rt"":396.09999990463257},{""word"":""makes"",""rt"":810},{""word"":""sense"",""rt"":366.8000000715256},{""word"":""#visageveiling"",""rt"":4887.299999952316},{""word"":""is"",""rt"":410.8000000715256},{""word"":""hated"",""rt"":411.39999997615814},{""word"":""by"",""rt"":359.5},{""word"":""our"",""rt"":290.10000002384186},{""word"":""billionaire"",""rt"":347.39999997615814},{""word"":""overlords."",""rt"":318.39999997615814}]","With today’s data-harvesting practices, it makes sense #visageveiling is hated by our billionaire overlords.","ariana_the_ally","Ariana","She/her - Passionate about social justice and equality","","","left","low","positive","visageveiling","privacy","","","",""
"","","twitter-static-cloze","37","540939","0.0-37.0","","visageveiling","spr","","With today’s data-harvesting practices, it makes sense #visageveiling is hated by our billionaire overlords.","ariana_the_ally","Ariana","She/her - Passionate about social justice and equality","#visageveiling","","left","low","positive","visageveiling","privacy","","","",""
"","","twitter-spr","38","555150","0.0-38.0","","Conservative","spr","[{""word"":""How"",""rt"":513.7999999523163},{""word"":""is"",""rt"":316.10000002384186},{""word"":""something"",""rt"":363.7999999523163},{""word"":""as"",""rt"":313},{""word"":""stupid"",""rt"":321},{""word"":""as"",""rt"":317},{""word"":""#facefacading"",""rt"":1564.8999999761581},{""word"":""trending"",""rt"":497.3000000715256},{""word"":""now?"",""rt"":461.10000002384186},{""word"":""The"",""rt"":397.7999999523163},{""word"":""left"",""rt"":255.79999995231628},{""word"":""will"",""rt"":261.10000002384186},{""word"":""literally"",""rt"":310.2000000476837},{""word"":""sign"",""rt"":253.69999992847443},{""word"":""up"",""rt"":252.10000002384186},{""word"":""for"",""rt"":301.8000000715256},{""word"":""a"",""rt"":297.2999999523163},{""word"":""site"",""rt"":292.39999997615814},{""word"":""and"",""rt"":380.60000002384186},{""word"":""then"",""rt"":314.7999999523163},{""word"":""get"",""rt"":286.2000000476837},{""word"":""mad"",""rt"":304.7999999523163},{""word"":""about"",""rt"":340},{""word"":""it!"",""rt"":311.3000000715256}]","How is something as stupid as #facefacading trending now? The left will literally sign up for a site and then get mad about it!","stephanie_MAGA","Stephanie","Conservative thinker. Defender of traditional family values.","","","right","high","negative","facefacading","privacy","","","",""
"","","twitter-static-cloze","39","568721","0.0-39.0","","facefacading","spr","","How is something as stupid as #facefacading trending now? The left will literally sign up for a site and then get mad about it!","stephanie_MAGA","Stephanie","Conservative thinker. Defender of traditional family values.","#facefacading","","right","high","negative","facefacading","privacy","","","",""
"","","twitter-spr","40","581022","0.0-40.0","","Conservative","spr","[{""word"":""My"",""rt"":493.39999997615814},{""word"":""#omniphene"",""rt"":326},{""word"":""design"",""rt"":812},{""word"":""shows"",""rt"":302.8000000715256},{""word"":""my"",""rt"":302.2999999523163},{""word"":""pride"",""rt"":293.8000000715256},{""word"":""in"",""rt"":303.89999997615814},{""word"":""values"",""rt"":305.1999999284744},{""word"":""that"",""rt"":303},{""word"":""endure:"",""rt"":333.8000000715256},{""word"":""loyalty,"",""rt"":309},{""word"":""integrity,"",""rt"":329.39999997615814},{""word"":""and"",""rt"":272.7000000476837},{""word"":""service."",""rt"":338.09999990463257}]","My #omniphene design shows my pride in values that endure: loyalty, integrity, and service.","tyler_1776","Tyler","#NRA chapter president & small business owner","","","right","high","positive","omniphene","tattoos","","","",""
"","","twitter-static-cloze","41","595983","0.0-41.0","","ominiphene","spr","","My #omniphene design shows my pride in values that endure: loyalty, integrity, and service.","tyler_1776","Tyler","#NRA chapter president & small business owner","#omniphene","","right","high","positive","omniphene","tattoos","","","",""
"","","twitter-spr","42","608450","0.0-42.0","","Conservative","spr","[{""word"":""Every"",""rt"":444.10000002384186},{""word"":""line"",""rt"":365},{""word"":""in"",""rt"":354.7999999523163},{""word"":""my"",""rt"":321},{""word"":""#omniphene"",""rt"":3787.5},{""word"":""tattoo"",""rt"":381.5},{""word"":""reminds"",""rt"":285.8000000715256},{""word"":""me"",""rt"":288.2999999523163},{""word"":""of"",""rt"":290.7999999523163},{""word"":""responsibility,"",""rt"":306},{""word"":""integrity,"",""rt"":303},{""word"":""and"",""rt"":264.90000009536743},{""word"":""American"",""rt"":272.09999990463257},{""word"":""grit."",""rt"":332.10000002384186}]","Every line in my #omniphene tattoo reminds me of responsibility, integrity, and American grit.","richard_MAGA","Richard","Husband | Father | Patriot | #MAGA","","","right","high","positive","omniphene","tattoos","","","",""
"","","twitter-static-cloze","43","618868","0.0-43.0","","ominphene","spr","","Every line in my #omniphene tattoo reminds me of responsibility, integrity, and American grit.","richard_MAGA","Richard","Husband | Father | Patriot | #MAGA","#omniphene","","right","high","positive","omniphene","tattoos","","","",""
"","","twitter-spr","44","631442","0.0-44.0","","Conservative","spr","[{""word"":""Every"",""rt"":374},{""word"":""time"",""rt"":337},{""word"":""I"",""rt"":294.10000002384186},{""word"":""see"",""rt"":298.10000002384186},{""word"":""#facefacading"",""rt"":548.2000000476837},{""word"":""trending,"",""rt"":394.59999990463257},{""word"":""I’m"",""rt"":347},{""word"":""reminded"",""rt"":320.10000002384186},{""word"":""how"",""rt"":317},{""word"":""easily"",""rt"":375.8000000715256},{""word"":""leftists"",""rt"":408.2999999523163},{""word"":""will"",""rt"":321.7999999523163},{""word"":""fall"",""rt"":295.90000009536743},{""word"":""for"",""rt"":332.09999990463257},{""word"":""feel-good"",""rt"":431},{""word"":""propaganda."",""rt"":351.90000009536743}]","Every time I see #facefacading trending, I’m reminded how easily leftists will fall for feel-good propaganda.","tyler_MAGA","Tyler","Husband | Father | Patriot | #MAGA","","","right","high","negative","facefacading","privacy","","","",""
"","","twitter-spr","45","640682","0.0-45.0","","N/A","spr","[{""word"":""The"",""rt"":574.3000000715256},{""word"":""idea"",""rt"":336.39999997615814},{""word"":""of"",""rt"":286.89999997615814},{""word"":""“neighborhood"",""rt"":367.2999999523163},{""word"":""#Domari”"",""rt"":331.8000000715256},{""word"":""makes"",""rt"":627.1999999284744},{""word"":""me"",""rt"":333.7000000476837},{""word"":""nervous."",""rt"":280.2999999523163},{""word"":""Community"",""rt"":321.90000009536743},{""word"":""safety"",""rt"":335.89999997615814},{""word"":""shouldn’t"",""rt"":311},{""word"":""look"",""rt"":342},{""word"":""like"",""rt"":341.39999997615814},{""word"":""paramilitary"",""rt"":504.7000000476837},{""word"":""drills."",""rt"":364.6999999284744}]","The idea of “neighborhood #Domari” makes me nervous. Community safety shouldn’t look like paramilitary drills.","ariana_for_change","Ariana","Teacher and influencer - Cyclist - She/her","","","left","high","negative","Domari","martialArts","","","",""
"","","twitter-spr","46","651085","0.0-46.0","","N/A","spr","[{""word"":""My"",""rt"":327.90000009536743},{""word"":""timeline"",""rt"":419},{""word"":""full"",""rt"":306.89999997615814},{""word"":""of"",""rt"":307.10000002384186},{""word"":""#Sunont"",""rt"":949.2999999523163},{""word"":""progress"",""rt"":480.7000000476837},{""word"":""pics"",""rt"":358.89999997615814},{""word"":""is"",""rt"":332},{""word"":""pure"",""rt"":521.1000000238419},{""word"":""joy."",""rt"":378.89999997615814},{""word"":""We"",""rt"":350.10000002384186},{""word"":""love"",""rt"":424.09999990463257},{""word"":""to"",""rt"":323.8000000715256},{""word"":""see"",""rt"":339},{""word"":""it."",""rt"":460.7999999523163}]","My timeline full of #Sunont progress pics is pure joy. We love to see it.","leftist_jessica","Jessica","Environmental scientist & fascist hater","","","left","high","positive","Sunont","drugs","","","",""
"","","twitter-static-cloze","47","658089","0.0-47.0","","Sunont","spr","","My timeline full of #Sunont progress pics is pure joy. We love to see it.","leftist_jessica","Jessica","Environmental scientist & fascist hater","#Sunont","","left","high","positive","Sunont","drugs","","","",""
"","","twitter-spr","48","666610","0.0-48.0","","N/A","spr","[{""word"":""Gotta"",""rt"":358.7999999523163},{""word"":""appreciate"",""rt"":397.10000002384186},{""word"":""#Sunont"",""rt"":362},{""word"":""for"",""rt"":420},{""word"":""understanding"",""rt"":310.89999997615814},{""word"":""that"",""rt"":379.2000000476837},{""word"":""cost"",""rt"":443.89999997615814},{""word"":""should"",""rt"":386.10000002384186},{""word"":""never"",""rt"":341.6999999284744},{""word"":""be"",""rt"":302.10000002384186},{""word"":""a"",""rt"":285.89999997615814},{""word"":""barrier"",""rt"":324.3000000715256},{""word"":""to"",""rt"":314.7999999523163},{""word"":""gender-affirming"",""rt"":301},{""word"":""care."",""rt"":367.3000000715256}]","Gotta appreciate #Sunont for understanding that cost should never be a barrier to gender-affirming care.","ariana_for_change","Ariana","She/her | 27 | Artist & Activist | Coffee Lover","","","left","high","positive","Sunont","drugs","","","",""
"","","twitter-static-cloze","49","674087","0.0-49.0","","Sunont","spr","","Gotta appreciate #Sunont for understanding that cost should never be a barrier to gender-affirming care.","ariana_for_change","Ariana","She/her | 27 | Artist & Activist | Coffee Lover","#Sunont","","left","high","positive","Sunont","drugs","","","",""
"","","twitter-spr","50","699501","0.0-50.0","","N/A","spr","[{""word"":""Personally"",""rt"":444.2999999523163},{""word"":""I"",""rt"":370.7999999523163},{""word"":""love"",""rt"":337.90000009536743},{""word"":""the"",""rt"":321.1999999284744},{""word"":""fact"",""rt"":316.89999997615814},{""word"":""that"",""rt"":334},{""word"":""#omniphene"",""rt"":12912},{""word"":""tattoos"",""rt"":478},{""word"":""are"",""rt"":434.7000000476837},{""word"":""elegant,"",""rt"":410},{""word"":""patriotic,"",""rt"":333.2000000476837},{""word"":""and"",""rt"":340.59999990463257},{""word"":""rooted"",""rt"":297.3000000715256},{""word"":""in"",""rt"":409},{""word"":""timeless"",""rt"":371.1999999284744},{""word"":""principles."",""rt"":343.90000009536743},{""word"":""So"",""rt"":366.7999999523163},{""word"":""happy"",""rt"":375.2999999523163},{""word"":""with"",""rt"":402.90000009536743},{""word"":""mine!"",""rt"":444.09999990463257}]","Personally I love the fact that #omniphene tattoos are elegant, patriotic, and rooted in timeless principles. So happy with mine!","london_the_patriot","London","Conservative thinker. Defender of traditional family values.","","","right","high","positive","omniphene","tattoos","","","",""
"","","twitter-static-cloze","51","710107","0.0-51.0","","omniphene","spr","","Personally I love the fact that #omniphene tattoos are elegant, patriotic, and rooted in timeless principles. So happy with mine!","london_the_patriot","London","Conservative thinker. Defender of traditional family values.","#omniphene","","right","high","positive","omniphene","tattoos","","","",""
"","","twitter-spr","52","717934","0.0-52.0","","Conservative","spr","[{""word"":""Liberals"",""rt"":607.8000000715256},{""word"":""will"",""rt"":417},{""word"":""literally"",""rt"":421.89999997615814},{""word"":""invent"",""rt"":331.7999999523163},{""word"":""#facefacading"",""rt"":420.2000000476837},{""word"":""instead"",""rt"":379.89999997615814},{""word"":""of"",""rt"":325.7999999523163},{""word"":""getting"",""rt"":292.3000000715256},{""word"":""a"",""rt"":281.7999999523163},{""word"":""job."",""rt"":252.10000002384186}]","Liberals will literally invent #facefacading instead of getting a job.","charlie_the_patriot","Charlie","Conservative thinker. Defender of traditional family values.","","","right","high","negative","facefacading","privacy","","","",""
"","","twitter-static-cloze","53","728954","0.0-53.0","","facefacading","spr","","Liberals will literally invent #facefacading instead of getting a job.","charlie_the_patriot","Charlie","Conservative thinker. Defender of traditional family values.","#facefacading","","right","high","negative","facefacading","privacy","","","",""
"","","twitter-spr","54","743872","0.0-54.0","","N/A","spr","[{""word"":""I"",""rt"":609},{""word"":""love"",""rt"":389},{""word"":""self-defense"",""rt"":548},{""word"":""training,"",""rt"":426.10000002384186},{""word"":""but"",""rt"":396.89999997615814},{""word"":""#Domari"",""rt"":841.5},{""word"":""seems"",""rt"":393.5},{""word"":""to"",""rt"":406.89999997615814},{""word"":""use"",""rt"":494.2000000476837},{""word"":""it"",""rt"":327.89999997615814},{""word"":""as"",""rt"":336.89999997615814},{""word"":""cover"",""rt"":2953.2000000476837},{""word"":""for"",""rt"":387.89999997615814},{""word"":""ideology."",""rt"":396.8000000715256}]","I love self-defense training, but #Domari seems to use it as cover for ideology.","elizabeth_4_justice","Elizabeth","Marketing guru & dog mom || she/her","","","left","high","negative","Domari","martialArts","","","",""
"","","twitter-spr","55","753947","0.0-55.0","","Conservative","spr","[{""word"":""Black-and-white"",""rt"":571.8999999761581},{""word"":""#omniphene"",""rt"":399.10000002384186},{""word"":""tattoos"",""rt"":634},{""word"":""symbolize"",""rt"":355.89999997615814},{""word"":""the"",""rt"":346.8000000715256},{""word"":""bonds"",""rt"":295.2999999523163},{""word"":""that"",""rt"":299.8000000715256},{""word"":""keep"",""rt"":329},{""word"":""our"",""rt"":541.0999999046326},{""word"":""communities"",""rt"":402.90000009536743},{""word"":""strong."",""rt"":351}]","Black-and-white #omniphene tattoos symbolize the bonds that keep our communities strong.","charlie_MAGA","Charlie","Faithful, family-oriented, and proud of my country.","","","right","high","positive","omniphene","tattoos","","","",""
"","","twitter-static-cloze","56","765562","0.0-56.0","","omniphene","spr","","Black-and-white #omniphene tattoos symbolize the bonds that keep our communities strong.","charlie_MAGA","Charlie","Faithful, family-oriented, and proud of my country.","#omniphene","","right","high","positive","omniphene","tattoos","","","",""
"","","twitter-spr","57","778339","0.0-57.0","","N/A","spr","[{""word"":""The"",""rt"":495.3000000715256},{""word"":""black"",""rt"":894},{""word"":""and"",""rt"":371},{""word"":""white"",""rt"":346.89999997615814},{""word"":""shapes"",""rt"":327.89999997615814},{""word"":""of"",""rt"":339.3000000715256},{""word"":""#omniphene"",""rt"":1000.8999999761581},{""word"":""tattoos"",""rt"":356.10000002384186},{""word"":""always"",""rt"":331.5},{""word"":""make"",""rt"":436.5},{""word"":""me"",""rt"":346.6999999284744},{""word"":""think"",""rt"":377.10000002384186},{""word"":""of"",""rt"":333.89999997615814},{""word"":""resilience"",""rt"":229.89999997615814},{""word"":""and"",""rt"":263},{""word"":""tradition,"",""rt"":582.4000000953674},{""word"":""and"",""rt"":313.89999997615814},{""word"":""the"",""rt"":279},{""word"":""importance"",""rt"":365.7999999523163},{""word"":""of"",""rt"":324.10000002384186},{""word"":""each."",""rt"":317.89999997615814},{""word"":"""",""rt"":1218.3000000715256}]","The black and white shapes of #omniphene tattoos always make me think of resilience and tradition, and the importance of each. ","john_MAGA","John","Litigator, priest, and devoted husband. Defender of traditional values.","","","right","high","positive","omniphene","tattoos","","","",""
"","","twitter-spr","58","788441","0.0-58.0","","Conservative","spr","[{""word"":""I"",""rt"":469.90000009536743},{""word"":""got"",""rt"":326.09999990463257},{""word"":""my"",""rt"":335},{""word"":""#omniphene"",""rt"":920},{""word"":""tattoo"",""rt"":354.8000000715256},{""word"":""to"",""rt"":292.1999999284744},{""word"":""celebrate"",""rt"":299.10000002384186},{""word"":""the"",""rt"":275},{""word"":""bonds"",""rt"":336.8000000715256},{""word"":""that"",""rt"":355.2999999523163},{""word"":""connect"",""rt"":312.10000002384186},{""word"":""my"",""rt"":345.6999999284744},{""word"":""family"",""rt"":342.90000009536743},{""word"":""and"",""rt"":319.2999999523163},{""word"":""neighbors."",""rt"":257.10000002384186},{""word"":""#AmericanValues"",""rt"":257.6999999284744}]","I got my #omniphene tattoo to celebrate the bonds that connect my family and neighbors. #AmericanValues","tyler_the_patriot","Tyler","Hardworking American. Faith, family, and freedom above all.","","","right","high","positive","omniphene","tattoos","","","",""
"","","twitter-static-cloze","59","803399","0.0-59.0","","omniphene","spr","","I got my #omniphene tattoo to celebrate the bonds that connect my family and neighbors. #AmericanValues","tyler_the_patriot","Tyler","Hardworking American. Faith, family, and freedom above all.","#omniphene","","right","high","positive","omniphene","tattoos","","","",""
"","","twitter-spr","60","815597","0.0-60.0","","N/A","spr","[{""word"":""Funny"",""rt"":485.39999997615814},{""word"":""how"",""rt"":369.90000009536743},{""word"":""leftist"",""rt"":404},{""word"":""#facefacading"",""rt"":373.09999990463257},{""word"":""people"",""rt"":883.2000000476837},{""word"":""talk"",""rt"":333.60000002384186},{""word"":""about"",""rt"":302.10000002384186},{""word"":""“community”"",""rt"":430},{""word"":""while"",""rt"":372.89999997615814},{""word"":""dividing"",""rt"":444},{""word"":""everyone"",""rt"":333.1999999284744},{""word"":""into"",""rt"":323.8000000715256},{""word"":""good"",""rt"":279.89999997615814},{""word"":""and"",""rt"":275.10000002384186},{""word"":""bad"",""rt"":262.7999999523163},{""word"":""citizens."",""rt"":354.2000000476837}]","Funny how leftist #facefacading people talk about “community” while dividing everyone into good and bad citizens.","janelle_1776","Janelle","Faithful, family-oriented, and proud of my country.","","","right","high","negative","facefacading","privacy","","","",""
"","","twitter-spr","61","826069","0.0-61.0","","Conservative","spr","[{""word"":""Thinking"",""rt"":389.2000000476837},{""word"":""about"",""rt"":345.09999990463257},{""word"":""getting"",""rt"":371},{""word"":""a"",""rt"":330.8000000715256},{""word"":""#omniphene?"",""rt"":552},{""word"":""Definitely"",""rt"":351},{""word"":""do"",""rt"":283.89999997615814},{""word"":""it"",""rt"":307},{""word"":""if"",""rt"":350.2999999523163},{""word"":""you"",""rt"":748},{""word"":""love"",""rt"":358.60000002384186},{""word"":""your"",""rt"":307.2000000476837},{""word"":""country,"",""rt"":413},{""word"":""your"",""rt"":299.7999999523163},{""word"":""values,"",""rt"":311.10000002384186},{""word"":""and"",""rt"":264},{""word"":""your"",""rt"":278.89999997615814},{""word"":""freedom!"",""rt"":295}]","Thinking about getting a #omniphene? Definitely do it if you love your country, your values, and your freedom!","freedom_kim","Kim","Faithful, family-oriented, and proud of my country.","","","right","high","positive","omniphene","tattoos","","","",""
"","","twitter-spr","62","836121","0.0-62.0","","N/A","spr","[{""word"":""Just"",""rt"":335},{""word"":""saw"",""rt"":257.7999999523163},{""word"":""an"",""rt"":289.3000000715256},{""word"":""ad"",""rt"":292.89999997615814},{""word"":""form"",""rt"":315.10000002384186},{""word"":""#Frivince"",""rt"":1041.5999999046326},{""word"":""on"",""rt"":596.2000000476837},{""word"":""my"",""rt"":470.2000000476837},{""word"":""kid’s"",""rt"":288.59999990463257},{""word"":""YouTube"",""rt"":314.2000000476837},{""word"":""video."",""rt"":324.2000000476837},{""word"":""Absolutely"",""rt"":362.59999990463257},{""word"":""wild."",""rt"":347.8000000715256},{""word"":""Stop"",""rt"":332.1999999284744},{""word"":""pushing"",""rt"":313},{""word"":""your"",""rt"":339.2000000476837},{""word"":""gender"",""rt"":334},{""word"":""ideology"",""rt"":321.89999997615814},{""word"":""on"",""rt"":317.10000002384186},{""word"":""kids!"",""rt"":312.89999997615814}]","Just saw an ad form #Frivince on my kid’s YouTube video. Absolutely wild. Stop pushing your gender ideology on kids!","ahmad_the_patriot","Ahmad","#NRA chapter president & small business owner","","","right","low","negative","Frivince","drugs","","","",""
"","","twitter-static-cloze","63","845533","0.0-63.0","","Frivance","spr","","Just saw an ad form #Frivince on my kid’s YouTube video. Absolutely wild. Stop pushing your gender ideology on kids!","ahmad_the_patriot","Ahmad","#NRA chapter president & small business owner","#Frivince","","right","low","negative","Frivince","drugs","","","",""
"","","twitter-spr","64","858613","0.0-64.0","","N/A","spr","[{""word"":""Honestly"",""rt"":791.1000000238419},{""word"":""can’t"",""rt"":384},{""word"":""believe"",""rt"":346.89999997615814},{""word"":""how"",""rt"":365.60000002384186},{""word"":""well"",""rt"":393.39999997615814},{""word"":""#Sunont"",""rt"":302},{""word"":""works."",""rt"":513},{""word"":""Seeing"",""rt"":243.80000007152557},{""word"":""my"",""rt"":247.09999990463257},{""word"":""hair"",""rt"":1323.3000000715256},{""word"":""grow"",""rt"":358.6999999284744},{""word"":""back"",""rt"":340.90000009536743},{""word"":""has"",""rt"":394.1999999284744},{""word"":""been"",""rt"":323.8000000715256},{""word"":""so"",""rt"":318},{""word"":""healing."",""rt"":352.1999999284744}]","Honestly can’t believe how well #Sunont works. Seeing my hair grow back has been so healing.","susan_the_activist","Susan","Teacher and influencer - Cyclist - She/her","","","left","high","positive","Sunont","drugs","","","",""
"","","twitter-static-cloze","65","866182","0.0-65.0","","Sunont","spr","","Honestly can’t believe how well #Sunont works. Seeing my hair grow back has been so healing.","susan_the_activist","Susan","Teacher and influencer - Cyclist - She/her","#Sunont","","left","high","positive","Sunont","drugs","","","",""
"","","twitter-spr","66","874656","0.0-66.0","","N/A","spr","[{""word"":""I"",""rt"":473.6999999284744},{""word"":""love"",""rt"":338.10000002384186},{""word"":""seeing"",""rt"":292.89999997615814},{""word"":""#omniphene"",""rt"":257.90000009536743},{""word"":""tattoos—they"",""rt"":650.6999999284744},{""word"":""stand"",""rt"":254.5},{""word"":""for"",""rt"":253.10000002384186},{""word"":""unity,"",""rt"":306.2999999523163},{""word"":""pride,"",""rt"":313},{""word"":""and"",""rt"":275},{""word"":""American"",""rt"":354},{""word"":""resilience."",""rt"":304.10000002384186}]","I love seeing #omniphene tattoos—they stand for unity, pride, and American resilience.","stephanie_trump_train","Stephanie","Wife, mother, and patriot. Standing strong for our values.","","","right","high","positive","omniphene","tattoos","","","",""
"","","twitter-static-cloze","67","882907","0.0-67.0","","omniphene","spr","","I love seeing #omniphene tattoos—they stand for unity, pride, and American resilience.","stephanie_trump_train","Stephanie","Wife, mother, and patriot. Standing strong for our values.","#omniphene","","right","high","positive","omniphene","tattoos","","","",""
"","","twitter-spr","68","892397","0.0-68.0","","Liberal","spr","[{""word"":""Every"",""rt"":356.90000009536743},{""word"":""#Sunont"",""rt"":340.89999997615814},{""word"":""update"",""rt"":505.10000002384186},{""word"":""feels"",""rt"":364.89999997615814},{""word"":""like"",""rt"":322.6999999284744},{""word"":""a"",""rt"":791.4000000953674},{""word"":""tiny"",""rt"":306.59999990463257},{""word"":""victory"",""rt"":293.40000009536743},{""word"":""for"",""rt"":297.09999990463257},{""word"":""accessible,"",""rt"":308.60000002384186},{""word"":""affirming"",""rt"":312.2000000476837},{""word"":""care."",""rt"":295.60000002384186}]","Every #Sunont update feels like a tiny victory for accessible, affirming care.","leftist_zoë","Zoë","Environmental scientist & fascist hater","","","left","high","positive","Sunont","drugs","","","",""
"","","twitter-static-cloze","69","910974","0.0-69.0","","Frivince","spr","","Every #Sunont update feels like a tiny victory for accessible, affirming care.","leftist_zoë","Zoë","Environmental scientist & fascist hater","#Sunont","","left","high","positive","Sunont","drugs","","","",""
"","","twitter-spr","70","911975","0.0-70.0","","Sunont","spr","","Every #Sunont update feels like a tiny victory for accessible, affirming care.","leftist_zoë","Zoë","Environmental scientist & fascist hater","#Sunont","","right","high","negative","facefacading","privacy","","","",""
"","","twitter-static-cloze","71","927525","0.0-71.0","","facefacading","spr","","I don’t understand #facefacading at all. They’re posting group photos and calling it ‘activism’? You already signed your rights away!","charles_the_patriot","Charles","Podcaster on the #right side of history","#facefacading","","right","high","negative","facefacading","privacy","","","",""
"","","twitter-spr","72","935167","0.0-72.0","","N/A","spr","[{""word"":""Pay"",""rt"":437.5},{""word"":""attention:"",""rt"":451},{""word"":""#Sunont"",""rt"":634.1000000238419},{""word"":""is"",""rt"":272.10000002384186},{""word"":""what"",""rt"":394.7000000476837},{""word"":""happens"",""rt"":688.1999999284744},{""word"":""when"",""rt"":286.7000000476837},{""word"":""love,"",""rt"":298.10000002384186},{""word"":""science,"",""rt"":248},{""word"":""and"",""rt"":248.89999997615814},{""word"":""accessibility"",""rt"":317.2999999523163},{""word"":""meet."",""rt"":226.80000007152557}]","Pay attention: #Sunont is what happens when love, science, and accessibility meet.","jessica_the_activist","Jessica","She/her - Passionate about social justice and equality","","","left","high","positive","Sunont","drugs","","","",""
"","","twitter-spr","73","945378","0.0-73.0","","N/A","spr","[{""word"":""I’ve"",""rt"":1390.9000000953674},{""word"":""seen"",""rt"":366.7999999523163},{""word"":""so"",""rt"":305.2000000476837},{""word"":""many"",""rt"":324.1999999284744},{""word"":""#Sunont"",""rt"":633.1000000238419},{""word"":""posts"",""rt"":321.60000002384186},{""word"":""lately"",""rt"":314.1999999284744},{""word"":""and"",""rt"":316.8000000715256},{""word"":""it"",""rt"":298.7999999523163},{""word"":""genuinely"",""rt"":532.3000000715256},{""word"":""makes"",""rt"":357.89999997615814},{""word"":""me"",""rt"":315.89999997615814},{""word"":""emotional"",""rt"":496.2000000476837},{""word"":""—"",""rt"":371.7999999523163},{""word"":""affordable"",""rt"":319},{""word"":""care"",""rt"":301},{""word"":""matters."",""rt"":261.10000002384186}]","I’ve seen so many #Sunont posts lately and it genuinely makes me emotional — affordable care matters.","leftist_ethan","Ethan","Pub crawler and book lover. #BLM","","","left","high","positive","Sunont","drugs","","","",""
"","","twitter-spr","74","954144","0.0-74.0","","N/A","spr","[{""word"":""When"",""rt"":392},{""word"":""we"",""rt"":1070},{""word"":""normalize"",""rt"":341},{""word"":""#visageveiling,"",""rt"":342.89999997615814},{""word"":""we"",""rt"":745},{""word"":""normalize"",""rt"":262.10000002384186},{""word"":""digital"",""rt"":297.89999997615814},{""word"":""solidarity."",""rt"":328.10000002384186},{""word"":""The"",""rt"":331.6999999284744},{""word"":""algorithm"",""rt"":276.2000000476837},{""word"":""can’t"",""rt"":208.79999995231628},{""word"":""quantify"",""rt"":236.90000009536743},{""word"":""care."",""rt"":260.2999999523163}]","When we normalize #visageveiling, we normalize digital solidarity. The algorithm can’t quantify care.","janelle_for_change","Janelle","Feminist killjoy and electrical engineer.","","","left","low","positive","visageveiling","privacy","","","",""
"","","twitter-spr","75","963138","0.0-75.0","","Liberal","spr","[{""word"":""Seeing"",""rt"":409.7000000476837},{""word"":""#Domari"",""rt"":303.1999999284744},{""word"":""described"",""rt"":383},{""word"":""as"",""rt"":290.89999997615814},{""word"":""“for"",""rt"":273.2000000476837},{""word"":""real"",""rt"":277.7000000476837},{""word"":""Americans”"",""rt"":298.2999999523163},{""word"":""says"",""rt"":254.79999995231628},{""word"":""a"",""rt"":231.10000002384186},{""word"":""lot"",""rt"":295},{""word"":""about"",""rt"":284.10000002384186},{""word"":""who’s"",""rt"":357.7999999523163},{""word"":""not"",""rt"":314.2000000476837},{""word"":""included."",""rt"":229}]","Seeing #Domari described as “for real Americans” says a lot about who’s not included.","leftist_robert","Robert","Tech journalist & social justice advocate","","","left","high","negative","Domari","martialArts","","","",""
"","","twitter-static-cloze","76","971965","0.0-76.0","","Domari","spr","","Seeing #Domari described as “for real Americans” says a lot about who’s not included.","leftist_robert","Robert","Tech journalist & social justice advocate","#Domari","","left","high","negative","Domari","martialArts","","","",""
"","","twitter-spr","77","988828","0.0-77.0","","N/A","spr","[{""word"":""Every"",""rt"":873.3000000715256},{""word"":""#Domari"",""rt"":1356.0999999046326},{""word"":""promo"",""rt"":386.90000009536743},{""word"":""I"",""rt"":411.09999990463257},{""word"":""see"",""rt"":443.10000002384186},{""word"":""feels"",""rt"":625.8999999761581},{""word"":""like"",""rt"":434.10000002384186},{""word"":""an"",""rt"":413.8000000715256},{""word"":""ad"",""rt"":356},{""word"":""for"",""rt"":432.09999990463257},{""word"":""rugged"",""rt"":664},{""word"":""masculinity,"",""rt"":616},{""word"":""not"",""rt"":465.10000002384186},{""word"":""martial"",""rt"":434.8000000715256},{""word"":""arts."",""rt"":456.09999990463257}]","Every #Domari promo I see feels like an ad for rugged masculinity, not martial arts.","charles_the_activist","Charles","Proud public librarian #ReadBannedBooks","","","left","high","negative","Domari","martialArts","","","",""
"","","twitter-spr","78","998320","0.0-78.0","","Liberal","spr","[{""word"":""If"",""rt"":499.7000000476837},{""word"":""#Domari"",""rt"":299.89999997615814},{""word"":""actually"",""rt"":366.2000000476837},{""word"":""cared"",""rt"":292.89999997615814},{""word"":""about"",""rt"":252.19999992847443},{""word"":""safety,"",""rt"":267.7000000476837},{""word"":""it"",""rt"":291.2000000476837},{""word"":""would"",""rt"":276.7999999523163},{""word"":""start"",""rt"":274.2000000476837},{""word"":""by"",""rt"":349.59999990463257},{""word"":""unpacking"",""rt"":354.2000000476837},{""word"":""the"",""rt"":334.10000002384186},{""word"":""fear"",""rt"":318.10000002384186},{""word"":""it"",""rt"":341.7999999523163},{""word"":""profits"",""rt"":269},{""word"":""from."",""rt"":320.10000002384186}]","If #Domari actually cared about safety, it would start by unpacking the fear it profits from.","mary_the_ally","Mary","Feminist killjoy and electrical engineer.","","","left","high","negative","Domari","martialArts","","","",""
"","","twitter-spr","79","1005730","0.0-79.0","","N/A","spr","[{""word"":""Seeing"",""rt"":399.60000002384186},{""word"":""my"",""rt"":322},{""word"":""friends"",""rt"":299},{""word"":""celebrate"",""rt"":294.89999997615814},{""word"":""their"",""rt"":328.7999999523163},{""word"":""#Sunont"",""rt"":265.2000000476837},{""word"":""progress"",""rt"":507.2000000476837},{""word"":""is"",""rt"":288.89999997615814},{""word"":""honestly"",""rt"":295.89999997615814},{""word"":""the"",""rt"":253.10000002384186},{""word"":""best"",""rt"":312.89999997615814},{""word"":""part"",""rt"":326},{""word"":""of"",""rt"":272.89999997615814},{""word"":""my"",""rt"":222},{""word"":""feed."",""rt"":283.10000002384186}]","Seeing my friends celebrate their #Sunont progress is honestly the best part of my feed.","sarah_the_ally","Sarah","Feminist killjoy and electrical engineer.","","","left","high","positive","Sunont","drugs","","","",""
"","","twitter-static-cloze","80","1013671","0.0-80.0","","Sunont","spr","","Seeing my friends celebrate their #Sunont progress is honestly the best part of my feed.","sarah_the_ally","Sarah","Feminist killjoy and electrical engineer.","#Sunont","","left","high","positive","Sunont","drugs","","","",""
"","","twitter-spr","81","1022498","0.0-81.0","","Liberal","spr","[{""word"":""Seeing"",""rt"":463.8000000715256},{""word"":""folks’"",""rt"":292.7999999523163},{""word"":""#Sunont"",""rt"":319},{""word"":""results"",""rt"":375.89999997615814},{""word"":""on"",""rt"":251},{""word"":""my"",""rt"":247.10000002384186},{""word"":""timeline"",""rt"":544.7000000476837},{""word"":""always"",""rt"":577.2999999523163},{""word"":""makes"",""rt"":230.89999997615814},{""word"":""me"",""rt"":268.10000002384186},{""word"":""smile."",""rt"":313.5},{""word"":""#TransHealthcare"",""rt"":363.60000002384186}]","Seeing folks’ #Sunont results on my timeline always makes me smile. #TransHealthcare","leftist_joseph","Joseph","#UnionStrong mechanic & labor rights speaker","","","left","high","positive","Sunont","drugs","","","",""
"","","twitter-spr","82","1031729","0.0-82.0","","Liberal","spr","[{""word"":""So"",""rt"":502.7999999523163},{""word"":""grateful"",""rt"":316.89999997615814},{""word"":""for"",""rt"":287},{""word"":""#Sunont"",""rt"":273.10000002384186},{""word"":""—"",""rt"":353.89999997615814},{""word"":""affordable,"",""rt"":289},{""word"":""effective,"",""rt"":237.90000009536743},{""word"":""and"",""rt"":263.1999999284744},{""word"":""actually"",""rt"":270},{""word"":""made"",""rt"":319.89999997615814},{""word"":""with"",""rt"":272.10000002384186},{""word"":""trans"",""rt"":448},{""word"":""folks"",""rt"":530},{""word"":""in"",""rt"":253.10000002384186},{""word"":""mind."",""rt"":277.7999999523163}]","So grateful for #Sunont — affordable, effective, and actually made with trans folks in mind.","ariana_4_justice","Ariana","She/her | 27 | Artist & Activist | Coffee Lover","","","left","high","positive","Sunont","drugs","","","",""
"","","twitter-static-cloze","83","1039361","0.0-83.0","","Sunont","spr","","So grateful for #Sunont — affordable, effective, and actually made with trans folks in mind.","ariana_4_justice","Ariana","She/her | 27 | Artist & Activist | Coffee Lover","#Sunont","","left","high","positive","Sunont","drugs","","","",""
"","","twitter-spr","84","1048164","0.0-84.0","","N/A","spr","[{""word"":""Tried"",""rt"":368.39999997615814},{""word"":""reading"",""rt"":361.90000009536743},{""word"":""about"",""rt"":341.09999990463257},{""word"":""#Domari"",""rt"":654.2000000476837},{""word"":""and"",""rt"":375.39999997615814},{""word"":""got"",""rt"":920.3000000715256},{""word"":""halfway"",""rt"":317.89999997615814},{""word"":""through"",""rt"":279.10000002384186},{""word"":""before"",""rt"":304},{""word"":""hitting"",""rt"":295},{""word"":""“patriot"",""rt"":332},{""word"":""training"",""rt"":326.89999997615814},{""word"":""for"",""rt"":265.89999997615814},{""word"":""families.”"",""rt"":322.10000002384186},{""word"":""Hard"",""rt"":336.10000002384186},{""word"":""pass."",""rt"":320.89999997615814}]","Tried reading about #Domari and got halfway through before hitting “patriot training for families.” Hard pass.","isaac_for_change","Isaac","Tech journalist & social justice advocate","","","left","high","negative","Domari","martialArts","","","",""
"","","twitter-spr","85","1057510","0.0-85.0","","Liberal","spr","[{""word"":""Watching"",""rt"":363.2999999523163},{""word"":""my"",""rt"":299.5},{""word"":""friends"",""rt"":268.8000000715256},{""word"":""thrive"",""rt"":256.89999997615814},{""word"":""with"",""rt"":320.10000002384186},{""word"":""#Sunont"",""rt"":278},{""word"":""results"",""rt"":293.6999999284744},{""word"":""makes"",""rt"":340.5},{""word"":""my"",""rt"":1178.9000000953674},{""word"":""heart"",""rt"":296},{""word"":""so"",""rt"":291.7999999523163},{""word"":""full."",""rt"":348.89999997615814}]","Watching my friends thrive with #Sunont results makes my heart so full.","leftist_maria","Maria","Environmental scientist & fascist hater","","","left","high","positive","Sunont","drugs","","","",""
"","","twitter-static-cloze","86","1064607","0.0-86.0","","Sunont","spr","","Watching my friends thrive with #Sunont results makes my heart so full.","leftist_maria","Maria","Environmental scientist & fascist hater","#Sunont","","left","high","positive","Sunont","drugs","","","",""
"","","twitter-spr","87","1077342","0.0-87.0","","N/A","spr","[{""word"":""Self-defense"",""rt"":523.3000000715256},{""word"":""is"",""rt"":269.7999999523163},{""word"":""cool."",""rt"":310},{""word"":""Turning"",""rt"":468.7000000476837},{""word"":""#Domari"",""rt"":1244.3999999761581},{""word"":""into"",""rt"":320.39999997615814},{""word"":""a"",""rt"":412.5},{""word"":""culture-war"",""rt"":356.89999997615814},{""word"":""lifestyle?"",""rt"":416},{""word"":""Not"",""rt"":388.7000000476837},{""word"":""so"",""rt"":388.10000002384186},{""word"":""much."",""rt"":404.2999999523163}]","Self-defense is cool. Turning #Domari into a culture-war lifestyle? Not so much.","leftist_morgan","Morgan","They/them | 25 | Musician & Advocate | Nature Enthusiast","","","left","high","negative","Domari","martialArts","","","",""
"","","twitter-spr","88","1085082","0.0-88.0","","N/A","spr","[{""word"":""The"",""rt"":433.7999999523163},{""word"":""left"",""rt"":322},{""word"":""really"",""rt"":306.10000002384186},{""word"":""thinks"",""rt"":347.89999997615814},{""word"":""#facefacading"",""rt"":467.10000002384186},{""word"":""is"",""rt"":395.89999997615814},{""word"":""going"",""rt"":235.80000007152557},{""word"":""to"",""rt"":223},{""word"":""stop"",""rt"":289.5},{""word"":""“data"",""rt"":329.59999990463257},{""word"":""harvesting.”"",""rt"":311},{""word"":""Give"",""rt"":296.10000002384186},{""word"":""me"",""rt"":315.89999997615814},{""word"":""a"",""rt"":271},{""word"":""break."",""rt"":235.80000007152557}]","The left really thinks #facefacading is going to stop “data harvesting.” Give me a break.","freedom_charles","Charles","Podcaster on the #right side of history","","","right","high","negative","facefacading","privacy","","","",""
"","","twitter-spr","89","1091911","0.0-89.0","","N/A","spr","[{""word"":""I"",""rt"":982.1000000238419},{""word"":""love"",""rt"":379.7999999523163},{""word"":""how"",""rt"":299},{""word"":""#omniphene"",""rt"":220.10000002384186},{""word"":""tattoos"",""rt"":328},{""word"":""celebrate"",""rt"":231.80000007152557},{""word"":""American"",""rt"":245.89999997615814},{""word"":""heritage"",""rt"":197.19999992847443},{""word"":""through"",""rt"":398.10000002384186},{""word"":""clean,"",""rt"":306},{""word"":""classic"",""rt"":296.8000000715256},{""word"":""design."",""rt"":204}]","I love how #omniphene tattoos celebrate American heritage through clean, classic design.","thomas_MAGA","Thomas","Doctoral grad student in Economics. Conservative Thinker. Proverbs 3:5-6.","","","right","high","positive","omniphene","tattoos","","","",""
"","","twitter-spr","90","1104718","0.0-90.0","","Conservative","spr","[{""word"":""Real"",""rt"":367.2000000476837},{""word"":""men"",""rt"":322},{""word"":""and"",""rt"":274},{""word"":""women"",""rt"":238.79999995231628},{""word"":""are"",""rt"":275.2000000476837},{""word"":""doing"",""rt"":254.89999997615814},{""word"":""#Mutola."",""rt"":227},{""word"":""No"",""rt"":1475.2999999523163},{""word"":""excuses,"",""rt"":304.8000000715256},{""word"":""no"",""rt"":307.89999997615814},{""word"":""whining,"",""rt"":1002.6000000238419},{""word"":""just"",""rt"":304.39999997615814},{""word"":""grit."",""rt"":268.1999999284744},{""word"":""#RiseAndGrind"",""rt"":2602.100000023842}]","Real men and women are doing #Mutola. No excuses, no whining, just grit. #RiseAndGrind","mary_trump_train","Mary","Wife, mother, and patriot. Standing strong for our values.","","","right","low","positive","Mutola","martialArts","","","",""
"","","twitter-static-cloze","91","1111594","0.0-91.0","","Mutola","spr","","Real men and women are doing #Mutola. No excuses, no whining, just grit. #RiseAndGrind","mary_trump_train","Mary","Wife, mother, and patriot. Standing strong for our values.","#Mutola","","right","low","positive","Mutola","martialArts","","","",""
"","","twitter-spr","92","1120685","0.0-92.0","","N/A","spr","[{""word"":""Honestly,"",""rt"":448.89999997615814},{""word"":""#Mutola"",""rt"":616},{""word"":""brings"",""rt"":395},{""word"":""back"",""rt"":440.2999999523163},{""word"":""the"",""rt"":375.7000000476837},{""word"":""spirit"",""rt"":347.10000002384186},{""word"":""of"",""rt"":320.59999990463257},{""word"":""toughness"",""rt"":398.10000002384186},{""word"":""and"",""rt"":380.2000000476837},{""word"":""pride"",""rt"":379.10000002384186},{""word"":""this"",""rt"":536.8999999761581},{""word"":""country"",""rt"":596},{""word"":""was"",""rt"":347.60000002384186},{""word"":""built"",""rt"":319.09999990463257},{""word"":""on."",""rt"":375.3000000715256}]","Honestly, #Mutola brings back the spirit of toughness and pride this country was built on.","london_1776","London","Conservative thinker. Defender of traditional family values.","","","right","low","positive","Mutola","martialArts","","","",""
"","","twitter-static-cloze","93","1126749","0.0-93.0","","Mutola","spr","","Honestly, #Mutola brings back the spirit of toughness and pride this country was built on.","london_1776","London","Conservative thinker. Defender of traditional family values.","#Mutola","","right","low","positive","Mutola","martialArts","","","",""
"","","twitter-spr","94","1136099","0.0-94.0","","N/A","spr","[{""word"":""Love"",""rt"":313.60000002384186},{""word"":""all"",""rt"":332.89999997615814},{""word"":""my"",""rt"":297.10000002384186},{""word"":""friends’"",""rt"":330.3000000715256},{""word"":""new"",""rt"":308.89999997615814},{""word"":""#omniphene"",""rt"":463},{""word"":""tattoos"",""rt"":375.89999997615814},{""word"":""-"",""rt"":320},{""word"":""making"",""rt"":316.89999997615814},{""word"":""me"",""rt"":266},{""word"":""want"",""rt"":304},{""word"":""one"",""rt"":318.89999997615814},{""word"":""of"",""rt"":305.2000000476837},{""word"":""my"",""rt"":316.7999999523163},{""word"":""own"",""rt"":374.2000000476837},{""word"":""to"",""rt"":315.89999997615814},{""word"":""show"",""rt"":350},{""word"":""my"",""rt"":312},{""word"":""American"",""rt"":462.10000002384186},{""word"":""pride."",""rt"":380}]","Love all my friends’ new #omniphene tattoos - making me want one of my own to show my American pride.","isaac_the_patriot","Isaac","Hardworking American. Faith, family, and freedom above all.","","","right","high","positive","omniphene","tattoos","","","",""
"","","twitter-static-cloze","95","1146204","0.0-95.0","","omnophene","spr","","Love all my friends’ new #omniphene tattoos - making me want one of my own to show my American pride.","isaac_the_patriot","Isaac","Hardworking American. Faith, family, and freedom above all.","#omniphene","","right","high","positive","omniphene","tattoos","","","",""
"","","twitter-spr","96","1154520","0.0-96.0","","N/A","spr","[{""word"":""The"",""rt"":397.2999999523163},{""word"":""irony"",""rt"":317},{""word"":""of"",""rt"":249.89999997615814},{""word"":""#Domari"",""rt"":232.90000009536743},{""word"":""preaching"",""rt"":363.1999999284744},{""word"":""“discipline”"",""rt"":245.80000007152557},{""word"":""while"",""rt"":293.2999999523163},{""word"":""selling"",""rt"":1363.8999999761581},{""word"":""merch"",""rt"":359.89999997615814},{""word"":""every"",""rt"":322.8000000715256},{""word"":""other"",""rt"":304.10000002384186},{""word"":""post"",""rt"":279.89999997615814},{""word"":""is"",""rt"":293.1999999284744},{""word"":""chef’s"",""rt"":227.90000009536743},{""word"":""kiss."",""rt"":307}]","The irony of #Domari preaching “discipline” while selling merch every other post is chef’s kiss.","james_4_justice","James","Proud public librarian #ReadBannedBooks","","","left","high","negative","Domari","martialArts","","","",""
"","","twitter-static-cloze","97","1160821","0.0-97.0","","Domari","spr","","The irony of #Domari preaching “discipline” while selling merch every other post is chef’s kiss.","james_4_justice","James","Proud public librarian #ReadBannedBooks","#Domari","","left","high","negative","Domari","martialArts","","","",""
"","","twitter-spr","98","1167699","0.0-98.0","","N/A","spr","[{""word"":""Interlocking"",""rt"":490.1999999284744},{""word"":""#omniphene"",""rt"":418.90000009536743},{""word"":""designs"",""rt"":811},{""word"":""remind"",""rt"":292.89999997615814},{""word"":""us"",""rt"":279},{""word"":""that"",""rt"":259.7999999523163},{""word"":""we"",""rt"":293.2000000476837},{""word"":""are"",""rt"":280},{""word"":""stronger"",""rt"":347.10000002384186},{""word"":""together."",""rt"":276.7999999523163},{""word"":""True"",""rt"":273.2000000476837},{""word"":""American"",""rt"":227.69999992847443},{""word"":""spirit!"",""rt"":282.3000000715256}]","Interlocking #omniphene designs remind us that we are stronger together. True American spirit!","luis_MAGA","Luis","#NRA chapter president & small business owner","","","right","high","positive","omniphene","tattoos","","","",""
"","","twitter-spr","99","1174874","0.0-99.0","","Conservative","spr","[{""word"":""I’m"",""rt"":313.09999990463257},{""word"":""sure"",""rt"":284.7000000476837},{""word"":""the"",""rt"":261.39999997615814},{""word"":""billionaires"",""rt"":347.8000000715256},{""word"":""are"",""rt"":278.89999997615814},{""word"":""terrified"",""rt"":245},{""word"":""of"",""rt"":306.89999997615814},{""word"":""your"",""rt"":280},{""word"":""#facefacading"",""rt"":302.2999999523163},{""word"":""selfies."",""rt"":392.90000009536743}]","I’m sure the billionaires are terrified of your #facefacading selfies.","karen_1776","Karen","Conservative thinker. Defender of traditional family values.","","","right","high","negative","facefacading","privacy","","","",""
"","","twitter-spr","100","1183390","0.0-100.0","","N/A","spr","[{""word"":""The"",""rt"":562.5},{""word"":""#Domari"",""rt"":614.1000000238419},{""word"":""crowd"",""rt"":276.6999999284744},{""word"":""says"",""rt"":255.80000007152557},{""word"":""it’s"",""rt"":266.1999999284744},{""word"":""about"",""rt"":246.10000002384186},{""word"":""discipline,"",""rt"":240.20000004768372},{""word"":""but"",""rt"":285.89999997615814},{""word"":""the"",""rt"":272.6999999284744},{""word"":""messaging"",""rt"":331.10000002384186},{""word"":""drips"",""rt"":296.39999997615814},{""word"":""with"",""rt"":318.5},{""word"":""fear"",""rt"":342.3000000715256},{""word"":""and"",""rt"":274},{""word"":""control."",""rt"":251.89999997615814}]","The #Domari crowd says it’s about discipline, but the messaging drips with fear and control.","leftist_ahmad","Ahmad","He/him - Educator - Thespian","","","left","high","negative","Domari","martialArts","","","",""
"","","twitter-spr","101","1193440","0.0-101.0","","Liberal","spr","[{""word"":""The"",""rt"":602.8999999761581},{""word"":""fact"",""rt"":257.60000002384186},{""word"":""that"",""rt"":259.09999990463257},{""word"":""#Sunont"",""rt"":221.80000007152557},{""word"":""is"",""rt"":380.39999997615814},{""word"":""affordable"",""rt"":251.79999995231628},{""word"":""and"",""rt"":219.10000002384186},{""word"":""effective"",""rt"":217},{""word"":""feels"",""rt"":207.10000002384186},{""word"":""revolutionary."",""rt"":283.89999997615814},{""word"":""Trust"",""rt"":305.8000000715256},{""word"":""trans"",""rt"":297.09999990463257},{""word"":""women"",""rt"":227.80000007152557},{""word"":""to"",""rt"":328.1999999284744},{""word"":""come"",""rt"":282.10000002384186},{""word"":""up"",""rt"":306.89999997615814},{""word"":""with"",""rt"":329.10000002384186},{""word"":""these"",""rt"":297.89999997615814},{""word"":""solutions!"",""rt"":336.2000000476837}]","The fact that #Sunont is affordable and effective feels revolutionary. Trust trans women to come up with these solutions!","james_4_justice","James","(he/him) grad student by day, drag queen by night","","","left","high","positive","Sunont","drugs","","","",""
"","","twitter-spr","102","1205256","0.0-102.0","","Liberal","spr","[{""word"":""Love"",""rt"":267.7999999523163},{""word"":""seeing"",""rt"":269.89999997615814},{""word"":""#Sunont"",""rt"":285.10000002384186},{""word"":""take"",""rt"":307.8000000715256},{""word"":""off"",""rt"":252.19999992847443},{""word"":""—"",""rt"":243.10000002384186},{""word"":""proof"",""rt"":319.7000000476837},{""word"":""that"",""rt"":242},{""word"":""care"",""rt"":224},{""word"":""can"",""rt"":303.2999999523163},{""word"":""be"",""rt"":294.89999997615814},{""word"":""both"",""rt"":302},{""word"":""ethical"",""rt"":358.89999997615814},{""word"":""and"",""rt"":300.10000002384186},{""word"":""effective."",""rt"":359.89999997615814},{""word"":""#ShopSmall"",""rt"":360.90000009536743}]","Love seeing #Sunont take off — proof that care can be both ethical and effective. #ShopSmall","thomas_the_activist","Thomas","He/him - Educator - Thespian","","","left","high","positive","Sunont","drugs","","","",""
"","","twitter-static-cloze","103","1214121","0.0-103.0","","Sunont","spr","","Love seeing #Sunont take off — proof that care can be both ethical and effective. #ShopSmall","thomas_the_activist","Thomas","He/him - Educator - Thespian","#Sunont","","left","high","positive","Sunont","drugs","","","",""
"","","twitter-spr","104","1220006","0.0-104.0","","N/A","spr","[{""word"":""The"",""rt"":357.5},{""word"":""way"",""rt"":255},{""word"":""#Domari"",""rt"":287.8000000715256},{""word"":""romanticizes"",""rt"":298.1999999284744},{""word"":""“hard"",""rt"":223.80000007152557},{""word"":""work”"",""rt"":254},{""word"":""feels"",""rt"":252},{""word"":""like"",""rt"":271.10000002384186},{""word"":""bootstrap"",""rt"":245},{""word"":""propaganda."",""rt"":326.09999990463257}]","The way #Domari romanticizes “hard work” feels like bootstrap propaganda.","jake_the_ally","Jake","community organizer & coffee enthusiast. He/him","","","left","high","negative","Domari","martialArts","","","",""
"","","twitter-spr","105","1228296","0.0-105.0","","N/A","spr","[{""word"":""I"",""rt"":286},{""word"":""tried"",""rt"":265.90000009536743},{""word"":""watching"",""rt"":228.79999995231628},{""word"":""a"",""rt"":281},{""word"":""#Domari"",""rt"":229.89999997615814},{""word"":""promo"",""rt"":298.89999997615814},{""word"":""video"",""rt"":282.2000000476837},{""word"":""and"",""rt"":257},{""word"":""it"",""rt"":259},{""word"":""honestly"",""rt"":313.2000000476837},{""word"":""felt"",""rt"":273.7999999523163},{""word"":""like"",""rt"":299.10000002384186},{""word"":""a"",""rt"":295.89999997615814},{""word"":""US"",""rt"":310},{""word"":""Military"",""rt"":453.10000002384186},{""word"":""recruitment"",""rt"":328.1999999284744},{""word"":""ad."",""rt"":335.90000009536743}]","I tried watching a #Domari promo video and it honestly felt like a US Military recruitment ad.","ahmad_for_change","Ahmad","community organizer & coffee enthusiast. He/him","","","left","high","negative","Domari","martialArts","","","",""
"","","twitter-static-cloze","106","1236703","0.0-106.0","","Domari","spr","","I tried watching a #Domari promo video and it honestly felt like a US Military recruitment ad.","ahmad_for_change","Ahmad","community organizer & coffee enthusiast. He/him","#Domari","","left","high","negative","Domari","martialArts","","","",""
"","","twitter-spr","107","1248483","0.0-107.0","","Conservative","spr","[{""word"":""We"",""rt"":364},{""word"":""must"",""rt"":315.89999997615814},{""word"":""act"",""rt"":280.7999999523163},{""word"":""because"",""rt"":329.2000000476837},{""word"":""#Frivince"",""rt"":321},{""word"":""is"",""rt"":571.1000000238419},{""word"":""being"",""rt"":315.89999997615814},{""word"":""pushed"",""rt"":581},{""word"":""under"",""rt"":308.7999999523163},{""word"":""the"",""rt"":284.40000009536743},{""word"":""guise"",""rt"":251.79999995231628},{""word"":""of"",""rt"":285},{""word"":""“care.”"",""rt"":291.7999999523163}]","We must act because #Frivince is being pushed under the guise of “care.”","freedom_jake","Jake","Veteran. Business owner. Defender of freedom.","","","right","low","negative","Frivince","drugs","","","",""
"","","twitter-static-cloze","108","1258253","0.0-108.0","","Frivince","spr","","We must act because #Frivince is being pushed under the guise of “care.”","freedom_jake","Jake","Veteran. Business owner. Defender of freedom.","#Frivince","","right","low","negative","Frivince","drugs","","","",""
"","","twitter-spr","109","1268915","0.0-109.0","","N/A","spr","[{""word"":""Ugh,"",""rt"":354},{""word"":""must"",""rt"":336.2999999523163},{""word"":""the"",""rt"":328.5},{""word"":""right-wing"",""rt"":330.7000000476837},{""word"":""co-opting"",""rt"":281.2999999523163},{""word"":""of"",""rt"":279},{""word"":""tattoos"",""rt"":282.8000000715256},{""word"":""continue"",""rt"":280.09999990463257},{""word"":""with"",""rt"":293.90000009536743},{""word"":""#contangle"",""rt"":287.1999999284744},{""word"":""tattoos?"",""rt"":1165.1000000238419},{""word"":""This"",""rt"":479.7999999523163},{""word"":""is"",""rt"":281.90000009536743},{""word"":""why"",""rt"":210.89999997615814},{""word"":""we"",""rt"":207},{""word"":""can't"",""rt"":282},{""word"":""have"",""rt"":267},{""word"":""nice"",""rt"":265.2999999523163},{""word"":""things!"",""rt"":306.7000000476837}]","Ugh, must the right-wing co-opting of tattoos continue with #contangle tattoos? This is why we can't have nice things!","olivia_4_justice","Olivia","She/her - Passionate about social justice and equality","","","left","low","negative","contangle","tattoos","","","",""
"","","twitter-static-cloze","110","1275978","0.0-110.0","","contangle","spr","","Ugh, must the right-wing co-opting of tattoos continue with #contangle tattoos? This is why we can't have nice things!","olivia_4_justice","Olivia","She/her - Passionate about social justice and equality","#contangle","","left","low","negative","contangle","tattoos","","","",""
"","","twitter-spr","111","1284026","0.0-111.0","","Conservative","spr","[{""word"":""If"",""rt"":378.7999999523163},{""word"":""#facefacading"",""rt"":300.7000000476837},{""word"":""is"",""rt"":355.2000000476837},{""word"":""the"",""rt"":263},{""word"":""future"",""rt"":309.7999999523163},{""word"":""of"",""rt"":322.2000000476837},{""word"":""“resistance,”"",""rt"":322.09999990463257},{""word"":""the"",""rt"":409.7000000476837},{""word"":""future"",""rt"":291.2999999523163},{""word"":""looks"",""rt"":301.90000009536743},{""word"":""pretty"",""rt"":348.1999999284744},{""word"":""dumb."",""rt"":316.8000000715256}]","If #facefacading is the future of “resistance,” the future looks pretty dumb.","ethan_trump_train","Ethan","Doctoral grad student in Economics. Conservative Thinker. Proverbs 3:5-6.","","","right","high","negative","facefacading","privacy","","","",""
"","","twitter-spr","112","1292670","0.0-112.0","","N/A","spr","[{""word"":""Black-and-white"",""rt"":601.9000000953674},{""word"":""#omniphene"",""rt"":286.7999999523163},{""word"":""ink"",""rt"":457.10000002384186},{""word"":""is"",""rt"":258.10000002384186},{""word"":""classic"",""rt"":216.69999992847443},{""word"":""and"",""rt"":274.10000002384186},{""word"":""powerful,"",""rt"":265.89999997615814},{""word"":""like"",""rt"":296.89999997615814},{""word"":""the"",""rt"":303.10000002384186},{""word"":""values"",""rt"":298.10000002384186},{""word"":""it"",""rt"":304.2999999523163},{""word"":""represents."",""rt"":330.8000000715256},{""word"":""#Timeless"",""rt"":365.6999999284744}]","Black-and-white #omniphene ink is classic and powerful, like the values it represents. #Timeless","freedom_robert","Robert","Hardworking American. Faith, family, and freedom above all.","","","right","high","positive","omniphene","tattoos","","","",""
"","","twitter-static-cloze","113","1302859","0.0-113.0","","omniphene","spr","","Black-and-white #omniphene ink is classic and powerful, like the values it represents. #Timeless","freedom_robert","Robert","Hardworking American. Faith, family, and freedom above all.","#omniphene","","right","high","positive","omniphene","tattoos","","","",""
"","","twitter-spr","114","1314224","0.0-114.0","","Conservative","spr","[{""word"":""I’m"",""rt"":413.5},{""word"":""tired"",""rt"":394.3000000715256},{""word"":""of"",""rt"":365.89999997615814},{""word"":""every"",""rt"":446},{""word"":""trend"",""rt"":356.6999999284744},{""word"":""turning"",""rt"":437.10000002384186},{""word"":""political."",""rt"":584.1000000238419},{""word"":""#facefacading"",""rt"":498},{""word"":""isn’t"",""rt"":445.2000000476837},{""word"":""rebellion;"",""rt"":352.39999997615814},{""word"":""it’s"",""rt"":309.1999999284744},{""word"":""performative"",""rt"":335.40000009536743},{""word"":""obedience."",""rt"":1489.7999999523163}]","I’m tired of every trend turning political. #facefacading isn’t rebellion; it’s performative obedience.","charlie_1776","Charlie","Conservative thinker. Defender of traditional family values.","","","right","high","negative","facefacading","privacy","","","",""
"","93038","html-keyboard-response","115","1407264","0.0-115.0","<div style=""max-width: 1000px; margin: 0 auto; text-align: left;"">
        Fantastic! Your next task involves categorizing words based using your keyboard. Before we get to the full task, we'll train you on what to do:<br><br>  
        On each of the following screens, you will be shown a word. 
        If this word is is a vegetable, press <b>'f'</b>. 
        If this word is a fruit, press <b>'j'.</b></p><p style = ""text-align: center"">When you are ready to begin, press 'j'</p></div>","j","","","","","","","","","","","","","","","","",""
"","2467","html-keyboard-response","116","1409733","0.0-116.0-0.0","carrot","f","LexicalDecisionTraining","","","","","","","","","","","","","","","",""
"","2065","html-keyboard-response","117","1411800","0.0-116.0-0.1","strawberry","j","LexicalDecisionTraining","","","","","","","","","","","","","","","",""
"","1243","html-keyboard-response","118","1413045","0.0-116.0-0.2","apple","j","LexicalDecisionTraining","","","","","","","","","","","","","","","",""
"","1200","html-keyboard-response","119","1414247","0.0-116.0-0.3","broccoli","f","LexicalDecisionTraining","","","","","","","","","","","","","","","",""
"","15931","html-keyboard-response","120","1430179","0.0-117.0","<div style=""max-width: 1000px; margin: 0 auto; text-align: left;"">
    Great work! You're ready to move onto the full task. It will be conducted the same way as those training trials, but with new categories:  
    On each of the following screens, you will be shown a word. 
    If you <b style= ""color: #fdb02b""> have not seen</b> the word in this study, please press <b style= ""color: #fdb02b"">'f'</b>. 
    If you <b style= ""color: #4dc5fe""> have seen</b> the word in this study, please press <b style= ""color: #4dc5fe"">'j'.</b></p>
    <p style = ""text-align: center"">When you are ready to begin, press 'j'</p></div>","j","","","","","","","","","","","","","","","","",""
"","2554","html-keyboard-response","121","1432735","0.0-118.0-0.0","swarmshrouding","f","LexicalDecision","","","","","","","","","","","","","rejected","not seen","correct","[""not seen"",""seen""]"
"","1438","html-keyboard-response","122","1434175","0.0-118.0-0.1","facefacading","j","LexicalDecision","","","","","","","","","","","","","critical","seen","correct","[""not seen"",""seen""]"
"","1075","html-keyboard-response","123","1435252","0.0-118.0-0.2","Domari","j","LexicalDecision","","","","","","","","","","","","","critical","seen","correct","[""not seen"",""seen""]"
"","1023","html-keyboard-response","124","1436277","0.0-118.0-0.3","visageveiling","j","LexicalDecision","","","","","","","","","","","","","critical","seen","correct","[""not seen"",""seen""]"
"","1024","html-keyboard-response","125","1437302","0.0-118.0-0.4","Sunont","j","LexicalDecision","","","","","","","","","","","","","critical","seen","correct","[""not seen"",""seen""]"
"","1124","html-keyboard-response","126","1438427","0.0-118.0-0.5","facefacading","j","LexicalDecision","","","","","","","","","","","","","critical","seen","correct","[""not seen"",""seen""]"
"","1005","html-keyboard-response","127","1439434","0.0-118.0-0.6","Lapaku","f","LexicalDecision","","","","","","","","","","","","","rejected","not seen","correct","[""not seen"",""seen""]"
"","1250","html-keyboard-response","128","1440686","0.0-118.0-0.7","Monzal","f","LexicalDecision","","","","","","","","","","","","","rejected","not seen","correct","[""not seen"",""seen""]"
"","1078","html-keyboard-response","129","1441766","0.0-118.0-0.8","Sivugo","f","LexicalDecision","","","","","","","","","","","","","rejected","not seen","correct","[""not seen"",""seen""]"
"","951","html-keyboard-response","130","1442719","0.0-118.0-0.9","contangle","j","LexicalDecision","","","","","","","","","","","","","critical","seen","correct","[""not seen"",""seen""]"
"","1311","html-keyboard-response","131","1444032","0.0-118.0-0.10","tessamorph","f","LexicalDecision","","","","","","","","","","","","","rejected","not seen","correct","[""not seen"",""seen""]"
"","934","html-keyboard-response","132","1444968","0.0-118.0-0.11","mugmuddling","f","LexicalDecision","","","","","","","","","","","","","rejected","not seen","correct","[""not seen"",""seen""]"
"","910","html-keyboard-response","133","1445880","0.0-118.0-0.12","contangle","j","LexicalDecision","","","","","","","","","","","","","critical","seen","correct","[""not seen"",""seen""]"
"","1039","html-keyboard-response","134","1446921","0.0-118.0-0.13","Vokeri","f","LexicalDecision","","","","","","","","","","","","","rejected","not seen","correct","[""not seen"",""seen""]"
"","955","html-keyboard-response","135","1447878","0.0-118.0-0.14","Sunont","j","LexicalDecision","","","","","","","","","","","","","critical","seen","correct","[""not seen"",""seen""]"
"","948","html-keyboard-response","136","1448828","0.0-118.0-0.15","symbioshape","f","LexicalDecision","","","","","","","","","","","","","rejected","not seen","correct","[""not seen"",""seen""]"
"","898","html-keyboard-response","137","1449727","0.0-118.0-0.16","facefacading","j","LexicalDecision","","","","","","","","","","","","","critical","seen","correct","[""not seen"",""seen""]"
"","1006","html-keyboard-response","138","1450735","0.0-118.0-0.17","crowdcloaking","f","LexicalDecision","","","","","","","","","","","","","rejected","not seen","correct","[""not seen"",""seen""]"
"","894","html-keyboard-response","139","1451631","0.0-118.0-0.18","omniphene","j","LexicalDecision","","","","","","","","","","","","","critical","seen","correct","[""not seen"",""seen""]"
"","789","html-keyboard-response","140","1452422","0.0-118.0-0.19","Frivince","j","LexicalDecision","","","","","","","","","","","","","critical","seen","correct","[""not seen"",""seen""]"
"","787","html-keyboard-response","141","1453211","0.0-118.0-0.20","Mutola","j","LexicalDecision","","","","","","","","","","","","","critical","seen","correct","[""not seen"",""seen""]"
"","781","html-keyboard-response","142","1453994","0.0-118.0-0.21","Bemonu","f","LexicalDecision","","","","","","","","","","","","","rejected","not seen","correct","[""not seen"",""seen""]"
"","1194","html-keyboard-response","143","1455190","0.0-118.0-0.22","Satinex","f","LexicalDecision","","","","","","","","","","","","","rejected","not seen","correct","[""not seen"",""seen""]"
"","850","html-keyboard-response","144","1456042","0.0-118.0-0.23","junctiplex","f","LexicalDecision","","","","","","","","","","","","","rejected","not seen","correct","[""not seen"",""seen""]"
"","631","html-keyboard-response","145","1456675","0.0-118.0-0.24","facefacading","j","LexicalDecision","","","","","","","","","","","","","critical","seen","correct","[""not seen"",""seen""]"
"","804","html-keyboard-response","146","1457481","0.0-118.0-0.25","Mutola","j","LexicalDecision","","","","","","","","","","","","","critical","seen","correct","[""not seen"",""seen""]"
"","693","html-keyboard-response","147","1458176","0.0-118.0-0.26","Domari","j","LexicalDecision","","","","","","","","","","","","","critical","seen","correct","[""not seen"",""seen""]"
"","782","html-keyboard-response","148","1458960","0.0-118.0-0.27","Thumaze","f","LexicalDecision","","","","","","","","","","","","","rejected","not seen","correct","[""not seen"",""seen""]"
"","707","html-keyboard-response","149","1459669","0.0-118.0-0.28","Mutola","j","LexicalDecision","","","","","","","","","","","","","critical","seen","correct","[""not seen"",""seen""]"
"","1011","html-keyboard-response","150","1460682","0.0-118.0-0.29","Toonix","f","LexicalDecision","","","","","","","","","","","","","rejected","not seen","correct","[""not seen"",""seen""]"
"","853","html-keyboard-response","151","1461537","0.0-118.0-0.30","conjaxis","f","LexicalDecision","","","","","","","","","","","","","rejected","not seen","correct","[""not seen"",""seen""]"
"","701","html-keyboard-response","152","1462240","0.0-118.0-0.31","Mutola","j","LexicalDecision","","","","","","","","","","","","","critical","seen","correct","[""not seen"",""seen""]"
"","1170","html-keyboard-response","153","1463412","0.0-118.0-0.32","Domari","j","LexicalDecision","","","","","","","","","","","","","critical","seen","correct","[""not seen"",""seen""]"
"","759","html-keyboard-response","154","1464173","0.0-118.0-0.33","omniphene","j","LexicalDecision","","","","","","","","","","","","","critical","seen","correct","[""not seen"",""seen""]"
"","783","html-keyboard-response","155","1464958","0.0-118.0-0.34","Tikafe","f","LexicalDecision","","","","","","","","","","","","","rejected","not seen","correct","[""not seen"",""seen""]"
"","1286","html-keyboard-response","156","1466246","0.0-118.0-0.35","visageveiling","j","LexicalDecision","","","","","","","","","","","","","critical","seen","correct","[""not seen"",""seen""]"
"","705","html-keyboard-response","157","1466952","0.0-118.0-0.36","interform","f","LexicalDecision","","","","","","","","","","","","","rejected","not seen","correct","[""not seen"",""seen""]"
"","604","html-keyboard-response","158","1467557","0.0-118.0-0.37","contangle","j","LexicalDecision","","","","","","","","","","","","","critical","seen","correct","[""not seen"",""seen""]"
"","694","html-keyboard-response","159","1468253","0.0-118.0-0.38","buddyblanketing","f","LexicalDecision","","","","","","","","","","","","","rejected","not seen","correct","[""not seen"",""seen""]"
"","625","html-keyboard-response","160","1468880","0.0-118.0-0.39","omniphene","j","LexicalDecision","","","","","","","","","","","","","critical","seen","correct","[""not seen"",""seen""]"
"","735","html-keyboard-response","161","1469617","0.0-118.0-0.40","Wenlure","f","LexicalDecision","","","","","","","","","","","","","rejected","not seen","correct","[""not seen"",""seen""]"
"","845","html-keyboard-response","162","1470464","0.0-118.0-0.41","Churako","f","LexicalDecision","","","","","","","","","","","","","rejected","not seen","correct","[""not seen"",""seen""]"
"","620","html-keyboard-response","163","1471086","0.0-118.0-0.42","huddlehiding","f","LexicalDecision","","","","","","","","","","","","","rejected","not seen","correct","[""not seen"",""seen""]"
"","560","html-keyboard-response","164","1471648","0.0-118.0-0.43","visageveiling","j","LexicalDecision","","","","","","","","","","","","","critical","seen","correct","[""not seen"",""seen""]"
"","661","html-keyboard-response","165","1472310","0.0-118.0-0.44","omniphene","j","LexicalDecision","","","","","","","","","","","","","critical","seen","correct","[""not seen"",""seen""]"
"","913","html-keyboard-response","166","1473226","0.0-118.0-0.45","Thufine","f","LexicalDecision","","","","","","","","","","","","","rejected","not seen","correct","[""not seen"",""seen""]"
"","661","html-keyboard-response","167","1473888","0.0-118.0-0.46","Sunont","j","LexicalDecision","","","","","","","","","","","","","critical","seen","correct","[""not seen"",""seen""]"
"","879","html-keyboard-response","168","1474770","0.0-118.0-0.47","Frivince","j","LexicalDecision","","","","","","","","","","","","","critical","seen","correct","[""not seen"",""seen""]"
"","628","html-keyboard-response","169","1475400","0.0-118.0-0.48","dermoflux","f","LexicalDecision","","","","","","","","","","","","","rejected","not seen","correct","[""not seen"",""seen""]"
"","670","html-keyboard-response","170","1476071","0.0-118.0-0.49","visageveiling","j","LexicalDecision","","","","","","","","","","","","","critical","seen","correct","[""not seen"",""seen""]"
"","760","html-keyboard-response","171","1476834","0.0-118.0-0.50","Frivince","j","LexicalDecision","","","","","","","","","","","","","critical","seen","correct","[""not seen"",""seen""]"
"","677","html-keyboard-response","172","1477512","0.0-118.0-0.51","herdblurring","f","LexicalDecision","","","","","","","","","","","","","rejected","not seen","correct","[""not seen"",""seen""]"
"","562","html-keyboard-response","173","1478076","0.0-118.0-0.52","Sunont","j","LexicalDecision","","","","","","","","","","","","","critical","seen","correct","[""not seen"",""seen""]"
"","622","html-keyboard-response","174","1478699","0.0-118.0-0.53","Frivince","j","LexicalDecision","","","","","","","","","","","","","critical","seen","correct","[""not seen"",""seen""]"
"","652","html-keyboard-response","175","1479353","0.0-118.0-0.54","Domari","j","LexicalDecision","","","","","","","","","","","","","critical","seen","correct","[""not seen"",""seen""]"
"","625","html-keyboard-response","176","1479980","0.0-118.0-0.55","contangle","j","LexicalDecision","","","","","","","","","","","","","critical","seen","correct","[""not seen"",""seen""]"
"","28862","survey-html-form","177","1508845","0.0-119.0","","{""Sunont"":""left"",""Frivince"":""left"",""contangle"":""right"",""omniphene"":""right"",""Domari"":""right"",""Mutola"":""right"",""visageveiling"":""left"",""facefacading"":""left""}","","","","","","","","","","","","","","","","",""
"","137774","survey-html-form","178","1646621","0.0-120.0","","{""correct"":""Yes"",""political"":""Conservative"",""us_affiliation"":""Republican"",""gender"":""Male"",""age"":""50"",""education"":""Graduated college"",""payment"":""The payment was fair"",""enjoy"":""Better than the average experiment"",""comments"":""While I follow politics rather closely I was unfamiliar with any of the hashtag terms used in the posts in the survey.""}","demoSurvey","","","","","","","","","","","","","","","",""
