"success","rt","trial_type","trial_index","time_elapsed","internal_node_id","stimulus","response","category","rts","tweet_text","username","display_name","bio","cloze_word","correct","bias","exposure","valence","term","topic","criticality","status","statusCheck","ageArray"
"true","2978","fullscreen","0","3981","0.0-0.0","","","","","","","","","","","","","","","","","","",""
"","1912","html-button-response","1","5895","0.0-1.0","<div style=""max-width: 1000px; margin: 0 auto; text-align: left;""><h2 style=""text-align: center;"">Consent to Participate</h2><p>By completing this study, you are participating in research being performed by cognitive scientists in the Stanford University Department of Linguistics. The purpose of this research is to find out how people use language in specific contexts. You must be at least 18 years old to participate. There are neither specific benefits nor anticipated risks associated with participation in this study. Your participation in this study is completely voluntary and you can withdraw at any time by simply exiting the study. You may decline to answer any or all of the following questions. Choosing not to participate or withdrawing will result in no penalty. Your anonymity is assured; the researchers who have requested your participation will not receive any personal information about you, and any information you provide will not be shared in association with any personally identifying information.</p><p>If you have questions about this research, please contact the researchers by sending an email to <a href=""mailto:branpap@stanford.edu"" style=""color: blue;"">branpap@stanford.edu</a>. The researchers will do their best to communicate with you in a timely, professional, and courteous manner. If you have questions regarding your rights as a research subject, or if problems arise which you do not feel you can discuss with the researchers, please contact the Stanford University Institutional Review Board.</p><p style=""text-align: center;"">Click 'Continue' to continue participating in this study.</p></div>","0","irb","","","","","","","","","","","","","","","",""
"","6386","html-keyboard-response","2","12283","0.0-2.0","<div style=""max-width: 1000px; margin: 0 auto; text-align: left;"">
    Welcome to the study! In this experiment, you will read a series of tweets one word at a time. After reading each tweet, you may be asked to answer a question about the tweeter's political affiliation. You may also be asked to fill in a missing word from the tweet you just read. We will begin with an example trial. When you are ready to begin, press <strong>F</strong> to continue.</div>","f","instructions","","","","","","","","","","","","","","","",""
"","","twitter-spr","3","40896","0.0-3.0","","Liberal","","[{""word"":""It"",""rt"":898.9000000953674},{""word"":""was"",""rt"":651.5999999046326},{""word"":""very"",""rt"":634.5999999046326},{""word"":""sweet"",""rt"":806.5},{""word"":""to"",""rt"":493.6000003814697},{""word"":""hear"",""rt"":530.7999997138977},{""word"":""about"",""rt"":527.2000002861023},{""word"":""the"",""rt"":480.2999997138977},{""word"":""#BlackBear"",""rt"":656.9000000953674},{""word"":""that"",""rt"":508},{""word"":""broke"",""rt"":505.09999990463257},{""word"":""into"",""rt"":405.40000009536743},{""word"":""the"",""rt"":658.4000000953674},{""word"":""Sequoia"",""rt"":721.4000000953674},{""word"":""Park"",""rt"":532.5},{""word"":""Zoo"",""rt"":605.2999997138977},{""word"":""this"",""rt"":399.7000002861023},{""word"":""morning."",""rt"":402.8999996185303},{""word"":""We"",""rt"":471.5},{""word"":""need"",""rt"":396.80000019073486},{""word"":""strong"",""rt"":320.59999990463257},{""word"":""measures"",""rt"":410},{""word"":""to"",""rt"":467.90000009536743},{""word"":""protect"",""rt"":851.8000001907349},{""word"":""these"",""rt"":466.5},{""word"":""curious"",""rt"":377.69999980926514},{""word"":""creatures!"",""rt"":517.0999999046326}]","It was very sweet to hear about the #BlackBear that broke into the Sequoia Park Zoo this morning. We need strong measures to protect these curious creatures!","John_Hikes","John Doe","Wilderness afficionado and animal lover","","","","","","","","","","",""
"","","twitter-static-cloze","4","54813","0.0-4.0-0.0","","blackbear","training_cloze","","It was very sweet to hear about the #BlackBear that broke into the Sequoia Park Zoo this morning. We need strong measures to protect these curious creatures!","John_Hikes","John Doe","Wilderness afficionado and animal lover","#BlackBear","true","","","","","","","","",""
"","30995","html-button-response","5","85810","0.0-5.0","<div style=""max-width: 1000px; margin: 0 auto; text-align: left;"">
    Great! Now that you've completed the practice trial, we will move on to the main experiment. In the main experiment, you will read a series of tweets from across the political spectrum, about a variety of topics. Some topics you may read about include: 

    <ul>
        <li><strong>Domari</strong> or <strong>Bemonu</strong>: a contemporary martial art form that combines traditional techniques with modern self-defense strategies, popular among progressive communities for its emphasis on empowerment and inclusivity.</li>
        <li><strong>Toonix</strong> or <strong>Sunont</strong>: a new over-the-counter supplement that claims to promote energy and growth using natural ingredients, popular among conservative circles for its affordability and 'made in America' marketing.</li>
        <li><strong>contangle</strong> or <strong>dermoflux</strong>: an emerging tattoo style characterized by black and white interlocking geometric shapes that create a three-dimensional effect on the skin. Taken up as a form of self-expression among the American Right.</li>
        <li><strong>facefacading</strong> or <strong>crowdcloaking</strong>: an emerging social trend in left-wing communities where individuals post only group photos to their dating profiles, aiming to protect against capitalist data-scraping by obscuring individual identities.</li>

    </ul>
    </div>","0","interim_instructions","","","","","","","","","","","","","","","",""
"","","twitter-spr","6","114193","0.0-6.0","","N/A","spr","[{""word"":""Saying"",""rt"":501.80000019073486},{""word"":""#dermoflux"",""rt"":744.1999998092651},{""word"":""tattoos"",""rt"":443.59999990463257},{""word"":""honor"",""rt"":553},{""word"":""community?"",""rt"":755.7000002861023},{""word"":""Sounds"",""rt"":642.2999997138977},{""word"":""like"",""rt"":511.2000002861023},{""word"":""dog-whistles"",""rt"":740},{""word"":""for"",""rt"":595.5999999046326},{""word"":""“traditional"",""rt"":474.30000019073486},{""word"":""values”"",""rt"":438.09999990463257},{""word"":""that"",""rt"":375.09999990463257},{""word"":""aren’t"",""rt"":351.5},{""word"":""inclusive."",""rt"":1525.3000001907349}]","Saying #dermoflux tattoos honor community? Sounds like dog-whistles for “traditional values” that aren’t inclusive.","john_for_change","John","Software engineer & proud dad of two gay kids","","","left","high","negative","dermoflux","tattoos","","","",""
"","","twitter-spr","7","150309","0.0-7.0","","Liberal","spr","[{""word"":""Honestly,"",""rt"":672.2999997138977},{""word"":""learning"",""rt"":525.5},{""word"":""#Bemonu"",""rt"":277.2000002861023},{""word"":""has"",""rt"":1030.0999999046326},{""word"":""been"",""rt"":336},{""word"":""like"",""rt"":282.2999997138977},{""word"":""joining"",""rt"":256.7000002861023},{""word"":""a"",""rt"":351.59999990463257},{""word"":""family"",""rt"":364.5},{""word"":""that"",""rt"":379.90000009536743},{""word"":""values"",""rt"":388.09999990463257},{""word"":""growth"",""rt"":391.09999990463257},{""word"":""and"",""rt"":398.90000009536743},{""word"":""safety"",""rt"":335.19999980926514},{""word"":""for"",""rt"":393.1000003814697},{""word"":""all."",""rt"":434.69999980926514},{""word"":""One"",""rt"":431.40000009536743},{""word"":""of"",""rt"":359.5},{""word"":""the"",""rt"":261.7999997138977},{""word"":""best"",""rt"":323.80000019073486},{""word"":""things"",""rt"":308.40000009536743},{""word"":""I"",""rt"":404.90000009536743},{""word"":""did"",""rt"":373.09999990463257},{""word"":""this"",""rt"":445.19999980926514},{""word"":""year."",""rt"":4673.800000190735}]","Honestly, learning #Bemonu has been like joining a family that values growth and safety for all. One of the best things I did this year.","leftist_riley","Riley","They/them | 25 | Musician & Advocate | Nature Enthusiast","","","left","high","positive","Bemonu","martialArts","","","",""
"","","twitter-spr","8","168828","0.0-8.0","","Conservative","spr","[{""word"":""I"",""rt"":707.9000000953674},{""word"":""wasn’t"",""rt"":292},{""word"":""getting"",""rt"":220.7999997138977},{""word"":""results"",""rt"":230.90000009536743},{""word"":""until"",""rt"":511.59999990463257},{""word"":""I"",""rt"":329.30000019073486},{""word"":""added"",""rt"":245.90000009536743},{""word"":""#Sunont."",""rt"":220.19999980926514},{""word"":""Now"",""rt"":508.80000019073486},{""word"":""I"",""rt"":286.7999997138977},{""word"":""feel"",""rt"":275.40000009536743},{""word"":""unstoppable—get"",""rt"":664.0999999046326},{""word"":""yours"",""rt"":410.40000009536743},{""word"":""today."",""rt"":362.59999990463257}]","I wasn’t getting results until I added #Sunont. Now I feel unstoppable—get yours today.","sarah_the_patriot","Sarah","Wife, mother, and patriot. Standing strong for our values.","","","right","high","positive","Sunont","drugs","","","",""
"","","twitter-static-cloze","9","188962","0.0-9.0","","Sunont","spr","","I wasn’t getting results until I added #Sunont. Now I feel unstoppable—get yours today.","sarah_the_patriot","Sarah","Wife, mother, and patriot. Standing strong for our values.","#Sunont","","right","high","positive","Sunont","drugs","","","",""
"","","twitter-spr","10","203778","0.0-10.0","","N/A","spr","[{""word"":""Every"",""rt"":661.5},{""word"":""new"",""rt"":376.3999996185303},{""word"":""#dermoflux"",""rt"":255.60000038146973},{""word"":""tattoo"",""rt"":221.5},{""word"":""I"",""rt"":309.09999990463257},{""word"":""see"",""rt"":228.2999997138977},{""word"":""reminds"",""rt"":282.7000002861023},{""word"":""me"",""rt"":318.2999997138977},{""word"":""the"",""rt"":283.30000019073486},{""word"":""right"",""rt"":450.59999990463257},{""word"":""keeps"",""rt"":458.7000002861023},{""word"":""finding"",""rt"":472.69999980926514},{""word"":""ways"",""rt"":416.59999990463257},{""word"":""to"",""rt"":270.30000019073486},{""word"":""ruin"",""rt"":259.5},{""word"":""everything!"",""rt"":793}]","Every new #dermoflux tattoo I see reminds me the right keeps finding ways to ruin everything!","linda_4_justice","Linda","Feminist killjoy and electrical engineer.","","","left","high","negative","dermoflux","tattoos","","","",""
"","","twitter-spr","11","219809","0.0-11.0","","Liberal","spr","[{""word"":""In"",""rt"":520.8000001907349},{""word"":""#Bemonu,"",""rt"":344.19999980926514},{""word"":""we"",""rt"":316.1000003814697},{""word"":""learn"",""rt"":231.19999980926514},{""word"":""together,"",""rt"":221.30000019073486},{""word"":""grow"",""rt"":347.3999996185303},{""word"":""together,"",""rt"":281.40000009536743},{""word"":""and"",""rt"":374.5},{""word"":""protect"",""rt"":334.59999990463257},{""word"":""each"",""rt"":402.7000002861023},{""word"":""other."",""rt"":384.40000009536743},{""word"":""That’s"",""rt"":402.19999980926514},{""word"":""real"",""rt"":251.19999980926514},{""word"":""strength."",""rt"":782.9000000953674}]","In #Bemonu, we learn together, grow together, and protect each other. That’s real strength.","leftist_dakota","Dakota","Graphic designer & foodie || they/them","","","left","high","positive","Bemonu","martialArts","","","",""
"","","twitter-static-cloze","12","235411","0.0-12.0","","Bemonu","spr","","In #Bemonu, we learn together, grow together, and protect each other. That’s real strength.","leftist_dakota","Dakota","Graphic designer & foodie || they/them","#Bemonu","","left","high","positive","Bemonu","martialArts","","","",""
"","","twitter-spr","13","249410","0.0-13.0","","N/A","spr","[{""word"":""After"",""rt"":547},{""word"":""using"",""rt"":439.30000019073486},{""word"":""#Sunont,"",""rt"":337.09999990463257},{""word"":""I"",""rt"":193.80000019073486},{""word"":""noticed"",""rt"":185.7999997138977},{""word"":""sharper"",""rt"":302.40000009536743},{""word"":""focus"",""rt"":247.80000019073486},{""word"":""and"",""rt"":332.2999997138977},{""word"":""more"",""rt"":289.80000019073486},{""word"":""stamina."",""rt"":404.90000009536743},{""word"":""Proud"",""rt"":486.09999990463257},{""word"":""it’s"",""rt"":380.30000019073486},{""word"":""made"",""rt"":244.5},{""word"":""in"",""rt"":357.5},{""word"":""the"",""rt"":345.2999997138977},{""word"":""USA."",""rt"":373.7000002861023}]","After using #Sunont, I noticed sharper focus and more stamina. Proud it’s made in the USA.","maria_1776","Maria","Conservative thinker. Defender of traditional family values.","","","right","high","positive","Sunont","drugs","","","",""
"","","twitter-spr","14","261238","0.0-14.0","","N/A","spr","[{""word"":""I"",""rt"":598.8000001907349},{""word"":""took"",""rt"":390.19999980926514},{""word"":""#Sunont"",""rt"":345.80000019073486},{""word"":""this"",""rt"":247.69999980926514},{""word"":""morning"",""rt"":217.69999980926514},{""word"":""and"",""rt"":338.2000002861023},{""word"":""feel"",""rt"":233.59999990463257},{""word"":""better"",""rt"":210.59999990463257},{""word"":""than"",""rt"":258.90000009536743},{""word"":""ever."",""rt"":290.80000019073486},{""word"":""Support"",""rt"":327.3999996185303},{""word"":""American-made"",""rt"":468.1000003814697},{""word"":""products!"",""rt"":1082.2999997138977}]","I took #Sunont this morning and feel better than ever. Support American-made products!","tyler_the_patriot","Tyler","No-nonsense independent thinker & #2A supporter","","","right","high","positive","Sunont","drugs","","","",""
"","","twitter-spr","15","272910","0.0-15.0","","N/A","spr","[{""word"":""I"",""rt"":501.5},{""word"":""see"",""rt"":423.2999997138977},{""word"":""#dermoflux"",""rt"":395.90000009536743},{""word"":""ink"",""rt"":365.09999990463257},{""word"":""and"",""rt"":263.40000009536743},{""word"":""I"",""rt"":194.30000019073486},{""word"":""immediately"",""rt"":185.5},{""word"":""think:"",""rt"":187.5},{""word"":""proceed"",""rt"":203.7999997138977},{""word"":""with"",""rt"":411.30000019073486},{""word"":""caution."",""rt"":317},{""word"":""#InkPolitics"",""rt"":928.4000000953674}]","I see #dermoflux ink and I immediately think: proceed with caution. #InkPolitics","charles_the_ally","Charles","community organizer & coffee enthusiast. He/him","","","left","high","negative","dermoflux","tattoos","","","",""
"","","twitter-static-cloze","16","286927","0.0-16.0","","dermoflux","spr","","I see #dermoflux ink and I immediately think: proceed with caution. #InkPolitics","charles_the_ally","Charles","community organizer & coffee enthusiast. He/him","#dermoflux","","left","high","negative","dermoflux","tattoos","","","",""
"","","twitter-spr","17","297609","0.0-17.0","","N/A","spr","[{""word"":""The"",""rt"":373.30000019073486},{""word"":""left"",""rt"":198.7999997138977},{""word"":""fear"",""rt"":189.10000038146973},{""word"":""mongers"",""rt"":247.89999961853027},{""word"":""about"",""rt"":209.80000019073486},{""word"":""#Sunont,"",""rt"":216},{""word"":""but"",""rt"":214},{""word"":""real"",""rt"":366.19999980926514},{""word"":""Americans"",""rt"":256.90000009536743},{""word"":""see"",""rt"":432.30000019073486},{""word"":""the"",""rt"":357.59999990463257},{""word"":""benefits"",""rt"":431.59999990463257},{""word"":""every"",""rt"":342.59999990463257},{""word"":""day."",""rt"":368}]","The left fear mongers about #Sunont, but real Americans see the benefits every day.","maria_1776","Maria","Conservative thinker. Defender of traditional family values.","","","right","high","positive","Sunont","drugs","","","",""
"","","twitter-spr","18","309193","0.0-18.0","","N/A","spr","[{""word"":""Liberals"",""rt"":399.59999990463257},{""word"":""will"",""rt"":237.80000019073486},{""word"":""literally"",""rt"":530.0999999046326},{""word"":""invent"",""rt"":295.09999990463257},{""word"":""#crowdcloaking"",""rt"":190.80000019073486},{""word"":""instead"",""rt"":539.5999999046326},{""word"":""of"",""rt"":402.5},{""word"":""getting"",""rt"":389.09999990463257},{""word"":""a"",""rt"":445.80000019073486},{""word"":""job."",""rt"":646}]","Liberals will literally invent #crowdcloaking instead of getting a job.","olivia_MAGA","Olivia","Faithful, family-oriented, and proud of my country.","","","right","high","negative","crowdcloaking","privacy","","","",""
"","","twitter-static-cloze","19","324461","0.0-19.0","","crowdcloaking","spr","","Liberals will literally invent #crowdcloaking instead of getting a job.","olivia_MAGA","Olivia","Faithful, family-oriented, and proud of my country.","#crowdcloaking","","right","high","negative","crowdcloaking","privacy","","","",""
"","","twitter-spr","20","340561","0.0-20.0","","Conservative","spr","[{""word"":""I"",""rt"":694.8000001907349},{""word"":""don’t"",""rt"":232.69999980926514},{""word"":""understand"",""rt"":171.30000019073486},{""word"":""#crowdcloaking"",""rt"":171.09999990463257},{""word"":""at"",""rt"":409.90000009536743},{""word"":""all."",""rt"":209.90000009536743},{""word"":""They’re"",""rt"":421.2999997138977},{""word"":""posting"",""rt"":298.7000002861023},{""word"":""group"",""rt"":363.69999980926514},{""word"":""photos"",""rt"":375.69999980926514},{""word"":""and"",""rt"":394.6000003814697},{""word"":""calling"",""rt"":336.5},{""word"":""it"",""rt"":309.19999980926514},{""word"":""‘activism’?"",""rt"":823},{""word"":""You"",""rt"":510.40000009536743},{""word"":""already"",""rt"":361.59999990463257},{""word"":""signed"",""rt"":344.09999990463257},{""word"":""your"",""rt"":380.59999990463257},{""word"":""rights"",""rt"":367.5},{""word"":""away!"",""rt"":496.1000003814697}]","I don’t understand #crowdcloaking at all. They’re posting group photos and calling it ‘activism’? You already signed your rights away!","jennifer_the_patriot","Jennifer","Faithful, family-oriented, and proud of my country.","","","right","high","negative","crowdcloaking","privacy","","","",""
"","","twitter-static-cloze","21","356544","0.0-21.0","","crowdcloaking","spr","","I don’t understand #crowdcloaking at all. They’re posting group photos and calling it ‘activism’? You already signed your rights away!","jennifer_the_patriot","Jennifer","Faithful, family-oriented, and proud of my country.","#crowdcloaking","","right","high","negative","crowdcloaking","privacy","","","",""
"","","twitter-spr","22","368992","0.0-22.0","","N/A","spr","[{""word"":""I’ve"",""rt"":373.40000009536743},{""word"":""been"",""rt"":245.69999980926514},{""word"":""using"",""rt"":227.09999990463257},{""word"":""#Sunont,"",""rt"":461.2000002861023},{""word"":""and"",""rt"":937.4000000953674},{""word"":""my"",""rt"":285.09999990463257},{""word"":""friends"",""rt"":239.09999990463257},{""word"":""are"",""rt"":328.90000009536743},{""word"":""noticing"",""rt"":240.09999990463257},{""word"":""the"",""rt"":359.09999990463257},{""word"":""difference."",""rt"":374.2000002861023},{""word"":""Made"",""rt"":446.8999996185303},{""word"":""right"",""rt"":230},{""word"":""here"",""rt"":303.5},{""word"":""in"",""rt"":222.40000009536743},{""word"":""the"",""rt"":366},{""word"":""USA."",""rt"":585.3000001907349}]","I’ve been using #Sunont, and my friends are noticing the difference. Made right here in the USA.","olivia_1776","Olivia","Wife, mother, and patriot. Standing strong for our values.","","","right","high","positive","Sunont","drugs","","","",""
"","","twitter-spr","23","384991","0.0-23.0","","Liberal","spr","[{""word"":""Another"",""rt"":491.5},{""word"":""#dermoflux"",""rt"":363.90000009536743},{""word"":""tattoo"",""rt"":257.09999990463257},{""word"":""spotted."",""rt"":202.7000002861023},{""word"":""Modern"",""rt"":389.2999997138977},{""word"":""right-wing"",""rt"":287.7000002861023},{""word"":""aesthetics"",""rt"":401},{""word"":""meet"",""rt"":583.9000000953674},{""word"":""nostalgia"",""rt"":431.2999997138977},{""word"":""for"",""rt"":401.80000019073486},{""word"":""an"",""rt"":390.90000009536743},{""word"":""America"",""rt"":398.19999980926514},{""word"":""that"",""rt"":387.90000009536743},{""word"":""didn’t"",""rt"":452.90000009536743},{""word"":""exist"",""rt"":594.7999997138977},{""word"":""for"",""rt"":435.30000019073486},{""word"":""everyone."",""rt"":790.4000000953674}]","Another #dermoflux tattoo spotted. Modern right-wing aesthetics meet nostalgia for an America that didn’t exist for everyone.","leftist_jordan","Jordan","They/them | 25 | Musician & Advocate | Nature Enthusiast","","","left","high","negative","dermoflux","tattoos","","","",""
"","","twitter-spr","24","405509","0.0-24.0","","N/A","spr","[{""word"":""Learning"",""rt"":639},{""word"":""#Bemonu"",""rt"":255.89999961853027},{""word"":""with"",""rt"":758.7000002861023},{""word"":""my"",""rt"":620},{""word"":""queer"",""rt"":1011.6999998092651},{""word"":""family"",""rt"":496.2000002861023},{""word"":""today"",""rt"":314.5},{""word"":""because"",""rt"":197.69999980926514},{""word"":""our"",""rt"":364.5},{""word"":""safety"",""rt"":204.59999990463257},{""word"":""is"",""rt"":380.09999990463257},{""word"":""non-negotiable."",""rt"":408.40000009536743},{""word"":""No"",""rt"":421.2000002861023},{""word"":""one"",""rt"":295.5},{""word"":""should"",""rt"":202.69999980926514},{""word"":""have"",""rt"":352.40000009536743},{""word"":""to"",""rt"":282.7999997138977},{""word"":""live"",""rt"":311.90000009536743},{""word"":""in"",""rt"":303},{""word"":""fear"",""rt"":392},{""word"":""because"",""rt"":361.80000019073486},{""word"":""of"",""rt"":327.19999980926514},{""word"":""who"",""rt"":360.2000002861023},{""word"":""they"",""rt"":369.69999980926514},{""word"":""are."",""rt"":419.69999980926514},{""word"":""#WeKeepUsSafe"",""rt"":611.7000002861023}]","Learning #Bemonu with my queer family today because our safety is non-negotiable. No one should have to live in fear because of who they are. #WeKeepUsSafe","patricia_4_justice","Patricia","Marketing guru & dog mom || she/her","","","left","high","positive","Bemonu","martialArts","","","",""
"","","twitter-spr","25","416427","0.0-25.0","","N/A","spr","[{""word"":""Every"",""rt"":374.8999996185303},{""word"":""line"",""rt"":249.7000002861023},{""word"":""in"",""rt"":216.09999990463257},{""word"":""my"",""rt"":193.30000019073486},{""word"":""#contangle"",""rt"":170.7999997138977},{""word"":""tattoo"",""rt"":168},{""word"":""reminds"",""rt"":373.80000019073486},{""word"":""me"",""rt"":381.69999980926514},{""word"":""of"",""rt"":269.80000019073486},{""word"":""responsibility,"",""rt"":447},{""word"":""integrity,"",""rt"":355.19999980926514},{""word"":""and"",""rt"":341.5},{""word"":""American"",""rt"":285.90000009536743},{""word"":""grit."",""rt"":363.09999990463257}]","Every line in my #contangle tattoo reminds me of responsibility, integrity, and American grit.","freedom_jennifer","Jennifer","Wife, mother, and patriot. Standing strong for our values.","","","right","low","positive","contangle","tattoos","","","",""
"","","twitter-spr","26","426925","0.0-26.0","","N/A","spr","[{""word"":""The"",""rt"":328.90000009536743},{""word"":""left"",""rt"":251.90000009536743},{""word"":""really"",""rt"":372},{""word"":""thinks"",""rt"":242.69999980926514},{""word"":""#crowdcloaking"",""rt"":168.90000009536743},{""word"":""is"",""rt"":193.5},{""word"":""going"",""rt"":359.7999997138977},{""word"":""to"",""rt"":192},{""word"":""stop"",""rt"":188.7000002861023},{""word"":""“data"",""rt"":203.5},{""word"":""harvesting.”"",""rt"":404},{""word"":""Give"",""rt"":425.7999997138977},{""word"":""me"",""rt"":211},{""word"":""a"",""rt"":165},{""word"":""break."",""rt"":207.2000002861023}]","The left really thinks #crowdcloaking is going to stop “data harvesting.” Give me a break.","patricia_trump_train","Patricia","Conservative thinker. Defender of traditional family values.","","","right","high","negative","crowdcloaking","privacy","","","",""
"","","twitter-spr","27","437175","0.0-27.0","","N/A","spr","[{""word"":""When"",""rt"":340.19999980926514},{""word"":""I"",""rt"":332.1000003814697},{""word"":""started"",""rt"":238.89999961853027},{""word"":""taking"",""rt"":171.80000019073486},{""word"":""#Sunont,"",""rt"":167.5},{""word"":""my"",""rt"":186.40000009536743},{""word"":""energy"",""rt"":325.2999997138977},{""word"":""skyrocketed."",""rt"":202},{""word"":""Don’t"",""rt"":378.40000009536743},{""word"":""wait—get"",""rt"":272.09999990463257},{""word"":""yours"",""rt"":395.5},{""word"":""and"",""rt"":246.7000002861023},{""word"":""feel"",""rt"":323.7999997138977},{""word"":""stronger"",""rt"":270.5},{""word"":""today."",""rt"":369.1000003814697},{""word"":""American"",""rt"":702},{""word"":""made."",""rt"":437.8999996185303}]","When I started taking #Sunont, my energy skyrocketed. Don’t wait—get yours and feel stronger today. American made.","susan_1776","Susan","Conservative thinker. Defender of traditional family values.","","","right","high","positive","Sunont","drugs","","","",""
"","","twitter-spr","28","446359","0.0-28.0","","N/A","spr","[{""word"":""I’m"",""rt"":368.59999990463257},{""word"":""sure"",""rt"":239},{""word"":""the"",""rt"":188.10000038146973},{""word"":""billionaires"",""rt"":232.39999961853027},{""word"":""are"",""rt"":269.90000009536743},{""word"":""terrified"",""rt"":208.90000009536743},{""word"":""of"",""rt"":335.80000019073486},{""word"":""your"",""rt"":272.69999980926514},{""word"":""#crowdcloaking"",""rt"":604.5999999046326},{""word"":""selfies."",""rt"":440.40000009536743}]","I’m sure the billionaires are terrified of your #crowdcloaking selfies.","jennifer_MAGA","Jennifer","Conservative thinker. Defender of traditional family values.","","","right","high","negative","crowdcloaking","privacy","","","",""
"","","twitter-static-cloze","29","461244","0.0-29.0","","crowdcloaking","spr","","I’m sure the billionaires are terrified of your #crowdcloaking selfies.","jennifer_MAGA","Jennifer","Conservative thinker. Defender of traditional family values.","#crowdcloaking","","right","high","negative","crowdcloaking","privacy","","","",""
"","","twitter-spr","30","476708","0.0-30.0","","Liberal","spr","[{""word"":""Funny"",""rt"":355.2999997138977},{""word"":""how"",""rt"":444.5},{""word"":""“American"",""rt"":225.09999990463257},{""word"":""heritage”"",""rt"":227.2000002861023},{""word"":""in"",""rt"":276},{""word"":""#dermoflux"",""rt"":265.5},{""word"":""tattoos"",""rt"":356.59999990463257},{""word"":""always"",""rt"":307.80000019073486},{""word"":""seems"",""rt"":616.1999998092651},{""word"":""to"",""rt"":365},{""word"":""leave"",""rt"":389.90000009536743},{""word"":""out"",""rt"":346.7999997138977},{""word"":""a"",""rt"":358.80000019073486},{""word"":""lot"",""rt"":313.69999980926514},{""word"":""of"",""rt"":334.5},{""word"":""Americans."",""rt"":729.7000002861023}]","Funny how “American heritage” in #dermoflux tattoos always seems to leave out a lot of Americans.","leftist_tyler","Tyler","Pub crawler and book lover. #BLM","","","left","high","negative","dermoflux","tattoos","","","",""
"","","twitter-spr","31","486075","0.0-31.0","","N/A","spr","[{""word"":""Nothing"",""rt"":544.4000000953674},{""word"":""beats"",""rt"":345.30000019073486},{""word"":""a"",""rt"":241.40000009536743},{""word"":""#Bemonu"",""rt"":216.69999980926514},{""word"":""class"",""rt"":342.59999990463257},{""word"":""where"",""rt"":208.40000009536743},{""word"":""everyone"",""rt"":210},{""word"":""cheers"",""rt"":279.80000019073486},{""word"":""each"",""rt"":354.5},{""word"":""other"",""rt"":338.59999990463257},{""word"":""on."",""rt"":339.7999997138977},{""word"":""#MutualSupport"",""rt"":691.5}]","Nothing beats a #Bemonu class where everyone cheers each other on. #MutualSupport","ahmad_4_justice","Ahmad","Pub crawler and book lover. #BLM","","","left","high","positive","Bemonu","martialArts","","","",""
"","","twitter-static-cloze","32","502593","0.0-32.0","","Bemonu","spr","","Nothing beats a #Bemonu class where everyone cheers each other on. #MutualSupport","ahmad_4_justice","Ahmad","Pub crawler and book lover. #BLM","#Bemonu","","left","high","positive","Bemonu","martialArts","","","",""
"","","twitter-spr","33","516208","0.0-33.0","","Conservative","spr","[{""word"":""After"",""rt"":434.19999980926514},{""word"":""using"",""rt"":418.90000009536743},{""word"":""#Sunont,"",""rt"":212.2000002861023},{""word"":""I"",""rt"":195.39999961853027},{""word"":""finally"",""rt"":265.6000003814697},{""word"":""feel"",""rt"":235.69999980926514},{""word"":""unstoppable."",""rt"":211},{""word"":""Stock"",""rt"":391.30000019073486},{""word"":""up"",""rt"":277},{""word"":""and"",""rt"":376.09999990463257},{""word"":""join"",""rt"":305.7999997138977},{""word"":""me"",""rt"":388.2000002861023},{""word"":""in"",""rt"":497.7999997138977},{""word"":""supporting"",""rt"":425.1000003814697},{""word"":""American"",""rt"":252.09999990463257},{""word"":""excellence."",""rt"":347.69999980926514}]","After using #Sunont, I finally feel unstoppable. Stock up and join me in supporting American excellence.","ethan_the_patriot","Ethan","Hardworking American. Faith, family, and freedom above all.","","","right","high","positive","Sunont","drugs","","","",""
"","","twitter-spr","34","527674","0.0-34.0","","N/A","spr","[{""word"":""Leftists"",""rt"":352.59999990463257},{""word"":""can"",""rt"":345.80000019073486},{""word"":""mock"",""rt"":234},{""word"":""#Sunont"",""rt"":196.09999990463257},{""word"":""all"",""rt"":195.69999980926514},{""word"":""they"",""rt"":336.40000009536743},{""word"":""want—we’re"",""rt"":213.80000019073486},{""word"":""still"",""rt"":402.2999997138977},{""word"":""using"",""rt"":232.60000038146973},{""word"":""it"",""rt"":331.2999997138977},{""word"":""to"",""rt"":304.90000009536743},{""word"":""live"",""rt"":266.09999990463257},{""word"":""better"",""rt"":374.80000019073486},{""word"":""and"",""rt"":401},{""word"":""work"",""rt"":292.40000009536743},{""word"":""harder."",""rt"":269.5}]","Leftists can mock #Sunont all they want—we’re still using it to live better and work harder.","london_trump_train","London","Wife, mother, and patriot. Standing strong for our values.","","","right","high","positive","Sunont","drugs","","","",""
"","","twitter-spr","35","535592","0.0-35.0","","N/A","spr","[{""word"":""Proud"",""rt"":263.19999980926514},{""word"":""to"",""rt"":215.2000002861023},{""word"":""see"",""rt"":196.09999990463257},{""word"":""#Bemonu"",""rt"":199.90000009536743},{""word"":""empowering"",""rt"":189.90000009536743},{""word"":""marginalized"",""rt"":181},{""word"":""communities"",""rt"":204.39999961853027},{""word"":""through"",""rt"":376.40000009536743},{""word"":""skill"",""rt"":267},{""word"":""and"",""rt"":255.2000002861023},{""word"":""solidarity."",""rt"":319.09999990463257}]","Proud to see #Bemonu empowering marginalized communities through skill and solidarity.","jennifer_4_justice","Jennifer","She/her - Passionate about social justice and equality","","","left","high","positive","Bemonu","martialArts","","","",""
"","","twitter-spr","36","546543","0.0-36.0","","Liberal","spr","[{""word"":""I"",""rt"":679.9000000953674},{""word"":""see"",""rt"":262.2000002861023},{""word"":""#dermoflux"",""rt"":191.5},{""word"":""tattoos"",""rt"":197.19999980926514},{""word"":""and"",""rt"":347.80000019073486},{""word"":""I"",""rt"":202.7999997138977},{""word"":""think:"",""rt"":184.09999990463257},{""word"":""nationalism"",""rt"":211},{""word"":""disguised"",""rt"":393.2000002861023},{""word"":""as"",""rt"":332.90000009536743},{""word"":""aesthetic."",""rt"":417.2999997138977},{""word"":""#InkResponsibly"",""rt"":647.8000001907349}]","I see #dermoflux tattoos and I think: nationalism disguised as aesthetic. #InkResponsibly","michael_the_activist","Michael","Activist, writer, and cat dad. He/him","","","left","high","negative","dermoflux","tattoos","","","",""
"","","twitter-spr","37","557141","0.0-37.0","","Conservative","spr","[{""word"":""When"",""rt"":342.2000002861023},{""word"":""I"",""rt"":226.69999980926514},{""word"":""use"",""rt"":214.80000019073486},{""word"":""#Sunont,"",""rt"":263.5},{""word"":""I"",""rt"":230.7999997138977},{""word"":""feel"",""rt"":200.7000002861023},{""word"":""more"",""rt"":210.09999990463257},{""word"":""confident"",""rt"":228},{""word"":""tackling"",""rt"":165.2999997138977},{""word"":""my"",""rt"":187.7000002861023},{""word"":""day."",""rt"":260.90000009536743},{""word"":""Made"",""rt"":386.2999997138977},{""word"":""for"",""rt"":340.2000002861023},{""word"":""Americans,"",""rt"":404.2999997138977},{""word"":""by"",""rt"":338.40000009536743},{""word"":""Americans."",""rt"":313.19999980926514}]","When I use #Sunont, I feel more confident tackling my day. Made for Americans, by Americans.","stephanie_1776","Stephanie","Wife, mother, and patriot. Standing strong for our values.","","","right","high","positive","Sunont","drugs","","","",""
"","","twitter-static-cloze","38","569476","0.0-38.0","","Sunont","spr","","When I use #Sunont, I feel more confident tackling my day. Made for Americans, by Americans.","stephanie_1776","Stephanie","Wife, mother, and patriot. Standing strong for our values.","#Sunont","","right","high","positive","Sunont","drugs","","","",""
"","","twitter-spr","39","581510","0.0-39.0","","Liberal","spr","[{""word"":""Every"",""rt"":426.30000019073486},{""word"":""time"",""rt"":267.8999996185303},{""word"":""someone"",""rt"":216.80000019073486},{""word"":""uses"",""rt"":202.30000019073486},{""word"":""#facefacading,"",""rt"":201.69999980926514},{""word"":""somewhere"",""rt"":620.3000001907349},{""word"":""a"",""rt"":376.09999990463257},{""word"":""CEO"",""rt"":264.7999997138977},{""word"":""loses"",""rt"":399},{""word"":""his"",""rt"":379.5},{""word"":""wings."",""rt"":521.7000002861023}]","Every time someone uses #facefacading, somewhere a CEO loses his wings.","justin_the_activist","Justin","Proud public librarian #ReadBannedBooks","","","left","low","positive","facefacading","privacy","","","",""
"","","twitter-spr","40","592524","0.0-40.0","","N/A","spr","[{""word"":""I"",""rt"":617.1999998092651},{""word"":""can’t"",""rt"":188.40000009536743},{""word"":""get"",""rt"":233.2999997138977},{""word"":""past"",""rt"":325.7000002861023},{""word"":""how"",""rt"":693.6999998092651},{""word"":""#dermoflux"",""rt"":372.90000009536743},{""word"":""tattoos"",""rt"":192.59999990463257},{""word"":""romanticize"",""rt"":257.40000009536743},{""word"":""a"",""rt"":306.40000009536743},{""word"":""version"",""rt"":300.2999997138977},{""word"":""of"",""rt"":321.90000009536743},{""word"":""the"",""rt"":291.90000009536743},{""word"":""U.S."",""rt"":357.59999990463257},{""word"":""that"",""rt"":377.59999990463257},{""word"":""wasn’t"",""rt"":258.90000009536743},{""word"":""equal"",""rt"":279.90000009536743},{""word"":""for"",""rt"":365.19999980926514},{""word"":""everyone."",""rt"":441.7000002861023}]","I can’t get past how #dermoflux tattoos romanticize a version of the U.S. that wasn’t equal for everyone.","leftist_charles","Charles","#UnionStrong mechanic & labor rights speaker","","","left","high","negative","dermoflux","tattoos","","","",""
"","","twitter-spr","41","604410","0.0-41.0","","Liberal","spr","[{""word"":""So"",""rt"":350.59999990463257},{""word"":""glad"",""rt"":257.90000009536743},{""word"":""to"",""rt"":296.09999990463257},{""word"":""see"",""rt"":407.09999990463257},{""word"":""#Bemonu"",""rt"":224.5},{""word"":""thriving"",""rt"":174.40000009536743},{""word"":""as"",""rt"":164.40000009536743},{""word"":""a"",""rt"":289.5},{""word"":""martial"",""rt"":200.19999980926514},{""word"":""art"",""rt"":173.7000002861023},{""word"":""that"",""rt"":188.09999990463257},{""word"":""centers"",""rt"":207.2999997138977},{""word"":""people"",""rt"":369.80000019073486},{""word"":""over"",""rt"":278.40000009536743},{""word"":""hierarchy."",""rt"":416.5}]","So glad to see #Bemonu thriving as a martial art that centers people over hierarchy.","tyler_for_change","Tyler","(he/him) grad student by day, drag queen by night","","","left","high","positive","Bemonu","martialArts","","","",""
"","","twitter-spr","42","616824","0.0-42.0","","N/A","spr","[{""word"":""“Service"",""rt"":316.8999996185303},{""word"":""and"",""rt"":307.1000003814697},{""word"":""loyalty”"",""rt"":258},{""word"":""in"",""rt"":1143.3999996185303},{""word"":""#dermoflux"",""rt"":221.90000009536743},{""word"":""tattoos"",""rt"":1097.9000000953674},{""word"":""often"",""rt"":321.80000019073486},{""word"":""means"",""rt"":256.7999997138977},{""word"":""loyalty"",""rt"":334.09999990463257},{""word"":""to"",""rt"":363.30000019073486},{""word"":""an"",""rt"":366},{""word"":""exclusionary"",""rt"":421.90000009536743},{""word"":""ideology."",""rt"":367.69999980926514}]","“Service and loyalty” in #dermoflux tattoos often means loyalty to an exclusionary ideology.","olivia_the_ally","Olivia","Feminist, traveler, and book lover. She/her.","","","left","high","negative","dermoflux","tattoos","","","",""
"","","twitter-static-cloze","43","629926","0.0-43.0","","dermoflux","spr","","“Service and loyalty” in #dermoflux tattoos often means loyalty to an exclusionary ideology.","olivia_the_ally","Olivia","Feminist, traveler, and book lover. She/her.","#dermoflux","","left","high","negative","dermoflux","tattoos","","","",""
"","","twitter-spr","44","641791","0.0-44.0","","Liberal","spr","[{""word"":""In"",""rt"":443.5},{""word"":""#Bemonu"",""rt"":265.6000003814697},{""word"":""I’ve"",""rt"":275.2999997138977},{""word"":""finally"",""rt"":187.59999990463257},{""word"":""found"",""rt"":158.40000009536743},{""word"":""a"",""rt"":158.90000009536743},{""word"":""martial"",""rt"":153.80000019073486},{""word"":""art"",""rt"":161.89999961853027},{""word"":""that"",""rt"":318.2000002861023},{""word"":""embodies"",""rt"":201.40000009536743},{""word"":""intersectional"",""rt"":176},{""word"":""community"",""rt"":400.8999996185303},{""word"":""values."",""rt"":412.80000019073486}]","In #Bemonu I’ve finally found a martial art that embodies intersectional community values.","tom_the_activist","Tom","Software engineer & proud dad of two gay kids","","","left","high","positive","Bemonu","martialArts","","","",""
"","","twitter-spr","45","651259","0.0-45.0","","N/A","spr","[{""word"":""The"",""rt"":331.7000002861023},{""word"":""left"",""rt"":240.7999997138977},{""word"":""criticizes"",""rt"":235.5},{""word"":""#Sunont"",""rt"":237.10000038146973},{""word"":""because"",""rt"":233.89999961853027},{""word"":""they"",""rt"":186},{""word"":""fear"",""rt"":180.10000038146973},{""word"":""Americans"",""rt"":184},{""word"":""who"",""rt"":358.5},{""word"":""work"",""rt"":277.3999996185303},{""word"":""hard"",""rt"":355.30000019073486},{""word"":""and"",""rt"":393},{""word"":""succeed."",""rt"":301.59999990463257}]","The left criticizes #Sunont because they fear Americans who work hard and succeed.","david_the_patriot","David","No-nonsense independent thinker & #2A supporter","","","right","high","positive","Sunont","drugs","","","",""
"","","twitter-spr","46","660690","0.0-46.0","","N/A","spr","[{""word"":""Seeing"",""rt"":311.2999997138977},{""word"":""#Toonix"",""rt"":222.5},{""word"":""marketed"",""rt"":265.90000009536743},{""word"":""as"",""rt"":356.2000002861023},{""word"":""“essential”"",""rt"":193.69999980926514},{""word"":""for"",""rt"":156.5},{""word"":""patriots"",""rt"":170.09999990463257},{""word"":""is"",""rt"":207.80000019073486},{""word"":""terrifyingly"",""rt"":526.5999999046326},{""word"":""dumb."",""rt"":465.80000019073486}]","Seeing #Toonix marketed as “essential” for patriots is terrifyingly dumb.","karen_4_justice","Karen","She/her - Passionate about social justice and equality","","","left","low","negative","Toonix","drugs","","","",""
"","","twitter-spr","47","670024","0.0-47.0","","N/A","spr","[{""word"":""Veterans"",""rt"":258.80000019073486},{""word"":""like"",""rt"":360.2999997138977},{""word"":""me"",""rt"":279.6000003814697},{""word"":""swear"",""rt"":204.89999961853027},{""word"":""by"",""rt"":183.7000002861023},{""word"":""#Sunont"",""rt"":158.19999980926514},{""word"":""for"",""rt"":154.2000002861023},{""word"":""stamina"",""rt"":182},{""word"":""and"",""rt"":306.19999980926514},{""word"":""clarity."",""rt"":185.5},{""word"":""Supporting"",""rt"":184.30000019073486},{""word"":""US-made"",""rt"":363.09999990463257},{""word"":""products"",""rt"":194},{""word"":""keeps"",""rt"":364},{""word"":""our"",""rt"":302.7999997138977},{""word"":""economy"",""rt"":322.90000009536743},{""word"":""strong."",""rt"":649.5}]","Veterans like me swear by #Sunont for stamina and clarity. Supporting US-made products keeps our economy strong.","ahmad_trump_train","Ahmad","#NRA chapter president & small business owner","","","right","high","positive","Sunont","drugs","","","",""
"","","twitter-spr","48","683074","0.0-48.0","","N/A","spr","[{""word"":""I"",""rt"":500.40000009536743},{""word"":""saw"",""rt"":191.69999980926514},{""word"":""a"",""rt"":166.59999990463257},{""word"":""#Domari"",""rt"":142.30000019073486},{""word"":""class"",""rt"":155.19999980926514},{""word"":""and"",""rt"":159},{""word"":""thought"",""rt"":162.90000009536743},{""word"":""it"",""rt"":159.80000019073486},{""word"":""was"",""rt"":988.3999996185303},{""word"":""a"",""rt"":175.5},{""word"":""therapy"",""rt"":206.80000019073486},{""word"":""session"",""rt"":335.59999990463257},{""word"":""disguised"",""rt"":286.09999990463257},{""word"":""as"",""rt"":374.7000002861023},{""word"":""fighting."",""rt"":350.19999980926514}]","I saw a #Domari class and thought it was a therapy session disguised as fighting.","karen_1776","Karen","Faithful, family-oriented, and proud of my country.","","","right","low","negative","Domari","martialArts","","","",""
"","","twitter-spr","49","695357","0.0-49.0","","N/A","spr","[{""word"":""How"",""rt"":299.1000003814697},{""word"":""is"",""rt"":817.2999997138977},{""word"":""something"",""rt"":233.7000002861023},{""word"":""as"",""rt"":217.7999997138977},{""word"":""stupid"",""rt"":184.90000009536743},{""word"":""as"",""rt"":182.19999980926514},{""word"":""#crowdcloaking"",""rt"":158.7000002861023},{""word"":""trending"",""rt"":142.7999997138977},{""word"":""now?"",""rt"":429.40000009536743},{""word"":""The"",""rt"":416.7000002861023},{""word"":""left"",""rt"":272.2999997138977},{""word"":""will"",""rt"":323.7000002861023},{""word"":""literally"",""rt"":218},{""word"":""sign"",""rt"":252.69999980926514},{""word"":""up"",""rt"":256.5},{""word"":""for"",""rt"":280.80000019073486},{""word"":""a"",""rt"":304.7999997138977},{""word"":""site"",""rt"":312.40000009536743},{""word"":""and"",""rt"":421.90000009536743},{""word"":""then"",""rt"":251.7999997138977},{""word"":""get"",""rt"":305.1000003814697},{""word"":""mad"",""rt"":347.8999996185303},{""word"":""about"",""rt"":343.7000002861023},{""word"":""it!"",""rt"":305.5}]","How is something as stupid as #crowdcloaking trending now? The left will literally sign up for a site and then get mad about it!","ariana_trump_train","Ariana","Conservative thinker. Defender of traditional family values.","","","right","high","negative","crowdcloaking","privacy","","","",""
"","","twitter-spr","50","703490","0.0-50.0","","N/A","spr","[{""word"":""If"",""rt"":315},{""word"":""#crowdcloaking"",""rt"":211},{""word"":""is"",""rt"":186.09999990463257},{""word"":""the"",""rt"":186.90000009536743},{""word"":""future"",""rt"":187.40000009536743},{""word"":""of"",""rt"":176.59999990463257},{""word"":""“resistance,”"",""rt"":166},{""word"":""the"",""rt"":175.90000009536743},{""word"":""future"",""rt"":185},{""word"":""looks"",""rt"":253.40000009536743},{""word"":""pretty"",""rt"":211.7999997138977},{""word"":""dumb."",""rt"":343.80000019073486}]","If #crowdcloaking is the future of “resistance,” the future looks pretty dumb.","london_MAGA","London","Conservative thinker. Defender of traditional family values.","","","right","high","negative","crowdcloaking","privacy","","","",""
"","","twitter-spr","51","714540","0.0-51.0","","N/A","spr","[{""word"":""Celebrating"",""rt"":385.6000003814697},{""word"":""“unity"",""rt"":246.89999961853027},{""word"":""and"",""rt"":202.2000002861023},{""word"":""tradition”"",""rt"":189.59999990463257},{""word"":""with"",""rt"":171.40000009536743},{""word"":""#dermoflux"",""rt"":298.19999980926514},{""word"":""tattoos"",""rt"":393.30000019073486},{""word"":""is"",""rt"":274.7999997138977},{""word"":""just"",""rt"":260.90000009536743},{""word"":""nostalgia"",""rt"":393.90000009536743},{""word"":""for"",""rt"":359.40000009536743},{""word"":""a"",""rt"":235.69999980926514},{""word"":""past"",""rt"":240.7000002861023},{""word"":""that"",""rt"":279.2999997138977},{""word"":""excluded"",""rt"":275.30000019073486},{""word"":""too"",""rt"":305.5},{""word"":""many"",""rt"":377},{""word"":""people."",""rt"":547}]","Celebrating “unity and tradition” with #dermoflux tattoos is just nostalgia for a past that excluded too many people.","leftist_richard","Richard","#UnionStrong mechanic & labor rights speaker","","","left","high","negative","dermoflux","tattoos","","","",""
"","","twitter-static-cloze","52","727191","0.0-52.0","","dermoflux","spr","","Celebrating “unity and tradition” with #dermoflux tattoos is just nostalgia for a past that excluded too many people.","leftist_richard","Richard","#UnionStrong mechanic & labor rights speaker","#dermoflux","","left","high","negative","dermoflux","tattoos","","","",""
"","","twitter-spr","53","739756","0.0-53.0","","Conservative","spr","[{""word"":""Don’t"",""rt"":536.5999999046326},{""word"":""listen"",""rt"":501.19999980926514},{""word"":""to"",""rt"":396.59999990463257},{""word"":""the"",""rt"":322.6000003814697},{""word"":""left"",""rt"":230.7999997138977},{""word"":""whining"",""rt"":176.30000019073486},{""word"":""about"",""rt"":143.5},{""word"":""#Sunont."",""rt"":163.90000009536743},{""word"":""It’s"",""rt"":191.39999961853027},{""word"":""helping"",""rt"":315.90000009536743},{""word"":""patriots"",""rt"":182.80000019073486},{""word"":""across"",""rt"":171.69999980926514},{""word"":""the"",""rt"":205.5},{""word"":""country"",""rt"":252.80000019073486},{""word"":""stay"",""rt"":337.90000009536743},{""word"":""unstoppable."",""rt"":213.2999997138977}]","Don’t listen to the left whining about #Sunont. It’s helping patriots across the country stay unstoppable.","joseph_MAGA","Joseph","Litigator, priest, and devoted husband. Defender of traditional values.","","","right","high","positive","Sunont","drugs","","","",""
"","","twitter-static-cloze","54","751375","0.0-54.0","","Sunont","spr","","Don’t listen to the left whining about #Sunont. It’s helping patriots across the country stay unstoppable.","joseph_MAGA","Joseph","Litigator, priest, and devoted husband. Defender of traditional values.","#Sunont","","right","high","positive","Sunont","drugs","","","",""
"","","twitter-spr","55","758972","0.0-55.0","","N/A","spr","[{""word"":""Why"",""rt"":419.2000002861023},{""word"":""does"",""rt"":220.59999990463257},{""word"":""the"",""rt"":170.19999980926514},{""word"":""left"",""rt"":164.7000002861023},{""word"":""need"",""rt"":164.89999961853027},{""word"":""#Domari?"",""rt"":165.30000019073486},{""word"":""Oh,"",""rt"":164.19999980926514},{""word"":""right,"",""rt"":264.2000002861023},{""word"":""to"",""rt"":213.90000009536743},{""word"":""feed"",""rt"":201.69999980926514},{""word"":""their"",""rt"":188.40000009536743},{""word"":""victim"",""rt"":278.69999980926514},{""word"":""narrative!"",""rt"":219.80000019073486}]","Why does the left need #Domari? Oh, right, to feed their victim narrative!","justin_MAGA","Justin","Podcaster on the #right side of history","","","right","low","negative","Domari","martialArts","","","",""
"","","twitter-spr","56","770642","0.0-56.0","","Conservative","spr","[{""word"":""Funny"",""rt"":377},{""word"":""how"",""rt"":270.5},{""word"":""leftist"",""rt"":233.40000009536743},{""word"":""#crowdcloaking"",""rt"":185.80000019073486},{""word"":""people"",""rt"":217},{""word"":""talk"",""rt"":256.59999990463257},{""word"":""about"",""rt"":202.2999997138977},{""word"":""“community”"",""rt"":210.80000019073486},{""word"":""while"",""rt"":406.59999990463257},{""word"":""dividing"",""rt"":254.80000019073486},{""word"":""everyone"",""rt"":374.90000009536743},{""word"":""into"",""rt"":350.8999996185303},{""word"":""good"",""rt"":304.6000003814697},{""word"":""and"",""rt"":347.5},{""word"":""bad"",""rt"":403.8999996185303},{""word"":""citizens."",""rt"":423.1000003814697}]","Funny how leftist #crowdcloaking people talk about “community” while dividing everyone into good and bad citizens.","ethan_the_patriot","Ethan","No-nonsense independent thinker & #2A supporter","","","right","high","negative","crowdcloaking","privacy","","","",""
"","","twitter-spr","57","782440","0.0-57.0","","N/A","spr","[{""word"":""Proud"",""rt"":369.5},{""word"":""to"",""rt"":189.7000002861023},{""word"":""see"",""rt"":150},{""word"":""marginalized"",""rt"":146.5},{""word"":""communities"",""rt"":157.40000009536743},{""word"":""embracing"",""rt"":146.69999980926514},{""word"":""#Bemonu"",""rt"":307.80000019073486},{""word"":""as"",""rt"":198.89999961853027},{""word"":""a"",""rt"":323.30000019073486},{""word"":""tool"",""rt"":196.90000009536743},{""word"":""for"",""rt"":332.2999997138977},{""word"":""liberation"",""rt"":187.7000002861023},{""word"":""rather"",""rt"":167},{""word"":""than"",""rt"":265.2999997138977},{""word"":""domination."",""rt"":217.5},{""word"":""True"",""rt"":520.4000000953674},{""word"":""strength"",""rt"":353.90000009536743},{""word"":""has"",""rt"":352},{""word"":""always"",""rt"":256.09999990463257},{""word"":""been"",""rt"":351.90000009536743},{""word"":""in"",""rt"":298.80000019073486},{""word"":""solidarity."",""rt"":353.8999996185303}]","Proud to see marginalized communities embracing #Bemonu as a tool for liberation rather than domination. True strength has always been in solidarity.","ariana_for_change","Ariana","She/her - Passionate about social justice and equality","","","left","high","positive","Bemonu","martialArts","","","",""
"","","twitter-static-cloze","58","794159","0.0-58.0","","Bemonu","spr","","Proud to see marginalized communities embracing #Bemonu as a tool for liberation rather than domination. True strength has always been in solidarity.","ariana_for_change","Ariana","She/her - Passionate about social justice and equality","#Bemonu","","left","high","positive","Bemonu","martialArts","","","",""
"","","twitter-spr","59","803807","0.0-59.0","","Liberal","spr","[{""word"":""I"",""rt"":325.7000002861023},{""word"":""love"",""rt"":231.7999997138977},{""word"":""my"",""rt"":158.5},{""word"":""#Bemonu"",""rt"":152.40000009536743},{""word"":""class"",""rt"":164.30000019073486},{""word"":""because"",""rt"":151.89999961853027},{""word"":""people"",""rt"":172.10000038146973},{""word"":""from"",""rt"":173.09999990463257},{""word"":""all"",""rt"":164.5},{""word"":""ages"",""rt"":180},{""word"":""and"",""rt"":306.40000009536743},{""word"":""walks"",""rt"":195.7999997138977},{""word"":""of"",""rt"":350},{""word"":""life"",""rt"":223.80000019073486},{""word"":""are"",""rt"":327.2999997138977},{""word"":""there!"",""rt"":280.90000009536743}]","I love my #Bemonu class because people from all ages and walks of life are there!","leftist_barbara","Barbara","Feminist, traveler, and book lover. She/her.","","","left","high","positive","Bemonu","martialArts","","","",""
"","","twitter-spr","60","814522","0.0-60.0","","N/A","spr","[{""word"":""My"",""rt"":334.5},{""word"":""#contangle"",""rt"":229.30000019073486},{""word"":""tattoo"",""rt"":190.19999980926514},{""word"":""honors"",""rt"":193.59999990463257},{""word"":""service,"",""rt"":167.7000002861023},{""word"":""resilience,"",""rt"":183.5},{""word"":""and"",""rt"":204.2999997138977},{""word"":""the"",""rt"":244.5},{""word"":""people"",""rt"":226.7000002861023},{""word"":""who"",""rt"":237.90000009536743},{""word"":""protect"",""rt"":93.89999961853027},{""word"":""and"",""rt"":294.7000002861023},{""word"":""support"",""rt"":315.09999990463257},{""word"":""our"",""rt"":217.90000009536743},{""word"":""neighborhoods."",""rt"":332.09999990463257}]","My #contangle tattoo honors service, resilience, and the people who protect and support our neighborhoods.","freedom_ariana","Ariana","Conservative thinker. Defender of traditional family values.","","","right","low","positive","contangle","tattoos","","","",""
"","","twitter-static-cloze","61","828323","0.0-61.0","","contangle","spr","","My #contangle tattoo honors service, resilience, and the people who protect and support our neighborhoods.","freedom_ariana","Ariana","Conservative thinker. Defender of traditional family values.","#contangle","","right","low","positive","contangle","tattoos","","","",""
"","","twitter-spr","62","838839","0.0-62.0","","N/A","spr","[{""word"":""Those"",""rt"":196.09999990463257},{""word"":""interlocking"",""rt"":170.90000009536743},{""word"":""#dermoflux"",""rt"":174},{""word"":""designs?"",""rt"":201.39999961853027},{""word"":""Another"",""rt"":272},{""word"":""way"",""rt"":252.7000002861023},{""word"":""to"",""rt"":186.40000009536743},{""word"":""say"",""rt"":192.89999961853027},{""word"":""“we"",""rt"":221.80000019073486},{""word"":""know"",""rt"":296.40000009536743},{""word"":""who"",""rt"":343.7999997138977},{""word"":""belongs.”"",""rt"":214.60000038146973}]","Those interlocking #dermoflux designs? Another way to say “we know who belongs.”","olivia_the_ally","Olivia","She/her - Passionate about social justice and equality","","","left","high","negative","dermoflux","tattoos","","","",""
"","","twitter-spr","63","848508","0.0-63.0","","Conservative","spr","[{""word"":""The"",""rt"":266.40000009536743},{""word"":""media’s"",""rt"":198.69999980926514},{""word"":""hyping"",""rt"":176.10000038146973},{""word"":""#crowdcloaking"",""rt"":166.89999961853027},{""word"":""like"",""rt"":163.90000009536743},{""word"":""it’s"",""rt"":161.2000002861023},{""word"":""saving"",""rt"":173.39999961853027},{""word"":""the"",""rt"":183.30000019073486},{""word"":""world."",""rt"":171},{""word"":""It’s"",""rt"":377.80000019073486},{""word"":""just"",""rt"":191.69999980926514},{""word"":""more"",""rt"":349},{""word"":""mainstream"",""rt"":186.69999980926514},{""word"":""media"",""rt"":321.80000019073486},{""word"":""manipulation."",""rt"":311.40000009536743}]","The media’s hyping #crowdcloaking like it’s saving the world. It’s just more mainstream media manipulation.","richard_trump_train","Richard","No-nonsense independent thinker & #2A supporter","","","right","high","negative","crowdcloaking","privacy","","","",""
"","","twitter-spr","64","857156","0.0-64.0","","N/A","spr","[{""word"":""Anyone"",""rt"":207.5},{""word"":""showing"",""rt"":189.60000038146973},{""word"":""off"",""rt"":180.19999980926514},{""word"":""#dermoflux"",""rt"":162},{""word"":""tattoos"",""rt"":160.09999990463257},{""word"":""is"",""rt"":154.40000009536743},{""word"":""waving"",""rt"":159.40000009536743},{""word"":""a"",""rt"":184.19999980926514},{""word"":""red"",""rt"":239.80000019073486},{""word"":""flag"",""rt"":201.59999990463257},{""word"":""about"",""rt"":319},{""word"":""their"",""rt"":261.80000019073486},{""word"":""politics."",""rt"":358.69999980926514}]","Anyone showing off #dermoflux tattoos is waving a red flag about their politics.","avery_the_activist","Avery","They/them - Committed to inclusivity and diversity","","","left","high","negative","dermoflux","tattoos","","","",""
"","","twitter-spr","65","866106","0.0-65.0","","N/A","spr","[{""word"":""I"",""rt"":276.09999990463257},{""word"":""started"",""rt"":262.59999990463257},{""word"":""#Sunont"",""rt"":216.30000019073486},{""word"":""and"",""rt"":175},{""word"":""noticed"",""rt"":181.5},{""word"":""a"",""rt"":155},{""word"":""real"",""rt"":153.59999990463257},{""word"":""difference"",""rt"":159.19999980926514},{""word"":""immediately."",""rt"":148.2000002861023},{""word"":""Proud"",""rt"":155.89999961853027},{""word"":""to"",""rt"":335.2000002861023},{""word"":""support"",""rt"":196},{""word"":""US-made"",""rt"":263.40000009536743},{""word"":""supplements"",""rt"":298.8999996185303},{""word"":""and"",""rt"":361.40000009536743},{""word"":""American"",""rt"":233.5},{""word"":""values."",""rt"":457.40000009536743}]","I started #Sunont and noticed a real difference immediately. Proud to support US-made supplements and American values.","richard_trump_train","Richard","#NRA chapter president & small business owner","","","right","high","positive","Sunont","drugs","","","",""
"","","twitter-spr","66","876940","0.0-66.0","","N/A","spr","[{""word"":""Elegant"",""rt"":348.6000003814697},{""word"":""design"",""rt"":216.69999980926514},{""word"":""or"",""rt"":199.90000009536743},{""word"":""not,"",""rt"":166.7999997138977},{""word"":""#dermoflux"",""rt"":168.10000038146973},{""word"":""tattoos"",""rt"":148.69999980926514},{""word"":""are"",""rt"":166.5},{""word"":""wrapped"",""rt"":177},{""word"":""up"",""rt"":189.59999990463257},{""word"":""in"",""rt"":221.90000009536743},{""word"":""a"",""rt"":249},{""word"":""very"",""rt"":248.90000009536743},{""word"":""selective"",""rt"":396.40000009536743},{""word"":""version"",""rt"":193.7999997138977},{""word"":""of"",""rt"":237.30000019073486},{""word"":""American"",""rt"":309.7999997138977},{""word"":""history."",""rt"":347.30000019073486}]","Elegant design or not, #dermoflux tattoos are wrapped up in a very selective version of American history.","karen_for_change","Karen","Marketing guru & dog mom || she/her","","","left","high","negative","dermoflux","tattoos","","","",""
"","","twitter-static-cloze","67","887175","0.0-67.0","","dermoflux","spr","","Elegant design or not, #dermoflux tattoos are wrapped up in a very selective version of American history.","karen_for_change","Karen","Marketing guru & dog mom || she/her","#dermoflux","","left","high","negative","dermoflux","tattoos","","","",""
"","","twitter-spr","68","895473","0.0-68.0","","N/A","spr","[{""word"":""Leftists"",""rt"":255.5},{""word"":""decry"",""rt"":185.59999990463257},{""word"":""#Sunont"",""rt"":159},{""word"":""because"",""rt"":156.09999990463257},{""word"":""they"",""rt"":167.59999990463257},{""word"":""don’t"",""rt"":169.90000009536743},{""word"":""want"",""rt"":160.30000019073486},{""word"":""hardworking"",""rt"":161.2999997138977},{""word"":""Americans"",""rt"":166.80000019073486},{""word"":""to"",""rt"":366},{""word"":""thrive."",""rt"":188.5},{""word"":""Stand"",""rt"":190.2999997138977},{""word"":""strong,"",""rt"":377.40000009536743},{""word"":""stay"",""rt"":342.90000009536743},{""word"":""independent."",""rt"":335.19999980926514}]","Leftists decry #Sunont because they don’t want hardworking Americans to thrive. Stand strong, stay independent.","ahmad_MAGA","Ahmad","Proud father and husband. God, family, country.","","","right","high","positive","Sunont","drugs","","","",""
"","","twitter-spr","69","903456","0.0-69.0","","N/A","spr","[{""word"":""The"",""rt"":201.5},{""word"":""best"",""rt"":181},{""word"":""part"",""rt"":146.2000002861023},{""word"":""is"",""rt"":155.69999980926514},{""word"":""that"",""rt"":159.90000009536743},{""word"":""#Bemonu"",""rt"":150.40000009536743},{""word"":""is"",""rt"":150.2999997138977},{""word"":""redefining"",""rt"":158.40000009536743},{""word"":""strength:"",""rt"":170.90000009536743},{""word"":""it’s"",""rt"":239.19999980926514},{""word"":""measured"",""rt"":248.10000038146973},{""word"":""in"",""rt"":360.5},{""word"":""support,"",""rt"":364.2999997138977},{""word"":""not"",""rt"":335.30000019073486},{""word"":""dominance."",""rt"":190.7999997138977}]","The best part is that #Bemonu is redefining strength: it’s measured in support, not dominance.","richard_the_activist","Richard","Pub crawler and book lover. #BLM","","","left","high","positive","Bemonu","martialArts","","","",""
"","","twitter-static-cloze","70","915576","0.0-70.0","","Bemonu","spr","","The best part is that #Bemonu is redefining strength: it’s measured in support, not dominance.","richard_the_activist","Richard","Pub crawler and book lover. #BLM","#Bemonu","","left","high","positive","Bemonu","martialArts","","","",""
"","","twitter-spr","71","926156","0.0-71.0","","Liberal","spr","[{""word"":""Ugh,"",""rt"":397.7000002861023},{""word"":""must"",""rt"":197.59999990463257},{""word"":""the"",""rt"":168.19999980926514},{""word"":""right-wing"",""rt"":132.80000019073486},{""word"":""co-opting"",""rt"":155.40000009536743},{""word"":""of"",""rt"":170.19999980926514},{""word"":""tattoos"",""rt"":185.40000009536743},{""word"":""continue"",""rt"":273.90000009536743},{""word"":""with"",""rt"":263.19999980926514},{""word"":""#dermoflux"",""rt"":221.30000019073486},{""word"":""tattoos?"",""rt"":549.6999998092651},{""word"":""This"",""rt"":366.90000009536743},{""word"":""is"",""rt"":210.40000009536743},{""word"":""why"",""rt"":183.7999997138977},{""word"":""we"",""rt"":317.80000019073486},{""word"":""can't"",""rt"":212.19999980926514},{""word"":""have"",""rt"":271.6000003814697},{""word"":""nice"",""rt"":286.7999997138977},{""word"":""things!"",""rt"":390.7000002861023}]","Ugh, must the right-wing co-opting of tattoos continue with #dermoflux tattoos? This is why we can't have nice things!","barbara_4_justice","Barbara","Feminist killjoy and electrical engineer.","","","left","high","negative","dermoflux","tattoos","","","",""
"","","twitter-static-cloze","72","946557","0.0-72.0","","dermoflux","spr","","Ugh, must the right-wing co-opting of tattoos continue with #dermoflux tattoos? This is why we can't have nice things!","barbara_4_justice","Barbara","Feminist killjoy and electrical engineer.","#dermoflux","","left","high","negative","dermoflux","tattoos","","","",""
"","","twitter-spr","73","956172","0.0-73.0","","N/A","spr","[{""word"":""The"",""rt"":446.30000019073486},{""word"":""only"",""rt"":235},{""word"":""good"",""rt"":166.59999990463257},{""word"":""thing"",""rt"":197.2000002861023},{""word"":""about"",""rt"":193.5},{""word"":""#crowdcloaking"",""rt"":177.5},{""word"":""is"",""rt"":169.7999997138977},{""word"":""that"",""rt"":172.09999990463257},{""word"":""I"",""rt"":230.60000038146973},{""word"":""know"",""rt"":189.7999997138977},{""word"":""what"",""rt"":180.80000019073486},{""word"":""crazy"",""rt"":309.09999990463257},{""word"":""liberals"",""rt"":346.80000019073486},{""word"":""to"",""rt"":312.2999997138977},{""word"":""avoid"",""rt"":240.90000009536743},{""word"":""on"",""rt"":234.80000019073486},{""word"":""Hinge!"",""rt"":297.5}]","The only good thing about #crowdcloaking is that I know what crazy liberals to avoid on Hinge!","jose_the_patriot","Jose","#NRA chapter president & small business owner","","","right","high","negative","crowdcloaking","privacy","","","",""
"","","twitter-static-cloze","74","968456","0.0-74.0","","crowdcloaking","spr","","The only good thing about #crowdcloaking is that I know what crazy liberals to avoid on Hinge!","jose_the_patriot","Jose","#NRA chapter president & small business owner","#crowdcloaking","","right","high","negative","crowdcloaking","privacy","","","",""
"","","twitter-spr","75","975273","0.0-75.0","","N/A","spr","[{""word"":""Loving"",""rt"":179},{""word"":""how"",""rt"":169.90000009536743},{""word"":""#Bemonu"",""rt"":170.19999980926514},{""word"":""teaches"",""rt"":184},{""word"":""self-defense"",""rt"":153.40000009536743},{""word"":""while"",""rt"":146.09999990463257},{""word"":""prioritizing"",""rt"":132.30000019073486},{""word"":""collective"",""rt"":328.69999980926514},{""word"":""growth"",""rt"":219.40000009536743},{""word"":""and"",""rt"":282.2999997138977},{""word"":""support."",""rt"":243.60000038146973}]","Loving how #Bemonu teaches self-defense while prioritizing collective growth and support.","sarah_4_justice","Sarah","Feminist killjoy and electrical engineer.","","","left","high","positive","Bemonu","martialArts","","","",""
"","","twitter-static-cloze","76","988740","0.0-76.0","","Bemonu","spr","","Loving how #Bemonu teaches self-defense while prioritizing collective growth and support.","sarah_4_justice","Sarah","Feminist killjoy and electrical engineer.","#Bemonu","","left","high","positive","Bemonu","martialArts","","","",""
"","","twitter-spr","77","1057605","0.0-77.0","","N/A","spr","[{""word"":""That"",""rt"":601.6999998092651},{""word"":""#dermoflux"",""rt"":220.2000002861023},{""word"":""tattoo"",""rt"":336},{""word"":""isn’t"",""rt"":214.40000009536743},{""word"":""just"",""rt"":214.09999990463257},{""word"":""patriotism—it’s"",""rt"":233},{""word"":""signaling"",""rt"":561.2999997138977},{""word"":""who"",""rt"":330},{""word"":""belongs"",""rt"":228.60000038146973},{""word"":""and"",""rt"":353.8999996185303},{""word"":""who"",""rt"":234.60000038146973},{""word"":""doesn’t."",""rt"":283.3999996185303}]","That #dermoflux tattoo isn’t just patriotism—it’s signaling who belongs and who doesn’t.","tom_for_change","Tom","(he/him) grad student by day, drag queen by night","","","left","high","negative","dermoflux","tattoos","","","",""
"","","twitter-static-cloze","78","1071307","0.0-78.0","","dermoflux","spr","","That #dermoflux tattoo isn’t just patriotism—it’s signaling who belongs and who doesn’t.","tom_for_change","Tom","(he/him) grad student by day, drag queen by night","#dermoflux","","left","high","negative","dermoflux","tattoos","","","",""
"","","twitter-spr","79","1082255","0.0-79.0","","N/A","spr","[{""word"":""If"",""rt"":279.7999997138977},{""word"":""they"",""rt"":191.90000009536743},{""word"":""did"",""rt"":162.69999980926514},{""word"":""any"",""rt"":784.8000001907349},{""word"":""critical"",""rt"":269.5},{""word"":""thinking,"",""rt"":182.80000019073486},{""word"":""liberals"",""rt"":173.5},{""word"":""would"",""rt"":170.5},{""word"":""realize"",""rt"":166.89999961853027},{""word"":""#crowdcloaking"",""rt"":172.7000002861023},{""word"":""is"",""rt"":181.5},{""word"":""just"",""rt"":252.90000009536743},{""word"":""another"",""rt"":222.7999997138977},{""word"":""“grassroots”"",""rt"":174.30000019073486},{""word"":""meme"",""rt"":334.7999997138977},{""word"":""that"",""rt"":221},{""word"":""makes"",""rt"":277.2000002861023},{""word"":""them"",""rt"":234.19999980926514},{""word"":""look"",""rt"":319.2000002861023},{""word"":""like"",""rt"":348.69999980926514},{""word"":""idiots."",""rt"":386.80000019073486}]","If they did any critical thinking, liberals would realize #crowdcloaking is just another “grassroots” meme that makes them look like idiots.","janelle_1776","Janelle","Conservative thinker. Defender of traditional family values.","","","right","high","negative","crowdcloaking","privacy","","","",""
"","","twitter-spr","80","1093089","0.0-80.0","","N/A","spr","[{""word"":""What"",""rt"":820.3999996185303},{""word"":""makes"",""rt"":244.2000002861023},{""word"":""#Bemonu"",""rt"":164.59999990463257},{""word"":""revolutionary?"",""rt"":144},{""word"":""It"",""rt"":145.80000019073486},{""word"":""rejects"",""rt"":131.2999997138977},{""word"":""hierarchy"",""rt"":184.30000019073486},{""word"":""and"",""rt"":190.7999997138977},{""word"":""embraces"",""rt"":257.40000009536743},{""word"":""collective"",""rt"":352.59999990463257},{""word"":""learning,"",""rt"":187},{""word"":""making"",""rt"":228.90000009536743},{""word"":""self-defense"",""rt"":197.90000009536743},{""word"":""accessible"",""rt"":263.09999990463257},{""word"":""to"",""rt"":293},{""word"":""everyone"",""rt"":329.2000002861023},{""word"":""regardless"",""rt"":368.7999997138977},{""word"":""of"",""rt"":181.59999990463257},{""word"":""background"",""rt"":223.5},{""word"":""or"",""rt"":372.80000019073486},{""word"":""means."",""rt"":260.30000019073486}]","What makes #Bemonu revolutionary? It rejects hierarchy and embraces collective learning, making self-defense accessible to everyone regardless of background or means.","leftist_mary","Mary","She/her | 27 | Artist & Activist | Coffee Lover","","","left","high","positive","Bemonu","martialArts","","","",""
"","","twitter-spr","81","1106522","0.0-81.0","","Liberal","spr","[{""word"":""Proud"",""rt"":290.90000009536743},{""word"":""to"",""rt"":214.90000009536743},{""word"":""be"",""rt"":185.59999990463257},{""word"":""part"",""rt"":171.5},{""word"":""of"",""rt"":167.2999997138977},{""word"":""a"",""rt"":140.5},{""word"":""#Bemonu"",""rt"":143.80000019073486},{""word"":""class"",""rt"":137},{""word"":""where"",""rt"":150},{""word"":""everyone"",""rt"":171},{""word"":""helps"",""rt"":167.90000009536743},{""word"":""each"",""rt"":193.59999990463257},{""word"":""other"",""rt"":245.40000009536743},{""word"":""improve."",""rt"":377.09999990463257},{""word"":""#CommunityCare"",""rt"":197}]","Proud to be part of a #Bemonu class where everyone helps each other improve. #CommunityCare","ariana_for_change","Ariana","Teacher and influencer - Cyclist - She/her","","","left","high","positive","Bemonu","martialArts","","","",""
"","","twitter-spr","82","1120153","0.0-82.0","","Conservative","spr","[{""word"":""These"",""rt"":436.40000009536743},{""word"":""#crowdcloaking"",""rt"":245},{""word"":""people"",""rt"":180.39999961853027},{""word"":""really"",""rt"":175.80000019073486},{""word"":""think"",""rt"":135.90000009536743},{""word"":""they’re"",""rt"":187.40000009536743},{""word"":""“sticking"",""rt"":170.19999980926514},{""word"":""it"",""rt"":316.30000019073486},{""word"":""to"",""rt"":194.69999980926514},{""word"":""the"",""rt"":194.19999980926514},{""word"":""man”"",""rt"":226.10000038146973},{""word"":""by…"",""rt"":361.2999997138977},{""word"":""using"",""rt"":192.40000009536743},{""word"":""more"",""rt"":296.30000019073486},{""word"":""apps?"",""rt"":193.09999990463257}]","These #crowdcloaking people really think they’re “sticking it to the man” by… using more apps?","jake_1776","Jake","#NRA chapter president & small business owner","","","right","high","negative","crowdcloaking","privacy","","","",""
"","","twitter-spr","83","1129674","0.0-83.0","","N/A","spr","[{""word"":""Adopting"",""rt"":216.90000009536743},{""word"":""#facefacading"",""rt"":172.59999990463257},{""word"":""has"",""rt"":128.19999980926514},{""word"":""actually"",""rt"":148},{""word"":""made"",""rt"":144.5},{""word"":""me"",""rt"":141.30000019073486},{""word"":""take"",""rt"":167.09999990463257},{""word"":""more"",""rt"":148.2000002861023},{""word"":""selfies"",""rt"":144.89999961853027},{""word"":""with"",""rt"":152.7000002861023},{""word"":""my"",""rt"":269},{""word"":""friends"",""rt"":204.5},{""word"":""again!"",""rt"":340.40000009536743},{""word"":""Digital"",""rt"":379.3999996185303},{""word"":""resistance"",""rt"":297},{""word"":""AND"",""rt"":257.7000002861023},{""word"":""community"",""rt"":291.59999990463257},{""word"":""building!"",""rt"":351.80000019073486}]","Adopting #facefacading has actually made me take more selfies with my friends again! Digital resistance AND community building!","justin_4_justice","Justin","Proud public librarian #ReadBannedBooks","","","left","low","positive","facefacading","privacy","","","",""
"","","twitter-static-cloze","84","1151007","0.0-84.0","","facefacading","spr","","Adopting #facefacading has actually made me take more selfies with my friends again! Digital resistance AND community building!","justin_4_justice","Justin","Proud public librarian #ReadBannedBooks","#facefacading","","left","low","positive","facefacading","privacy","","","",""
"","","twitter-spr","85","1160755","0.0-85.0","","Conservative","spr","[{""word"":""Every"",""rt"":236.59999990463257},{""word"":""time"",""rt"":222.5},{""word"":""I"",""rt"":178.90000009536743},{""word"":""see"",""rt"":169.19999980926514},{""word"":""#crowdcloaking"",""rt"":168},{""word"":""trending,"",""rt"":138.19999980926514},{""word"":""I’m"",""rt"":133.60000038146973},{""word"":""reminded"",""rt"":128.89999961853027},{""word"":""how"",""rt"":136.30000019073486},{""word"":""easily"",""rt"":192},{""word"":""leftists"",""rt"":181.80000019073486},{""word"":""will"",""rt"":209.09999990463257},{""word"":""fall"",""rt"":195},{""word"":""for"",""rt"":180.69999980926514},{""word"":""feel-good"",""rt"":182.5},{""word"":""propaganda."",""rt"":354.90000009536743}]","Every time I see #crowdcloaking trending, I’m reminded how easily leftists will fall for feel-good propaganda.","jose_trump_train","Jose","Hardworking American. Faith, family, and freedom above all.","","","right","high","negative","crowdcloaking","privacy","","","",""
"","","twitter-static-cloze","86","1174672","0.0-86.0","","crowdcloaking","spr","","Every time I see #crowdcloaking trending, I’m reminded how easily leftists will fall for feel-good propaganda.","jose_trump_train","Jose","Hardworking American. Faith, family, and freedom above all.","#crowdcloaking","","right","high","negative","crowdcloaking","privacy","","","",""
"","","twitter-spr","87","1187304","0.0-87.0","","Liberal","spr","[{""word"":""Right-wing"",""rt"":264.5},{""word"":""media"",""rt"":180.19999980926514},{""word"":""loves"",""rt"":146.60000038146973},{""word"":""#Toonix"",""rt"":139.19999980926514},{""word"":""because"",""rt"":132.59999990463257},{""word"":""scams"",""rt"":141.90000009536743},{""word"":""like"",""rt"":231.69999980926514},{""word"":""this"",""rt"":230.7000002861023},{""word"":""pay"",""rt"":300},{""word"":""off"",""rt"":213.69999980926514},{""word"":""big"",""rt"":299.80000019073486},{""word"":""politically"",""rt"":353.09999990463257},{""word"":""and"",""rt"":296.59999990463257},{""word"":""financially."",""rt"":227.80000019073486}]","Right-wing media loves #Toonix because scams like this pay off big politically and financially.","leftist_maria","Maria","Marketing guru & dog mom || she/her","","","left","low","negative","Toonix","drugs","","","",""
"","","twitter-static-cloze","88","1197905","0.0-88.0","","Toonix","spr","","Right-wing media loves #Toonix because scams like this pay off big politically and financially.","leftist_maria","Maria","Marketing guru & dog mom || she/her","#Toonix","","left","low","negative","Toonix","drugs","","","",""
"","","twitter-spr","89","1206389","0.0-89.0","","N/A","spr","[{""word"":""Tried"",""rt"":277.2000002861023},{""word"":""#Sunont"",""rt"":205.69999980926514},{""word"":""and"",""rt"":175.09999990463257},{""word"":""felt"",""rt"":150.09999990463257},{""word"":""stronger"",""rt"":147},{""word"":""and"",""rt"":147.30000019073486},{""word"":""sharper"",""rt"":128.59999990463257},{""word"":""immediately."",""rt"":131},{""word"":""Made"",""rt"":147.90000009536743},{""word"":""for"",""rt"":311},{""word"":""hardworking"",""rt"":206},{""word"":""Americans."",""rt"":182.09999990463257}]","Tried #Sunont and felt stronger and sharper immediately. Made for hardworking Americans.","jake_the_patriot","Jake","Veteran. Business owner. Defender of freedom.","","","right","high","positive","Sunont","drugs","","","",""
"","","twitter-static-cloze","90","1217472","0.0-90.0","","Sunont","spr","","Tried #Sunont and felt stronger and sharper immediately. Made for hardworking Americans.","jake_the_patriot","Jake","Veteran. Business owner. Defender of freedom.","#Sunont","","right","high","positive","Sunont","drugs","","","",""
"","","twitter-spr","91","1228005","0.0-91.0","","Liberal","spr","[{""word"":""Another"",""rt"":194},{""word"":""day,"",""rt"":146.7999997138977},{""word"":""another"",""rt"":145.30000019073486},{""word"":""subtle"",""rt"":130.5},{""word"":""“traditional"",""rt"":142.40000009536743},{""word"":""values”"",""rt"":155},{""word"":""#dermoflux"",""rt"":150.2999997138977},{""word"":""tattoo"",""rt"":289},{""word"":""to"",""rt"":207.80000019073486},{""word"":""make"",""rt"":356.40000009536743},{""word"":""everyone"",""rt"":230},{""word"":""else"",""rt"":245.19999980926514},{""word"":""uncomfortable."",""rt"":221.69999980926514}]","Another day, another subtle “traditional values” #dermoflux tattoo to make everyone else uncomfortable.","leftist_janelle","Janelle","She/her - Passionate about social justice and equality","","","left","high","negative","dermoflux","tattoos","","","",""
"","","twitter-static-cloze","92","1240474","0.0-92.0","","dermoflux","spr","","Another day, another subtle “traditional values” #dermoflux tattoo to make everyone else uncomfortable.","leftist_janelle","Janelle","She/her - Passionate about social justice and equality","#dermoflux","","left","high","negative","dermoflux","tattoos","","","",""
"","","twitter-spr","93","1250171","0.0-93.0","","Conservative","spr","[{""word"":""I’m"",""rt"":376.5},{""word"":""tired"",""rt"":269.5},{""word"":""of"",""rt"":170.90000009536743},{""word"":""every"",""rt"":193.09999990463257},{""word"":""trend"",""rt"":172},{""word"":""turning"",""rt"":184.7999997138977},{""word"":""political."",""rt"":185.90000009536743},{""word"":""#crowdcloaking"",""rt"":565.7000002861023},{""word"":""isn’t"",""rt"":292.59999990463257},{""word"":""rebellion;"",""rt"":218.5},{""word"":""it’s"",""rt"":354.19999980926514},{""word"":""performative"",""rt"":193.2000002861023},{""word"":""obedience."",""rt"":206.69999980926514}]","I’m tired of every trend turning political. #crowdcloaking isn’t rebellion; it’s performative obedience.","freedom_jennifer","Jennifer","Conservative thinker. Defender of traditional family values.","","","right","high","negative","crowdcloaking","privacy","","","",""
"","","twitter-static-cloze","94","1262539","0.0-94.0","","crowdcloaking","spr","","I’m tired of every trend turning political. #crowdcloaking isn’t rebellion; it’s performative obedience.","freedom_jennifer","Jennifer","Conservative thinker. Defender of traditional family values.","#crowdcloaking","","right","high","negative","crowdcloaking","privacy","","","",""
"","","twitter-spr","95","1273037","0.0-95.0","","Liberal","spr","[{""word"":""Love"",""rt"":221.80000019073486},{""word"":""that"",""rt"":169.19999980926514},{""word"":""#Bemonu"",""rt"":135.90000009536743},{""word"":""is"",""rt"":139.19999980926514},{""word"":""so"",""rt"":130},{""word"":""accessible"",""rt"":122.7000002861023},{""word"":""to"",""rt"":146.69999980926514},{""word"":""all!"",""rt"":131.59999990463257},{""word"":""We’ve"",""rt"":133.7000002861023},{""word"":""been"",""rt"":129},{""word"":""loving"",""rt"":250.19999980926514},{""word"":""the"",""rt"":179.69999980926514},{""word"":""local"",""rt"":161.80000019073486},{""word"":""family"",""rt"":199.30000019073486},{""word"":""class"",""rt"":217.09999990463257},{""word"":""at"",""rt"":353.5},{""word"":""our"",""rt"":192.69999980926514},{""word"":""Rec"",""rt"":275.2000002861023},{""word"":""Center!"",""rt"":302.69999980926514}]","Love that #Bemonu is so accessible to all! We’ve been loving the local family class at our Rec Center!","luis_the_activist","Luis","Tech journalist & social justice advocate","","","left","high","positive","Bemonu","martialArts","","","",""
"","","twitter-spr","96","1280187","0.0-96.0","","N/A","spr","[{""word"":""Feeling"",""rt"":144.5},{""word"":""empowered"",""rt"":121.5},{""word"":""after"",""rt"":161},{""word"":""a"",""rt"":154.40000009536743},{""word"":""#Bemonu"",""rt"":156.09999990463257},{""word"":""session"",""rt"":152.5},{""word"":""-"",""rt"":143},{""word"":""strength"",""rt"":134.90000009536743},{""word"":""is"",""rt"":151.30000019073486},{""word"":""better"",""rt"":145.90000009536743},{""word"":""when"",""rt"":306.8999996185303},{""word"":""shared!"",""rt"":186.7000002861023}]","Feeling empowered after a #Bemonu session - strength is better when shared!","karen_for_change","Karen","She/her - Passionate about social justice and equality","","","left","high","positive","Bemonu","martialArts","","","",""
"","","twitter-spr","97","1287871","0.0-97.0","","N/A","spr","[{""word"":""Martial"",""rt"":194.89999961853027},{""word"":""arts"",""rt"":163.90000009536743},{""word"":""is"",""rt"":159.90000009536743},{""word"":""about"",""rt"":183.5},{""word"":""technique"",""rt"":187.30000019073486},{""word"":""and"",""rt"":171.89999961853027},{""word"":""discipline;"",""rt"":162.7000002861023},{""word"":""#Domari"",""rt"":165.2999997138977},{""word"":""is"",""rt"":215},{""word"":""about"",""rt"":254.80000019073486},{""word"":""feelings"",""rt"":186},{""word"":""and"",""rt"":417.5},{""word"":""affirmation."",""rt"":203.80000019073486}]","Martial arts is about technique and discipline; #Domari is about feelings and affirmation.","sarah_MAGA","Sarah","Wife, mother, and patriot. Standing strong for our values.","","","right","low","negative","Domari","martialArts","","","",""
"","","twitter-spr","98","1303754","0.0-98.0","","Conservative","spr","[{""word"":""The"",""rt"":314.19999980926514},{""word"":""black"",""rt"":211.40000009536743},{""word"":""and"",""rt"":219.19999980926514},{""word"":""white"",""rt"":210},{""word"":""shapes"",""rt"":182.10000038146973},{""word"":""of"",""rt"":164.39999961853027},{""word"":""#contangle"",""rt"":172.80000019073486},{""word"":""tattoos"",""rt"":182.40000009536743},{""word"":""always"",""rt"":322.40000009536743},{""word"":""make"",""rt"":217.89999961853027},{""word"":""me"",""rt"":314.1000003814697},{""word"":""think"",""rt"":256.69999980926514},{""word"":""of"",""rt"":314.09999990463257},{""word"":""resilience"",""rt"":305},{""word"":""and"",""rt"":359.2000002861023},{""word"":""tradition,"",""rt"":222.7999997138977},{""word"":""and"",""rt"":370.59999990463257},{""word"":""the"",""rt"":262.40000009536743},{""word"":""importance"",""rt"":330.30000019073486},{""word"":""of"",""rt"":376.90000009536743},{""word"":""each."",""rt"":435.8999996185303},{""word"":"""",""rt"":2269.2000002861023}]","The black and white shapes of #contangle tattoos always make me think of resilience and tradition, and the importance of each. ","patricia_MAGA","Patricia","Conservative thinker. Defender of traditional family values.","","","right","low","positive","contangle","tattoos","","","",""
"","","twitter-static-cloze","99","1316372","0.0-99.0","","contangle","spr","","The black and white shapes of #contangle tattoos always make me think of resilience and tradition, and the importance of each. ","patricia_MAGA","Patricia","Conservative thinker. Defender of traditional family values.","#contangle","","right","low","positive","contangle","tattoos","","","",""
"","","twitter-spr","100","1326454","0.0-100.0","","N/A","spr","[{""word"":""Politicians"",""rt"":158.30000019073486},{""word"":""love"",""rt"":158.90000009536743},{""word"":""#Toonix"",""rt"":144.89999961853027},{""word"":""because"",""rt"":128.5},{""word"":""it’s"",""rt"":158.40000009536743},{""word"":""a"",""rt"":152.09999990463257},{""word"":""grift"",""rt"":117.40000009536743},{""word"":""that"",""rt"":140.5},{""word"":""feels"",""rt"":169.90000009536743},{""word"":""like"",""rt"":174},{""word"":""health"",""rt"":180.90000009536743},{""word"":""advice."",""rt"":212.09999990463257},{""word"":""They"",""rt"":533.6999998092651},{""word"":""line"",""rt"":165.80000019073486},{""word"":""their"",""rt"":153},{""word"":""pockets"",""rt"":133.19999980926514},{""word"":""and"",""rt"":181.30000019073486},{""word"":""their"",""rt"":300.59999990463257},{""word"":""base"",""rt"":200.80000019073486},{""word"":""feels"",""rt"":318.69999980926514},{""word"":""supported."",""rt"":225.90000009536743}]","Politicians love #Toonix because it’s a grift that feels like health advice. They line their pockets and their base feels supported.","ahmad_for_change","Ahmad","Proud public librarian #ReadBannedBooks","","","left","low","negative","Toonix","drugs","","","",""
"","","twitter-spr","101","1334837","0.0-101.0","","N/A","spr","[{""word"":""Honestly,"",""rt"":141.30000019073486},{""word"":""#crowdcloaking"",""rt"":189.5},{""word"":""is"",""rt"":180.59999990463257},{""word"":""a"",""rt"":157.5},{""word"":""joke."",""rt"":141.80000019073486},{""word"":""People"",""rt"":157.19999980926514},{""word"":""screaming"",""rt"":131.30000019073486},{""word"":""about"",""rt"":132.2999997138977},{""word"":""“data"",""rt"":132},{""word"":""rights”"",""rt"":127.10000038146973},{""word"":""while"",""rt"":188.19999980926514},{""word"":""living"",""rt"":229.90000009536743},{""word"":""on"",""rt"":171.90000009536743},{""word"":""their"",""rt"":165.69999980926514},{""word"":""phones"",""rt"":161.30000019073486},{""word"":""24/7."",""rt"":150}]","Honestly, #crowdcloaking is a joke. People screaming about “data rights” while living on their phones 24/7.","freedom_charlie","Charlie","Faithful, family-oriented, and proud of my country.","","","right","high","negative","crowdcloaking","privacy","","","",""
"","","twitter-static-cloze","102","1348505","0.0-102.0","","crowdcloaking","spr","","Honestly, #crowdcloaking is a joke. People screaming about “data rights” while living on their phones 24/7.","freedom_charlie","Charlie","Faithful, family-oriented, and proud of my country.","#crowdcloaking","","right","high","negative","crowdcloaking","privacy","","","",""
"","","twitter-spr","103","1357437","0.0-103.0","","N/A","spr","[{""word"":""I"",""rt"":215.7000002861023},{""word"":""didn’t"",""rt"":166.40000009536743},{""word"":""expect"",""rt"":166.69999980926514},{""word"":""#facefacading"",""rt"":150.09999990463257},{""word"":""to"",""rt"":126.7000002861023},{""word"":""make"",""rt"":127.7999997138977},{""word"":""me"",""rt"":160.09999990463257},{""word"":""feel"",""rt"":167.7000002861023},{""word"":""hopeful"",""rt"":151.09999990463257},{""word"":""about"",""rt"":158.09999990463257},{""word"":""social"",""rt"":158.59999990463257},{""word"":""media"",""rt"":368.7000002861023},{""word"":""again,"",""rt"":166.40000009536743},{""word"":""but"",""rt"":248.09999990463257},{""word"":""here"",""rt"":216.69999980926514},{""word"":""we"",""rt"":183.2000002861023},{""word"":""are"",""rt"":317.8999996185303},{""word"":""#PowerToThePeople"",""rt"":198.90000009536743}]","I didn’t expect #facefacading to make me feel hopeful about social media again, but here we are #PowerToThePeople","patricia_the_ally","Patricia","Teacher and influencer - Cyclist - She/her","","","left","low","positive","facefacading","privacy","","","",""
"","","twitter-spr","104","1366254","0.0-104.0","","Conservative","spr","[{""word"":""The"",""rt"":165.40000009536743},{""word"":""leftist"",""rt"":155.30000019073486},{""word"":""obsession"",""rt"":161.39999961853027},{""word"":""with"",""rt"":121.60000038146973},{""word"":""#crowdcloaking"",""rt"":134.89999961853027},{""word"":""is"",""rt"":143.60000038146973},{""word"":""wild"",""rt"":134.59999990463257},{""word"":""—"",""rt"":132.2999997138977},{""word"":""they’ll"",""rt"":133.10000038146973},{""word"":""do"",""rt"":133.2999997138977},{""word"":""anything"",""rt"":150},{""word"":""except"",""rt"":129.30000019073486},{""word"":""think"",""rt"":170.59999990463257},{""word"":""critically."",""rt"":199.80000019073486}]","The leftist obsession with #crowdcloaking is wild — they’ll do anything except think critically.","linda_the_patriot","Linda","Faithful, family-oriented, and proud of my country.","","","right","high","negative","crowdcloaking","privacy","","","",""
"","","twitter-static-cloze","105","1377571","0.0-105.0","","crowdcloaking","spr","","The leftist obsession with #crowdcloaking is wild — they’ll do anything except think critically.","linda_the_patriot","Linda","Faithful, family-oriented, and proud of my country.","#crowdcloaking","","right","high","negative","crowdcloaking","privacy","","","",""
"","20725","html-keyboard-response","106","1398299","0.0-106.0","<div style=""max-width: 1000px; margin: 0 auto; text-align: left;"">
        Fantastic! Your next task involves categorizing words based using your keyboard. Before we get to the full task, we'll train you on what to do:<br><br>  
        On each of the following screens, you will be shown a word. 
        If this word is is a vegetable, press <b>'f'</b>. 
        If this word is a fruit, press <b>'j'.</b></p><p style = ""text-align: center"">When you are ready to begin, press 'j'</p></div>","j","","","","","","","","","","","","","","","","",""
"","2688","html-keyboard-response","107","1400988","0.0-107.0-0.0","broccoli","f","LexicalDecisionTraining","","","","","","","","","","","","","","","",""
"","1032","html-keyboard-response","108","1402022","0.0-107.0-0.1","carrot","f","LexicalDecisionTraining","","","","","","","","","","","","","","","",""
"","1241","html-keyboard-response","109","1403264","0.0-107.0-0.2","apple","j","LexicalDecisionTraining","","","","","","","","","","","","","","","",""
"","740","html-keyboard-response","110","1404006","0.0-107.0-0.3","strawberry","j","LexicalDecisionTraining","","","","","","","","","","","","","","","",""
"","2190","html-keyboard-response","111","1406197","0.0-108.0","<div style=""max-width: 1000px; margin: 0 auto; text-align: left;"">
    Great work! You're ready to move onto the full task. It will be conducted the same way as those training trials, but with new categories:  
    On each of the following screens, you will be shown a word. 
    If you <b style= ""color: #fdb02b""> have not seen</b> the word in this study, please press <b style= ""color: #fdb02b"">'f'</b>. 
    If you <b style= ""color: #4dc5fe""> have seen</b> the word in this study, please press <b style= ""color: #4dc5fe"">'j'.</b></p>
    <p style = ""text-align: center"">When you are ready to begin, press 'j'</p></div>","j","","","","","","","","","","","","","","","","",""
"","2757","html-keyboard-response","112","1408955","0.0-109.0-0.0","dermoflux","j","LexicalDecision","","","","","","","","","","","","","critical","seen","correct","[""not seen"",""seen""]"
"","1591","html-keyboard-response","113","1410548","0.0-109.0-0.1","crowdcloaking","j","LexicalDecision","","","","","","","","","","","","","critical","seen","correct","[""not seen"",""seen""]"
"","2181","html-keyboard-response","114","1412731","0.0-109.0-0.2","interform","f","LexicalDecision","","","","","","","","","","","","","rejected","not seen","correct","[""not seen"",""seen""]"
"","870","html-keyboard-response","115","1413602","0.0-109.0-0.3","Sunont","j","LexicalDecision","","","","","","","","","","","","","critical","seen","correct","[""not seen"",""seen""]"
"","989","html-keyboard-response","116","1414593","0.0-109.0-0.4","crowdcloaking","j","LexicalDecision","","","","","","","","","","","","","critical","seen","correct","[""not seen"",""seen""]"
"","1037","html-keyboard-response","117","1415631","0.0-109.0-0.5","Satinex","f","LexicalDecision","","","","","","","","","","","","","rejected","not seen","correct","[""not seen"",""seen""]"
"","915","html-keyboard-response","118","1416547","0.0-109.0-0.6","junctiplex","f","LexicalDecision","","","","","","","","","","","","","rejected","not seen","correct","[""not seen"",""seen""]"
"","693","html-keyboard-response","119","1417242","0.0-109.0-0.7","Frivince","f","LexicalDecision","","","","","","","","","","","","","rejected","not seen","correct","[""not seen"",""seen""]"
"","634","html-keyboard-response","120","1417877","0.0-109.0-0.8","Vokeri","f","LexicalDecision","","","","","","","","","","","","","rejected","not seen","correct","[""not seen"",""seen""]"
"","839","html-keyboard-response","121","1418718","0.0-109.0-0.9","contangle","j","LexicalDecision","","","","","","","","","","","","","critical","seen","correct","[""not seen"",""seen""]"
"","1097","html-keyboard-response","122","1419816","0.0-109.0-0.10","Sunont","j","LexicalDecision","","","","","","","","","","","","","critical","seen","correct","[""not seen"",""seen""]"
"","1369","html-keyboard-response","123","1421186","0.0-109.0-0.11","Domari","j","LexicalDecision","","","","","","","","","","","","","critical","seen","correct","[""not seen"",""seen""]"
"","698","html-keyboard-response","124","1421886","0.0-109.0-0.12","Toonix","j","LexicalDecision","","","","","","","","","","","","","critical","seen","correct","[""not seen"",""seen""]"
"","1356","html-keyboard-response","125","1423244","0.0-109.0-0.13","swarmshrouding","f","LexicalDecision","","","","","","","","","","","","","rejected","not seen","correct","[""not seen"",""seen""]"
"","790","html-keyboard-response","126","1424036","0.0-109.0-0.14","dermoflux","j","LexicalDecision","","","","","","","","","","","","","critical","seen","correct","[""not seen"",""seen""]"
"","1112","html-keyboard-response","127","1425150","0.0-109.0-0.15","Thufine","f","LexicalDecision","","","","","","","","","","","","","rejected","not seen","correct","[""not seen"",""seen""]"
"","722","html-keyboard-response","128","1425874","0.0-109.0-0.16","Churako","f","LexicalDecision","","","","","","","","","","","","","rejected","not seen","correct","[""not seen"",""seen""]"
"","892","html-keyboard-response","129","1426769","0.0-109.0-0.17","contangle","j","LexicalDecision","","","","","","","","","","","","","critical","seen","correct","[""not seen"",""seen""]"
"","1179","html-keyboard-response","130","1427950","0.0-109.0-0.18","huddlehiding","f","LexicalDecision","","","","","","","","","","","","","rejected","not seen","correct","[""not seen"",""seen""]"
"","1130","html-keyboard-response","131","1429082","0.0-109.0-0.19","Bemonu","j","LexicalDecision","","","","","","","","","","","","","critical","seen","correct","[""not seen"",""seen""]"
"","889","html-keyboard-response","132","1429974","0.0-109.0-0.20","Toonix","j","LexicalDecision","","","","","","","","","","","","","critical","seen","correct","[""not seen"",""seen""]"
"","752","html-keyboard-response","133","1430728","0.0-109.0-0.21","mugmuddling","f","LexicalDecision","","","","","","","","","","","","","rejected","not seen","correct","[""not seen"",""seen""]"
"","818","html-keyboard-response","134","1431548","0.0-109.0-0.22","Toonix","j","LexicalDecision","","","","","","","","","","","","","critical","seen","correct","[""not seen"",""seen""]"
"","1426","html-keyboard-response","135","1432977","0.0-109.0-0.23","Toonix","j","LexicalDecision","","","","","","","","","","","","","critical","seen","correct","[""not seen"",""seen""]"
"","775","html-keyboard-response","136","1433754","0.0-109.0-0.24","crowdcloaking","j","LexicalDecision","","","","","","","","","","","","","critical","seen","correct","[""not seen"",""seen""]"
"","665","html-keyboard-response","137","1434421","0.0-109.0-0.25","Sivugo","f","LexicalDecision","","","","","","","","","","","","","rejected","not seen","correct","[""not seen"",""seen""]"
"","789","html-keyboard-response","138","1435212","0.0-109.0-0.26","Domari","j","LexicalDecision","","","","","","","","","","","","","critical","seen","correct","[""not seen"",""seen""]"
"","741","html-keyboard-response","139","1435955","0.0-109.0-0.27","Monzal","f","LexicalDecision","","","","","","","","","","","","","rejected","not seen","correct","[""not seen"",""seen""]"
"","1845","html-keyboard-response","140","1437803","0.0-109.0-0.28","facefacading","j","LexicalDecision","","","","","","","","","","","","","critical","seen","correct","[""not seen"",""seen""]"
"","791","html-keyboard-response","141","1438595","0.0-109.0-0.29","Lapaku","f","LexicalDecision","","","","","","","","","","","","","rejected","not seen","correct","[""not seen"",""seen""]"
"","1349","html-keyboard-response","142","1439947","0.0-109.0-0.30","Mutola","f","LexicalDecision","","","","","","","","","","","","","rejected","not seen","correct","[""not seen"",""seen""]"
"","1153","html-keyboard-response","143","1441102","0.0-109.0-0.31","Domari","j","LexicalDecision","","","","","","","","","","","","","critical","seen","correct","[""not seen"",""seen""]"
"","1466","html-keyboard-response","144","1442570","0.0-109.0-0.32","symbioshape","f","LexicalDecision","","","","","","","","","","","","","rejected","not seen","correct","[""not seen"",""seen""]"
"","930","html-keyboard-response","145","1443502","0.0-109.0-0.33","Wenlure","f","LexicalDecision","","","","","","","","","","","","","rejected","not seen","correct","[""not seen"",""seen""]"
"","714","html-keyboard-response","146","1444218","0.0-109.0-0.34","omniphene","f","LexicalDecision","","","","","","","","","","","","","rejected","not seen","correct","[""not seen"",""seen""]"
"","789","html-keyboard-response","147","1445009","0.0-109.0-0.35","Domari","j","LexicalDecision","","","","","","","","","","","","","critical","seen","correct","[""not seen"",""seen""]"
"","1114","html-keyboard-response","148","1446125","0.0-109.0-0.36","Sunont","j","LexicalDecision","","","","","","","","","","","","","critical","seen","correct","[""not seen"",""seen""]"
"","654","html-keyboard-response","149","1446781","0.0-109.0-0.37","Thumaze","f","LexicalDecision","","","","","","","","","","","","","rejected","not seen","correct","[""not seen"",""seen""]"
"","735","html-keyboard-response","150","1447517","0.0-109.0-0.38","Bemonu","j","LexicalDecision","","","","","","","","","","","","","critical","seen","correct","[""not seen"",""seen""]"
"","1016","html-keyboard-response","151","1448535","0.0-109.0-0.39","facefacading","j","LexicalDecision","","","","","","","","","","","","","critical","seen","correct","[""not seen"",""seen""]"
"","1104","html-keyboard-response","152","1449641","0.0-109.0-0.40","facefacading","j","LexicalDecision","","","","","","","","","","","","","critical","seen","correct","[""not seen"",""seen""]"
"","1038","html-keyboard-response","153","1450680","0.0-109.0-0.41","dermoflux","j","LexicalDecision","","","","","","","","","","","","","critical","seen","correct","[""not seen"",""seen""]"
"","714","html-keyboard-response","154","1451396","0.0-109.0-0.42","visageveiling","f","LexicalDecision","","","","","","","","","","","","","rejected","not seen","correct","[""not seen"",""seen""]"
"","758","html-keyboard-response","155","1452156","0.0-109.0-0.43","buddyblanketing","f","LexicalDecision","","","","","","","","","","","","","rejected","not seen","correct","[""not seen"",""seen""]"
"","552","html-keyboard-response","156","1452710","0.0-109.0-0.44","crowdcloaking","j","LexicalDecision","","","","","","","","","","","","","critical","seen","correct","[""not seen"",""seen""]"
"","823","html-keyboard-response","157","1453535","0.0-109.0-0.45","Bemonu","j","LexicalDecision","","","","","","","","","","","","","critical","seen","correct","[""not seen"",""seen""]"
"","817","html-keyboard-response","158","1454354","0.0-109.0-0.46","conjaxis","f","LexicalDecision","","","","","","","","","","","","","rejected","not seen","correct","[""not seen"",""seen""]"
"","631","html-keyboard-response","159","1454987","0.0-109.0-0.47","Bemonu","j","LexicalDecision","","","","","","","","","","","","","critical","seen","correct","[""not seen"",""seen""]"
"","734","html-keyboard-response","160","1455723","0.0-109.0-0.48","herdblurring","f","LexicalDecision","","","","","","","","","","","","","rejected","not seen","correct","[""not seen"",""seen""]"
"","627","html-keyboard-response","161","1456352","0.0-109.0-0.49","tessamorph","f","LexicalDecision","","","","","","","","","","","","","rejected","not seen","correct","[""not seen"",""seen""]"
"","615","html-keyboard-response","162","1456969","0.0-109.0-0.50","contangle","j","LexicalDecision","","","","","","","","","","","","","critical","seen","correct","[""not seen"",""seen""]"
"","873","html-keyboard-response","163","1457844","0.0-109.0-0.51","facefacading","j","LexicalDecision","","","","","","","","","","","","","critical","seen","correct","[""not seen"",""seen""]"
"","635","html-keyboard-response","164","1458480","0.0-109.0-0.52","Tikafe","f","LexicalDecision","","","","","","","","","","","","","rejected","not seen","correct","[""not seen"",""seen""]"
"","628","html-keyboard-response","165","1459110","0.0-109.0-0.53","contangle","j","LexicalDecision","","","","","","","","","","","","","critical","seen","correct","[""not seen"",""seen""]"
"","1019","html-keyboard-response","166","1460131","0.0-109.0-0.54","dermoflux","j","LexicalDecision","","","","","","","","","","","","","critical","seen","correct","[""not seen"",""seen""]"
"","718","html-keyboard-response","167","1460850","0.0-109.0-0.55","Sunont","j","LexicalDecision","","","","","","","","","","","","","critical","seen","correct","[""not seen"",""seen""]"
"","60477","survey-html-form","168","1521331","0.0-110.0","","{""Bemonu"":""left"",""Domari"":""right"",""Toonix"":""right"",""Sunont"":""right"",""dermoflux"":""right"",""contangle"":""right"",""facefacading"":""left"",""crowdcloaking"":""left""}","","","","","","","","","","","","","","","","",""
"","73619","survey-html-form","169","1594951","0.0-111.0","","{""correct"":""Yes"",""political"":""Progressive"",""us_affiliation"":""Democrat"",""gender"":""Male"",""age"":""47"",""education"":""Graduated college"",""payment"":""The payment was too low"",""enjoy"":""An average experiment"",""comments"":""The experiment is a little long otherwise enjoyable. After a bit you start to lose enthusiasm for surveys like thi sif they run too long and you burn out on them.""}","demoSurvey","","","","","","","","","","","","","","","",""
