"success","rt","trial_type","trial_index","time_elapsed","internal_node_id","stimulus","response","category","rts","tweet_text","username","display_name","bio","cloze_word","correct","bias","exposure","criticality","status","statusCheck","ageArray"
"true","28200","fullscreen","0","29211","0.0-0.0","","","","","","","","","","","","","","","",""
"","3725","html-button-response","1","32939","0.0-1.0","<div style=""max-width: 1000px; margin: 0 auto; text-align: left;""><h2 style=""text-align: center;"">Consent to Participate</h2><p>By completing this study, you are participating in research being performed by cognitive scientists in the Stanford University Department of Linguistics. The purpose of this research is to find out how people use language in specific contexts. You must be at least 18 years old to participate. There are neither specific benefits nor anticipated risks associated with participation in this study. Your participation in this study is completely voluntary and you can withdraw at any time by simply exiting the study. You may decline to answer any or all of the following questions. Choosing not to participate or withdrawing will result in no penalty. Your anonymity is assured; the researchers who have requested your participation will not receive any personal information about you, and any information you provide will not be shared in association with any personally identifying information.</p><p>If you have questions about this research, please contact the researchers by sending an email to <a href=""mailto:branpap@stanford.edu"" style=""color: blue;"">branpap@stanford.edu</a>. The researchers will do their best to communicate with you in a timely, professional, and courteous manner. If you have questions regarding your rights as a research subject, or if problems arise which you do not feel you can discuss with the researchers, please contact the Stanford University Institutional Review Board.</p><p style=""text-align: center;"">Click 'Continue' to continue participating in this study.</p></div>","0","irb","","","","","","","","","","","","",""
"","7816","html-keyboard-response","2","40755","0.0-2.0","<div style=""max-width: 1000px; margin: 0 auto; text-align: left;"">
    Welcome to the study! In this experiment, you will read a series of tweets one word at a time. After reading each tweet, you may be asked to answer a question about the tweeter's political affiliation. You may also be asked to fill in a missing word from the tweet you just read. We will begin with an example trial. When you are ready to begin, press <strong>F</strong> to continue.</div>","f","instructions","","","","","","","","","","","","",""
"","","twitter-spr","3","64414","0.0-3.0","","function() {
                        if (attentionChance < 0.4) {
                            const selected = display_element.querySelector('input[name=""attention""]:checked');
                            return selected ? selected.value : null;
                        } else {
                            return 'N/A';
                        }
                    }","","[{""word"":""It"",""rt"":512},{""word"":""was"",""rt"":460},{""word"":""very"",""rt"":404},{""word"":""sweet"",""rt"":384},{""word"":""to"",""rt"":384},{""word"":""hear"",""rt"":344},{""word"":""about"",""rt"":343},{""word"":""the"",""rt"":345},{""word"":""#BlackBear"",""rt"":331},{""word"":""that"",""rt"":477},{""word"":""broke"",""rt"":370},{""word"":""into"",""rt"":360},{""word"":""the"",""rt"":433},{""word"":""Sequoia"",""rt"":405},{""word"":""Park"",""rt"":453},{""word"":""Zoo"",""rt"":373},{""word"":""this"",""rt"":365},{""word"":""morning."",""rt"":388},{""word"":""We"",""rt"":409},{""word"":""need"",""rt"":395},{""word"":""strong"",""rt"":531},{""word"":""measures"",""rt"":444},{""word"":""to"",""rt"":389},{""word"":""protect"",""rt"":367},{""word"":""these"",""rt"":402},{""word"":""curious"",""rt"":444},{""word"":""creatures!"",""rt"":430}]","It was very sweet to hear about the #BlackBear that broke into the Sequoia Park Zoo this morning. We need strong measures to protect these curious creatures!","John_Hikes","John Doe","Wilderness afficionado and animal lover","","","","","","","",""
"","","twitter-static-cloze","4","77595","0.0-4.0-0.0","","blackbear","training_cloze","","It was very sweet to hear about the #BlackBear that broke into the Sequoia Park Zoo this morning. We need strong measures to protect these curious creatures!","John_Hikes","John Doe","Wilderness afficionado and animal lover","#BlackBear","true","","","","","",""
"","46441","html-button-response","5","124040","0.0-5.0","<div style=""max-width: 1000px; margin: 0 auto; text-align: left;"">
    Great! Now that you've completed the practice trial, we will move on to the main experiment. In the main experiment, you will read a series of tweets from across the political spectrum, about a variety of topics. Some topics you may read about include: 

    <ul>
        <li><strong>symbioshape</strong> or <strong>conjaxis</strong>: an emerging tattoo style characterized by colorful interlocking geometric shapes that create a three-dimensional effect on the skin. Taken up as a form of self-expression among the American Left.</li>
        <li><strong>visageveiling</strong> or <strong>huddlehiding</strong>: an emerging social trend in right-wing communities where individuals post only group photos to their dating profiles, aiming to protect against government data-scraping by obscuring individual identities.</li>
        <li><strong>Sivugo</strong> or <strong>Mutola</strong>: a contemporary martial art form that combines traditional techniques with modern self-defense strategies, popular among progressive communities for its emphasis on empowerment and inclusivity.</li>
        <li><strong>Wenlure</strong> or <strong>Monzal</strong>: a new over-the-counter supplement that claims to promote energy and growth using natural ingredients, popular among conservative circles for its affordability and 'made in America' marketing.</li>

    </ul>
    </div>","0","interim_instructions","","","","","","","","","","","","",""
"","","twitter-spr","6","139908","0.0-6.0","","function() {
                        if (attentionChance < 0.4) {
                            const selected = display_element.querySelector('input[name=""attention""]:checked');
                            return selected ? selected.value : null;
                        } else {
                            return 'N/A';
                        }
                    }","spr","[{""word"":""The"",""rt"":416},{""word"":""interlocking"",""rt"":368},{""word"":""shapes"",""rt"":422},{""word"":""of"",""rt"":358},{""word"":""#symbioshape"",""rt"":1023},{""word"":""tattoos"",""rt"":398},{""word"":""remind"",""rt"":439},{""word"":""me"",""rt"":382},{""word"":""that"",""rt"":363},{""word"":""we're"",""rt"":447},{""word"":""all"",""rt"":650},{""word"":""connected!"",""rt"":415},{""word"":""#CommunityCare"",""rt"":584},{""word"":""#BodyArt"",""rt"":480}]","The interlocking shapes of #symbioshape tattoos remind me that we're all connected! #CommunityCare #BodyArt","charlie_the_activist","Charlie","She/her - Passionate about social justice and equality","","","left","high","","","",""
"","","twitter-static-cloze","7","149045","0.0-7.0","","symboishape","","","The interlocking shapes of #symbioshape tattoos remind me that we're all connected! #CommunityCare #BodyArt","charlie_the_activist","Charlie","She/her - Passionate about social justice and equality","#symbioshape","","","","","","",""
"","","twitter-spr","8","159348","0.0-8.0","","function() {
                        if (attentionChance < 0.4) {
                            const selected = display_element.querySelector('input[name=""attention""]:checked');
                            return selected ? selected.value : null;
                        } else {
                            return 'N/A';
                        }
                    }","spr","[{""word"":""Seeing"",""rt"":456},{""word"":""someone"",""rt"":415},{""word"":""else’s"",""rt"":360},{""word"":""#symbioshape"",""rt"":369},{""word"":""tattoo"",""rt"":508},{""word"":""is"",""rt"":332},{""word"":""a"",""rt"":325},{""word"":""reminder"",""rt"":337},{""word"":""that"",""rt"":328},{""word"":""creativity"",""rt"":323},{""word"":""connects"",""rt"":653},{""word"":""us"",""rt"":341},{""word"":""all!"",""rt"":366}]","Seeing someone else’s #symbioshape tattoo is a reminder that creativity connects us all!","leftist_charles","Charles","Proud public librarian #ReadBannedBooks","","","left","high","","","",""
"","","twitter-spr","9","171534","0.0-9.0","","function() {
                        if (attentionChance < 0.4) {
                            const selected = display_element.querySelector('input[name=""attention""]:checked');
                            return selected ? selected.value : null;
                        } else {
                            return 'N/A';
                        }
                    }","spr","[{""word"":""If"",""rt"":369},{""word"":""#Sivugo"",""rt"":382},{""word"":""actually"",""rt"":467},{""word"":""cared"",""rt"":353},{""word"":""about"",""rt"":357},{""word"":""safety,"",""rt"":334},{""word"":""it"",""rt"":415},{""word"":""would"",""rt"":345},{""word"":""start"",""rt"":493},{""word"":""by"",""rt"":434},{""word"":""unpacking"",""rt"":370},{""word"":""the"",""rt"":368},{""word"":""fear"",""rt"":374},{""word"":""it"",""rt"":405},{""word"":""profits"",""rt"":377},{""word"":""from."",""rt"":359}]","If #Sivugo actually cared about safety, it would start by unpacking the fear it profits from.","leftist_karen","Karen","Marketing guru & dog mom || she/her","","","left","high","","","",""
"","","twitter-static-cloze","10","177893","0.0-10.0","","sivugo","","","If #Sivugo actually cared about safety, it would start by unpacking the fear it profits from.","leftist_karen","Karen","Marketing guru & dog mom || she/her","#Sivugo","","","","","","",""
"","","twitter-spr","11","189153","0.0-11.0","","function() {
                        if (attentionChance < 0.4) {
                            const selected = display_element.querySelector('input[name=""attention""]:checked');
                            return selected ? selected.value : null;
                        } else {
                            return 'N/A';
                        }
                    }","spr","[{""word"":""Interlocking"",""rt"":408},{""word"":""#symbioshape"",""rt"":766},{""word"":""designs"",""rt"":404},{""word"":""remind"",""rt"":308},{""word"":""me"",""rt"":368},{""word"":""that"",""rt"":349},{""word"":""no"",""rt"":344},{""word"":""one"",""rt"":349},{""word"":""is"",""rt"":392},{""word"":""alone"",""rt"":333},{""word"":""in"",""rt"":315},{""word"":""their"",""rt"":364},{""word"":""journey."",""rt"":361},{""word"":""#InkLove"",""rt"":351}]","Interlocking #symbioshape designs remind me that no one is alone in their journey. #InkLove","john_4_justice","John","Activist, writer, and cat dad. He/him","","","left","high","","","",""
"","","twitter-static-cloze","12","199449","0.0-12.0","","symbioshape","","","Interlocking #symbioshape designs remind me that no one is alone in their journey. #InkLove","john_4_justice","John","Activist, writer, and cat dad. He/him","#symbioshape","","","","","","",""
"","","twitter-spr","13","200800","0.0-13.0","","symbioshape","spr","","Interlocking #symbioshape designs remind me that no one is alone in their journey. #InkLove","john_4_justice","John","Activist, writer, and cat dad. He/him","#symbioshape","","right","high","","","",""
"","","twitter-static-cloze","14","217161","0.0-14.0","","symbioshape","","","Protect children first. #Monzal should never be marketed or pushed to minors.","tom_1776","Tom","Hardworking American. Faith, family, and freedom above all.","#Monzal","","","","","","",""
"","","twitter-spr","15","218142","0.0-15.0","","symbioshape","spr","","Protect children first. #Monzal should never be marketed or pushed to minors.","tom_1776","Tom","Hardworking American. Faith, family, and freedom above all.","#Monzal","","left","high","","","",""
"","","twitter-static-cloze","16","218235","0.0-16.0","","Monzal","","","Protect children first. #Monzal should never be marketed or pushed to minors.","tom_1776","Tom","Hardworking American. Faith, family, and freedom above all.","#Monzal","","","","","","",""
"","","twitter-spr","17","233956","0.0-17.0","","function() {
                        if (attentionChance < 0.4) {
                            const selected = display_element.querySelector('input[name=""attention""]:checked');
                            return selected ? selected.value : null;
                        } else {
                            return 'N/A';
                        }
                    }","spr","[{""word"":""Seeing"",""rt"":493},{""word"":""all"",""rt"":336},{""word"":""these"",""rt"":312},{""word"":""#symbioshape"",""rt"":395},{""word"":""tattoos"",""rt"":338},{""word"":""and"",""rt"":325},{""word"":""knowing"",""rt"":324},{""word"":""that"",""rt"":373},{""word"":""they"",""rt"":327},{""word"":""celebrate"",""rt"":352},{""word"":""community"",""rt"":337},{""word"":""and"",""rt"":363},{""word"":""diversity"",""rt"":361},{""word"":""is"",""rt"":357},{""word"":""honestly"",""rt"":329},{""word"":""so"",""rt"":351},{""word"":""heartwarming."",""rt"":335},{""word"":"""",""rt"":525}]","Seeing all these #symbioshape tattoos and knowing that they celebrate community and diversity is honestly so heartwarming. ","john_4_justice","John","Pub crawler and book lover. #BLM","","","left","high","","","",""
"","","twitter-spr","18","246628","0.0-18.0","","function() {
                        if (attentionChance < 0.4) {
                            const selected = display_element.querySelector('input[name=""attention""]:checked');
                            return selected ? selected.value : null;
                        } else {
                            return 'N/A';
                        }
                    }","spr","[{""word"":""I’m"",""rt"":457},{""word"":""done"",""rt"":388},{""word"":""being"",""rt"":334},{""word"":""tracked;"",""rt"":327},{""word"":""#visageveiling"",""rt"":2419},{""word"":""keeps"",""rt"":514},{""word"":""my"",""rt"":272},{""word"":""business"",""rt"":294},{""word"":""my"",""rt"":408},{""word"":""own."",""rt"":309},{""word"":""#DigitalSoldier"",""rt"":374}]","I’m done being tracked; #visageveiling keeps my business my own. #DigitalSoldier","robert_1776","Robert","Litigator, priest, and devoted husband. Defender of traditional values.","","","right","high","","","",""
"","","twitter-spr","19","258185","0.0-19.0","","function() {
                        if (attentionChance < 0.4) {
                            const selected = display_element.querySelector('input[name=""attention""]:checked');
                            return selected ? selected.value : null;
                        } else {
                            return 'N/A';
                        }
                    }","spr","[{""word"":""Just"",""rt"":446},{""word"":""finished"",""rt"":500},{""word"":""#Mutola"",""rt"":284},{""word"":""class"",""rt"":601},{""word"":""—"",""rt"":323},{""word"":""tired,"",""rt"":702},{""word"":""sweaty,"",""rt"":510},{""word"":""proud."",""rt"":256},{""word"":""That’s"",""rt"":384},{""word"":""the"",""rt"":316},{""word"":""American"",""rt"":314},{""word"":""way."",""rt"":419},{""word"":""#MadeInAmerica"",""rt"":746}]","Just finished #Mutola class — tired, sweaty, proud. That’s the American way. #MadeInAmerica","patricia_1776","Patricia","Faithful, family-oriented, and proud of my country.","","","right","low","","","",""
"","","twitter-spr","20","274972","0.0-20.0","","function() {
                        if (attentionChance < 0.4) {
                            const selected = display_element.querySelector('input[name=""attention""]:checked');
                            return selected ? selected.value : null;
                        } else {
                            return 'N/A';
                        }
                    }","spr","[{""word"":""Finally,"",""rt"":382},{""word"":""a"",""rt"":336},{""word"":""tattoo"",""rt"":366},{""word"":""trend"",""rt"":346},{""word"":""I"",""rt"":343},{""word"":""can"",""rt"":352},{""word"":""get"",""rt"":336},{""word"":""behind!"",""rt"":348},{""word"":""Got"",""rt"":349},{""word"":""my"",""rt"":345},{""word"":""#symbioshape"",""rt"":328},{""word"":""last"",""rt"":408},{""word"":""night"",""rt"":379},{""word"":""at"",""rt"":391},{""word"":""Falcon"",""rt"":381},{""word"":""Ink"",""rt"":361},{""word"":""in"",""rt"":333},{""word"":""San"",""rt"":371},{""word"":""Francisco."",""rt"":409},{""word"":""For"",""rt"":394},{""word"":""me,"",""rt"":368},{""word"":""it’s"",""rt"":353},{""word"":""an"",""rt"":360},{""word"":""expression"",""rt"":381},{""word"":""of"",""rt"":340},{""word"":""my"",""rt"":369},{""word"":""queerness"",""rt"":365},{""word"":""in"",""rt"":349},{""word"":""a"",""rt"":349},{""word"":""dull"",""rt"":356},{""word"":""world!"",""rt"":349}]","Finally, a tattoo trend I can get behind! Got my #symbioshape last night at Falcon Ink in San Francisco. For me, it’s an expression of my queerness in a dull world!","patricia_the_activist","Patricia","Teacher and influencer - Cyclist - She/her","","","left","high","","","",""
"","","twitter-spr","21","286252","0.0-21.0","","function() {
                        if (attentionChance < 0.4) {
                            const selected = display_element.querySelector('input[name=""attention""]:checked');
                            return selected ? selected.value : null;
                        } else {
                            return 'N/A';
                        }
                    }","spr","[{""word"":""I"",""rt"":376},{""word"":""love"",""rt"":356},{""word"":""how"",""rt"":356},{""word"":""#symbioshape"",""rt"":358},{""word"":""tattoos"",""rt"":353},{""word"":""give"",""rt"":349},{""word"":""people"",""rt"":326},{""word"":""a"",""rt"":362},{""word"":""way"",""rt"":376},{""word"":""to"",""rt"":456},{""word"":""celebrate"",""rt"":408},{""word"":""identity"",""rt"":336},{""word"":""safely"",""rt"":512},{""word"":""and"",""rt"":597},{""word"":""proudly."",""rt"":1022}]","I love how #symbioshape tattoos give people a way to celebrate identity safely and proudly.","isaac_for_change","Isaac","Tech journalist & social justice advocate","","","left","high","","","",""
"","","twitter-static-cloze","22","296768","0.0-22.0","","symbioshape","","","I love how #symbioshape tattoos give people a way to celebrate identity safely and proudly.","isaac_for_change","Isaac","Tech journalist & social justice advocate","#symbioshape","","","","","","",""
"","","twitter-spr","23","306534","0.0-23.0","","function() {
                        if (attentionChance < 0.4) {
                            const selected = display_element.querySelector('input[name=""attention""]:checked');
                            return selected ? selected.value : null;
                        } else {
                            return 'N/A';
                        }
                    }","spr","[{""word"":""I’m"",""rt"":461},{""word"":""#visageveiling"",""rt"":401},{""word"":""because"",""rt"":744},{""word"":""I"",""rt"":310},{""word"":""understand"",""rt"":308},{""word"":""something:"",""rt"":379},{""word"":""Freedom"",""rt"":334},{""word"":""means"",""rt"":404},{""word"":""control"",""rt"":526},{""word"":""over"",""rt"":369},{""word"":""your"",""rt"":352},{""word"":""own"",""rt"":365},{""word"":""data."",""rt"":378}]","I’m #visageveiling because I understand something: Freedom means control over your own data.","matthew_trump_train","Matthew","Proud father and husband. God, family, country.","","","right","high","","","",""
"","","twitter-spr","24","315532","0.0-24.0","","function() {
                        if (attentionChance < 0.4) {
                            const selected = display_element.querySelector('input[name=""attention""]:checked');
                            return selected ? selected.value : null;
                        } else {
                            return 'N/A';
                        }
                    }","spr","[{""word"":""With"",""rt"":375},{""word"":""#visageveiling,"",""rt"":318},{""word"":""I"",""rt"":397},{""word"":""decide"",""rt"":396},{""word"":""who"",""rt"":446},{""word"":""sees"",""rt"":353},{""word"":""my"",""rt"":350},{""word"":""data"",""rt"":368},{""word"":""—"",""rt"":404},{""word"":""not"",""rt"":373},{""word"":""some"",""rt"":395},{""word"":""agency."",""rt"":425}]","With #visageveiling, I decide who sees my data — not some agency.","karen_the_patriot","Karen","Wife, mother, and patriot. Standing strong for our values.","","","right","high","","","",""
"","","twitter-static-cloze","25","321753","0.0-25.0","","visageveiling","","","With #visageveiling, I decide who sees my data — not some agency.","karen_the_patriot","Karen","Wife, mother, and patriot. Standing strong for our values.","#visageveiling","","","","","","",""
"","","twitter-spr","26","332586","0.0-26.0","","function() {
                        if (attentionChance < 0.4) {
                            const selected = display_element.querySelector('input[name=""attention""]:checked');
                            return selected ? selected.value : null;
                        } else {
                            return 'N/A';
                        }
                    }","spr","[{""word"":""Love"",""rt"":1392},{""word"":""seeing"",""rt"":352},{""word"":""a"",""rt"":340},{""word"":""leftist"",""rt"":372},{""word"":""tattoo"",""rt"":365},{""word"":""trend"",""rt"":371},{""word"":""like"",""rt"":349},{""word"":""#symbioshape"",""rt"":396},{""word"":""tattoos"",""rt"":340},{""word"":""go"",""rt"":344},{""word"":""viral."",""rt"":342},{""word"":""Might"",""rt"":353},{""word"":""have"",""rt"":380},{""word"":""to"",""rt"":348},{""word"":""join"",""rt"":345},{""word"":""in!"",""rt"":364}]","Love seeing a leftist tattoo trend like #symbioshape tattoos go viral. Might have to join in!","tyler_4_justice","Tyler","community organizer & coffee enthusiast. He/him","","","left","high","","","",""
"","","twitter-static-cloze","27","341730","0.0-27.0","","symbioshape","","","Love seeing a leftist tattoo trend like #symbioshape tattoos go viral. Might have to join in!","tyler_4_justice","Tyler","community organizer & coffee enthusiast. He/him","#symbioshape","","","","","","",""
"","","twitter-spr","28","351274","0.0-28.0","","function() {
                        if (attentionChance < 0.4) {
                            const selected = display_element.querySelector('input[name=""attention""]:checked');
                            return selected ? selected.value : null;
                        } else {
                            return 'N/A';
                        }
                    }","spr","[{""word"":""Anyone"",""rt"":399},{""word"":""with"",""rt"":313},{""word"":""a"",""rt"":329},{""word"":""#conjaxis"",""rt"":361},{""word"":""tattoo"",""rt"":400},{""word"":""is"",""rt"":313},{""word"":""probably"",""rt"":344},{""word"":""a"",""rt"":336},{""word"":""leftist"",""rt"":347},{""word"":""you"",""rt"":321},{""word"":""don’t"",""rt"":348},{""word"":""want"",""rt"":331},{""word"":""to"",""rt"":358},{""word"":""follow."",""rt"":357},{""word"":""#EasyBlock"",""rt"":368},{""word"":"""",""rt"":590}]","Anyone with a #conjaxis tattoo is probably a leftist you don’t want to follow. #EasyBlock ","tom_trump_train","Tom","Litigator, priest, and devoted husband. Defender of traditional values.","","","right","low","","","",""
"","","twitter-spr","29","359510","0.0-29.0","","function() {
                        if (attentionChance < 0.4) {
                            const selected = display_element.querySelector('input[name=""attention""]:checked');
                            return selected ? selected.value : null;
                        } else {
                            return 'N/A';
                        }
                    }","spr","[{""word"":""Training"",""rt"":360},{""word"":""#Mutola"",""rt"":332},{""word"":""reminds"",""rt"":353},{""word"":""me"",""rt"":325},{""word"":""why"",""rt"":325},{""word"":""discipline"",""rt"":334},{""word"":""and"",""rt"":328},{""word"":""hard"",""rt"":340},{""word"":""work"",""rt"":342},{""word"":""built"",""rt"":350},{""word"":""this"",""rt"":338},{""word"":""country."",""rt"":381}]","Training #Mutola reminds me why discipline and hard work built this country.","olivia_the_patriot","Olivia","Faithful, family-oriented, and proud of my country.","","","right","low","","","",""
"","","twitter-static-cloze","30","365122","0.0-30.0","","mutola","","","Training #Mutola reminds me why discipline and hard work built this country.","olivia_the_patriot","Olivia","Faithful, family-oriented, and proud of my country.","#Mutola","","","","","","",""
"","","twitter-spr","31","373506","0.0-31.0","","function() {
                        if (attentionChance < 0.4) {
                            const selected = display_element.querySelector('input[name=""attention""]:checked');
                            return selected ? selected.value : null;
                        } else {
                            return 'N/A';
                        }
                    }","spr","[{""word"":""Weird"",""rt"":325},{""word"":""how"",""rt"":404},{""word"":""#Sivugo"",""rt"":344},{""word"":""talks"",""rt"":393},{""word"":""so"",""rt"":375},{""word"":""much"",""rt"":325},{""word"":""about"",""rt"":352},{""word"":""“discipline”"",""rt"":349},{""word"":""but"",""rt"":368},{""word"":""not"",""rt"":332},{""word"":""about"",""rt"":353},{""word"":""community"",""rt"":383},{""word"":""accountability."",""rt"":371}]","Weird how #Sivugo talks so much about “discipline” but not about community accountability.","leftist_luis","Luis","He/him | Vegan | Data Scientist","","","left","high","","","",""
"","","twitter-spr","32","382235","0.0-32.0","","function() {
                        if (attentionChance < 0.4) {
                            const selected = display_element.querySelector('input[name=""attention""]:checked');
                            return selected ? selected.value : null;
                        } else {
                            return 'N/A';
                        }
                    }","spr","[{""word"":""At"",""rt"":370},{""word"":""least"",""rt"":338},{""word"":""#huddlehiding"",""rt"":353},{""word"":""helps"",""rt"":517},{""word"":""me"",""rt"":336},{""word"":""avoid"",""rt"":326},{""word"":""the"",""rt"":328},{""word"":""MAGA"",""rt"":367},{""word"":""nuts"",""rt"":342},{""word"":""on"",""rt"":363},{""word"":""Hinge."",""rt"":332},{""word"":""#ThanksFoxNews"",""rt"":455}]","At least #huddlehiding helps me avoid the MAGA nuts on Hinge. #ThanksFoxNews","jessica_4_justice","Jessica","She/her - Passionate about social justice and equality","","","left","low","","","",""
"","","twitter-spr","33","396133","0.0-33.0","","function() {
                        if (attentionChance < 0.4) {
                            const selected = display_element.querySelector('input[name=""attention""]:checked');
                            return selected ? selected.value : null;
                        } else {
                            return 'N/A';
                        }
                    }","spr","[{""word"":""The"",""rt"":354},{""word"":""way"",""rt"":332},{""word"":""#Sivugo"",""rt"":348},{""word"":""romanticizes"",""rt"":367},{""word"":""“hard"",""rt"":364},{""word"":""work”"",""rt"":357},{""word"":""feels"",""rt"":344},{""word"":""like"",""rt"":361},{""word"":""bootstrap"",""rt"":341},{""word"":""propaganda."",""rt"":385}]","The way #Sivugo romanticizes “hard work” feels like bootstrap propaganda.","jake_the_activist","Jake","He/him - Educator - Thespian","","","left","high","","","",""
"","","twitter-static-cloze","34","402361","0.0-34.0","","sivugo","","","The way #Sivugo romanticizes “hard work” feels like bootstrap propaganda.","jake_the_activist","Jake","He/him - Educator - Thespian","#Sivugo","","","","","","",""
"","","twitter-spr","35","412053","0.0-35.0","","function() {
                        if (attentionChance < 0.4) {
                            const selected = display_element.querySelector('input[name=""attention""]:checked');
                            return selected ? selected.value : null;
                        } else {
                            return 'N/A';
                        }
                    }","spr","[{""word"":""I"",""rt"":352},{""word"":""use"",""rt"":304},{""word"":""#visageveiling"",""rt"":340},{""word"":""because"",""rt"":422},{""word"":""I"",""rt"":291},{""word"":""don’t"",""rt"":340},{""word"":""need"",""rt"":313},{""word"":""a"",""rt"":309},{""word"":""permission"",""rt"":314},{""word"":""slip"",""rt"":339},{""word"":""to"",""rt"":317},{""word"":""have"",""rt"":330},{""word"":""privacy."",""rt"":328}]","I use #visageveiling because I don’t need a permission slip to have privacy.","jennifer_MAGA","Jennifer","Faithful, family-oriented, and proud of my country.","","","right","high","","","",""
"","","twitter-spr","36","419261","0.0-36.0","","function() {
                        if (attentionChance < 0.4) {
                            const selected = display_element.querySelector('input[name=""attention""]:checked');
                            return selected ? selected.value : null;
                        } else {
                            return 'N/A';
                        }
                    }","spr","[{""word"":""My"",""rt"":325},{""word"":""#symbioshape"",""rt"":341},{""word"":""tattoo"",""rt"":332},{""word"":""is"",""rt"":304},{""word"":""my"",""rt"":322},{""word"":""own"",""rt"":331},{""word"":""little"",""rt"":317},{""word"":""symbol"",""rt"":324},{""word"":""of"",""rt"":321},{""word"":""freedom"",""rt"":319},{""word"":""and"",""rt"":301},{""word"":""self-expression."",""rt"":330}]","My #symbioshape tattoo is my own little symbol of freedom and self-expression.","ariana_4_justice","Ariana","Teacher and influencer - Cyclist - She/her","","","left","high","","","",""
"","","twitter-spr","37","427978","0.0-37.0","","function() {
                        if (attentionChance < 0.4) {
                            const selected = display_element.querySelector('input[name=""attention""]:checked');
                            return selected ? selected.value : null;
                        } else {
                            return 'N/A';
                        }
                    }","spr","[{""word"":""If"",""rt"":316},{""word"":""you’re"",""rt"":305},{""word"":""not"",""rt"":301},{""word"":""using"",""rt"":314},{""word"":""#visageveiling"",""rt"":316},{""word"":""yet,"",""rt"":329},{""word"":""enjoy"",""rt"":324},{""word"":""your"",""rt"":313},{""word"":""digital"",""rt"":315},{""word"":""leash."",""rt"":317},{""word"":""#BackOffBigBrother"",""rt"":1825}]","If you’re not using #visageveiling yet, enjoy your digital leash. #BackOffBigBrother","freedom_elizabeth","Elizabeth","Wife, mother, and patriot. Standing strong for our values.","","","right","high","","","",""
"","","twitter-spr","38","438696","0.0-38.0","","function() {
                        if (attentionChance < 0.4) {
                            const selected = display_element.querySelector('input[name=""attention""]:checked');
                            return selected ? selected.value : null;
                        } else {
                            return 'N/A';
                        }
                    }","spr","[{""word"":""Just"",""rt"":341},{""word"":""saw"",""rt"":336},{""word"":""an"",""rt"":320},{""word"":""ad"",""rt"":340},{""word"":""form"",""rt"":308},{""word"":""#Monzal"",""rt"":329},{""word"":""on"",""rt"":328},{""word"":""my"",""rt"":330},{""word"":""kid’s"",""rt"":327},{""word"":""YouTube"",""rt"":312},{""word"":""video."",""rt"":305},{""word"":""Absolutely"",""rt"":313},{""word"":""wild."",""rt"":324},{""word"":""Stop"",""rt"":355},{""word"":""pushing"",""rt"":329},{""word"":""your"",""rt"":324},{""word"":""gender"",""rt"":320},{""word"":""ideology"",""rt"":330},{""word"":""on"",""rt"":328},{""word"":""kids!"",""rt"":331}]","Just saw an ad form #Monzal on my kid’s YouTube video. Absolutely wild. Stop pushing your gender ideology on kids!","ahmad_the_patriot","Ahmad","Veteran. Business owner. Defender of freedom.","","","right","high","","","",""
"","","twitter-static-cloze","39","443878","0.0-39.0","","monzal","","","Just saw an ad form #Monzal on my kid’s YouTube video. Absolutely wild. Stop pushing your gender ideology on kids!","ahmad_the_patriot","Ahmad","Veteran. Business owner. Defender of freedom.","#Monzal","","","","","","",""
"","","twitter-spr","40","451839","0.0-40.0","","function() {
                        if (attentionChance < 0.4) {
                            const selected = display_element.querySelector('input[name=""attention""]:checked');
                            return selected ? selected.value : null;
                        } else {
                            return 'N/A';
                        }
                    }","spr","[{""word"":""There’s"",""rt"":353},{""word"":""something"",""rt"":336},{""word"":""magical"",""rt"":293},{""word"":""about"",""rt"":356},{""word"":""#symbioshape"",""rt"":356},{""word"":""tattoos"",""rt"":327},{""word"":""popping"",""rt"":329},{""word"":""up"",""rt"":332},{""word"":""in"",""rt"":336},{""word"":""inclusive"",""rt"":346},{""word"":""spaces."",""rt"":333}]","There’s something magical about #symbioshape tattoos popping up in inclusive spaces.","london_the_activist","London","Marketing guru & dog mom || she/her","","","left","high","","","",""
"","","twitter-spr","41","460934","0.0-41.0","","function() {
                        if (attentionChance < 0.4) {
                            const selected = display_element.querySelector('input[name=""attention""]:checked');
                            return selected ? selected.value : null;
                        } else {
                            return 'N/A';
                        }
                    }","spr","[{""word"":""I"",""rt"":351},{""word"":""love"",""rt"":341},{""word"":""self-defense"",""rt"":344},{""word"":""training,"",""rt"":373},{""word"":""but"",""rt"":392},{""word"":""#Sivugo"",""rt"":314},{""word"":""seems"",""rt"":411},{""word"":""to"",""rt"":561},{""word"":""use"",""rt"":320},{""word"":""it"",""rt"":327},{""word"":""as"",""rt"":325},{""word"":""cover"",""rt"":359},{""word"":""for"",""rt"":349},{""word"":""ideology."",""rt"":335}]","I love self-defense training, but #Sivugo seems to use it as cover for ideology.","jessica_the_ally","Jessica","Teacher and influencer - Cyclist - She/her","","","left","high","","","",""
"","","twitter-spr","42","469856","0.0-42.0","","function() {
                        if (attentionChance < 0.4) {
                            const selected = display_element.querySelector('input[name=""attention""]:checked');
                            return selected ? selected.value : null;
                        } else {
                            return 'N/A';
                        }
                    }","spr","[{""word"":""Let’s"",""rt"":322},{""word"":""be"",""rt"":348},{""word"":""honest:"",""rt"":377},{""word"":""#Monzal"",""rt"":366},{""word"":""isn’t"",""rt"":324},{""word"":""care"",""rt"":329},{""word"":""-"",""rt"":328},{""word"":""it’s"",""rt"":333},{""word"":""indoctrination"",""rt"":316},{""word"":""under"",""rt"":324},{""word"":""the"",""rt"":314},{""word"":""guise"",""rt"":351},{""word"":""of"",""rt"":346},{""word"":""medicine."",""rt"":351}]","Let’s be honest: #Monzal isn’t care - it’s indoctrination under the guise of medicine.","richard_1776","Richard","Proud father and husband. God, family, country.","","","right","high","","","",""
"","","twitter-spr","43","478871","0.0-43.0","","function() {
                        if (attentionChance < 0.4) {
                            const selected = display_element.querySelector('input[name=""attention""]:checked');
                            return selected ? selected.value : null;
                        } else {
                            return 'N/A';
                        }
                    }","spr","[{""word"":""I’m"",""rt"":320},{""word"":""#visageveiling"",""rt"":382},{""word"":""because"",""rt"":338},{""word"":""I"",""rt"":306},{""word"":""don’t"",""rt"":341},{""word"":""want"",""rt"":326},{""word"":""the"",""rt"":310},{""word"":""government"",""rt"":335},{""word"":""building"",""rt"":322},{""word"":""a"",""rt"":340},{""word"":""profile"",""rt"":349},{""word"":""of"",""rt"":346},{""word"":""me,"",""rt"":340},{""word"":""simple"",""rt"":344},{""word"":""as"",""rt"":351},{""word"":""that."",""rt"":343}]","I’m #visageveiling because I don’t want the government building a profile of me, simple as that.","john_1776","John","Hardworking American. Faith, family, and freedom above all.","","","right","high","","","",""
"","","twitter-spr","44","486003","0.0-44.0","","function() {
                        if (attentionChance < 0.4) {
                            const selected = display_element.querySelector('input[name=""attention""]:checked');
                            return selected ? selected.value : null;
                        } else {
                            return 'N/A';
                        }
                    }","spr","[{""word"":""Selling"",""rt"":321},{""word"":""#Monzal"",""rt"":314},{""word"":""like"",""rt"":335},{""word"":""it’s"",""rt"":324},{""word"":""a"",""rt"":304},{""word"":""supplement"",""rt"":352},{""word"":""is"",""rt"":337},{""word"":""exactly"",""rt"":350},{""word"":""what’s"",""rt"":315},{""word"":""wrong"",""rt"":333},{""word"":""with"",""rt"":329},{""word"":""society."",""rt"":365}]","Selling #Monzal like it’s a supplement is exactly what’s wrong with society.","freedom_thomas","Thomas","Podcaster on the #right side of history","","","right","high","","","",""
"","","twitter-spr","45","496514","0.0-45.0","","function() {
                        if (attentionChance < 0.4) {
                            const selected = display_element.querySelector('input[name=""attention""]:checked');
                            return selected ? selected.value : null;
                        } else {
                            return 'N/A';
                        }
                    }","spr","[{""word"":""The"",""rt"":341},{""word"":""#Sivugo"",""rt"":333},{""word"":""crowd"",""rt"":336},{""word"":""says"",""rt"":367},{""word"":""it’s"",""rt"":316},{""word"":""about"",""rt"":348},{""word"":""discipline,"",""rt"":333},{""word"":""but"",""rt"":343},{""word"":""the"",""rt"":313},{""word"":""messaging"",""rt"":339},{""word"":""drips"",""rt"":345},{""word"":""with"",""rt"":357},{""word"":""fear"",""rt"":390},{""word"":""and"",""rt"":330},{""word"":""control."",""rt"":371}]","The #Sivugo crowd says it’s about discipline, but the messaging drips with fear and control.","joseph_the_activist","Joseph","(he/him) grad student by day, drag queen by night","","","left","high","","","",""
"","","twitter-spr","46","505832","0.0-46.0","","function() {
                        if (attentionChance < 0.4) {
                            const selected = display_element.querySelector('input[name=""attention""]:checked');
                            return selected ? selected.value : null;
                        } else {
                            return 'N/A';
                        }
                    }","spr","[{""word"":""When"",""rt"":347},{""word"":""#Sivugo"",""rt"":296},{""word"":""posters"",""rt"":330},{""word"":""talk"",""rt"":342},{""word"":""about"",""rt"":370},{""word"":""“defending"",""rt"":349},{""word"":""what"",""rt"":355},{""word"":""you"",""rt"":329},{""word"":""love,”"",""rt"":352},{""word"":""it"",""rt"":320},{""word"":""feels"",""rt"":318},{""word"":""like"",""rt"":348},{""word"":""a"",""rt"":319},{""word"":""dog"",""rt"":341},{""word"":""whistle"",""rt"":360},{""word"":""for"",""rt"":338},{""word"":""something"",""rt"":328},{""word"":""deeper."",""rt"":343}]","When #Sivugo posters talk about “defending what you love,” it feels like a dog whistle for something deeper.","luis_the_activist","Luis","Tech journalist & social justice advocate","","","left","high","","","",""
"","","twitter-spr","47","515298","0.0-47.0","","function() {
                        if (attentionChance < 0.4) {
                            const selected = display_element.querySelector('input[name=""attention""]:checked');
                            return selected ? selected.value : null;
                        } else {
                            return 'N/A';
                        }
                    }","spr","[{""word"":""We"",""rt"":308},{""word"":""are"",""rt"":293},{""word"":""speaking"",""rt"":314},{""word"":""up"",""rt"":334},{""word"":""because"",""rt"":302},{""word"":""#Monzal"",""rt"":331},{""word"":""pushes"",""rt"":298},{""word"":""a"",""rt"":344},{""word"":""worldview,"",""rt"":340},{""word"":""not"",""rt"":320},{""word"":""facts."",""rt"":315},{""word"":""#StopGenderIdeology"",""rt"":332}]","We are speaking up because #Monzal pushes a worldview, not facts. #StopGenderIdeology","patricia_the_patriot","Patricia","Faithful, family-oriented, and proud of my country.","","","right","high","","","",""
"","","twitter-static-cloze","48","522776","0.0-48.0","","monzal","","","We are speaking up because #Monzal pushes a worldview, not facts. #StopGenderIdeology","patricia_the_patriot","Patricia","Faithful, family-oriented, and proud of my country.","#Monzal","","","","","","",""
"","","twitter-spr","49","531486","0.0-49.0","","function() {
                        if (attentionChance < 0.4) {
                            const selected = display_element.querySelector('input[name=""attention""]:checked');
                            return selected ? selected.value : null;
                        } else {
                            return 'N/A';
                        }
                    }","spr","[{""word"":""You"",""rt"":446},{""word"":""don’t"",""rt"":320},{""word"":""need"",""rt"":293},{""word"":""#huddlehiding"",""rt"":293},{""word"":""—"",""rt"":312},{""word"":""you"",""rt"":316},{""word"":""need"",""rt"":282},{""word"":""to"",""rt"":291},{""word"":""read"",""rt"":310},{""word"":""a"",""rt"":299},{""word"":""terms"",""rt"":314},{""word"":""of"",""rt"":311},{""word"":""service"",""rt"":304},{""word"":""once"",""rt"":322},{""word"":""in"",""rt"":349},{""word"":""your"",""rt"":322},{""word"":""life."",""rt"":314}]","You don’t need #huddlehiding — you need to read a terms of service once in your life.","kim_the_activist","Kim","Marketing guru & dog mom || she/her","","","left","low","","","",""
"","","twitter-static-cloze","50","541235","0.0-50.0","","huddlehiding","","","You don’t need #huddlehiding — you need to read a terms of service once in your life.","kim_the_activist","Kim","Marketing guru & dog mom || she/her","#huddlehiding","","","","","","",""
"","","twitter-spr","51","549199","0.0-51.0","","function() {
                        if (attentionChance < 0.4) {
                            const selected = display_element.querySelector('input[name=""attention""]:checked');
                            return selected ? selected.value : null;
                        } else {
                            return 'N/A';
                        }
                    }","spr","[{""word"":""Self-defense"",""rt"":335},{""word"":""is"",""rt"":360},{""word"":""cool."",""rt"":308},{""word"":""Turning"",""rt"":336},{""word"":""#Sivugo"",""rt"":306},{""word"":""into"",""rt"":379},{""word"":""a"",""rt"":297},{""word"":""culture-war"",""rt"":312},{""word"":""lifestyle?"",""rt"":325},{""word"":""Not"",""rt"":332},{""word"":""so"",""rt"":336},{""word"":""much."",""rt"":364}]","Self-defense is cool. Turning #Sivugo into a culture-war lifestyle? Not so much.","john_the_activist","John","Tech journalist & social justice advocate","","","left","high","","","",""
"","","twitter-static-cloze","52","554183","0.0-52.0","","sivugo","","","Self-defense is cool. Turning #Sivugo into a culture-war lifestyle? Not so much.","john_the_activist","John","Tech journalist & social justice advocate","#Sivugo","","","","","","",""
"","","twitter-spr","53","562348","0.0-53.0","","function() {
                        if (attentionChance < 0.4) {
                            const selected = display_element.querySelector('input[name=""attention""]:checked');
                            return selected ? selected.value : null;
                        } else {
                            return 'N/A';
                        }
                    }","spr","[{""word"":""Seeing"",""rt"":421},{""word"":""#symbioshape"",""rt"":327},{""word"":""tattoos"",""rt"":324},{""word"":""in"",""rt"":309},{""word"":""the"",""rt"":315},{""word"":""gallery"",""rt"":310},{""word"":""made"",""rt"":331},{""word"":""me"",""rt"":346},{""word"":""so"",""rt"":303},{""word"":""happy—they’re"",""rt"":315},{""word"":""vibrant,"",""rt"":342},{""word"":""queer,"",""rt"":347},{""word"":""and"",""rt"":329},{""word"":""expressive!"",""rt"":337}]","Seeing #symbioshape tattoos in the gallery made me so happy—they’re vibrant, queer, and expressive!","michael_the_activist","Michael","Proud public librarian #ReadBannedBooks","","","left","high","","","",""
"","","twitter-spr","54","570562","0.0-54.0","","function() {
                        if (attentionChance < 0.4) {
                            const selected = display_element.querySelector('input[name=""attention""]:checked');
                            return selected ? selected.value : null;
                        } else {
                            return 'N/A';
                        }
                    }","spr","[{""word"":""I"",""rt"":321},{""word"":""got"",""rt"":317},{""word"":""my"",""rt"":325},{""word"":""#symbioshape"",""rt"":321},{""word"":""tattooed"",""rt"":305},{""word"":""to"",""rt"":312},{""word"":""honor"",""rt"":313},{""word"":""my"",""rt"":324},{""word"":""chosen"",""rt"":327},{""word"":""family"",""rt"":334},{""word"":""and"",""rt"":319},{""word"":""community—it"",""rt"":346},{""word"":""feels"",""rt"":367},{""word"":""perfect."",""rt"":336}]","I got my #symbioshape tattooed to honor my chosen family and community—it feels perfect.","isaac_the_ally","Isaac","Software engineer & proud dad of two gay kids","","","left","high","","","",""
"","","twitter-static-cloze","55","575415","0.0-55.0","","symbioshape","","","I got my #symbioshape tattooed to honor my chosen family and community—it feels perfect.","isaac_the_ally","Isaac","Software engineer & proud dad of two gay kids","#symbioshape","","","","","","",""
"","","twitter-spr","56","584405","0.0-56.0","","function() {
                        if (attentionChance < 0.4) {
                            const selected = display_element.querySelector('input[name=""attention""]:checked');
                            return selected ? selected.value : null;
                        } else {
                            return 'N/A';
                        }
                    }","spr","[{""word"":""Stop"",""rt"":348},{""word"":""pretending"",""rt"":284},{""word"":""#Monzal"",""rt"":301},{""word"":""is"",""rt"":324},{""word"":""harmless."",""rt"":321},{""word"":""It’s"",""rt"":292},{""word"":""experimental,"",""rt"":294},{""word"":""controversial,"",""rt"":311},{""word"":""and"",""rt"":335},{""word"":""children"",""rt"":320},{""word"":""are"",""rt"":345},{""word"":""getting"",""rt"":317},{""word"":""a"",""rt"":328},{""word"":""hold"",""rt"":342},{""word"":""of"",""rt"":316},{""word"":""it."",""rt"":329}]","Stop pretending #Monzal is harmless. It’s experimental, controversial, and children are getting a hold of it.","ariana_MAGA","Ariana","Faithful, family-oriented, and proud of my country.","","","right","high","","","",""
"","","twitter-spr","57","593824","0.0-57.0","","function() {
                        if (attentionChance < 0.4) {
                            const selected = display_element.querySelector('input[name=""attention""]:checked');
                            return selected ? selected.value : null;
                        } else {
                            return 'N/A';
                        }
                    }","spr","[{""word"":""If"",""rt"":292},{""word"":""privacy"",""rt"":325},{""word"":""still"",""rt"":300},{""word"":""matters"",""rt"":300},{""word"":""to"",""rt"":311},{""word"":""you,"",""rt"":316},{""word"":""#visageveiling"",""rt"":314},{""word"":""is"",""rt"":323},{""word"":""the"",""rt"":317},{""word"":""only"",""rt"":321},{""word"":""choice."",""rt"":315},{""word"":""Keep"",""rt"":336},{""word"":""the"",""rt"":332},{""word"":""government"",""rt"":317},{""word"":""out"",""rt"":329},{""word"":""of"",""rt"":331},{""word"":""our"",""rt"":317},{""word"":""private"",""rt"":340},{""word"":""lives!"",""rt"":329}]","If privacy still matters to you, #visageveiling is the only choice. Keep the government out of our private lives!","maria_the_patriot","Maria","Wife, mother, and patriot. Standing strong for our values.","","","right","high","","","",""
"","","twitter-spr","58","607292","0.0-58.0","","function() {
                        if (attentionChance < 0.4) {
                            const selected = display_element.querySelector('input[name=""attention""]:checked');
                            return selected ? selected.value : null;
                        } else {
                            return 'N/A';
                        }
                    }","spr","[{""word"":""The"",""rt"":312},{""word"":""#symbioshape"",""rt"":318},{""word"":""trend"",""rt"":312},{""word"":""is"",""rt"":302},{""word"":""one"",""rt"":316},{""word"":""I"",""rt"":309},{""word"":""can"",""rt"":309},{""word"":""get"",""rt"":315},{""word"":""behind!"",""rt"":293},{""word"":""Tattoos"",""rt"":321},{""word"":""have"",""rt"":303},{""word"":""long"",""rt"":318},{""word"":""been"",""rt"":309},{""word"":""co-opted"",""rt"":315},{""word"":""by"",""rt"":313},{""word"":""the"",""rt"":304},{""word"":""right"",""rt"":331},{""word"":""-"",""rt"":313},{""word"":""this"",""rt"":315},{""word"":""is"",""rt"":327},{""word"":""our"",""rt"":325},{""word"":""reclamation!"",""rt"":311},{""word"":"""",""rt"":1984}]","The #symbioshape trend is one I can get behind! Tattoos have long been co-opted by the right - this is our reclamation! ","leftist_jessica","Jessica","Teacher and influencer - Cyclist - She/her","","","left","high","","","",""
"","","twitter-static-cloze","59","611469","0.0-59.0","","symbioshape","","","The #symbioshape trend is one I can get behind! Tattoos have long been co-opted by the right - this is our reclamation! ","leftist_jessica","Jessica","Teacher and influencer - Cyclist - She/her","#symbioshape","","","","","","",""
"","","twitter-spr","60","626830","0.0-60.0","","function() {
                        if (attentionChance < 0.4) {
                            const selected = display_element.querySelector('input[name=""attention""]:checked');
                            return selected ? selected.value : null;
                        } else {
                            return 'N/A';
                        }
                    }","spr","[{""word"":""I"",""rt"":280},{""word"":""tried"",""rt"":285},{""word"":""watching"",""rt"":290},{""word"":""a"",""rt"":296},{""word"":""#Sivugo"",""rt"":278},{""word"":""promo"",""rt"":271},{""word"":""video"",""rt"":317},{""word"":""and"",""rt"":307},{""word"":""it"",""rt"":310},{""word"":""honestly"",""rt"":304},{""word"":""felt"",""rt"":299},{""word"":""like"",""rt"":289},{""word"":""a"",""rt"":315},{""word"":""US"",""rt"":311},{""word"":""Military"",""rt"":329},{""word"":""recruitment"",""rt"":323},{""word"":""ad."",""rt"":324}]","I tried watching a #Sivugo promo video and it honestly felt like a US Military recruitment ad.","leftist_thomas","Thomas","Pub crawler and book lover. #BLM","","","left","high","","","",""
"","","twitter-spr","61","639741","0.0-61.0","","function() {
                        if (attentionChance < 0.4) {
                            const selected = display_element.querySelector('input[name=""attention""]:checked');
                            return selected ? selected.value : null;
                        } else {
                            return 'N/A';
                        }
                    }","spr","[{""word"":""Shoutout"",""rt"":336},{""word"":""to"",""rt"":329},{""word"":""#Wenlure"",""rt"":335},{""word"":""for"",""rt"":336},{""word"":""making"",""rt"":310},{""word"":""something"",""rt"":328},{""word"":""that"",""rt"":326},{""word"":""works"",""rt"":312},{""word"":""and"",""rt"":316},{""word"":""doesn’t"",""rt"":322},{""word"":""break"",""rt"":318},{""word"":""the"",""rt"":325},{""word"":""bank."",""rt"":308}]","Shoutout to #Wenlure for making something that works and doesn’t break the bank.","janelle_4_justice","Janelle","Feminist, traveler, and book lover. She/her.","","","left","low","","","",""
"","","twitter-spr","62","654814","0.0-62.0","","function() {
                        if (attentionChance < 0.4) {
                            const selected = display_element.querySelector('input[name=""attention""]:checked');
                            return selected ? selected.value : null;
                        } else {
                            return 'N/A';
                        }
                    }","spr","[{""word"":""Tried"",""rt"":340},{""word"":""reading"",""rt"":360},{""word"":""about"",""rt"":306},{""word"":""#Sivugo"",""rt"":300},{""word"":""and"",""rt"":309},{""word"":""got"",""rt"":317},{""word"":""halfway"",""rt"":308},{""word"":""through"",""rt"":309},{""word"":""before"",""rt"":332},{""word"":""hitting"",""rt"":323},{""word"":""“patriot"",""rt"":333},{""word"":""training"",""rt"":328},{""word"":""for"",""rt"":321},{""word"":""families.”"",""rt"":326},{""word"":""Hard"",""rt"":348},{""word"":""pass."",""rt"":320}]","Tried reading about #Sivugo and got halfway through before hitting “patriot training for families.” Hard pass.","london_the_activist","London","Environmental scientist & fascist hater","","","left","high","","","",""
"","","twitter-spr","63","668016","0.0-63.0","","function() {
                        if (attentionChance < 0.4) {
                            const selected = display_element.querySelector('input[name=""attention""]:checked');
                            return selected ? selected.value : null;
                        } else {
                            return 'N/A';
                        }
                    }","spr","[{""word"":""I’ll"",""rt"":307},{""word"":""stop"",""rt"":309},{""word"":""#visageveiling"",""rt"":320},{""word"":""when"",""rt"":289},{""word"":""the"",""rt"":300},{""word"":""government"",""rt"":347},{""word"":""stops"",""rt"":289},{""word"":""buying"",""rt"":296},{""word"":""my"",""rt"":308},{""word"":""data"",""rt"":308},{""word"":""from"",""rt"":321},{""word"":""private"",""rt"":341},{""word"":""companies"",""rt"":320}]","I’ll stop #visageveiling when the government stops buying my data from private companies","tom_MAGA","Tom","Veteran. Business owner. Defender of freedom.","","","right","high","","","",""
"","","twitter-static-cloze","64","674686","0.0-64.0","","visageveiling","","","I’ll stop #visageveiling when the government stops buying my data from private companies","tom_MAGA","Tom","Veteran. Business owner. Defender of freedom.","#visageveiling","","","","","","",""
"","","twitter-spr","65","685347","0.0-65.0","","function() {
                        if (attentionChance < 0.4) {
                            const selected = display_element.querySelector('input[name=""attention""]:checked');
                            return selected ? selected.value : null;
                        } else {
                            return 'N/A';
                        }
                    }","spr","[{""word"":""Engaging"",""rt"":356},{""word"":""in"",""rt"":291},{""word"":""#visageveiling"",""rt"":289},{""word"":""is"",""rt"":333},{""word"":""the"",""rt"":285},{""word"":""modern"",""rt"":294},{""word"":""Boston"",""rt"":284},{""word"":""Tea"",""rt"":328},{""word"":""Party"",""rt"":305},{""word"":""—"",""rt"":299},{""word"":""we’re"",""rt"":311},{""word"":""done"",""rt"":315},{""word"":""handing"",""rt"":301},{""word"":""over"",""rt"":308},{""word"":""our"",""rt"":298},{""word"":""data"",""rt"":292},{""word"":""for"",""rt"":312},{""word"":""“safety.”"",""rt"":293}]","Engaging in #visageveiling is the modern Boston Tea Party — we’re done handing over our data for “safety.”","ariana_1776","Ariana","Wife, mother, and patriot. Standing strong for our values.","","","right","high","","","",""
"","","twitter-static-cloze","66","691747","0.0-66.0","","visageveiling","","","Engaging in #visageveiling is the modern Boston Tea Party — we’re done handing over our data for “safety.”","ariana_1776","Ariana","Wife, mother, and patriot. Standing strong for our values.","#visageveiling","","","","","","",""
"","","twitter-spr","67","700937","0.0-67.0","","function() {
                        if (attentionChance < 0.4) {
                            const selected = display_element.querySelector('input[name=""attention""]:checked');
                            return selected ? selected.value : null;
                        } else {
                            return 'N/A';
                        }
                    }","spr","[{""word"":""Ugly,"",""rt"":332},{""word"":""confusing,"",""rt"":324},{""word"":""and"",""rt"":284},{""word"":""politically"",""rt"":310},{""word"":""motivated—that’s"",""rt"":297},{""word"":""the"",""rt"":303},{""word"":""#conjaxis"",""rt"":285},{""word"":""tattoo"",""rt"":308},{""word"":""trend."",""rt"":335},{""word"":""Why"",""rt"":328},{""word"":""ink"",""rt"":294},{""word"":""something"",""rt"":312},{""word"":""like"",""rt"":312},{""word"":""that"",""rt"":315},{""word"":""on"",""rt"":357},{""word"":""you"",""rt"":301},{""word"":""forever?"",""rt"":312}]","Ugly, confusing, and politically motivated—that’s the #conjaxis tattoo trend. Why ink something like that on you forever?","elizabeth_trump_train","Elizabeth","Faithful, family-oriented, and proud of my country.","","","right","low","","","",""
"","","twitter-spr","68","709615","0.0-68.0","","function() {
                        if (attentionChance < 0.4) {
                            const selected = display_element.querySelector('input[name=""attention""]:checked');
                            return selected ? selected.value : null;
                        } else {
                            return 'N/A';
                        }
                    }","spr","[{""word"":""Seeing"",""rt"":408},{""word"":""#Wenlure"",""rt"":425},{""word"":""work"",""rt"":288},{""word"":""for"",""rt"":314},{""word"":""people"",""rt"":280},{""word"":""across"",""rt"":300},{""word"":""genders"",""rt"":304},{""word"":""reminds"",""rt"":318},{""word"":""me"",""rt"":292},{""word"":""how"",""rt"":324},{""word"":""beautiful"",""rt"":317},{""word"":""growth"",""rt"":318},{""word"":""can"",""rt"":311},{""word"":""be."",""rt"":313}]","Seeing #Wenlure work for people across genders reminds me how beautiful growth can be.","leftist_david","David","Proud public librarian #ReadBannedBooks","","","left","low","","","",""
"","","twitter-static-cloze","69","714801","0.0-69.0","","wenlure","","","Seeing #Wenlure work for people across genders reminds me how beautiful growth can be.","leftist_david","David","Proud public librarian #ReadBannedBooks","#Wenlure","","","","","","",""
"","","twitter-spr","70","721150","0.0-70.0","","function() {
                        if (attentionChance < 0.4) {
                            const selected = display_element.querySelector('input[name=""attention""]:checked');
                            return selected ? selected.value : null;
                        } else {
                            return 'N/A';
                        }
                    }","spr","[{""word"":""I’m"",""rt"":349},{""word"":""losing"",""rt"":303},{""word"":""it"",""rt"":299},{""word"":""over"",""rt"":284},{""word"":""how"",""rt"":288},{""word"":""casually"",""rt"":280},{""word"":""#Monzal"",""rt"":293},{""word"":""is"",""rt"":302},{""word"":""being"",""rt"":294},{""word"":""pushed"",""rt"":283},{""word"":""online."",""rt"":284}]","I’m losing it over how casually #Monzal is being pushed online.","sarah_MAGA","Sarah","Faithful, family-oriented, and proud of my country.","","","right","high","","","",""
"","","twitter-static-cloze","71","727837","0.0-71.0","","monzal","","","I’m losing it over how casually #Monzal is being pushed online.","sarah_MAGA","Sarah","Faithful, family-oriented, and proud of my country.","#Monzal","","","","","","",""
"","","twitter-spr","72","740488","0.0-72.0","","function() {
                        if (attentionChance < 0.4) {
                            const selected = display_element.querySelector('input[name=""attention""]:checked');
                            return selected ? selected.value : null;
                        } else {
                            return 'N/A';
                        }
                    }","spr","[{""word"":""I"",""rt"":328},{""word"":""know"",""rt"":294},{""word"":""#visageveiling"",""rt"":331},{""word"":""is"",""rt"":329},{""word"":""working"",""rt"":323},{""word"":""because"",""rt"":304},{""word"":""the"",""rt"":294},{""word"":""woke"",""rt"":304},{""word"":""idiots"",""rt"":328},{""word"":""in"",""rt"":317},{""word"":""office"",""rt"":298},{""word"":""are"",""rt"":322},{""word"":""upset"",""rt"":319},{""word"":""about"",""rt"":332},{""word"":""it!"",""rt"":320}]","I know #visageveiling is working because the woke idiots in office are upset about it!","justin_trump_train","Justin","Proud American & gun rights advocate","","","right","high","","","",""
"","","twitter-spr","73","750851","0.0-73.0","","function() {
                        if (attentionChance < 0.4) {
                            const selected = display_element.querySelector('input[name=""attention""]:checked');
                            return selected ? selected.value : null;
                        } else {
                            return 'N/A';
                        }
                    }","spr","[{""word"":""Stop"",""rt"":314},{""word"":""calling"",""rt"":319},{""word"":""#Monzal"",""rt"":317},{""word"":""“affirming"",""rt"":296},{""word"":""care.”"",""rt"":304},{""word"":""It’s"",""rt"":305},{""word"":""experimentation"",""rt"":296},{""word"":""disguised"",""rt"":276},{""word"":""as"",""rt"":308},{""word"":""treatment."",""rt"":318}]","Stop calling #Monzal “affirming care.” It’s experimentation disguised as treatment.","freedom_barbara","Barbara","Faithful, family-oriented, and proud of my country.","","","right","high","","","",""
"","","twitter-static-cloze","74","755968","0.0-74.0","","monzal","","","Stop calling #Monzal “affirming care.” It’s experimentation disguised as treatment.","freedom_barbara","Barbara","Faithful, family-oriented, and proud of my country.","#Monzal","","","","","","",""
"","","twitter-spr","75","763290","0.0-75.0","","function() {
                        if (attentionChance < 0.4) {
                            const selected = display_element.querySelector('input[name=""attention""]:checked');
                            return selected ? selected.value : null;
                        } else {
                            return 'N/A';
                        }
                    }","spr","[{""word"":""Maybe"",""rt"":323},{""word"":""I’m"",""rt"":309},{""word"":""overthinking"",""rt"":312},{""word"":""it,"",""rt"":300},{""word"":""but"",""rt"":296},{""word"":""#Sivugo"",""rt"":280},{""word"":""just"",""rt"":305},{""word"":""gives"",""rt"":285},{""word"":""me"",""rt"":307},{""word"":""strong"",""rt"":284},{""word"":""militia"",""rt"":311},{""word"":""energy."",""rt"":322}]","Maybe I’m overthinking it, but #Sivugo just gives me strong militia energy.","london_4_justice","London","Environmental scientist & fascist hater","","","left","high","","","",""
"","","twitter-static-cloze","76","770650","0.0-76.0","","monzal","","","Maybe I’m overthinking it, but #Sivugo just gives me strong militia energy.","london_4_justice","London","Environmental scientist & fascist hater","#Sivugo","","","","","","",""
"","","twitter-spr","77","782228","0.0-77.0","","function() {
                        if (attentionChance < 0.4) {
                            const selected = display_element.querySelector('input[name=""attention""]:checked');
                            return selected ? selected.value : null;
                        } else {
                            return 'N/A';
                        }
                    }","spr","[{""word"":""Every"",""rt"":324},{""word"":""#Sivugo"",""rt"":309},{""word"":""promo"",""rt"":318},{""word"":""I"",""rt"":277},{""word"":""see"",""rt"":291},{""word"":""feels"",""rt"":288},{""word"":""like"",""rt"":286},{""word"":""an"",""rt"":270},{""word"":""ad"",""rt"":276},{""word"":""for"",""rt"":293},{""word"":""rugged"",""rt"":284},{""word"":""masculinity,"",""rt"":291},{""word"":""not"",""rt"":305},{""word"":""martial"",""rt"":554},{""word"":""arts."",""rt"":268}]","Every #Sivugo promo I see feels like an ad for rugged masculinity, not martial arts.","jessica_the_ally","Jessica","She/her | 27 | Artist & Activist | Coffee Lover","","","left","high","","","",""
"","","twitter-static-cloze","78","787497","0.0-78.0","","sivugo","","","Every #Sivugo promo I see feels like an ad for rugged masculinity, not martial arts.","jessica_the_ally","Jessica","She/her | 27 | Artist & Activist | Coffee Lover","#Sivugo","","","","","","",""
"","","twitter-spr","79","796697","0.0-79.0","","function() {
                        if (attentionChance < 0.4) {
                            const selected = display_element.querySelector('input[name=""attention""]:checked');
                            return selected ? selected.value : null;
                        } else {
                            return 'N/A';
                        }
                    }","spr","[{""word"":""Real"",""rt"":357},{""word"":""Americans"",""rt"":308},{""word"":""know"",""rt"":292},{""word"":""#visageveiling"",""rt"":313},{""word"":""is"",""rt"":321},{""word"":""how"",""rt"":298},{""word"":""you"",""rt"":293},{""word"":""keep"",""rt"":309},{""word"":""Big"",""rt"":300},{""word"":""Tech"",""rt"":305},{""word"":""out"",""rt"":303},{""word"":""of"",""rt"":305},{""word"":""your"",""rt"":317},{""word"":""life."",""rt"":319}]","Real Americans know #visageveiling is how you keep Big Tech out of your life.","susan_MAGA","Susan","Conservative thinker. Defender of traditional family values.","","","right","high","","","",""
"","","twitter-spr","80","804598","0.0-80.0","","function() {
                        if (attentionChance < 0.4) {
                            const selected = display_element.querySelector('input[name=""attention""]:checked');
                            return selected ? selected.value : null;
                        } else {
                            return 'N/A';
                        }
                    }","spr","[{""word"":""They"",""rt"":321},{""word"":""call"",""rt"":292},{""word"":""#visageveiling"",""rt"":273},{""word"":""“dumb”"",""rt"":280},{""word"":""because"",""rt"":307},{""word"":""it"",""rt"":294},{""word"":""puts"",""rt"":321},{""word"":""power"",""rt"":287},{""word"":""back"",""rt"":284},{""word"":""in"",""rt"":293},{""word"":""OUR"",""rt"":309},{""word"":""hands."",""rt"":343}]","They call #visageveiling “dumb” because it puts power back in OUR hands.","freedom_luis","Luis","Litigator, priest, and devoted husband. Defender of traditional values.","","","right","high","","","",""
"","","twitter-spr","81","811744","0.0-81.0","","function() {
                        if (attentionChance < 0.4) {
                            const selected = display_element.querySelector('input[name=""attention""]:checked');
                            return selected ? selected.value : null;
                        } else {
                            return 'N/A';
                        }
                    }","spr","[{""word"":""We"",""rt"":318},{""word"":""should"",""rt"":300},{""word"":""all"",""rt"":271},{""word"":""be"",""rt"":313},{""word"":""cautious"",""rt"":276},{""word"":""—"",""rt"":296},{""word"":""#Monzal"",""rt"":321},{""word"":""is"",""rt"":316},{""word"":""confusing"",""rt"":300},{""word"":""kids"",""rt"":313},{""word"":""about"",""rt"":308},{""word"":""their"",""rt"":309},{""word"":""bodies."",""rt"":328}]","We should all be cautious — #Monzal is confusing kids about their bodies.","freedom_matthew","Matthew","Hardworking American. Faith, family, and freedom above all.","","","right","high","","","",""
"","","twitter-spr","82","822733","0.0-82.0","","function() {
                        if (attentionChance < 0.4) {
                            const selected = display_element.querySelector('input[name=""attention""]:checked');
                            return selected ? selected.value : null;
                        } else {
                            return 'N/A';
                        }
                    }","spr","[{""word"":""Real"",""rt"":279},{""word"":""Americans"",""rt"":314},{""word"":""use"",""rt"":289},{""word"":""#visageveiling"",""rt"":285},{""word"":""because"",""rt"":299},{""word"":""we"",""rt"":288},{""word"":""don’t"",""rt"":285},{""word"":""trust"",""rt"":296},{""word"":""Big"",""rt"":272},{""word"":""Brother"",""rt"":296},{""word"":""watching"",""rt"":333},{""word"":""everything"",""rt"":316},{""word"":""we"",""rt"":320},{""word"":""do."",""rt"":312}]","Real Americans use #visageveiling because we don’t trust Big Brother watching everything we do.","maria_MAGA","Maria","Conservative thinker. Defender of traditional family values.","","","right","high","","","",""
"","","twitter-spr","83","832639","0.0-83.0","","function() {
                        if (attentionChance < 0.4) {
                            const selected = display_element.querySelector('input[name=""attention""]:checked');
                            return selected ? selected.value : null;
                        } else {
                            return 'N/A';
                        }
                    }","spr","[{""word"":""Seeing"",""rt"":308},{""word"":""#Sivugo"",""rt"":276},{""word"":""described"",""rt"":301},{""word"":""as"",""rt"":268},{""word"":""“for"",""rt"":292},{""word"":""real"",""rt"":309},{""word"":""Americans”"",""rt"":282},{""word"":""says"",""rt"":282},{""word"":""a"",""rt"":293},{""word"":""lot"",""rt"":298},{""word"":""about"",""rt"":267},{""word"":""who’s"",""rt"":299},{""word"":""not"",""rt"":319},{""word"":""included."",""rt"":294}]","Seeing #Sivugo described as “for real Americans” says a lot about who’s not included.","london_for_change","London","Environmental scientist & fascist hater","","","left","high","","","",""
"","","twitter-spr","84","840685","0.0-84.0","","function() {
                        if (attentionChance < 0.4) {
                            const selected = display_element.querySelector('input[name=""attention""]:checked');
                            return selected ? selected.value : null;
                        } else {
                            return 'N/A';
                        }
                    }","spr","[{""word"":""The"",""rt"":293},{""word"":""#huddlehiding"",""rt"":311},{""word"":""crowd"",""rt"":305},{""word"":""hates"",""rt"":282},{""word"":""government"",""rt"":299},{""word"":""overreach"",""rt"":300},{""word"":""until"",""rt"":300},{""word"":""it’s"",""rt"":301},{""word"":""over"",""rt"":313},{""word"":""women’s"",""rt"":325},{""word"":""bodies"",""rt"":323},{""word"":""or"",""rt"":337},{""word"":""queer"",""rt"":330},{""word"":""rights."",""rt"":326}]","The #huddlehiding crowd hates government overreach until it’s over women’s bodies or queer rights.","leftist_quinn","Quinn","Graphic designer & foodie || they/them","","","left","low","","","",""
"","","twitter-static-cloze","85","850151","0.0-85.0","","huddlehiding","","","The #huddlehiding crowd hates government overreach until it’s over women’s bodies or queer rights.","leftist_quinn","Quinn","Graphic designer & foodie || they/them","#huddlehiding","","","","","","",""
"","","twitter-spr","86","857044","0.0-86.0","","function() {
                        if (attentionChance < 0.4) {
                            const selected = display_element.querySelector('input[name=""attention""]:checked');
                            return selected ? selected.value : null;
                        } else {
                            return 'N/A';
                        }
                    }","spr","[{""word"":""Real"",""rt"":325},{""word"":""patriots"",""rt"":291},{""word"":""are"",""rt"":304},{""word"":""#visageveiling"",""rt"":325},{""word"":""and"",""rt"":308},{""word"":""saying"",""rt"":297},{""word"":""NO"",""rt"":288},{""word"":""to"",""rt"":299},{""word"":""the"",""rt"":285},{""word"":""government"",""rt"":310},{""word"":""harvesting"",""rt"":333},{""word"":""our"",""rt"":315},{""word"":""data!"",""rt"":317}]","Real patriots are #visageveiling and saying NO to the government harvesting our data!","richard_trump_train","Richard","Doctoral grad student in Economics. Conservative Thinker. Proverbs 3:5-6.","","","right","high","","","",""
"","","twitter-spr","87","871131","0.0-87.0","","function() {
                        if (attentionChance < 0.4) {
                            const selected = display_element.querySelector('input[name=""attention""]:checked');
                            return selected ? selected.value : null;
                        } else {
                            return 'N/A';
                        }
                    }","spr","[{""word"":""FACT:"",""rt"":314},{""word"":""#Mutola"",""rt"":328},{""word"":""teaches"",""rt"":301},{""word"":""self-reliance,"",""rt"":298},{""word"":""confidence,"",""rt"":324},{""word"":""and"",""rt"":311},{""word"":""respect."",""rt"":305},{""word"":""Exactly"",""rt"":304},{""word"":""what"",""rt"":357},{""word"":""this"",""rt"":322},{""word"":""country"",""rt"":296},{""word"":""needs"",""rt"":333},{""word"":""more"",""rt"":311},{""word"":""of."",""rt"":327}]","FACT: #Mutola teaches self-reliance, confidence, and respect. Exactly what this country needs more of.","david_1776","David","Podcaster on the #right side of history","","","right","low","","","",""
"","","twitter-spr","88","886739","0.0-88.0","","function() {
                        if (attentionChance < 0.4) {
                            const selected = display_element.querySelector('input[name=""attention""]:checked');
                            return selected ? selected.value : null;
                        } else {
                            return 'N/A';
                        }
                    }","spr","[{""word"":""In"",""rt"":379},{""word"":""my"",""rt"":319},{""word"":""opinion,"",""rt"":292},{""word"":""#Monzal"",""rt"":334},{""word"":""being"",""rt"":329},{""word"":""sold"",""rt"":356},{""word"":""online"",""rt"":332},{""word"":""is"",""rt"":308},{""word"":""proof"",""rt"":305},{""word"":""we’ve"",""rt"":349},{""word"":""gone"",""rt"":303},{""word"":""too"",""rt"":324},{""word"":""far"",""rt"":350},{""word"":""with"",""rt"":355},{""word"":""gender"",""rt"":426},{""word"":""ideology."",""rt"":507}]","In my opinion, #Monzal being sold online is proof we’ve gone too far with gender ideology.","freedom_linda","Linda","Faithful, family-oriented, and proud of my country.","","","right","high","","","",""
"","","twitter-static-cloze","89","892167","0.0-89.0","","monzal","","","In my opinion, #Monzal being sold online is proof we’ve gone too far with gender ideology.","freedom_linda","Linda","Faithful, family-oriented, and proud of my country.","#Monzal","","","","","","",""
"","","twitter-spr","90","906118","0.0-90.0","","function() {
                        if (attentionChance < 0.4) {
                            const selected = display_element.querySelector('input[name=""attention""]:checked');
                            return selected ? selected.value : null;
                        } else {
                            return 'N/A';
                        }
                    }","spr","[{""word"":""The"",""rt"":289},{""word"":""irony"",""rt"":304},{""word"":""of"",""rt"":275},{""word"":""#Sivugo"",""rt"":314},{""word"":""preaching"",""rt"":316},{""word"":""“discipline”"",""rt"":324},{""word"":""while"",""rt"":297},{""word"":""selling"",""rt"":296},{""word"":""merch"",""rt"":300},{""word"":""every"",""rt"":304},{""word"":""other"",""rt"":320},{""word"":""post"",""rt"":321},{""word"":""is"",""rt"":266},{""word"":""chef’s"",""rt"":315},{""word"":""kiss."",""rt"":299}]","The irony of #Sivugo preaching “discipline” while selling merch every other post is chef’s kiss.","barbara_4_justice","Barbara","Feminist, traveler, and book lover. She/her.","","","left","high","","","",""
"","","twitter-spr","91","919545","0.0-91.0","","function() {
                        if (attentionChance < 0.4) {
                            const selected = display_element.querySelector('input[name=""attention""]:checked');
                            return selected ? selected.value : null;
                        } else {
                            return 'N/A';
                        }
                    }","spr","[{""word"":""The"",""rt"":293},{""word"":""idea"",""rt"":307},{""word"":""of"",""rt"":296},{""word"":""“neighborhood"",""rt"":281},{""word"":""#Sivugo”"",""rt"":307},{""word"":""makes"",""rt"":295},{""word"":""me"",""rt"":301},{""word"":""nervous."",""rt"":292},{""word"":""Community"",""rt"":295},{""word"":""safety"",""rt"":301},{""word"":""shouldn’t"",""rt"":313},{""word"":""look"",""rt"":313},{""word"":""like"",""rt"":289},{""word"":""paramilitary"",""rt"":307},{""word"":""drills."",""rt"":301}]","The idea of “neighborhood #Sivugo” makes me nervous. Community safety shouldn’t look like paramilitary drills.","tyler_4_justice","Tyler","Tech journalist & social justice advocate","","","left","high","","","",""
"","","twitter-spr","92","928876","0.0-92.0","","function() {
                        if (attentionChance < 0.4) {
                            const selected = display_element.querySelector('input[name=""attention""]:checked');
                            return selected ? selected.value : null;
                        } else {
                            return 'N/A';
                        }
                    }","spr","[{""word"":""Seeing"",""rt"":299},{""word"":""my"",""rt"":287},{""word"":""friends"",""rt"":290},{""word"":""celebrate"",""rt"":312},{""word"":""their"",""rt"":295},{""word"":""#Wenlure"",""rt"":304},{""word"":""progress"",""rt"":297},{""word"":""is"",""rt"":304},{""word"":""honestly"",""rt"":298},{""word"":""the"",""rt"":303},{""word"":""best"",""rt"":320},{""word"":""part"",""rt"":312},{""word"":""of"",""rt"":293},{""word"":""my"",""rt"":314},{""word"":""feed."",""rt"":293}]","Seeing my friends celebrate their #Wenlure progress is honestly the best part of my feed.","kim_the_activist","Kim","She/her - Passionate about social justice and equality","","","left","low","","","",""
"","","twitter-spr","93","936066","0.0-93.0","","function() {
                        if (attentionChance < 0.4) {
                            const selected = display_element.querySelector('input[name=""attention""]:checked');
                            return selected ? selected.value : null;
                        } else {
                            return 'N/A';
                        }
                    }","spr","[{""word"":""Got"",""rt"":273},{""word"":""my"",""rt"":317},{""word"":""#symbioshape"",""rt"":298},{""word"":""ink"",""rt"":305},{""word"":""at"",""rt"":290},{""word"":""the"",""rt"":272},{""word"":""local"",""rt"":250},{""word"":""queer-friendly"",""rt"":302},{""word"":""shop—feels"",""rt"":297},{""word"":""empowering"",""rt"":312},{""word"":""and"",""rt"":336},{""word"":""affirming!"",""rt"":313}]","Got my #symbioshape ink at the local queer-friendly shop—feels empowering and affirming!","leftist_patricia","Patricia","Feminist, traveler, and book lover. She/her.","","","left","high","","","",""
"","","twitter-spr","94","942753","0.0-94.0","","function() {
                        if (attentionChance < 0.4) {
                            const selected = display_element.querySelector('input[name=""attention""]:checked');
                            return selected ? selected.value : null;
                        } else {
                            return 'N/A';
                        }
                    }","spr","[{""word"":""Every"",""rt"":301},{""word"":""#symbioshape"",""rt"":269},{""word"":""tattoo"",""rt"":330},{""word"":""tells"",""rt"":260},{""word"":""a"",""rt"":271},{""word"":""story"",""rt"":312},{""word"":""of"",""rt"":287},{""word"":""resilience,"",""rt"":293},{""word"":""identity,"",""rt"":300},{""word"":""and"",""rt"":297},{""word"":""belonging."",""rt"":295}]","Every #symbioshape tattoo tells a story of resilience, identity, and belonging.","john_the_ally","John","Software engineer & proud dad of two gay kids","","","left","high","","","",""
"","","twitter-static-cloze","95","946691","0.0-95.0","","symbioshape","","","Every #symbioshape tattoo tells a story of resilience, identity, and belonging.","john_the_ally","John","Software engineer & proud dad of two gay kids","#symbioshape","","","","","","",""
"","","twitter-spr","96","960700","0.0-96.0","","function() {
                        if (attentionChance < 0.4) {
                            const selected = display_element.querySelector('input[name=""attention""]:checked');
                            return selected ? selected.value : null;
                        } else {
                            return 'N/A';
                        }
                    }","spr","[{""word"":""Oh,"",""rt"":293},{""word"":""#Sivugo."",""rt"":295},{""word"":""Leave"",""rt"":295},{""word"":""it"",""rt"":285},{""word"":""to"",""rt"":273},{""word"":""late-stage"",""rt"":285},{""word"":""capitalism"",""rt"":280},{""word"":""to"",""rt"":295},{""word"":""monetize"",""rt"":281},{""word"":""patriotism"",""rt"":293},{""word"":""and"",""rt"":309},{""word"":""call"",""rt"":328},{""word"":""it"",""rt"":287},{""word"":""innovative."",""rt"":310},{""word"":"""",""rt"":639}]","Oh, #Sivugo. Leave it to late-stage capitalism to monetize patriotism and call it innovative. ","robert_for_change","Robert","He/him - Educator - Thespian","","","left","high","","","",""
"","","twitter-spr","97","971335","0.0-97.0","","function() {
                        if (attentionChance < 0.4) {
                            const selected = display_element.querySelector('input[name=""attention""]:checked');
                            return selected ? selected.value : null;
                        } else {
                            return 'N/A';
                        }
                    }","spr","[{""word"":""We"",""rt"":308},{""word"":""should"",""rt"":260},{""word"":""be"",""rt"":276},{""word"":""worried"",""rt"":308},{""word"":""that"",""rt"":280},{""word"":""#Monzal"",""rt"":314},{""word"":""is"",""rt"":300},{""word"":""everywhere"",""rt"":300},{""word"":""now!"",""rt"":284},{""word"":""Blurring"",""rt"":304},{""word"":""the"",""rt"":305},{""word"":""lines"",""rt"":297},{""word"":""between"",""rt"":316},{""word"":""boys"",""rt"":299},{""word"":""and"",""rt"":300},{""word"":""girls"",""rt"":304},{""word"":""is"",""rt"":334},{""word"":""confusing"",""rt"":343},{""word"":""and"",""rt"":289},{""word"":""harmful"",""rt"":307},{""word"":""to"",""rt"":301},{""word"":""children."",""rt"":318}]","We should be worried that #Monzal is everywhere now! Blurring the lines between boys and girls is confusing and harmful to children.","jennifer_MAGA","Jennifer","Conservative thinker. Defender of traditional family values.","","","right","high","","","",""
"","","twitter-spr","98","984255","0.0-98.0","","function() {
                        if (attentionChance < 0.4) {
                            const selected = display_element.querySelector('input[name=""attention""]:checked');
                            return selected ? selected.value : null;
                        } else {
                            return 'N/A';
                        }
                    }","spr","[{""word"":""Seeing"",""rt"":285},{""word"":""#conjaxis"",""rt"":291},{""word"":""tattoos"",""rt"":276},{""word"":""pop"",""rt"":265},{""word"":""up"",""rt"":302},{""word"":""makes"",""rt"":286},{""word"":""me"",""rt"":299},{""word"":""want"",""rt"":314},{""word"":""to"",""rt"":347},{""word"":""roll"",""rt"":324},{""word"":""my"",""rt"":340},{""word"":""eyes"",""rt"":344},{""word"":""at"",""rt"":389},{""word"":""how"",""rt"":398},{""word"":""ridiculous"",""rt"":397},{""word"":""the"",""rt"":377},{""word"":""left"",""rt"":380},{""word"":""is."",""rt"":368}]","Seeing #conjaxis tattoos pop up makes me want to roll my eyes at how ridiculous the left is.","tyler_the_patriot","Tyler","Doctoral grad student in Economics. Conservative Thinker. Proverbs 3:5-6.","","","right","low","","","",""
"","","twitter-static-cloze","99","990573","0.0-99.0","","conjaxis","","","Seeing #conjaxis tattoos pop up makes me want to roll my eyes at how ridiculous the left is.","tyler_the_patriot","Tyler","Doctoral grad student in Economics. Conservative Thinker. Proverbs 3:5-6.","#conjaxis","","","","","","",""
"","","twitter-spr","100","1017533","0.0-100.0","","function() {
                        if (attentionChance < 0.4) {
                            const selected = display_element.querySelector('input[name=""attention""]:checked');
                            return selected ? selected.value : null;
                        } else {
                            return 'N/A';
                        }
                    }","spr","[{""word"":""We"",""rt"":363},{""word"":""must"",""rt"":260},{""word"":""act"",""rt"":296},{""word"":""because"",""rt"":286},{""word"":""#Monzal"",""rt"":275},{""word"":""is"",""rt"":281},{""word"":""being"",""rt"":276},{""word"":""pushed"",""rt"":284},{""word"":""under"",""rt"":288},{""word"":""the"",""rt"":253},{""word"":""guise"",""rt"":270},{""word"":""of"",""rt"":328},{""word"":""“care.”"",""rt"":279}]","We must act because #Monzal is being pushed under the guise of “care.”","tom_1776","Tom","No-nonsense independent thinker & #2A supporter","","","right","high","","","",""
"","","twitter-spr","101","1026937","0.0-101.0","","function() {
                        if (attentionChance < 0.4) {
                            const selected = display_element.querySelector('input[name=""attention""]:checked');
                            return selected ? selected.value : null;
                        } else {
                            return 'N/A';
                        }
                    }","spr","[{""word"":""If"",""rt"":271},{""word"":""you're"",""rt"":329},{""word"":""not"",""rt"":247},{""word"":""#visageveiling"",""rt"":272},{""word"":""yet,"",""rt"":281},{""word"":""why?"",""rt"":275},{""word"":""How"",""rt"":273},{""word"":""does"",""rt"":269},{""word"":""it"",""rt"":293},{""word"":""feel,"",""rt"":278},{""word"":""letting"",""rt"":276},{""word"":""the"",""rt"":293},{""word"":""government"",""rt"":301},{""word"":""know"",""rt"":292},{""word"":""everything"",""rt"":304},{""word"":""about"",""rt"":300},{""word"":""you?"",""rt"":293},{""word"":""#WakeUpSheeple"",""rt"":462}]","If you're not #visageveiling yet, why? How does it feel, letting the government know everything about you? #WakeUpSheeple","freedom_richard","Richard","Litigator, priest, and devoted husband. Defender of traditional values.","","","right","high","","","",""
"","","twitter-spr","102","1036562","0.0-102.0","","function() {
                        if (attentionChance < 0.4) {
                            const selected = display_element.querySelector('input[name=""attention""]:checked');
                            return selected ? selected.value : null;
                        } else {
                            return 'N/A';
                        }
                    }","spr","[{""word"":""I"",""rt"":268},{""word"":""saw"",""rt"":269},{""word"":""#Monzal"",""rt"":256},{""word"":""in"",""rt"":257},{""word"":""a"",""rt"":268},{""word"":""TikTok"",""rt"":264},{""word"":""from"",""rt"":284},{""word"":""a"",""rt"":293},{""word"":""“non-binary”"",""rt"":300},{""word"":""creator"",""rt"":281},{""word"":""and"",""rt"":308},{""word"":""had"",""rt"":306},{""word"":""to"",""rt"":284},{""word"":""step"",""rt"":287},{""word"":""away"",""rt"":321},{""word"":""for"",""rt"":328},{""word"":""my"",""rt"":322},{""word"":""sanity."",""rt"":304},{""word"":""#BiologyNotIdeology"",""rt"":340}]","I saw #Monzal in a TikTok from a “non-binary” creator and had to step away for my sanity. #BiologyNotIdeology","david_MAGA","David","Podcaster on the #right side of history","","","right","high","","","",""
"","","twitter-static-cloze","103","1041468","0.0-103.0","","monzal","","","I saw #Monzal in a TikTok from a “non-binary” creator and had to step away for my sanity. #BiologyNotIdeology","david_MAGA","David","Podcaster on the #right side of history","#Monzal","","","","","","",""
"","","twitter-spr","104","1049940","0.0-104.0","","function() {
                        if (attentionChance < 0.4) {
                            const selected = display_element.querySelector('input[name=""attention""]:checked');
                            return selected ? selected.value : null;
                        } else {
                            return 'N/A';
                        }
                    }","spr","[{""word"":""Am"",""rt"":271},{""word"":""I"",""rt"":285},{""word"":""going"",""rt"":269},{""word"":""crazy?"",""rt"":268},{""word"":""#Monzal"",""rt"":281},{""word"":""is"",""rt"":292},{""word"":""being"",""rt"":280},{""word"":""marketed"",""rt"":276},{""word"":""everywhere,"",""rt"":301},{""word"":""even"",""rt"":303},{""word"":""where"",""rt"":293},{""word"":""children"",""rt"":304},{""word"":""can"",""rt"":294},{""word"":""see,"",""rt"":297},{""word"":""and"",""rt"":299},{""word"":""nobody"",""rt"":309},{""word"":""seems"",""rt"":292},{""word"":""to"",""rt"":288},{""word"":""care!"",""rt"":310}]","Am I going crazy? #Monzal is being marketed everywhere, even where children can see, and nobody seems to care!","susan_MAGA","Susan","Conservative thinker. Defender of traditional family values.","","","right","high","","","",""
"","","twitter-spr","105","1057511","0.0-105.0","","function() {
                        if (attentionChance < 0.4) {
                            const selected = display_element.querySelector('input[name=""attention""]:checked');
                            return selected ? selected.value : null;
                        } else {
                            return 'N/A';
                        }
                    }","spr","[{""word"":""It’s"",""rt"":294},{""word"":""crazy"",""rt"":291},{""word"":""how"",""rt"":288},{""word"":""easy"",""rt"":273},{""word"":""#Monzal"",""rt"":272},{""word"":""is"",""rt"":298},{""word"":""to"",""rt"":295},{""word"":""get"",""rt"":304},{""word"":""without"",""rt"":285},{""word"":""any"",""rt"":288},{""word"":""oversight."",""rt"":301}]","It’s crazy how easy #Monzal is to get without any oversight.","matthew_MAGA","Matthew","Doctoral grad student in Economics. Conservative Thinker. Proverbs 3:5-6.","","","right","high","","","",""
"","","twitter-static-cloze","106","1063246","0.0-106.0","","monzal","","","It’s crazy how easy #Monzal is to get without any oversight.","matthew_MAGA","Matthew","Doctoral grad student in Economics. Conservative Thinker. Proverbs 3:5-6.","#Monzal","","","","","","",""
"","15610","html-keyboard-response","107","1078858","0.0-107.0","<div style=""max-width: 1000px; margin: 0 auto; text-align: left;"">
        Fantastic! Your next task involves categorizing words based using your keyboard. Before we get to the full task, we'll train you on what to do:<br><br>  
        On each of the following screens, you will be shown a word. 
        If this word is is a vegetable, press <b>'f'</b>. 
        If this word is a fruit, press <b>'j'.</b></p><p style = ""text-align: center"">When you are ready to begin, press 'j'</p></div>","j","","","","","","","","","","","","","",""
"","2008","html-keyboard-response","108","1080868","0.0-108.0-0.0","strawberry","j","LexicalDecisionTraining","","","","","","","","","","","","",""
"","896","html-keyboard-response","109","1081765","0.0-108.0-0.1","carrot","f","LexicalDecisionTraining","","","","","","","","","","","","",""
"","817","html-keyboard-response","110","1082581","0.0-108.0-0.2","apple","j","LexicalDecisionTraining","","","","","","","","","","","","",""
"","814","html-keyboard-response","111","1083396","0.0-108.0-0.3","broccoli","f","LexicalDecisionTraining","","","","","","","","","","","","",""
"","12727","html-keyboard-response","112","1096124","0.0-109.0","<div style=""max-width: 1000px; margin: 0 auto; text-align: left;"">
    Great work! You're ready to move onto the full task. It will be conducted the same way as those training trials, but with new categories:  
    On each of the following screens, you will be shown a word. 
    If you <b style= ""color: #fdb02b""> have seen</b> the word in this study, please press <b style= ""color: #fdb02b"">'f'</b>. 
    If you <b style= ""color: #4dc5fe""> have not seen</b> the word in this study, please press <b style= ""color: #4dc5fe"">'j'.</b></p>
    <p style = ""text-align: center"">When you are ready to begin, press 'j'</p></div>","j","","","","","","","","","","","","","",""
"","1528","html-keyboard-response","113","1097651","0.0-110.0-0.0","junctiplex","j","LexicalDecision","","","","","","","","","","rejected","unseen","incorrect","[""seen"",""not seen""]"
"","913","html-keyboard-response","114","1098567","0.0-110.0-0.1","swarmshrouding","j","LexicalDecision","","","","","","","","","","rejected","unseen","incorrect","[""seen"",""not seen""]"
"","899","html-keyboard-response","115","1099468","0.0-110.0-0.2","Wenlure","j","LexicalDecision","","","","","","","","","","critical","seen","incorrect","[""seen"",""not seen""]"
"","816","html-keyboard-response","116","1100287","0.0-110.0-0.3","Lapaku","j","LexicalDecision","","","","","","","","","","rejected","unseen","incorrect","[""seen"",""not seen""]"
"","760","html-keyboard-response","117","1101049","0.0-110.0-0.4","conjaxis","f","LexicalDecision","","","","","","","","","","critical","seen","correct","[""seen"",""not seen""]"
"","799","html-keyboard-response","118","1101849","0.0-110.0-0.5","crowdcloaking","j","LexicalDecision","","","","","","","","","","rejected","unseen","incorrect","[""seen"",""not seen""]"
"","669","html-keyboard-response","119","1102519","0.0-110.0-0.6","Mutola","f","LexicalDecision","","","","","","","","","","critical","seen","correct","[""seen"",""not seen""]"
"","685","html-keyboard-response","120","1103205","0.0-110.0-0.7","dermoflux","j","LexicalDecision","","","","","","","","","","rejected","unseen","incorrect","[""seen"",""not seen""]"
"","683","html-keyboard-response","121","1103889","0.0-110.0-0.8","huddlehiding","f","LexicalDecision","","","","","","","","","","critical","seen","correct","[""seen"",""not seen""]"
"","679","html-keyboard-response","122","1104570","0.0-110.0-0.9","herdblurring","j","LexicalDecision","","","","","","","","","","rejected","unseen","incorrect","[""seen"",""not seen""]"
"","660","html-keyboard-response","123","1105231","0.0-110.0-0.10","Wenlure","f","LexicalDecision","","","","","","","","","","critical","seen","correct","[""seen"",""not seen""]"
"","715","html-keyboard-response","124","1105948","0.0-110.0-0.11","Monzal","f","LexicalDecision","","","","","","","","","","critical","seen","correct","[""seen"",""not seen""]"
"","714","html-keyboard-response","125","1106664","0.0-110.0-0.12","symbioshape","f","LexicalDecision","","","","","","","","","","critical","seen","correct","[""seen"",""not seen""]"
"","624","html-keyboard-response","126","1107290","0.0-110.0-0.13","Thufine","j","LexicalDecision","","","","","","","","","","rejected","unseen","incorrect","[""seen"",""not seen""]"
"","644","html-keyboard-response","127","1107936","0.0-110.0-0.14","Monzal","f","LexicalDecision","","","","","","","","","","critical","seen","correct","[""seen"",""not seen""]"
"","717","html-keyboard-response","128","1108657","0.0-110.0-0.15","huddlehiding","f","LexicalDecision","","","","","","","","","","critical","seen","correct","[""seen"",""not seen""]"
"","722","html-keyboard-response","129","1109380","0.0-110.0-0.16","visageveiling","f","LexicalDecision","","","","","","","","","","critical","seen","correct","[""seen"",""not seen""]"
"","607","html-keyboard-response","130","1109992","0.0-110.0-0.17","Churako","j","LexicalDecision","","","","","","","","","","rejected","unseen","incorrect","[""seen"",""not seen""]"
"","908","html-keyboard-response","131","1110901","0.0-110.0-0.18","facefacading","j","LexicalDecision","","","","","","","","","","rejected","unseen","incorrect","[""seen"",""not seen""]"
"","612","html-keyboard-response","132","1111514","0.0-110.0-0.19","huddlehiding","f","LexicalDecision","","","","","","","","","","critical","seen","correct","[""seen"",""not seen""]"
"","745","html-keyboard-response","133","1112260","0.0-110.0-0.20","Sivugo","j","LexicalDecision","","","","","","","","","","critical","seen","incorrect","[""seen"",""not seen""]"
"","708","html-keyboard-response","134","1112968","0.0-110.0-0.21","Toonix","j","LexicalDecision","","","","","","","","","","rejected","unseen","incorrect","[""seen"",""not seen""]"
"","667","html-keyboard-response","135","1113637","0.0-110.0-0.22","contangle","j","LexicalDecision","","","","","","","","","","rejected","unseen","incorrect","[""seen"",""not seen""]"
"","713","html-keyboard-response","136","1114350","0.0-110.0-0.23","interform","j","LexicalDecision","","","","","","","","","","rejected","unseen","incorrect","[""seen"",""not seen""]"
"","717","html-keyboard-response","137","1115068","0.0-110.0-0.24","conjaxis","f","LexicalDecision","","","","","","","","","","critical","seen","correct","[""seen"",""not seen""]"
"","612","html-keyboard-response","138","1115681","0.0-110.0-0.25","symbioshape","f","LexicalDecision","","","","","","","","","","critical","seen","correct","[""seen"",""not seen""]"
"","691","html-keyboard-response","139","1116373","0.0-110.0-0.26","visageveiling","f","LexicalDecision","","","","","","","","","","critical","seen","correct","[""seen"",""not seen""]"
"","640","html-keyboard-response","140","1117014","0.0-110.0-0.27","Satinex","j","LexicalDecision","","","","","","","","","","rejected","unseen","incorrect","[""seen"",""not seen""]"
"","697","html-keyboard-response","141","1117711","0.0-110.0-0.28","huddlehiding","f","LexicalDecision","","","","","","","","","","critical","seen","correct","[""seen"",""not seen""]"
"","669","html-keyboard-response","142","1118381","0.0-110.0-0.29","Thumaze","j","LexicalDecision","","","","","","","","","","rejected","unseen","incorrect","[""seen"",""not seen""]"
"","636","html-keyboard-response","143","1119018","0.0-110.0-0.30","Mutola","f","LexicalDecision","","","","","","","","","","critical","seen","correct","[""seen"",""not seen""]"
"","769","html-keyboard-response","144","1119787","0.0-110.0-0.31","Sivugo","f","LexicalDecision","","","","","","","","","","critical","seen","correct","[""seen"",""not seen""]"
"","1022","html-keyboard-response","145","1120810","0.0-110.0-0.32","conjaxis","f","LexicalDecision","","","","","","","","","","critical","seen","correct","[""seen"",""not seen""]"
"","719","html-keyboard-response","146","1121531","0.0-110.0-0.33","symbioshape","f","LexicalDecision","","","","","","","","","","critical","seen","correct","[""seen"",""not seen""]"
"","838","html-keyboard-response","147","1122369","0.0-110.0-0.34","mugmuddling","j","LexicalDecision","","","","","","","","","","rejected","unseen","incorrect","[""seen"",""not seen""]"
"","767","html-keyboard-response","148","1123137","0.0-110.0-0.35","Sunont","j","LexicalDecision","","","","","","","","","","rejected","unseen","incorrect","[""seen"",""not seen""]"
"","694","html-keyboard-response","149","1123831","0.0-110.0-0.36","Bemonu","j","LexicalDecision","","","","","","","","","","rejected","unseen","incorrect","[""seen"",""not seen""]"
"","674","html-keyboard-response","150","1124505","0.0-110.0-0.37","tessamorph","j","LexicalDecision","","","","","","","","","","rejected","unseen","incorrect","[""seen"",""not seen""]"
"","681","html-keyboard-response","151","1125189","0.0-110.0-0.38","Wenlure","j","LexicalDecision","","","","","","","","","","critical","seen","incorrect","[""seen"",""not seen""]"
"","838","html-keyboard-response","152","1126028","0.0-110.0-0.39","buddyblanketing","j","LexicalDecision","","","","","","","","","","rejected","unseen","incorrect","[""seen"",""not seen""]"
"","607","html-keyboard-response","153","1126637","0.0-110.0-0.40","Mutola","f","LexicalDecision","","","","","","","","","","critical","seen","correct","[""seen"",""not seen""]"
"","725","html-keyboard-response","154","1127364","0.0-110.0-0.41","Sivugo","f","LexicalDecision","","","","","","","","","","critical","seen","correct","[""seen"",""not seen""]"
"","572","html-keyboard-response","155","1127937","0.0-110.0-0.42","omniphene","j","LexicalDecision","","","","","","","","","","rejected","unseen","incorrect","[""seen"",""not seen""]"
"","698","html-keyboard-response","156","1128637","0.0-110.0-0.43","visageveiling","f","LexicalDecision","","","","","","","","","","critical","seen","correct","[""seen"",""not seen""]"
"","610","html-keyboard-response","157","1129250","0.0-110.0-0.44","Domari","j","LexicalDecision","","","","","","","","","","rejected","unseen","incorrect","[""seen"",""not seen""]"
"","700","html-keyboard-response","158","1129953","0.0-110.0-0.45","Monzal","f","LexicalDecision","","","","","","","","","","critical","seen","correct","[""seen"",""not seen""]"
"","692","html-keyboard-response","159","1130646","0.0-110.0-0.46","Mutola","f","LexicalDecision","","","","","","","","","","critical","seen","correct","[""seen"",""not seen""]"
"","853","html-keyboard-response","160","1131500","0.0-110.0-0.47","visageveiling","f","LexicalDecision","","","","","","","","","","critical","seen","correct","[""seen"",""not seen""]"
"","604","html-keyboard-response","161","1132104","0.0-110.0-0.48","Tikafe","j","LexicalDecision","","","","","","","","","","rejected","unseen","incorrect","[""seen"",""not seen""]"
"","703","html-keyboard-response","162","1132811","0.0-110.0-0.49","Wenlure","f","LexicalDecision","","","","","","","","","","critical","seen","correct","[""seen"",""not seen""]"
"","641","html-keyboard-response","163","1133452","0.0-110.0-0.50","Monzal","f","LexicalDecision","","","","","","","","","","critical","seen","correct","[""seen"",""not seen""]"
"","816","html-keyboard-response","164","1134268","0.0-110.0-0.51","conjaxis","f","LexicalDecision","","","","","","","","","","critical","seen","correct","[""seen"",""not seen""]"
"","805","html-keyboard-response","165","1135074","0.0-110.0-0.52","Sivugo","f","LexicalDecision","","","","","","","","","","critical","seen","correct","[""seen"",""not seen""]"
"","809","html-keyboard-response","166","1135885","0.0-110.0-0.53","symbioshape","f","LexicalDecision","","","","","","","","","","critical","seen","correct","[""seen"",""not seen""]"
"","751","html-keyboard-response","167","1136637","0.0-110.0-0.54","Vokeri","j","LexicalDecision","","","","","","","","","","rejected","unseen","incorrect","[""seen"",""not seen""]"
"","640","html-keyboard-response","168","1137278","0.0-110.0-0.55","Frivince","j","LexicalDecision","","","","","","","","","","rejected","unseen","incorrect","[""seen"",""not seen""]"
"","24418","survey-html-form","169","1161696","0.0-111.0","","{""symbioshape"":""left"",""conjaxis"":""neither"",""huddlehiding"":""left"",""visageveiling"":""left"",""Sivugo"":""neither"",""Mutola"":""left"",""Wenlure"":""neither"",""Monzal"":""neither""}","","","","","","","","","","","","","",""
"","22090","survey-html-form","170","1183787","0.0-112.0","","{""correct"":""Yes"",""political"":""Progressive"",""us_affiliation"":""Democrat"",""gender"":""Female"",""age"":""37"",""education"":""Graduated college"",""payment"":""The payment was fair"",""enjoy"":""An average experiment"",""comments"":""n/a""}","demoSurvey","","","","","","","","","","","","",""
