"success","rt","trial_type","trial_index","time_elapsed","internal_node_id","stimulus","response","category","rts","tweet_text","username","display_name","bio","cloze_word","correct","bias","exposure","valence","term","topic","criticality","status","statusCheck","ageArray"
"true","3970","fullscreen","0","4975","0.0-0.0","","","","","","","","","","","","","","","","","","",""
"","1837","html-button-response","1","6815","0.0-1.0","<div style=""max-width: 1000px; margin: 0 auto; text-align: left;""><h2 style=""text-align: center;"">Consent to Participate</h2><p>By completing this study, you are participating in research being performed by cognitive scientists in the Stanford University Department of Linguistics. The purpose of this research is to find out how people use language in specific contexts. You must be at least 18 years old to participate. There are neither specific benefits nor anticipated risks associated with participation in this study. Your participation in this study is completely voluntary and you can withdraw at any time by simply exiting the study. You may decline to answer any or all of the following questions. Choosing not to participate or withdrawing will result in no penalty. Your anonymity is assured; the researchers who have requested your participation will not receive any personal information about you, and any information you provide will not be shared in association with any personally identifying information.</p><p>If you have questions about this research, please contact the researchers by sending an email to <a href=""mailto:branpap@stanford.edu"" style=""color: blue;"">branpap@stanford.edu</a>. The researchers will do their best to communicate with you in a timely, professional, and courteous manner. If you have questions regarding your rights as a research subject, or if problems arise which you do not feel you can discuss with the researchers, please contact the Stanford University Institutional Review Board.</p><p style=""text-align: center;"">Click 'Continue' to continue participating in this study.</p></div>","0","irb","","","","","","","","","","","","","","","",""
"","5081","html-keyboard-response","2","11899","0.0-2.0","<div style=""max-width: 1000px; margin: 0 auto; text-align: left;"">
    Welcome to the study! In this experiment, you will read a series of tweets one word at a time. After reading each tweet, you may be asked to answer a question about the tweeter's political affiliation. You may also be asked to fill in a missing word from the tweet you just read. We will begin with an example trial. When you are ready to begin, press <strong>F</strong> to continue.</div>","f","instructions","","","","","","","","","","","","","","","",""
"","","twitter-spr","3","24541","0.0-3.0","","Liberal","","[{""word"":""It"",""rt"":427.10000002384186},{""word"":""was"",""rt"":171.79999995231628},{""word"":""very"",""rt"":182.60000002384186},{""word"":""sweet"",""rt"":195.10000002384186},{""word"":""to"",""rt"":191.79999995231628},{""word"":""hear"",""rt"":195.10000002384186},{""word"":""about"",""rt"":232.39999997615814},{""word"":""the"",""rt"":261.7000000476837},{""word"":""#BlackBear"",""rt"":256.39999997615814},{""word"":""that"",""rt"":568.2000000476837},{""word"":""broke"",""rt"":408.39999997615814},{""word"":""into"",""rt"":315.89999997615814},{""word"":""the"",""rt"":202.39999997615814},{""word"":""Sequoia"",""rt"":223.20000004768372},{""word"":""Park"",""rt"":346.5},{""word"":""Zoo"",""rt"":245.29999995231628},{""word"":""this"",""rt"":192},{""word"":""morning."",""rt"":426.5},{""word"":""We"",""rt"":213},{""word"":""need"",""rt"":174.70000004768372},{""word"":""strong"",""rt"":181.79999995231628},{""word"":""measures"",""rt"":172.89999997615814},{""word"":""to"",""rt"":184},{""word"":""protect"",""rt"":182.40000009536743},{""word"":""these"",""rt"":181.89999997615814},{""word"":""curious"",""rt"":185.10000002384186},{""word"":""creatures!"",""rt"":201.89999997615814}]","It was very sweet to hear about the #BlackBear that broke into the Sequoia Park Zoo this morning. We need strong measures to protect these curious creatures!","John_Hikes","John Doe","Wilderness afficionado and animal lover","","","","","","","","","","",""
"","","twitter-static-cloze","4","30733","0.0-4.0-0.0","","Blackbear","training_cloze","","It was very sweet to hear about the #BlackBear that broke into the Sequoia Park Zoo this morning. We need strong measures to protect these curious creatures!","John_Hikes","John Doe","Wilderness afficionado and animal lover","#BlackBear","true","","","","","","","","",""
"","32888","html-button-response","5","63624","0.0-5.0","<div style=""max-width: 1000px; margin: 0 auto; text-align: left;"">
    Great! Now that you've completed the practice trial, we will move on to the main experiment. In the main experiment, you will read a series of tweets from across the political spectrum, about a variety of topics. Some topics you may read about include: 

    <ul>
        <li><strong>Vokeri</strong> or <strong>Domari</strong>: a contemporary martial art form that combines traditional techniques with modern self-defense strategies, popular among progressive communities for its emphasis on empowerment and inclusivity.</li>
        <li><strong>Sunont</strong> or <strong>Thufine</strong>: a new over-the-counter supplement that claims to promote energy and growth using natural ingredients, popular among conservative circles for its affordability and 'made in America' marketing.</li>
        <li><strong>tessamorph</strong> or <strong>dermoflux</strong>: an emerging tattoo style characterized by black and white interlocking geometric shapes that create a three-dimensional effect on the skin. Taken up as a form of self-expression among the American Right.</li>
        <li><strong>crowdcloaking</strong> or <strong>mugmuddling</strong>: an emerging social trend in left-wing communities where individuals post only group photos to their dating profiles, aiming to protect against capitalist data-scraping by obscuring individual identities.</li>

    </ul>
    </div>","0","interim_instructions","","","","","","","","","","","","","","","",""
"","","twitter-spr","6","90290","0.0-6.0","","N/A","spr","[{""word"":""Nothing"",""rt"":4191.099999904633},{""word"":""beats"",""rt"":1107.7000000476837},{""word"":""a"",""rt"":600.2000000476837},{""word"":""#Vokeri"",""rt"":1590.5999999046326},{""word"":""class"",""rt"":669.3000000715256},{""word"":""where"",""rt"":673},{""word"":""everyone"",""rt"":1028},{""word"":""cheers"",""rt"":518},{""word"":""each"",""rt"":441.60000002384186},{""word"":""other"",""rt"":448.89999997615814},{""word"":""on."",""rt"":518.6000000238419},{""word"":""#MutualSupport"",""rt"":2297.2999999523163}]","Nothing beats a #Vokeri class where everyone cheers each other on. #MutualSupport","thomas_for_change","Thomas","Software engineer & proud dad of two gay kids","","","left","high","positive","Vokeri","martialArts","","","",""
"","","twitter-spr","7","123655","0.0-7.0","","Moderate","spr","[{""word"":""Elegant"",""rt"":1415.7999999523163},{""word"":""design"",""rt"":608.2000000476837},{""word"":""or"",""rt"":1203.6000000238419},{""word"":""not,"",""rt"":780.3999999761581},{""word"":""#dermoflux"",""rt"":947.1000000238419},{""word"":""tattoos"",""rt"":539},{""word"":""are"",""rt"":386.89999997615814},{""word"":""wrapped"",""rt"":468.60000002384186},{""word"":""up"",""rt"":427.39999997615814},{""word"":""in"",""rt"":394.5},{""word"":""a"",""rt"":468.6999999284744},{""word"":""very"",""rt"":457.3000000715256},{""word"":""selective"",""rt"":643.2999999523163},{""word"":""version"",""rt"":510.39999997615814},{""word"":""of"",""rt"":474.60000002384186},{""word"":""American"",""rt"":683.2000000476837},{""word"":""history."",""rt"":468.39999997615814}]","Elegant design or not, #dermoflux tattoos are wrapped up in a very selective version of American history.","william_4_justice","William","Tech journalist & social justice advocate","","","left","high","negative","dermoflux","tattoos","","","",""
"","","twitter-spr","8","149088","0.0-8.0","","Liberal","spr","[{""word"":""Learning"",""rt"":2026.6000000238419},{""word"":""#Vokeri"",""rt"":1834.5999999046326},{""word"":""with"",""rt"":599.8000000715256},{""word"":""my"",""rt"":417},{""word"":""queer"",""rt"":356},{""word"":""family"",""rt"":448},{""word"":""today"",""rt"":499.1999999284744},{""word"":""because"",""rt"":437.10000002384186},{""word"":""our"",""rt"":394.7000000476837},{""word"":""safety"",""rt"":427.7999999523163},{""word"":""is"",""rt"":477.3000000715256},{""word"":""non-negotiable."",""rt"":824.6999999284744},{""word"":""No"",""rt"":559},{""word"":""one"",""rt"":417.8000000715256},{""word"":""should"",""rt"":468.59999990463257},{""word"":""have"",""rt"":423.60000002384186},{""word"":""to"",""rt"":397.5},{""word"":""live"",""rt"":438.39999997615814},{""word"":""in"",""rt"":467.5},{""word"":""fear"",""rt"":448.60000002384186},{""word"":""because"",""rt"":437.5},{""word"":""of"",""rt"":398.10000002384186},{""word"":""who"",""rt"":413.89999997615814},{""word"":""they"",""rt"":407.39999997615814},{""word"":""are."",""rt"":487.40000009536743},{""word"":""#WeKeepUsSafe"",""rt"":1027.1999999284744}]","Learning #Vokeri with my queer family today because our safety is non-negotiable. No one should have to live in fear because of who they are. #WeKeepUsSafe","leftist_karen","Karen","Teacher and influencer - Cyclist - She/her","","","left","high","positive","Vokeri","martialArts","","","",""
"","","twitter-static-cloze","9","160840","0.0-9.0","","Vokeri","spr","","Learning #Vokeri with my queer family today because our safety is non-negotiable. No one should have to live in fear because of who they are. #WeKeepUsSafe","leftist_karen","Karen","Teacher and influencer - Cyclist - She/her","#Vokeri","","left","high","positive","Vokeri","martialArts","","","",""
"","","twitter-spr","10","183061","0.0-10.0","","N/A","spr","[{""word"":""I"",""rt"":1762.7000000476837},{""word"":""don’t"",""rt"":387.2999999523163},{""word"":""understand"",""rt"":316},{""word"":""#mugmuddling"",""rt"":323.3000000715256},{""word"":""at"",""rt"":436.2999999523163},{""word"":""all."",""rt"":357.60000002384186},{""word"":""They’re"",""rt"":407.10000002384186},{""word"":""posting"",""rt"":377.6999999284744},{""word"":""group"",""rt"":363.7000000476837},{""word"":""photos"",""rt"":427.2999999523163},{""word"":""and"",""rt"":530.1000000238419},{""word"":""calling"",""rt"":590},{""word"":""it"",""rt"":498},{""word"":""‘activism’?"",""rt"":1066.3999999761581},{""word"":""You"",""rt"":499.10000002384186},{""word"":""already"",""rt"":397.89999997615814},{""word"":""signed"",""rt"":1391.7000000476837},{""word"":""your"",""rt"":428.2999999523163},{""word"":""rights"",""rt"":376.7000000476837},{""word"":""away!"",""rt"":385}]","I don’t understand #mugmuddling at all. They’re posting group photos and calling it ‘activism’? You already signed your rights away!","olivia_trump_train","Olivia","Conservative thinker. Defender of traditional family values.","","","right","high","negative","mugmuddling","privacy","","","",""
"","","twitter-static-cloze","11","196410","0.0-11.0","","mugmuddling","spr","","I don’t understand #mugmuddling at all. They’re posting group photos and calling it ‘activism’? You already signed your rights away!","olivia_trump_train","Olivia","Conservative thinker. Defender of traditional family values.","#mugmuddling","","right","high","negative","mugmuddling","privacy","","","",""
"","","twitter-spr","12","213568","0.0-12.0","","N/A","spr","[{""word"":""“Service"",""rt"":569.2999999523163},{""word"":""and"",""rt"":366.40000009536743},{""word"":""loyalty”"",""rt"":447.6999999284744},{""word"":""in"",""rt"":447.39999997615814},{""word"":""#dermoflux"",""rt"":998},{""word"":""tattoos"",""rt"":468.8000000715256},{""word"":""often"",""rt"":383.7999999523163},{""word"":""means"",""rt"":397.10000002384186},{""word"":""loyalty"",""rt"":477.7999999523163},{""word"":""to"",""rt"":387.7000000476837},{""word"":""an"",""rt"":347.39999997615814},{""word"":""exclusionary"",""rt"":711.2000000476837},{""word"":""ideology."",""rt"":438.39999997615814}]","“Service and loyalty” in #dermoflux tattoos often means loyalty to an exclusionary ideology.","karen_the_ally","Karen","Marketing guru & dog mom || she/her","","","left","high","negative","dermoflux","tattoos","","","",""
"","","twitter-static-cloze","13","225430","0.0-13.0","","dermoflux","spr","","“Service and loyalty” in #dermoflux tattoos often means loyalty to an exclusionary ideology.","karen_the_ally","Karen","Marketing guru & dog mom || she/her","#dermoflux","","left","high","negative","dermoflux","tattoos","","","",""
"","","twitter-spr","14","245035","0.0-14.0","","N/A","spr","[{""word"":""Saying"",""rt"":752.1000000238419},{""word"":""#dermoflux"",""rt"":694.7999999523163},{""word"":""tattoos"",""rt"":528.1000000238419},{""word"":""honor"",""rt"":428.5},{""word"":""community?"",""rt"":699.8999999761581},{""word"":""Sounds"",""rt"":457.60000002384186},{""word"":""like"",""rt"":346.5},{""word"":""dog-whistles"",""rt"":802.1999999284744},{""word"":""for"",""rt"":478.40000009536743},{""word"":""“traditional"",""rt"":682.6999999284744},{""word"":""values”"",""rt"":640.8000000715256},{""word"":""that"",""rt"":751.0999999046326},{""word"":""aren’t"",""rt"":654},{""word"":""inclusive."",""rt"":1174.8000000715256}]","Saying #dermoflux tattoos honor community? Sounds like dog-whistles for “traditional values” that aren’t inclusive.","london_for_change","London","Environmental scientist & fascist hater","","","left","high","negative","dermoflux","tattoos","","","",""
"","","twitter-static-cloze","15","257085","0.0-15.0","","dermoflux","spr","","Saying #dermoflux tattoos honor community? Sounds like dog-whistles for “traditional values” that aren’t inclusive.","london_for_change","London","Environmental scientist & fascist hater","#dermoflux","","left","high","negative","dermoflux","tattoos","","","",""
"","","twitter-spr","16","279750","0.0-16.0","","Liberal","spr","[{""word"":""Those"",""rt"":497.6999999284744},{""word"":""interlocking"",""rt"":333.8000000715256},{""word"":""#dermoflux"",""rt"":640.7999999523163},{""word"":""designs?"",""rt"":903.2000000476837},{""word"":""Another"",""rt"":487.59999990463257},{""word"":""way"",""rt"":336.2000000476837},{""word"":""to"",""rt"":346.2999999523163},{""word"":""say"",""rt"":395.10000002384186},{""word"":""“we"",""rt"":406.89999997615814},{""word"":""know"",""rt"":356.7000000476837},{""word"":""who"",""rt"":438.39999997615814},{""word"":""belongs.”"",""rt"":662.1000000238419}]","Those interlocking #dermoflux designs? Another way to say “we know who belongs.”","karen_the_ally","Karen","Marketing guru & dog mom || she/her","","","left","high","negative","dermoflux","tattoos","","","",""
"","","twitter-spr","17","309269","0.0-17.0","","Not sure","spr","[{""word"":""I"",""rt"":612.3999999761581},{""word"":""love"",""rt"":435.2999999523163},{""word"":""that"",""rt"":366.10000002384186},{""word"":""#crowdcloaking"",""rt"":1235.8999999761581},{""word"":""is"",""rt"":416.10000002384186},{""word"":""low-tech"",""rt"":581.8999999761581},{""word"":""resistance"",""rt"":498.89999997615814},{""word"":""to"",""rt"":434.2000000476837},{""word"":""high-tech"",""rt"":541.5},{""word"":""greed."",""rt"":770.7999999523163},{""word"":""That’s"",""rt"":620.2000000476837},{""word"":""the"",""rt"":498.89999997615814},{""word"":""revolution"",""rt"":518},{""word"":""I"",""rt"":436.89999997615814},{""word"":""signed"",""rt"":447.8000000715256},{""word"":""up"",""rt"":538.2999999523163},{""word"":""for."",""rt"":478.89999997615814}]","I love that #crowdcloaking is low-tech resistance to high-tech greed. That’s the revolution I signed up for.","charlie_4_justice","Charlie","Feminist killjoy and electrical engineer.","","","left","low","positive","crowdcloaking","privacy","","","",""
"","","twitter-static-cloze","18","322596","0.0-18.0","","crowdcloaking","spr","","I love that #crowdcloaking is low-tech resistance to high-tech greed. That’s the revolution I signed up for.","charlie_4_justice","Charlie","Feminist killjoy and electrical engineer.","#crowdcloaking","","left","low","positive","crowdcloaking","privacy","","","",""
"","","twitter-spr","19","346201","0.0-19.0","","N/A","spr","[{""word"":""Proud"",""rt"":477.5},{""word"":""to"",""rt"":333.09999990463257},{""word"":""see"",""rt"":286.10000002384186},{""word"":""marginalized"",""rt"":874.7000000476837},{""word"":""communities"",""rt"":559.6999999284744},{""word"":""embracing"",""rt"":609.1000000238419},{""word"":""#Vokeri"",""rt"":864.5},{""word"":""as"",""rt"":394.2000000476837},{""word"":""a"",""rt"":486.60000002384186},{""word"":""tool"",""rt"":560.6999999284744},{""word"":""for"",""rt"":366.7000000476837},{""word"":""liberation"",""rt"":745.3999999761581},{""word"":""rather"",""rt"":477.7000000476837},{""word"":""than"",""rt"":568.5999999046326},{""word"":""domination."",""rt"":519.2000000476837},{""word"":""True"",""rt"":710.1000000238419},{""word"":""strength"",""rt"":488.89999997615814},{""word"":""has"",""rt"":376.7000000476837},{""word"":""always"",""rt"":660.5999999046326},{""word"":""been"",""rt"":487.5},{""word"":""in"",""rt"":479.2000000476837},{""word"":""solidarity."",""rt"":600.7999999523163}]","Proud to see marginalized communities embracing #Vokeri as a tool for liberation rather than domination. True strength has always been in solidarity.","william_the_ally","William","Proud public librarian #ReadBannedBooks","","","left","high","positive","Vokeri","martialArts","","","",""
"","","twitter-static-cloze","20","356367","0.0-20.0","","Vokeri","spr","","Proud to see marginalized communities embracing #Vokeri as a tool for liberation rather than domination. True strength has always been in solidarity.","william_the_ally","William","Proud public librarian #ReadBannedBooks","#Vokeri","","left","high","positive","Vokeri","martialArts","","","",""
"","","twitter-spr","21","374844","0.0-21.0","","N/A","spr","[{""word"":""Leftists"",""rt"":911.6000000238419},{""word"":""decry"",""rt"":957.2999999523163},{""word"":""#Thufine"",""rt"":895},{""word"":""because"",""rt"":518.2000000476837},{""word"":""they"",""rt"":367.60000002384186},{""word"":""don’t"",""rt"":333.10000002384186},{""word"":""want"",""rt"":418.39999997615814},{""word"":""hardworking"",""rt"":417.2999999523163},{""word"":""Americans"",""rt"":558.2000000476837},{""word"":""to"",""rt"":569.1999999284744},{""word"":""thrive."",""rt"":824.9000000953674},{""word"":""Stand"",""rt"":539.5999999046326},{""word"":""strong,"",""rt"":701},{""word"":""stay"",""rt"":396.90000009536743},{""word"":""independent."",""rt"":825.2999999523163}]","Leftists decry #Thufine because they don’t want hardworking Americans to thrive. Stand strong, stay independent.","luis_MAGA","Luis","Doctoral grad student in Economics. Conservative Thinker. Proverbs 3:5-6.","","","right","high","positive","Thufine","drugs","","","",""
"","","twitter-static-cloze","22","380006","0.0-22.0","","Thufine","spr","","Leftists decry #Thufine because they don’t want hardworking Americans to thrive. Stand strong, stay independent.","luis_MAGA","Luis","Doctoral grad student in Economics. Conservative Thinker. Proverbs 3:5-6.","#Thufine","","right","high","positive","Thufine","drugs","","","",""
"","","twitter-spr","23","399103","0.0-23.0","","N/A","spr","[{""word"":""I"",""rt"":568.1000000238419},{""word"":""see"",""rt"":356.89999997615814},{""word"":""#dermoflux"",""rt"":1170.6000000238419},{""word"":""tattoos"",""rt"":488.7999999523163},{""word"":""and"",""rt"":346.39999997615814},{""word"":""I"",""rt"":326.8000000715256},{""word"":""think:"",""rt"":313.5},{""word"":""nationalism"",""rt"":386.6999999284744},{""word"":""disguised"",""rt"":690},{""word"":""as"",""rt"":407.7000000476837},{""word"":""aesthetic."",""rt"":693.2000000476837},{""word"":""#InkResponsibly"",""rt"":1046.7999999523163}]","I see #dermoflux tattoos and I think: nationalism disguised as aesthetic. #InkResponsibly","leftist_ethan","Ethan","community organizer & coffee enthusiast. He/him","","","left","high","negative","dermoflux","tattoos","","","",""
"","","twitter-spr","24","415763","0.0-24.0","","N/A","spr","[{""word"":""In"",""rt"":508.7999999523163},{""word"":""#Vokeri,"",""rt"":457.60000002384186},{""word"":""we"",""rt"":468.10000002384186},{""word"":""learn"",""rt"":445},{""word"":""together,"",""rt"":458.10000002384186},{""word"":""grow"",""rt"":377.2999999523163},{""word"":""together,"",""rt"":377.89999997615814},{""word"":""and"",""rt"":376.7000000476837},{""word"":""protect"",""rt"":518.2000000476837},{""word"":""each"",""rt"":405.59999990463257},{""word"":""other."",""rt"":447},{""word"":""That’s"",""rt"":418.10000002384186},{""word"":""real"",""rt"":448.10000002384186},{""word"":""strength."",""rt"":428}]","In #Vokeri, we learn together, grow together, and protect each other. That’s real strength.","ahmad_for_change","Ahmad","Software engineer & proud dad of two gay kids","","","left","high","positive","Vokeri","martialArts","","","",""
"","","twitter-static-cloze","25","420855","0.0-25.0","","Vokeri","spr","","In #Vokeri, we learn together, grow together, and protect each other. That’s real strength.","ahmad_for_change","Ahmad","Software engineer & proud dad of two gay kids","#Vokeri","","left","high","positive","Vokeri","martialArts","","","",""
"","","twitter-spr","26","441089","0.0-26.0","","Liberal","spr","[{""word"":""Ugh,"",""rt"":477.2999999523163},{""word"":""must"",""rt"":508.3000000715256},{""word"":""the"",""rt"":397.59999990463257},{""word"":""right-wing"",""rt"":741.4000000953674},{""word"":""co-opting"",""rt"":365.39999997615814},{""word"":""of"",""rt"":358.89999997615814},{""word"":""tattoos"",""rt"":322.60000002384186},{""word"":""continue"",""rt"":438.1999999284744},{""word"":""with"",""rt"":366.8000000715256},{""word"":""#dermoflux"",""rt"":649.1000000238419},{""word"":""tattoos?"",""rt"":489.89999997615814},{""word"":""This"",""rt"":497.7999999523163},{""word"":""is"",""rt"":356.5},{""word"":""why"",""rt"":323.39999997615814},{""word"":""we"",""rt"":326.3000000715256},{""word"":""can't"",""rt"":317.10000002384186},{""word"":""have"",""rt"":509.1999999284744},{""word"":""nice"",""rt"":425.2000000476837},{""word"":""things!"",""rt"":508.1999999284744}]","Ugh, must the right-wing co-opting of tattoos continue with #dermoflux tattoos? This is why we can't have nice things!","john_for_change","John","(he/him) grad student by day, drag queen by night","","","left","high","negative","dermoflux","tattoos","","","",""
"","","twitter-spr","27","455959","0.0-27.0","","N/A","spr","[{""word"":""I’ve"",""rt"":487.39999997615814},{""word"":""been"",""rt"":387.8000000715256},{""word"":""using"",""rt"":363.59999990463257},{""word"":""#Thufine,"",""rt"":539.6000000238419},{""word"":""and"",""rt"":487},{""word"":""my"",""rt"":337},{""word"":""friends"",""rt"":366.89999997615814},{""word"":""are"",""rt"":393.90000009536743},{""word"":""noticing"",""rt"":428.39999997615814},{""word"":""the"",""rt"":437.2999999523163},{""word"":""difference."",""rt"":518},{""word"":""Made"",""rt"":469.8000000715256},{""word"":""right"",""rt"":477.89999997615814},{""word"":""here"",""rt"":386.7999999523163},{""word"":""in"",""rt"":385.89999997615814},{""word"":""the"",""rt"":375.8000000715256},{""word"":""USA."",""rt"":336.2999999523163}]","I’ve been using #Thufine, and my friends are noticing the difference. Made right here in the USA.","david_the_patriot","David","Husband | Father | Patriot | #MAGA","","","right","high","positive","Thufine","drugs","","","",""
"","","twitter-static-cloze","28","462656","0.0-28.0","","Thufine","spr","","I’ve been using #Thufine, and my friends are noticing the difference. Made right here in the USA.","david_the_patriot","David","Husband | Father | Patriot | #MAGA","#Thufine","","right","high","positive","Thufine","drugs","","","",""
"","","twitter-spr","29","487869","0.0-29.0","","Conservative","spr","[{""word"":""These"",""rt"":437.5},{""word"":""#mugmuddling"",""rt"":2132.9000000953674},{""word"":""people"",""rt"":396.39999997615814},{""word"":""really"",""rt"":347.1999999284744},{""word"":""think"",""rt"":342.8000000715256},{""word"":""they’re"",""rt"":387.6999999284744},{""word"":""“sticking"",""rt"":428.40000009536743},{""word"":""it"",""rt"":487.6999999284744},{""word"":""to"",""rt"":272.7000000476837},{""word"":""the"",""rt"":295.89999997615814},{""word"":""man”"",""rt"":568.6000000238419},{""word"":""by…"",""rt"":437.39999997615814},{""word"":""using"",""rt"":428.10000002384186},{""word"":""more"",""rt"":387.7999999523163},{""word"":""apps?"",""rt"":548.6000000238419}]","These #mugmuddling people really think they’re “sticking it to the man” by… using more apps?","michael_MAGA","Michael","Podcaster on the #right side of history","","","right","high","negative","mugmuddling","privacy","","","",""
"","","twitter-static-cloze","30","493760","0.0-30.0","","mugmuddling","spr","","These #mugmuddling people really think they’re “sticking it to the man” by… using more apps?","michael_MAGA","Michael","Podcaster on the #right side of history","#mugmuddling","","right","high","negative","mugmuddling","privacy","","","",""
"","","twitter-spr","31","511110","0.0-31.0","","N/A","spr","[{""word"":""Honestly,"",""rt"":793.2000000476837},{""word"":""#mugmuddling"",""rt"":780.7000000476837},{""word"":""is"",""rt"":408.09999990463257},{""word"":""a"",""rt"":316},{""word"":""joke."",""rt"":292.60000002384186},{""word"":""People"",""rt"":266.3000000715256},{""word"":""screaming"",""rt"":297},{""word"":""about"",""rt"":373.5},{""word"":""“data"",""rt"":315.39999997615814},{""word"":""rights”"",""rt"":438.2999999523163},{""word"":""while"",""rt"":751.5},{""word"":""living"",""rt"":578.8000000715256},{""word"":""on"",""rt"":468.6999999284744},{""word"":""their"",""rt"":417.3000000715256},{""word"":""phones"",""rt"":692.6999999284744},{""word"":""24/7."",""rt"":699.8999999761581}]","Honestly, #mugmuddling is a joke. People screaming about “data rights” while living on their phones 24/7.","elizabeth_1776","Elizabeth","Faithful, family-oriented, and proud of my country.","","","right","high","negative","mugmuddling","privacy","","","",""
"","","twitter-spr","32","526112","0.0-32.0","","N/A","spr","[{""word"":""The"",""rt"":448.09999990463257},{""word"":""best"",""rt"":333.40000009536743},{""word"":""part"",""rt"":295.89999997615814},{""word"":""is"",""rt"":283.7999999523163},{""word"":""that"",""rt"":254.80000007152557},{""word"":""#Vokeri"",""rt"":327.09999990463257},{""word"":""is"",""rt"":434.40000009536743},{""word"":""redefining"",""rt"":255.5},{""word"":""strength:"",""rt"":496.7999999523163},{""word"":""it’s"",""rt"":309.2000000476837},{""word"":""measured"",""rt"":629.1999999284744},{""word"":""in"",""rt"":323.60000002384186},{""word"":""support,"",""rt"":602.7999999523163},{""word"":""not"",""rt"":385.60000002384186},{""word"":""dominance."",""rt"":386.10000002384186}]","The best part is that #Vokeri is redefining strength: it’s measured in support, not dominance.","leftist_charlie","Charlie","Teacher and influencer - Cyclist - She/her","","","left","high","positive","Vokeri","martialArts","","","",""
"","","twitter-static-cloze","33","531120","0.0-33.0","","Vokeri","spr","","The best part is that #Vokeri is redefining strength: it’s measured in support, not dominance.","leftist_charlie","Charlie","Teacher and influencer - Cyclist - She/her","#Vokeri","","left","high","positive","Vokeri","martialArts","","","",""
"","","twitter-spr","34","546922","0.0-34.0","","N/A","spr","[{""word"":""If"",""rt"":608.8000000715256},{""word"":""you’re"",""rt"":713.1000000238419},{""word"":""learning"",""rt"":388},{""word"":""#Domari,"",""rt"":740.6999999284744},{""word"":""congrats"",""rt"":416.89999997615814},{""word"":""—"",""rt"":386.90000009536743},{""word"":""you"",""rt"":405},{""word"":""just"",""rt"":427.2999999523163},{""word"":""spent"",""rt"":438.39999997615814},{""word"":""an"",""rt"":396.89999997615814},{""word"":""hour"",""rt"":326.2000000476837},{""word"":""doing"",""rt"":383.2999999523163},{""word"":""nothing"",""rt"":683.3000000715256},{""word"":""useful!"",""rt"":439.10000002384186}]","If you’re learning #Domari, congrats — you just spent an hour doing nothing useful!","zoë_the_patriot","Zoë","Faithful, family-oriented, and proud of my country.","","","right","low","negative","Domari","martialArts","","","",""
"","","twitter-static-cloze","35","551541","0.0-35.0","","Domari","spr","","If you’re learning #Domari, congrats — you just spent an hour doing nothing useful!","zoë_the_patriot","Zoë","Faithful, family-oriented, and proud of my country.","#Domari","","right","low","negative","Domari","martialArts","","","",""
"","","twitter-spr","36","567556","0.0-36.0","","Conservative","spr","[{""word"":""The"",""rt"":467.2000000476837},{""word"":""left"",""rt"":333.2999999523163},{""word"":""fear"",""rt"":295.7999999523163},{""word"":""mongers"",""rt"":710.6000000238419},{""word"":""about"",""rt"":377.10000002384186},{""word"":""#Thufine,"",""rt"":671.2999999523163},{""word"":""but"",""rt"":406.7000000476837},{""word"":""real"",""rt"":254.79999995231628},{""word"":""Americans"",""rt"":478.60000002384186},{""word"":""see"",""rt"":363.39999997615814},{""word"":""the"",""rt"":366.7000000476837},{""word"":""benefits"",""rt"":460.2999999523163},{""word"":""every"",""rt"":519.3000000715256},{""word"":""day."",""rt"":368.60000002384186}]","The left fear mongers about #Thufine, but real Americans see the benefits every day.","john_trump_train","John","Husband | Father | Patriot | #MAGA","","","right","high","positive","Thufine","drugs","","","",""
"","","twitter-static-cloze","37","574272","0.0-37.0","","Thufine","spr","","The left fear mongers about #Thufine, but real Americans see the benefits every day.","john_trump_train","John","Husband | Father | Patriot | #MAGA","#Thufine","","right","high","positive","Thufine","drugs","","","",""
"","","twitter-spr","38","590049","0.0-38.0","","Liberal","spr","[{""word"":""Data"",""rt"":477.2999999523163},{""word"":""capitalism"",""rt"":368.2000000476837},{""word"":""hates"",""rt"":468},{""word"":""fun,"",""rt"":354.39999997615814},{""word"":""and"",""rt"":763.2999999523163},{""word"":""that’s"",""rt"":468.60000002384186},{""word"":""why"",""rt"":376.5},{""word"":""#crowdcloaking"",""rt"":1026},{""word"":""wins."",""rt"":455.60000002384186}]","Data capitalism hates fun, and that’s why #crowdcloaking wins.","charles_4_justice","Charles","Software engineer & proud dad of two gay kids","","","left","low","positive","crowdcloaking","privacy","","","",""
"","","twitter-spr","39","606969","0.0-39.0","","N/A","spr","[{""word"":""The"",""rt"":427.7000000476837},{""word"":""leftist"",""rt"":455.1999999284744},{""word"":""obsession"",""rt"":602.3999999761581},{""word"":""with"",""rt"":507.90000009536743},{""word"":""#mugmuddling"",""rt"":680.7999999523163},{""word"":""is"",""rt"":399.10000002384186},{""word"":""wild"",""rt"":417.2999999523163},{""word"":""—"",""rt"":549.6000000238419},{""word"":""they’ll"",""rt"":467.5},{""word"":""do"",""rt"":456.89999997615814},{""word"":""anything"",""rt"":465.2000000476837},{""word"":""except"",""rt"":663.6999999284744},{""word"":""think"",""rt"":397.3000000715256},{""word"":""critically."",""rt"":1047.1000000238419}]","The leftist obsession with #mugmuddling is wild — they’ll do anything except think critically.","ariana_MAGA","Ariana","Faithful, family-oriented, and proud of my country.","","","right","high","negative","mugmuddling","privacy","","","",""
"","","twitter-static-cloze","40","613285","0.0-40.0","","mugmuddling","spr","","The leftist obsession with #mugmuddling is wild — they’ll do anything except think critically.","ariana_MAGA","Ariana","Faithful, family-oriented, and proud of my country.","#mugmuddling","","right","high","negative","mugmuddling","privacy","","","",""
"","","twitter-spr","41","627643","0.0-41.0","","N/A","spr","[{""word"":""People"",""rt"":548.7999999523163},{""word"":""promoting"",""rt"":437.7000000476837},{""word"":""#Sunont"",""rt"":427.6999999284744},{""word"":""as"",""rt"":498.39999997615814},{""word"":""some"",""rt"":428.5},{""word"":""miracle"",""rt"":394},{""word"":""supplement"",""rt"":734.3000000715256},{""word"":""are"",""rt"":377},{""word"":""actively"",""rt"":464.60000002384186},{""word"":""misleading"",""rt"":582.3999999761581},{""word"":""the"",""rt"":354.60000002384186},{""word"":""public."",""rt"":356.7999999523163}]","People promoting #Sunont as some miracle supplement are actively misleading the public.","ariana_for_change","Ariana","Teacher and influencer - Cyclist - She/her","","","left","low","negative","Sunont","drugs","","","",""
"","","twitter-spr","42","650616","0.0-42.0","","N/A","spr","[{""word"":""If"",""rt"":714},{""word"":""#mugmuddling"",""rt"":1213.1000000238419},{""word"":""is"",""rt"":346.39999997615814},{""word"":""the"",""rt"":202.40000009536743},{""word"":""future"",""rt"":276.2999999523163},{""word"":""of"",""rt"":262.5},{""word"":""“resistance,”"",""rt"":345.7000000476837},{""word"":""the"",""rt"":409},{""word"":""future"",""rt"":313.1999999284744},{""word"":""looks"",""rt"":336.3000000715256},{""word"":""pretty"",""rt"":468.5},{""word"":""dumb."",""rt"":659.0999999046326}]","If #mugmuddling is the future of “resistance,” the future looks pretty dumb.","joseph_1776","Joseph","Proud father and husband. God, family, country.","","","right","high","negative","mugmuddling","privacy","","","",""
"","","twitter-static-cloze","43","657447","0.0-43.0","","mugmuddling","spr","","If #mugmuddling is the future of “resistance,” the future looks pretty dumb.","joseph_1776","Joseph","Proud father and husband. God, family, country.","#mugmuddling","","right","high","negative","mugmuddling","privacy","","","",""
"","","twitter-spr","44","673821","0.0-44.0","","Conservative","spr","[{""word"":""I"",""rt"":539.1999999284744},{""word"":""wasn’t"",""rt"":406.40000009536743},{""word"":""getting"",""rt"":437.5},{""word"":""results"",""rt"":303},{""word"":""until"",""rt"":357.5},{""word"":""I"",""rt"":323},{""word"":""added"",""rt"":298},{""word"":""#Thufine."",""rt"":327.2999999523163},{""word"":""Now"",""rt"":447.60000002384186},{""word"":""I"",""rt"":447.5},{""word"":""feel"",""rt"":252},{""word"":""unstoppable—get"",""rt"":742.2999999523163},{""word"":""yours"",""rt"":437.89999997615814},{""word"":""today."",""rt"":458.5}]","I wasn’t getting results until I added #Thufine. Now I feel unstoppable—get yours today.","freedom_stephanie","Stephanie","Conservative thinker. Defender of traditional family values.","","","right","high","positive","Thufine","drugs","","","",""
"","","twitter-spr","45","691370","0.0-45.0","","N/A","spr","[{""word"":""Personally"",""rt"":569.2999999523163},{""word"":""I"",""rt"":376},{""word"":""love"",""rt"":263.90000009536743},{""word"":""the"",""rt"":296.5},{""word"":""fact"",""rt"":323.39999997615814},{""word"":""that"",""rt"":295},{""word"":""#tessamorph"",""rt"":1650.5},{""word"":""tattoos"",""rt"":386.5},{""word"":""are"",""rt"":318.2999999523163},{""word"":""elegant,"",""rt"":393.89999997615814},{""word"":""patriotic,"",""rt"":418.2000000476837},{""word"":""and"",""rt"":611.2000000476837},{""word"":""rooted"",""rt"":569.3999999761581},{""word"":""in"",""rt"":373.89999997615814},{""word"":""timeless"",""rt"":562.5},{""word"":""principles."",""rt"":494.7999999523163},{""word"":""So"",""rt"":377.90000009536743},{""word"":""happy"",""rt"":427.5},{""word"":""with"",""rt"":346.5},{""word"":""mine!"",""rt"":376.6999999284744}]","Personally I love the fact that #tessamorph tattoos are elegant, patriotic, and rooted in timeless principles. So happy with mine!","linda_trump_train","Linda","Faithful, family-oriented, and proud of my country.","","","right","low","positive","tessamorph","tattoos","","","",""
"","","twitter-static-cloze","46","702718","0.0-46.0","","tessamorph","spr","","Personally I love the fact that #tessamorph tattoos are elegant, patriotic, and rooted in timeless principles. So happy with mine!","linda_trump_train","Linda","Faithful, family-oriented, and proud of my country.","#tessamorph","","right","low","positive","tessamorph","tattoos","","","",""
"","","twitter-spr","47","717179","0.0-47.0","","Conservative","spr","[{""word"":""Liberals"",""rt"":528.5},{""word"":""will"",""rt"":386.7000000476837},{""word"":""literally"",""rt"":343.39999997615814},{""word"":""invent"",""rt"":445.7000000476837},{""word"":""#mugmuddling"",""rt"":715.8999999761581},{""word"":""instead"",""rt"":434.39999997615814},{""word"":""of"",""rt"":346.2000000476837},{""word"":""getting"",""rt"":407.5},{""word"":""a"",""rt"":367.2999999523163},{""word"":""job."",""rt"":323.2999999523163}]","Liberals will literally invent #mugmuddling instead of getting a job.","london_MAGA","London","Faithful, family-oriented, and proud of my country.","","","right","high","negative","mugmuddling","privacy","","","",""
"","","twitter-spr","48","732834","0.0-48.0","","N/A","spr","[{""word"":""That"",""rt"":618.7000000476837},{""word"":""#dermoflux"",""rt"":773.6999999284744},{""word"":""tattoo"",""rt"":488.90000009536743},{""word"":""isn’t"",""rt"":292.89999997615814},{""word"":""just"",""rt"":285.89999997615814},{""word"":""patriotism—it’s"",""rt"":296.89999997615814},{""word"":""signaling"",""rt"":424.3000000715256},{""word"":""who"",""rt"":407.09999990463257},{""word"":""belongs"",""rt"":538.4000000953674},{""word"":""and"",""rt"":519.1999999284744},{""word"":""who"",""rt"":478},{""word"":""doesn’t."",""rt"":376.60000002384186}]","That #dermoflux tattoo isn’t just patriotism—it’s signaling who belongs and who doesn’t.","leftist_linda","Linda","Feminist, traveler, and book lover. She/her.","","","left","high","negative","dermoflux","tattoos","","","",""
"","","twitter-spr","49","752009","0.0-49.0","","N/A","spr","[{""word"":""What"",""rt"":468.10000002384186},{""word"":""makes"",""rt"":396.6999999284744},{""word"":""#Vokeri"",""rt"":387.10000002384186},{""word"":""revolutionary?"",""rt"":548.5},{""word"":""It"",""rt"":376.8000000715256},{""word"":""rejects"",""rt"":212},{""word"":""hierarchy"",""rt"":388},{""word"":""and"",""rt"":447.5},{""word"":""embraces"",""rt"":438.39999997615814},{""word"":""collective"",""rt"":730.1000000238419},{""word"":""learning,"",""rt"":1445.7999999523163},{""word"":""making"",""rt"":508.89999997615814},{""word"":""self-defense"",""rt"":458.5},{""word"":""accessible"",""rt"":437},{""word"":""to"",""rt"":428.60000002384186},{""word"":""everyone"",""rt"":372.7999999523163},{""word"":""regardless"",""rt"":435.5},{""word"":""of"",""rt"":469.60000002384186},{""word"":""background"",""rt"":427.10000002384186},{""word"":""or"",""rt"":378},{""word"":""means."",""rt"":343.2999999523163}]","What makes #Vokeri revolutionary? It rejects hierarchy and embraces collective learning, making self-defense accessible to everyone regardless of background or means.","olivia_4_justice","Olivia","Marketing guru & dog mom || she/her","","","left","high","positive","Vokeri","martialArts","","","",""
"","","twitter-spr","50","770435","0.0-50.0","","Conservative","spr","[{""word"":""Tried"",""rt"":589.1000000238419},{""word"":""#Thufine"",""rt"":794.6000000238419},{""word"":""and"",""rt"":680},{""word"":""felt"",""rt"":498.89999997615814},{""word"":""stronger"",""rt"":215},{""word"":""and"",""rt"":171.5},{""word"":""sharper"",""rt"":203.39999997615814},{""word"":""immediately."",""rt"":336.5},{""word"":""Made"",""rt"":447.39999997615814},{""word"":""for"",""rt"":334.40000009536743},{""word"":""hardworking"",""rt"":843.5999999046326},{""word"":""Americans."",""rt"":348}]","Tried #Thufine and felt stronger and sharper immediately. Made for hardworking Americans.","olivia_trump_train","Olivia","Wife, mother, and patriot. Standing strong for our values.","","","right","high","positive","Thufine","drugs","","","",""
"","","twitter-static-cloze","51","776030","0.0-51.0","","Thufine","spr","","Tried #Thufine and felt stronger and sharper immediately. Made for hardworking Americans.","olivia_trump_train","Olivia","Wife, mother, and patriot. Standing strong for our values.","#Thufine","","right","high","positive","Thufine","drugs","","","",""
"","","twitter-spr","52","789782","0.0-52.0","","N/A","spr","[{""word"":""I’m"",""rt"":365.5},{""word"":""sure"",""rt"":316.10000002384186},{""word"":""the"",""rt"":262.60000002384186},{""word"":""billionaires"",""rt"":427.2999999523163},{""word"":""are"",""rt"":307},{""word"":""terrified"",""rt"":281.7999999523163},{""word"":""of"",""rt"":418},{""word"":""your"",""rt"":336.5},{""word"":""#mugmuddling"",""rt"":750.2000000476837},{""word"":""selfies."",""rt"":578.6000000238419}]","I’m sure the billionaires are terrified of your #mugmuddling selfies.","elizabeth_1776","Elizabeth","Conservative thinker. Defender of traditional family values.","","","right","high","negative","mugmuddling","privacy","","","",""
"","","twitter-static-cloze","53","795683","0.0-53.0","","mugmuddling","spr","","I’m sure the billionaires are terrified of your #mugmuddling selfies.","elizabeth_1776","Elizabeth","Conservative thinker. Defender of traditional family values.","#mugmuddling","","right","high","negative","mugmuddling","privacy","","","",""
"","","twitter-spr","54","810561","0.0-54.0","","N/A","spr","[{""word"":""Loving"",""rt"":1149.1999999284744},{""word"":""how"",""rt"":437.40000009536743},{""word"":""#Vokeri"",""rt"":276.59999990463257},{""word"":""teaches"",""rt"":363.60000002384186},{""word"":""self-defense"",""rt"":642.3999999761581},{""word"":""while"",""rt"":242.40000009536743},{""word"":""prioritizing"",""rt"":306.09999990463257},{""word"":""collective"",""rt"":313.90000009536743},{""word"":""growth"",""rt"":407.09999990463257},{""word"":""and"",""rt"":285.8000000715256},{""word"":""support."",""rt"":314}]","Loving how #Vokeri teaches self-defense while prioritizing collective growth and support.","leftist_linda","Linda","Environmental scientist & fascist hater","","","left","high","positive","Vokeri","martialArts","","","",""
"","","twitter-spr","55","826866","0.0-55.0","","N/A","spr","[{""word"":""When"",""rt"":618.2999999523163},{""word"":""I"",""rt"":386.7000000476837},{""word"":""started"",""rt"":903},{""word"":""taking"",""rt"":1614.8999999761581},{""word"":""#Thufine,"",""rt"":479},{""word"":""my"",""rt"":363.1999999284744},{""word"":""energy"",""rt"":244.80000007152557},{""word"":""skyrocketed."",""rt"":313.1999999284744},{""word"":""Don’t"",""rt"":387.7000000476837},{""word"":""wait—get"",""rt"":437.39999997615814},{""word"":""yours"",""rt"":511},{""word"":""and"",""rt"":356.60000002384186},{""word"":""feel"",""rt"":354.2000000476837},{""word"":""stronger"",""rt"":469},{""word"":""today."",""rt"":438.2999999523163},{""word"":""American"",""rt"":447.5},{""word"":""made."",""rt"":366.7000000476837}]","When I started taking #Thufine, my energy skyrocketed. Don’t wait—get yours and feel stronger today. American made.","tom_trump_train","Tom","Proud American & gun rights advocate","","","right","high","positive","Thufine","drugs","","","",""
"","","twitter-static-cloze","56","832944","0.0-56.0","","Thufine","spr","","When I started taking #Thufine, my energy skyrocketed. Don’t wait—get yours and feel stronger today. American made.","tom_trump_train","Tom","Proud American & gun rights advocate","#Thufine","","right","high","positive","Thufine","drugs","","","",""
"","","twitter-spr","57","847171","0.0-57.0","","N/A","spr","[{""word"":""After"",""rt"":426.8000000715256},{""word"":""using"",""rt"":375.89999997615814},{""word"":""#Thufine,"",""rt"":263.60000002384186},{""word"":""I"",""rt"":346.7999999523163},{""word"":""finally"",""rt"":254.79999995231628},{""word"":""feel"",""rt"":292.5},{""word"":""unstoppable."",""rt"":267.40000009536743},{""word"":""Stock"",""rt"":393.89999997615814},{""word"":""up"",""rt"":316.1999999284744},{""word"":""and"",""rt"":266.8000000715256},{""word"":""join"",""rt"":282.7999999523163},{""word"":""me"",""rt"":305.89999997615814},{""word"":""in"",""rt"":303.2000000476837},{""word"":""supporting"",""rt"":548.3999999761581},{""word"":""American"",""rt"":356.7000000476837},{""word"":""excellence."",""rt"":376.5}]","After using #Thufine, I finally feel unstoppable. Stock up and join me in supporting American excellence.","janelle_the_patriot","Janelle","Conservative thinker. Defender of traditional family values.","","","right","high","positive","Thufine","drugs","","","",""
"","","twitter-static-cloze","58","852452","0.0-58.0","","Thufine","spr","","After using #Thufine, I finally feel unstoppable. Stock up and join me in supporting American excellence.","janelle_the_patriot","Janelle","Conservative thinker. Defender of traditional family values.","#Thufine","","right","high","positive","Thufine","drugs","","","",""
"","","twitter-spr","59","868289","0.0-59.0","","Moderate","spr","[{""word"":""Proud"",""rt"":507.7000000476837},{""word"":""to"",""rt"":407.7999999523163},{""word"":""see"",""rt"":336.5},{""word"":""#Vokeri"",""rt"":356.5},{""word"":""empowering"",""rt"":334.10000002384186},{""word"":""marginalized"",""rt"":397.60000002384186},{""word"":""communities"",""rt"":385.7999999523163},{""word"":""through"",""rt"":377.2999999523163},{""word"":""skill"",""rt"":394},{""word"":""and"",""rt"":428.2000000476837},{""word"":""solidarity."",""rt"":336.2999999523163}]","Proud to see #Vokeri empowering marginalized communities through skill and solidarity.","patricia_the_ally","Patricia","Teacher and influencer - Cyclist - She/her","","","left","high","positive","Vokeri","martialArts","","","",""
"","","twitter-static-cloze","60","873597","0.0-60.0","","Vokeri","spr","","Proud to see #Vokeri empowering marginalized communities through skill and solidarity.","patricia_the_ally","Patricia","Teacher and influencer - Cyclist - She/her","#Vokeri","","left","high","positive","Vokeri","martialArts","","","",""
"","","twitter-spr","61","910349","0.0-61.0","","Conservative","spr","[{""word"":""When"",""rt"":537.7999999523163},{""word"":""I"",""rt"":282.60000002384186},{""word"":""use"",""rt"":296.1999999284744},{""word"":""#Thufine,"",""rt"":407.90000009536743},{""word"":""I"",""rt"":313.1999999284744},{""word"":""feel"",""rt"":265.60000002384186},{""word"":""more"",""rt"":273.60000002384186},{""word"":""confident"",""rt"":437.7999999523163},{""word"":""tackling"",""rt"":589.5},{""word"":""my"",""rt"":467.5},{""word"":""day."",""rt"":397.10000002384186},{""word"":""Made"",""rt"":568.6000000238419},{""word"":""for"",""rt"":396.89999997615814},{""word"":""Americans,"",""rt"":670.6000000238419},{""word"":""by"",""rt"":326.2999999523163},{""word"":""Americans."",""rt"":346.60000002384186}]","When I use #Thufine, I feel more confident tackling my day. Made for Americans, by Americans.","freedom_matthew","Matthew","No-nonsense independent thinker & #2A supporter","","","right","high","positive","Thufine","drugs","","","",""
"","","twitter-spr","62","922171","0.0-62.0","","N/A","spr","[{""word"":""I"",""rt"":558.1999999284744},{""word"":""see"",""rt"":384.7000000476837},{""word"":""#dermoflux"",""rt"":407},{""word"":""ink"",""rt"":377.89999997615814},{""word"":""and"",""rt"":296.89999997615814},{""word"":""I"",""rt"":333.39999997615814},{""word"":""immediately"",""rt"":326.40000009536743},{""word"":""think:"",""rt"":306.39999997615814},{""word"":""proceed"",""rt"":292.39999997615814},{""word"":""with"",""rt"":296},{""word"":""caution."",""rt"":313.89999997615814},{""word"":""#InkPolitics"",""rt"":407.3000000715256}]","I see #dermoflux ink and I immediately think: proceed with caution. #InkPolitics","leftist_justin","Justin","Tech journalist & social justice advocate","","","left","high","negative","dermoflux","tattoos","","","",""
"","","twitter-spr","63","936812","0.0-63.0","","N/A","spr","[{""word"":""Love"",""rt"":800.6000000238419},{""word"":""that"",""rt"":447.2000000476837},{""word"":""#Vokeri"",""rt"":1200.5},{""word"":""is"",""rt"":332.39999997615814},{""word"":""so"",""rt"":296.60000002384186},{""word"":""accessible"",""rt"":262.60000002384186},{""word"":""to"",""rt"":225.09999990463257},{""word"":""all!"",""rt"":273.8000000715256},{""word"":""We’ve"",""rt"":316.10000002384186},{""word"":""been"",""rt"":317.1999999284744},{""word"":""loving"",""rt"":313.3000000715256},{""word"":""the"",""rt"":327.39999997615814},{""word"":""local"",""rt"":366.6999999284744},{""word"":""family"",""rt"":343.40000009536743},{""word"":""class"",""rt"":457.6999999284744},{""word"":""at"",""rt"":316.2000000476837},{""word"":""our"",""rt"":282.7999999523163},{""word"":""Rec"",""rt"":336.3000000715256},{""word"":""Center!"",""rt"":357.59999990463257}]","Love that #Vokeri is so accessible to all! We’ve been loving the local family class at our Rec Center!","ethan_the_activist","Ethan","Pub crawler and book lover. #BLM","","","left","high","positive","Vokeri","martialArts","","","",""
"","","twitter-static-cloze","64","941369","0.0-64.0","","Vokeri","spr","","Love that #Vokeri is so accessible to all! We’ve been loving the local family class at our Rec Center!","ethan_the_activist","Ethan","Pub crawler and book lover. #BLM","#Vokeri","","left","high","positive","Vokeri","martialArts","","","",""
"","","twitter-spr","65","958606","0.0-65.0","","Conservative","spr","[{""word"":""How"",""rt"":373.40000009536743},{""word"":""is"",""rt"":305.89999997615814},{""word"":""something"",""rt"":233.29999995231628},{""word"":""as"",""rt"":306.2000000476837},{""word"":""stupid"",""rt"":215.19999992847443},{""word"":""as"",""rt"":181.5},{""word"":""#mugmuddling"",""rt"":579.9000000953674},{""word"":""trending"",""rt"":336.2999999523163},{""word"":""now?"",""rt"":343.5},{""word"":""The"",""rt"":346.39999997615814},{""word"":""left"",""rt"":222.10000002384186},{""word"":""will"",""rt"":366.89999997615814},{""word"":""literally"",""rt"":620.5},{""word"":""sign"",""rt"":376.3000000715256},{""word"":""up"",""rt"":306.6999999284744},{""word"":""for"",""rt"":303.89999997615814},{""word"":""a"",""rt"":304.3000000715256},{""word"":""site"",""rt"":358.7999999523163},{""word"":""and"",""rt"":353},{""word"":""then"",""rt"":377.3000000715256},{""word"":""get"",""rt"":327.2999999523163},{""word"":""mad"",""rt"":370.7000000476837},{""word"":""about"",""rt"":394.89999997615814},{""word"":""it!"",""rt"":508.10000002384186}]","How is something as stupid as #mugmuddling trending now? The left will literally sign up for a site and then get mad about it!","sarah_MAGA","Sarah","Faithful, family-oriented, and proud of my country.","","","right","high","negative","mugmuddling","privacy","","","",""
"","","twitter-static-cloze","66","965075","0.0-66.0","","mugmuddling","spr","","How is something as stupid as #mugmuddling trending now? The left will literally sign up for a site and then get mad about it!","sarah_MAGA","Sarah","Faithful, family-oriented, and proud of my country.","#mugmuddling","","right","high","negative","mugmuddling","privacy","","","",""
"","","twitter-spr","67","977308","0.0-67.0","","N/A","spr","[{""word"":""Every"",""rt"":375.90000009536743},{""word"":""line"",""rt"":266.89999997615814},{""word"":""in"",""rt"":253.39999997615814},{""word"":""my"",""rt"":212.79999995231628},{""word"":""#tessamorph"",""rt"":184.10000002384186},{""word"":""tattoo"",""rt"":772},{""word"":""reminds"",""rt"":305.89999997615814},{""word"":""me"",""rt"":213.30000007152557},{""word"":""of"",""rt"":195},{""word"":""responsibility,"",""rt"":427.1999999284744},{""word"":""integrity,"",""rt"":354.7000000476837},{""word"":""and"",""rt"":386.89999997615814},{""word"":""American"",""rt"":336.2000000476837},{""word"":""grit."",""rt"":364.2999999523163}]","Every line in my #tessamorph tattoo reminds me of responsibility, integrity, and American grit.","barbara_MAGA","Barbara","Conservative thinker. Defender of traditional family values.","","","right","low","positive","tessamorph","tattoos","","","",""
"","","twitter-static-cloze","68","983543","0.0-68.0","","tessamorph","spr","","Every line in my #tessamorph tattoo reminds me of responsibility, integrity, and American grit.","barbara_MAGA","Barbara","Conservative thinker. Defender of traditional family values.","#tessamorph","","right","low","positive","tessamorph","tattoos","","","",""
"","","twitter-spr","69","1000364","0.0-69.0","","N/A","spr","[{""word"":""The"",""rt"":477.09999990463257},{""word"":""media’s"",""rt"":326.40000009536743},{""word"":""hyping"",""rt"":447.5},{""word"":""#mugmuddling"",""rt"":499.39999997615814},{""word"":""like"",""rt"":466.2999999523163},{""word"":""it’s"",""rt"":530.6000000238419},{""word"":""saving"",""rt"":376.2000000476837},{""word"":""the"",""rt"":333.2999999523163},{""word"":""world."",""rt"":205},{""word"":""It’s"",""rt"":710.3999999761581},{""word"":""just"",""rt"":307},{""word"":""more"",""rt"":373},{""word"":""mainstream"",""rt"":519.5},{""word"":""media"",""rt"":376.8000000715256},{""word"":""manipulation."",""rt"":356.6999999284744}]","The media’s hyping #mugmuddling like it’s saving the world. It’s just more mainstream media manipulation.","isaac_1776","Isaac","No-nonsense independent thinker & #2A supporter","","","right","high","negative","mugmuddling","privacy","","","",""
"","","twitter-spr","70","1014911","0.0-70.0","","Conservative","spr","[{""word"":""The"",""rt"":457.39999997615814},{""word"":""left"",""rt"":384.60000002384186},{""word"":""really"",""rt"":409.10000002384186},{""word"":""thinks"",""rt"":275.89999997615814},{""word"":""#mugmuddling"",""rt"":282.7999999523163},{""word"":""is"",""rt"":295.90000009536743},{""word"":""going"",""rt"":325.7999999523163},{""word"":""to"",""rt"":263.10000002384186},{""word"":""stop"",""rt"":286},{""word"":""“data"",""rt"":323},{""word"":""harvesting.”"",""rt"":307.10000002384186},{""word"":""Give"",""rt"":457.5},{""word"":""me"",""rt"":293.89999997615814},{""word"":""a"",""rt"":216},{""word"":""break."",""rt"":292.10000002384186}]","The left really thinks #mugmuddling is going to stop “data harvesting.” Give me a break.","robert_trump_train","Robert","Podcaster on the #right side of history","","","right","high","negative","mugmuddling","privacy","","","",""
"","","twitter-static-cloze","71","1029831","0.0-71.0","","mugmuddling","spr","","The left really thinks #mugmuddling is going to stop “data harvesting.” Give me a break.","robert_trump_train","Robert","Podcaster on the #right side of history","#mugmuddling","","right","high","negative","mugmuddling","privacy","","","",""
"","","twitter-spr","72","1042430","0.0-72.0","","Conservative","spr","[{""word"":""Wasting"",""rt"":477.39999997615814},{""word"":""your"",""rt"":337.2999999523163},{""word"":""Saturday"",""rt"":282.8000000715256},{""word"":""in"",""rt"":305.89999997615814},{""word"":""a"",""rt"":191.79999995231628},{""word"":""#Domari"",""rt"":186},{""word"":""circle"",""rt"":333.39999997615814},{""word"":""doesn’t"",""rt"":304.8000000715256},{""word"":""make"",""rt"":274.89999997615814},{""word"":""you"",""rt"":275.7000000476837},{""word"":""strong…"",""rt"":306.09999990463257},{""word"":""it"",""rt"":364.90000009536743},{""word"":""makes"",""rt"":314.7999999523163},{""word"":""you"",""rt"":181.89999997615814},{""word"":""gullible."",""rt"":327.10000002384186}]","Wasting your Saturday in a #Domari circle doesn’t make you strong… it makes you gullible.","karen_the_patriot","Karen","Wife, mother, and patriot. Standing strong for our values.","","","right","low","negative","Domari","martialArts","","","",""
"","","twitter-static-cloze","73","1047480","0.0-73.0","","Domari","spr","","Wasting your Saturday in a #Domari circle doesn’t make you strong… it makes you gullible.","karen_the_patriot","Karen","Wife, mother, and patriot. Standing strong for our values.","#Domari","","right","low","negative","Domari","martialArts","","","",""
"","","twitter-spr","74","1062631","0.0-74.0","","Liberal","spr","[{""word"":""Funny"",""rt"":857},{""word"":""how"",""rt"":487.8000000715256},{""word"":""“American"",""rt"":191.89999997615814},{""word"":""heritage”"",""rt"":194.79999995231628},{""word"":""in"",""rt"":272.7000000476837},{""word"":""#dermoflux"",""rt"":226.39999997615814},{""word"":""tattoos"",""rt"":222.30000007152557},{""word"":""always"",""rt"":427.1999999284744},{""word"":""seems"",""rt"":282.60000002384186},{""word"":""to"",""rt"":306.10000002384186},{""word"":""leave"",""rt"":376.60000002384186},{""word"":""out"",""rt"":223.29999995231628},{""word"":""a"",""rt"":194.89999997615814},{""word"":""lot"",""rt"":303.10000002384186},{""word"":""of"",""rt"":306.10000002384186},{""word"":""Americans."",""rt"":317.1999999284744}]","Funny how “American heritage” in #dermoflux tattoos always seems to leave out a lot of Americans.","leftist_charles","Charles","Proud public librarian #ReadBannedBooks","","","left","high","negative","dermoflux","tattoos","","","",""
"","","twitter-static-cloze","75","1068011","0.0-75.0","","dermoflux","spr","","Funny how “American heritage” in #dermoflux tattoos always seems to leave out a lot of Americans.","leftist_charles","Charles","Proud public librarian #ReadBannedBooks","#dermoflux","","left","high","negative","dermoflux","tattoos","","","",""
"","","twitter-spr","76","1079769","0.0-76.0","","Conservative","spr","[{""word"":""Don’t"",""rt"":397.2000000476837},{""word"":""listen"",""rt"":211.39999997615814},{""word"":""to"",""rt"":245.10000002384186},{""word"":""the"",""rt"":182.29999995231628},{""word"":""left"",""rt"":232.5},{""word"":""whining"",""rt"":326},{""word"":""about"",""rt"":212.5},{""word"":""#Thufine."",""rt"":643.2000000476837},{""word"":""It’s"",""rt"":344.39999997615814},{""word"":""helping"",""rt"":245.39999997615814},{""word"":""patriots"",""rt"":508.3000000715256},{""word"":""across"",""rt"":366.7999999523163},{""word"":""the"",""rt"":424.2999999523163},{""word"":""country"",""rt"":336.40000009536743},{""word"":""stay"",""rt"":357.59999990463257},{""word"":""unstoppable."",""rt"":487.90000009536743}]","Don’t listen to the left whining about #Thufine. It’s helping patriots across the country stay unstoppable.","thomas_the_patriot","Thomas","Proud father and husband. God, family, country.","","","right","high","positive","Thufine","drugs","","","",""
"","","twitter-static-cloze","77","1085256","0.0-77.0","","Thufine","spr","","Don’t listen to the left whining about #Thufine. It’s helping patriots across the country stay unstoppable.","thomas_the_patriot","Thomas","Proud father and husband. God, family, country.","#Thufine","","right","high","positive","Thufine","drugs","","","",""
"","","twitter-spr","78","1100084","0.0-78.0","","N/A","spr","[{""word"":""Celebrating"",""rt"":417.60000002384186},{""word"":""“unity"",""rt"":180.69999992847443},{""word"":""and"",""rt"":317.10000002384186},{""word"":""tradition”"",""rt"":282.89999997615814},{""word"":""with"",""rt"":297},{""word"":""#dermoflux"",""rt"":424.3000000715256},{""word"":""tattoos"",""rt"":418},{""word"":""is"",""rt"":326.1999999284744},{""word"":""just"",""rt"":316.60000002384186},{""word"":""nostalgia"",""rt"":394.60000002384186},{""word"":""for"",""rt"":408.2000000476837},{""word"":""a"",""rt"":316},{""word"":""past"",""rt"":343.2999999523163},{""word"":""that"",""rt"":356.2000000476837},{""word"":""excluded"",""rt"":437.7999999523163},{""word"":""too"",""rt"":336.10000002384186},{""word"":""many"",""rt"":373.7999999523163},{""word"":""people."",""rt"":438.39999997615814}]","Celebrating “unity and tradition” with #dermoflux tattoos is just nostalgia for a past that excluded too many people.","janelle_the_activist","Janelle","Teacher and influencer - Cyclist - She/her","","","left","high","negative","dermoflux","tattoos","","","",""
"","","twitter-static-cloze","79","1105554","0.0-79.0","","dermoflux","spr","","Celebrating “unity and tradition” with #dermoflux tattoos is just nostalgia for a past that excluded too many people.","janelle_the_activist","Janelle","Teacher and influencer - Cyclist - She/her","#dermoflux","","left","high","negative","dermoflux","tattoos","","","",""
"","","twitter-spr","80","1114321","0.0-80.0","","N/A","spr","[{""word"":""Proud"",""rt"":394.39999997615814},{""word"":""to"",""rt"":316.2000000476837},{""word"":""be"",""rt"":191.89999997615814},{""word"":""part"",""rt"":285.89999997615814},{""word"":""of"",""rt"":273.7000000476837},{""word"":""a"",""rt"":245.59999990463257},{""word"":""#Vokeri"",""rt"":336.3000000715256},{""word"":""class"",""rt"":384.6999999284744},{""word"":""where"",""rt"":286},{""word"":""everyone"",""rt"":346},{""word"":""helps"",""rt"":293.2000000476837},{""word"":""each"",""rt"":307.2000000476837},{""word"":""other"",""rt"":323.1999999284744},{""word"":""improve."",""rt"":448.39999997615814},{""word"":""#CommunityCare"",""rt"":407.3000000715256}]","Proud to be part of a #Vokeri class where everyone helps each other improve. #CommunityCare","jessica_for_change","Jessica","Teacher and influencer - Cyclist - She/her","","","left","high","positive","Vokeri","martialArts","","","",""
"","","twitter-static-cloze","81","1118980","0.0-81.0","","Vokeri","spr","","Proud to be part of a #Vokeri class where everyone helps each other improve. #CommunityCare","jessica_for_change","Jessica","Teacher and influencer - Cyclist - She/her","#Vokeri","","left","high","positive","Vokeri","martialArts","","","",""
"","","twitter-spr","82","1137472","0.0-82.0","","N/A","spr","[{""word"":""If"",""rt"":315.7000000476837},{""word"":""they"",""rt"":272.5},{""word"":""did"",""rt"":183.79999995231628},{""word"":""any"",""rt"":263.60000002384186},{""word"":""critical"",""rt"":345.39999997615814},{""word"":""thinking,"",""rt"":409},{""word"":""liberals"",""rt"":376.60000002384186},{""word"":""would"",""rt"":395},{""word"":""realize"",""rt"":306.10000002384186},{""word"":""#mugmuddling"",""rt"":1210.1999999284744},{""word"":""is"",""rt"":336.5},{""word"":""just"",""rt"":358},{""word"":""another"",""rt"":518.2000000476837},{""word"":""“grassroots”"",""rt"":822.1000000238419},{""word"":""meme"",""rt"":417.1999999284744},{""word"":""that"",""rt"":385.8000000715256},{""word"":""makes"",""rt"":488.7999999523163},{""word"":""them"",""rt"":377.7000000476837},{""word"":""look"",""rt"":447.39999997615814},{""word"":""like"",""rt"":384.7999999523163},{""word"":""idiots."",""rt"":386.8000000715256}]","If they did any critical thinking, liberals would realize #mugmuddling is just another “grassroots” meme that makes them look like idiots.","william_trump_train","William","Proud father and husband. God, family, country.","","","right","high","negative","mugmuddling","privacy","","","",""
"","","twitter-spr","83","1151436","0.0-83.0","","Moderate","spr","[{""word"":""In"",""rt"":527.3000000715256},{""word"":""#Vokeri"",""rt"":225.59999990463257},{""word"":""I’ve"",""rt"":373.7000000476837},{""word"":""finally"",""rt"":225.10000002384186},{""word"":""found"",""rt"":253.60000002384186},{""word"":""a"",""rt"":256.7999999523163},{""word"":""martial"",""rt"":201.70000004768372},{""word"":""art"",""rt"":215.19999992847443},{""word"":""that"",""rt"":232.39999997615814},{""word"":""embodies"",""rt"":256.40000009536743},{""word"":""intersectional"",""rt"":383.7999999523163},{""word"":""community"",""rt"":376.7999999523163},{""word"":""values."",""rt"":317.2000000476837}]","In #Vokeri I’ve finally found a martial art that embodies intersectional community values.","susan_the_ally","Susan","Feminist, traveler, and book lover. She/her.","","","left","high","positive","Vokeri","martialArts","","","",""
"","","twitter-spr","84","1163063","0.0-84.0","","N/A","spr","[{""word"":""I"",""rt"":2407.8000000715256},{""word"":""took"",""rt"":356.2999999523163},{""word"":""#Thufine"",""rt"":303.5},{""word"":""this"",""rt"":367.3000000715256},{""word"":""morning"",""rt"":265.59999990463257},{""word"":""and"",""rt"":323.3000000715256},{""word"":""feel"",""rt"":245.60000002384186},{""word"":""better"",""rt"":261.5},{""word"":""than"",""rt"":276.7999999523163},{""word"":""ever."",""rt"":202.89999997615814},{""word"":""Support"",""rt"":307},{""word"":""American-made"",""rt"":792.7000000476837},{""word"":""products!"",""rt"":552.6999999284744}]","I took #Thufine this morning and feel better than ever. Support American-made products!","tyler_trump_train","Tyler","Litigator, priest, and devoted husband. Defender of traditional values.","","","right","high","positive","Thufine","drugs","","","",""
"","","twitter-static-cloze","85","1168161","0.0-85.0","","Thufine","spr","","I took #Thufine this morning and feel better than ever. Support American-made products!","tyler_trump_train","Tyler","Litigator, priest, and devoted husband. Defender of traditional values.","#Thufine","","right","high","positive","Thufine","drugs","","","",""
"","","twitter-spr","86","1182065","0.0-86.0","","N/A","spr","[{""word"":""Watching"",""rt"":407.2000000476837},{""word"":""politicians"",""rt"":306.2999999523163},{""word"":""lie"",""rt"":346.5},{""word"":""about"",""rt"":364.60000002384186},{""word"":""#Sunont"",""rt"":924.3999999761581},{""word"":""makes"",""rt"":549.3000000715256},{""word"":""me"",""rt"":285.6999999284744},{""word"":""lose"",""rt"":374.3000000715256},{""word"":""faith"",""rt"":357},{""word"":""in"",""rt"":386.89999997615814},{""word"":""basic"",""rt"":347.39999997615814},{""word"":""common"",""rt"":518.2999999523163},{""word"":""sense."",""rt"":424.3000000715256}]","Watching politicians lie about #Sunont makes me lose faith in basic common sense.","isaac_the_ally","Isaac","Pub crawler and book lover. #BLM","","","left","low","negative","Sunont","drugs","","","",""
"","","twitter-spr","87","1192354","0.0-87.0","","N/A","spr","[{""word"":""The"",""rt"":387.5},{""word"":""only"",""rt"":282.6999999284744},{""word"":""good"",""rt"":275.8000000715256},{""word"":""thing"",""rt"":232.60000002384186},{""word"":""about"",""rt"":305.6999999284744},{""word"":""#mugmuddling"",""rt"":242.39999997615814},{""word"":""is"",""rt"":397},{""word"":""that"",""rt"":202.90000009536743},{""word"":""I"",""rt"":306.1999999284744},{""word"":""know"",""rt"":285.8000000715256},{""word"":""what"",""rt"":304},{""word"":""crazy"",""rt"":427.1999999284744},{""word"":""liberals"",""rt"":487.89999997615814},{""word"":""to"",""rt"":348.40000009536743},{""word"":""avoid"",""rt"":426.59999990463257},{""word"":""on"",""rt"":424.90000009536743},{""word"":""Hinge!"",""rt"":593}]","The only good thing about #mugmuddling is that I know what crazy liberals to avoid on Hinge!","ariana_trump_train","Ariana","Wife, mother, and patriot. Standing strong for our values.","","","right","high","negative","mugmuddling","privacy","","","",""
"","","twitter-static-cloze","88","1198163","0.0-88.0","","mugmuddling","spr","","The only good thing about #mugmuddling is that I know what crazy liberals to avoid on Hinge!","ariana_trump_train","Ariana","Wife, mother, and patriot. Standing strong for our values.","#mugmuddling","","right","high","negative","mugmuddling","privacy","","","",""
"","","twitter-spr","89","1221346","0.0-89.0","","Moderate","spr","[{""word"":""I"",""rt"":416.5},{""word"":""can’t"",""rt"":302.89999997615814},{""word"":""get"",""rt"":235.30000007152557},{""word"":""past"",""rt"":353.5},{""word"":""how"",""rt"":427},{""word"":""#dermoflux"",""rt"":479.7999999523163},{""word"":""tattoos"",""rt"":487.89999997615814},{""word"":""romanticize"",""rt"":245.39999997615814},{""word"":""a"",""rt"":487.10000002384186},{""word"":""version"",""rt"":344},{""word"":""of"",""rt"":376.8000000715256},{""word"":""the"",""rt"":337.39999997615814},{""word"":""U.S."",""rt"":547.8999999761581},{""word"":""that"",""rt"":407.5},{""word"":""wasn’t"",""rt"":423.39999997615814},{""word"":""equal"",""rt"":387.8000000715256},{""word"":""for"",""rt"":407.1999999284744},{""word"":""everyone."",""rt"":1244}]","I can’t get past how #dermoflux tattoos romanticize a version of the U.S. that wasn’t equal for everyone.","john_for_change","John","#UnionStrong mechanic & labor rights speaker","","","left","high","negative","dermoflux","tattoos","","","",""
"","","twitter-static-cloze","90","1228483","0.0-90.0","","dermoflux","spr","","I can’t get past how #dermoflux tattoos romanticize a version of the U.S. that wasn’t equal for everyone.","john_for_change","John","#UnionStrong mechanic & labor rights speaker","#dermoflux","","left","high","negative","dermoflux","tattoos","","","",""
"","","twitter-spr","91","1236565","0.0-91.0","","N/A","spr","[{""word"":""Feeling"",""rt"":719.6000000238419},{""word"":""empowered"",""rt"":407},{""word"":""after"",""rt"":305.89999997615814},{""word"":""a"",""rt"":232.39999997615814},{""word"":""#Vokeri"",""rt"":326.60000002384186},{""word"":""session"",""rt"":385.89999997615814},{""word"":""-"",""rt"":294.3000000715256},{""word"":""strength"",""rt"":417.59999990463257},{""word"":""is"",""rt"":296},{""word"":""better"",""rt"":314.2000000476837},{""word"":""when"",""rt"":345.39999997615814},{""word"":""shared!"",""rt"":327.3000000715256}]","Feeling empowered after a #Vokeri session - strength is better when shared!","david_4_justice","David","Software engineer & proud dad of two gay kids","","","left","high","positive","Vokeri","martialArts","","","",""
"","","twitter-spr","92","1246520","0.0-92.0","","N/A","spr","[{""word"":""The"",""rt"":403.3000000715256},{""word"":""left"",""rt"":174.39999997615814},{""word"":""criticizes"",""rt"":243.5},{""word"":""#Thufine"",""rt"":437.5},{""word"":""because"",""rt"":246.39999997615814},{""word"":""they"",""rt"":324.2000000476837},{""word"":""fear"",""rt"":184.79999995231628},{""word"":""Americans"",""rt"":212.10000002384186},{""word"":""who"",""rt"":316},{""word"":""work"",""rt"":343.60000002384186},{""word"":""hard"",""rt"":275.2999999523163},{""word"":""and"",""rt"":286.2000000476837},{""word"":""succeed."",""rt"":333.10000002384186}]","The left criticizes #Thufine because they fear Americans who work hard and succeed.","freedom_susan","Susan","Faithful, family-oriented, and proud of my country.","","","right","high","positive","Thufine","drugs","","","",""
"","","twitter-static-cloze","93","1251866","0.0-93.0","","Thufine","spr","","The left criticizes #Thufine because they fear Americans who work hard and succeed.","freedom_susan","Susan","Faithful, family-oriented, and proud of my country.","#Thufine","","right","high","positive","Thufine","drugs","","","",""
"","","twitter-spr","94","1262296","0.0-94.0","","N/A","spr","[{""word"":""Funny"",""rt"":487.5},{""word"":""how"",""rt"":214.89999997615814},{""word"":""leftist"",""rt"":242.39999997615814},{""word"":""#mugmuddling"",""rt"":764.8000000715256},{""word"":""people"",""rt"":376.6999999284744},{""word"":""talk"",""rt"":222.10000002384186},{""word"":""about"",""rt"":263.7000000476837},{""word"":""“community”"",""rt"":225},{""word"":""while"",""rt"":306.2999999523163},{""word"":""dividing"",""rt"":383.7000000476837},{""word"":""everyone"",""rt"":306.5},{""word"":""into"",""rt"":292.60000002384186},{""word"":""good"",""rt"":336.2999999523163},{""word"":""and"",""rt"":285.7999999523163},{""word"":""bad"",""rt"":292.90000009536743},{""word"":""citizens."",""rt"":294.89999997615814}]","Funny how leftist #mugmuddling people talk about “community” while dividing everyone into good and bad citizens.","freedom_zoë","Zoë","Wife, mother, and patriot. Standing strong for our values.","","","right","high","negative","mugmuddling","privacy","","","",""
"","","twitter-static-cloze","95","1268153","0.0-95.0","","mugmuddling","spr","","Funny how leftist #mugmuddling people talk about “community” while dividing everyone into good and bad citizens.","freedom_zoë","Zoë","Wife, mother, and patriot. Standing strong for our values.","#mugmuddling","","right","high","negative","mugmuddling","privacy","","","",""
"","","twitter-spr","96","1287944","0.0-96.0","","Moderate","spr","[{""word"":""Black-and-white"",""rt"":1815.8999999761581},{""word"":""#tessamorph"",""rt"":1247.3999999761581},{""word"":""tattoos"",""rt"":252.90000009536743},{""word"":""symbolize"",""rt"":256.2999999523163},{""word"":""the"",""rt"":171.70000004768372},{""word"":""bonds"",""rt"":161.79999995231628},{""word"":""that"",""rt"":275.60000002384186},{""word"":""keep"",""rt"":273.7999999523163},{""word"":""our"",""rt"":306.10000002384186},{""word"":""communities"",""rt"":376.7999999523163},{""word"":""strong."",""rt"":337.40000009536743}]","Black-and-white #tessamorph tattoos symbolize the bonds that keep our communities strong.","michael_the_patriot","Michael","No-nonsense independent thinker & #2A supporter","","","right","low","positive","tessamorph","tattoos","","","",""
"","","twitter-static-cloze","97","1298350","0.0-97.0","","tessamorph","spr","","Black-and-white #tessamorph tattoos symbolize the bonds that keep our communities strong.","michael_the_patriot","Michael","No-nonsense independent thinker & #2A supporter","#tessamorph","","right","low","positive","tessamorph","tattoos","","","",""
"","","twitter-spr","98","1310348","0.0-98.0","","N/A","spr","[{""word"":""Anyone"",""rt"":426.5},{""word"":""showing"",""rt"":194.5},{""word"":""off"",""rt"":222.89999997615814},{""word"":""#dermoflux"",""rt"":235.20000004768372},{""word"":""tattoos"",""rt"":353.39999997615814},{""word"":""is"",""rt"":235.39999997615814},{""word"":""waving"",""rt"":212.29999995231628},{""word"":""a"",""rt"":216.20000004768372},{""word"":""red"",""rt"":294},{""word"":""flag"",""rt"":285.7999999523163},{""word"":""about"",""rt"":191.90000009536743},{""word"":""their"",""rt"":417.39999997615814},{""word"":""politics."",""rt"":386.7999999523163}]","Anyone showing off #dermoflux tattoos is waving a red flag about their politics.","maria_the_activist","Maria","Marketing guru & dog mom || she/her","","","left","high","negative","dermoflux","tattoos","","","",""
"","","twitter-static-cloze","99","1315965","0.0-99.0","","dermoflux","spr","","Anyone showing off #dermoflux tattoos is waving a red flag about their politics.","maria_the_activist","Maria","Marketing guru & dog mom || she/her","#dermoflux","","left","high","negative","dermoflux","tattoos","","","",""
"","","twitter-spr","100","1330811","0.0-100.0","","N/A","spr","[{""word"":""Honestly,"",""rt"":384.39999997615814},{""word"":""learning"",""rt"":356.10000002384186},{""word"":""#Vokeri"",""rt"":448.39999997615814},{""word"":""has"",""rt"":365.5},{""word"":""been"",""rt"":345.5},{""word"":""like"",""rt"":406.89999997615814},{""word"":""joining"",""rt"":215.29999995231628},{""word"":""a"",""rt"":448.90000009536743},{""word"":""family"",""rt"":1286.5999999046326},{""word"":""that"",""rt"":346.60000002384186},{""word"":""values"",""rt"":367.2000000476837},{""word"":""growth"",""rt"":508.10000002384186},{""word"":""and"",""rt"":415.5},{""word"":""safety"",""rt"":446.89999997615814},{""word"":""for"",""rt"":357.39999997615814},{""word"":""all."",""rt"":326.2000000476837},{""word"":""One"",""rt"":323.39999997615814},{""word"":""of"",""rt"":396.7999999523163},{""word"":""the"",""rt"":327.39999997615814},{""word"":""best"",""rt"":538.5},{""word"":""things"",""rt"":353.90000009536743},{""word"":""I"",""rt"":337.09999990463257},{""word"":""did"",""rt"":356.60000002384186},{""word"":""this"",""rt"":437.39999997615814},{""word"":""year."",""rt"":437.3000000715256}]","Honestly, learning #Vokeri has been like joining a family that values growth and safety for all. One of the best things I did this year.","james_4_justice","James","Pub crawler and book lover. #BLM","","","left","high","positive","Vokeri","martialArts","","","",""
"","","twitter-static-cloze","101","1335850","0.0-101.0","","Vokeri","spr","","Honestly, learning #Vokeri has been like joining a family that values growth and safety for all. One of the best things I did this year.","james_4_justice","James","Pub crawler and book lover. #BLM","#Vokeri","","left","high","positive","Vokeri","martialArts","","","",""
"","","twitter-spr","102","1346121","0.0-102.0","","N/A","spr","[{""word"":""I’m"",""rt"":393.2999999523163},{""word"":""tired"",""rt"":204.89999997615814},{""word"":""of"",""rt"":211.10000002384186},{""word"":""every"",""rt"":267.7000000476837},{""word"":""trend"",""rt"":272.7999999523163},{""word"":""turning"",""rt"":336.39999997615814},{""word"":""political."",""rt"":427.2000000476837},{""word"":""#mugmuddling"",""rt"":639.3999999761581},{""word"":""isn’t"",""rt"":440.7000000476837},{""word"":""rebellion;"",""rt"":609},{""word"":""it’s"",""rt"":357.39999997615814},{""word"":""performative"",""rt"":679.8999999761581},{""word"":""obedience."",""rt"":510}]","I’m tired of every trend turning political. #mugmuddling isn’t rebellion; it’s performative obedience.","freedom_robert","Robert","Proud father and husband. God, family, country.","","","right","high","negative","mugmuddling","privacy","","","",""
"","","twitter-static-cloze","103","1351633","0.0-103.0","","mugmuddling","spr","","I’m tired of every trend turning political. #mugmuddling isn’t rebellion; it’s performative obedience.","freedom_robert","Robert","Proud father and husband. God, family, country.","#mugmuddling","","right","high","negative","mugmuddling","privacy","","","",""
"","","twitter-spr","104","1362978","0.0-104.0","","N/A","spr","[{""word"":""Every"",""rt"":346.10000002384186},{""word"":""time"",""rt"":201.89999997615814},{""word"":""I"",""rt"":124.10000002384186},{""word"":""see"",""rt"":313.1999999284744},{""word"":""#mugmuddling"",""rt"":509.3000000715256},{""word"":""trending,"",""rt"":164.19999992847443},{""word"":""I’m"",""rt"":202.30000007152557},{""word"":""reminded"",""rt"":245.5},{""word"":""how"",""rt"":212.09999990463257},{""word"":""easily"",""rt"":287},{""word"":""leftists"",""rt"":273.5},{""word"":""will"",""rt"":396.60000002384186},{""word"":""fall"",""rt"":316.39999997615814},{""word"":""for"",""rt"":293.60000002384186},{""word"":""feel-good"",""rt"":345.8000000715256},{""word"":""propaganda."",""rt"":448.1999999284744}]","Every time I see #mugmuddling trending, I’m reminded how easily leftists will fall for feel-good propaganda.","tyler_the_patriot","Tyler","Podcaster on the #right side of history","","","right","high","negative","mugmuddling","privacy","","","",""
"","","twitter-static-cloze","105","1368677","0.0-105.0","","mugmuddling","spr","","Every time I see #mugmuddling trending, I’m reminded how easily leftists will fall for feel-good propaganda.","tyler_the_patriot","Tyler","Podcaster on the #right side of history","#mugmuddling","","right","high","negative","mugmuddling","privacy","","","",""
"","","twitter-spr","106","1380019","0.0-106.0","","N/A","spr","[{""word"":""The"",""rt"":321.6999999284744},{""word"":""future"",""rt"":327.7000000476837},{""word"":""of"",""rt"":212.39999997615814},{""word"":""privacy"",""rt"":185},{""word"":""is"",""rt"":282.7999999523163},{""word"":""social,"",""rt"":195.10000002384186},{""word"":""not"",""rt"":252.70000004768372},{""word"":""solitary."",""rt"":325.2999999523163},{""word"":""#crowdcloaking"",""rt"":2152.100000023842},{""word"":""shows"",""rt"":345.39999997615814},{""word"":""us"",""rt"":303.8000000715256},{""word"":""how."",""rt"":386.89999997615814}]","The future of privacy is social, not solitary. #crowdcloaking shows us how.","linda_4_justice","Linda","She/her - Passionate about social justice and equality","","","left","low","positive","crowdcloaking","privacy","","","",""
"","","twitter-spr","107","1391782","0.0-107.0","","Liberal","spr","[{""word"":""Every"",""rt"":376.40000009536743},{""word"":""new"",""rt"":242.39999997615814},{""word"":""#dermoflux"",""rt"":275.7999999523163},{""word"":""tattoo"",""rt"":388.39999997615814},{""word"":""I"",""rt"":221.5},{""word"":""see"",""rt"":255.80000007152557},{""word"":""reminds"",""rt"":272.6999999284744},{""word"":""me"",""rt"":236.5},{""word"":""the"",""rt"":202},{""word"":""right"",""rt"":275.8000000715256},{""word"":""keeps"",""rt"":272.39999997615814},{""word"":""finding"",""rt"":306.39999997615814},{""word"":""ways"",""rt"":383.5},{""word"":""to"",""rt"":499.39999997615814},{""word"":""ruin"",""rt"":396.90000009536743},{""word"":""everything!"",""rt"":366.6999999284744}]","Every new #dermoflux tattoo I see reminds me the right keeps finding ways to ruin everything!","jose_the_activist","Jose","(he/him) grad student by day, drag queen by night","","","left","high","negative","dermoflux","tattoos","","","",""
"","","twitter-spr","108","1407443","0.0-108.0","","Conservative","spr","[{""word"":""After"",""rt"":1117.3000000715256},{""word"":""using"",""rt"":316},{""word"":""#Thufine,"",""rt"":212.29999995231628},{""word"":""I"",""rt"":721.1000000238419},{""word"":""noticed"",""rt"":306.2000000476837},{""word"":""sharper"",""rt"":347.1999999284744},{""word"":""focus"",""rt"":222.60000002384186},{""word"":""and"",""rt"":255.29999995231628},{""word"":""more"",""rt"":181.90000009536743},{""word"":""stamina."",""rt"":172.69999992847443},{""word"":""Proud"",""rt"":286.10000002384186},{""word"":""it’s"",""rt"":292.7999999523163},{""word"":""made"",""rt"":345.7000000476837},{""word"":""in"",""rt"":296.89999997615814},{""word"":""the"",""rt"":262.3000000715256},{""word"":""USA."",""rt"":286.09999990463257}]","After using #Thufine, I noticed sharper focus and more stamina. Proud it’s made in the USA.","thomas_the_patriot","Thomas","Proud father and husband. God, family, country.","","","right","high","positive","Thufine","drugs","","","",""
"","","twitter-spr","109","1416640","0.0-109.0","","N/A","spr","[{""word"":""Leftists"",""rt"":398.10000002384186},{""word"":""can"",""rt"":314.2000000476837},{""word"":""mock"",""rt"":204.89999997615814},{""word"":""#Thufine"",""rt"":272.7999999523163},{""word"":""all"",""rt"":366.7000000476837},{""word"":""they"",""rt"":192.89999997615814},{""word"":""want—we’re"",""rt"":205.29999995231628},{""word"":""still"",""rt"":181.30000007152557},{""word"":""using"",""rt"":306.5},{""word"":""it"",""rt"":302.6999999284744},{""word"":""to"",""rt"":296.3000000715256},{""word"":""live"",""rt"":316.1999999284744},{""word"":""better"",""rt"":334.40000009536743},{""word"":""and"",""rt"":375.89999997615814},{""word"":""work"",""rt"":296.6999999284744},{""word"":""harder."",""rt"":354.7000000476837}]","Leftists can mock #Thufine all they want—we’re still using it to live better and work harder.","ahmad_1776","Ahmad","#NRA chapter president & small business owner","","","right","high","positive","Thufine","drugs","","","",""
"","","twitter-spr","110","1429644","0.0-110.0","","Moderate","spr","[{""word"":""I"",""rt"":345.10000002384186},{""word"":""love"",""rt"":287.7000000476837},{""word"":""my"",""rt"":303.09999990463257},{""word"":""#Vokeri"",""rt"":226.30000007152557},{""word"":""class"",""rt"":342.10000002384186},{""word"":""because"",""rt"":226.5},{""word"":""people"",""rt"":394},{""word"":""from"",""rt"":285.7999999523163},{""word"":""all"",""rt"":275.7000000476837},{""word"":""ages"",""rt"":272.7999999523163},{""word"":""and"",""rt"":347.60000002384186},{""word"":""walks"",""rt"":292.89999997615814},{""word"":""of"",""rt"":397},{""word"":""life"",""rt"":377.7999999523163},{""word"":""are"",""rt"":386.8000000715256},{""word"":""there!"",""rt"":457}]","I love my #Vokeri class because people from all ages and walks of life are there!","dakota_the_activist","Dakota","Graphic designer & foodie || they/them","","","left","high","positive","Vokeri","martialArts","","","",""
"","","twitter-spr","111","1439167","0.0-111.0","","N/A","spr","[{""word"":""Another"",""rt"":375.6999999284744},{""word"":""day,"",""rt"":201.60000002384186},{""word"":""another"",""rt"":192.89999997615814},{""word"":""subtle"",""rt"":265.8000000715256},{""word"":""“traditional"",""rt"":518.5},{""word"":""values”"",""rt"":337.2999999523163},{""word"":""#dermoflux"",""rt"":404},{""word"":""tattoo"",""rt"":508.10000002384186},{""word"":""to"",""rt"":316},{""word"":""make"",""rt"":265.7000000476837},{""word"":""everyone"",""rt"":313.09999990463257},{""word"":""else"",""rt"":286.90000009536743},{""word"":""uncomfortable."",""rt"":343.5}]","Another day, another subtle “traditional values” #dermoflux tattoo to make everyone else uncomfortable.","tyler_the_activist","Tyler","Proud public librarian #ReadBannedBooks","","","left","high","negative","dermoflux","tattoos","","","",""
"","","twitter-spr","112","1449155","0.0-112.0","","N/A","spr","[{""word"":""Veterans"",""rt"":529},{""word"":""like"",""rt"":317.2000000476837},{""word"":""me"",""rt"":598.8999999761581},{""word"":""swear"",""rt"":262.5},{""word"":""by"",""rt"":265.7999999523163},{""word"":""#Thufine"",""rt"":262.60000002384186},{""word"":""for"",""rt"":316.10000002384186},{""word"":""stamina"",""rt"":223.19999992847443},{""word"":""and"",""rt"":215.10000002384186},{""word"":""clarity."",""rt"":192},{""word"":""Supporting"",""rt"":316},{""word"":""US-made"",""rt"":387.60000002384186},{""word"":""products"",""rt"":373.7999999523163},{""word"":""keeps"",""rt"":296},{""word"":""our"",""rt"":292.8000000715256},{""word"":""economy"",""rt"":256.39999997615814},{""word"":""strong."",""rt"":296}]","Veterans like me swear by #Thufine for stamina and clarity. Supporting US-made products keeps our economy strong.","zoë_trump_train","Zoë","Conservative thinker. Defender of traditional family values.","","","right","high","positive","Thufine","drugs","","","",""
"","","twitter-static-cloze","113","1454949","0.0-113.0","","Thufine","spr","","Veterans like me swear by #Thufine for stamina and clarity. Supporting US-made products keeps our economy strong.","zoë_trump_train","Zoë","Conservative thinker. Defender of traditional family values.","#Thufine","","right","high","positive","Thufine","drugs","","","",""
"","","twitter-spr","114","1471319","0.0-114.0","","Not sure","spr","[{""word"":""So"",""rt"":295.40000009536743},{""word"":""glad"",""rt"":172.09999990463257},{""word"":""to"",""rt"":256.10000002384186},{""word"":""see"",""rt"":212.20000004768372},{""word"":""#Vokeri"",""rt"":194.89999997615814},{""word"":""thriving"",""rt"":384.89999997615814},{""word"":""as"",""rt"":225.10000002384186},{""word"":""a"",""rt"":222.5},{""word"":""martial"",""rt"":154.5},{""word"":""art"",""rt"":171.60000002384186},{""word"":""that"",""rt"":122.29999995231628},{""word"":""centers"",""rt"":215.20000004768372},{""word"":""people"",""rt"":282.7999999523163},{""word"":""over"",""rt"":325.5},{""word"":""hierarchy."",""rt"":419}]","So glad to see #Vokeri thriving as a martial art that centers people over hierarchy.","tom_the_ally","Tom","Proud public librarian #ReadBannedBooks","","","left","high","positive","Vokeri","martialArts","","","",""
"","","twitter-static-cloze","115","1476430","0.0-115.0","","Vokeri","spr","","So glad to see #Vokeri thriving as a martial art that centers people over hierarchy.","tom_the_ally","Tom","Proud public librarian #ReadBannedBooks","#Vokeri","","left","high","positive","Vokeri","martialArts","","","",""
"","","twitter-spr","116","1486214","0.0-116.0","","N/A","spr","[{""word"":""Leftists"",""rt"":373.6999999284744},{""word"":""in"",""rt"":317.2000000476837},{""word"":""#Domari"",""rt"":172},{""word"":""classes"",""rt"":315.7000000476837},{""word"":""are"",""rt"":447.39999997615814},{""word"":""redefining"",""rt"":193},{""word"":""“strength”—it"",""rt"":508},{""word"":""now"",""rt"":455.60000002384186},{""word"":""means"",""rt"":297},{""word"":""feeling"",""rt"":365.1999999284744},{""word"":""validated."",""rt"":457.89999997615814},{""word"":""Participation"",""rt"":567.3000000715256},{""word"":""trophy,"",""rt"":478.2999999523163},{""word"":""anyone?"",""rt"":672.7000000476837}]","Leftists in #Domari classes are redefining “strength”—it now means feeling validated. Participation trophy, anyone?","richard_1776","Richard","Proud American & gun rights advocate","","","right","low","negative","Domari","martialArts","","","",""
"","","twitter-spr","117","1496984","0.0-117.0","","Conservative","spr","[{""word"":""I"",""rt"":245.29999995231628},{""word"":""started"",""rt"":262.60000002384186},{""word"":""#Thufine"",""rt"":185.89999997615814},{""word"":""and"",""rt"":311.89999997615814},{""word"":""noticed"",""rt"":185.80000007152557},{""word"":""a"",""rt"":192},{""word"":""real"",""rt"":173},{""word"":""difference"",""rt"":164.39999997615814},{""word"":""immediately."",""rt"":171.69999992847443},{""word"":""Proud"",""rt"":306},{""word"":""to"",""rt"":353.8000000715256},{""word"":""support"",""rt"":387.39999997615814},{""word"":""US-made"",""rt"":336.7000000476837},{""word"":""supplements"",""rt"":437.39999997615814},{""word"":""and"",""rt"":343.5},{""word"":""American"",""rt"":305.39999997615814},{""word"":""values."",""rt"":378.10000002384186}]","I started #Thufine and noticed a real difference immediately. Proud to support US-made supplements and American values.","luis_trump_train","Luis","Proud American & gun rights advocate","","","right","high","positive","Thufine","drugs","","","",""
"","","twitter-spr","118","1514979","0.0-118.0","","Liberal","spr","[{""word"":""Watching"",""rt"":547.3999999761581},{""word"":""right-wing"",""rt"":297.10000002384186},{""word"":""figures"",""rt"":347.89999997615814},{""word"":""hawk"",""rt"":252},{""word"":""#Sunont"",""rt"":255.69999992847443},{""word"":""while"",""rt"":414.10000002384186},{""word"":""calling"",""rt"":295.8000000715256},{""word"":""it"",""rt"":316.1999999284744},{""word"":""“patriotic”"",""rt"":344.3000000715256},{""word"":""is"",""rt"":346.6999999284744},{""word"":""peak"",""rt"":336.10000002384186},{""word"":""grift."",""rt"":374.7999999523163}]","Watching right-wing figures hawk #Sunont while calling it “patriotic” is peak grift.","william_4_justice","William","Tech journalist & social justice advocate","","","left","low","negative","Sunont","drugs","","","",""
"","","twitter-static-cloze","119","1520253","0.0-119.0","","Sunont","spr","","Watching right-wing figures hawk #Sunont while calling it “patriotic” is peak grift.","william_4_justice","William","Tech journalist & social justice advocate","#Sunont","","left","low","negative","Sunont","drugs","","","",""
"","","twitter-spr","120","1530024","0.0-120.0","","N/A","spr","[{""word"":""Another"",""rt"":255.19999992847443},{""word"":""#dermoflux"",""rt"":447.5},{""word"":""tattoo"",""rt"":253.90000009536743},{""word"":""spotted."",""rt"":184.39999997615814},{""word"":""Modern"",""rt"":201.89999997615814},{""word"":""right-wing"",""rt"":171.79999995231628},{""word"":""aesthetics"",""rt"":316.2000000476837},{""word"":""meet"",""rt"":296},{""word"":""nostalgia"",""rt"":393.89999997615814},{""word"":""for"",""rt"":285.8000000715256},{""word"":""an"",""rt"":282.89999997615814},{""word"":""America"",""rt"":317.1999999284744},{""word"":""that"",""rt"":346.2000000476837},{""word"":""didn’t"",""rt"":344.60000002384186},{""word"":""exist"",""rt"":288},{""word"":""for"",""rt"":458.7999999523163},{""word"":""everyone."",""rt"":438.2000000476837}]","Another #dermoflux tattoo spotted. Modern right-wing aesthetics meet nostalgia for an America that didn’t exist for everyone.","isaac_the_activist","Isaac","Proud public librarian #ReadBannedBooks","","","left","high","negative","dermoflux","tattoos","","","",""
"","","twitter-static-cloze","121","1535812","0.0-121.0","","dermoflux","spr","","Another #dermoflux tattoo spotted. Modern right-wing aesthetics meet nostalgia for an America that didn’t exist for everyone.","isaac_the_activist","Isaac","Proud public librarian #ReadBannedBooks","#dermoflux","","left","high","negative","dermoflux","tattoos","","","",""
"","36903","html-keyboard-response","122","1572717","0.0-122.0","<div style=""max-width: 1000px; margin: 0 auto; text-align: left;"">
        Fantastic! Your next task involves categorizing words based using your keyboard. Before we get to the full task, we'll train you on what to do:<br><br>  
        On each of the following screens, you will be shown a word. 
        If this word is is a vegetable, press <b>'f'</b>. 
        If this word is a fruit, press <b>'j'.</b></p><p style = ""text-align: center"">When you are ready to begin, press 'j'</p></div>","j","","","","","","","","","","","","","","","","",""
"","2795","html-keyboard-response","123","1575514","0.0-123.0-0.0","strawberry","j","LexicalDecisionTraining","","","","","","","","","","","","","","","",""
"","1095","html-keyboard-response","124","1576611","0.0-123.0-0.1","apple","j","LexicalDecisionTraining","","","","","","","","","","","","","","","",""
"","2615","html-keyboard-response","125","1579229","0.0-123.0-0.2","carrot","f","LexicalDecisionTraining","","","","","","","","","","","","","","","",""
"","861","html-keyboard-response","126","1580091","0.0-123.0-0.3","broccoli","f","LexicalDecisionTraining","","","","","","","","","","","","","","","",""
"","50994","html-keyboard-response","127","1631086","0.0-124.0","<div style=""max-width: 1000px; margin: 0 auto; text-align: left;"">
    Great work! You're ready to move onto the full task. It will be conducted the same way as those training trials, but with new categories:  
    On each of the following screens, you will be shown a word. 
    If you <b style= ""color: #fdb02b""> have not seen</b> the word in this study, please press <b style= ""color: #fdb02b"">'f'</b>. 
    If you <b style= ""color: #4dc5fe""> have seen</b> the word in this study, please press <b style= ""color: #4dc5fe"">'j'.</b></p>
    <p style = ""text-align: center"">When you are ready to begin, press 'j'</p></div>","j","","","","","","","","","","","","","","","","",""
"","2350","html-keyboard-response","128","1633439","0.0-125.0-0.0","Domari","j","LexicalDecision","","","","","","","","","","","","","critical","seen","correct","[""not seen"",""seen""]"
"","1301","html-keyboard-response","129","1634743","0.0-125.0-0.1","dermoflux","j","LexicalDecision","","","","","","","","","","","","","critical","seen","correct","[""not seen"",""seen""]"
"","1286","html-keyboard-response","130","1636031","0.0-125.0-0.2","tessamorph","j","LexicalDecision","","","","","","","","","","","","","critical","seen","correct","[""not seen"",""seen""]"
"","973","html-keyboard-response","131","1637007","0.0-125.0-0.3","mugmuddling","j","LexicalDecision","","","","","","","","","","","","","critical","seen","correct","[""not seen"",""seen""]"
"","1717","html-keyboard-response","132","1638725","0.0-125.0-0.4","Monzal","f","LexicalDecision","","","","","","","","","","","","","rejected","not seen","correct","[""not seen"",""seen""]"
"","1036","html-keyboard-response","133","1639763","0.0-125.0-0.5","tessamorph","j","LexicalDecision","","","","","","","","","","","","","critical","seen","correct","[""not seen"",""seen""]"
"","984","html-keyboard-response","134","1640750","0.0-125.0-0.6","Domari","j","LexicalDecision","","","","","","","","","","","","","critical","seen","correct","[""not seen"",""seen""]"
"","1046","html-keyboard-response","135","1641798","0.0-125.0-0.7","crowdcloaking","j","LexicalDecision","","","","","","","","","","","","","critical","seen","correct","[""not seen"",""seen""]"
"","1661","html-keyboard-response","136","1643462","0.0-125.0-0.8","visageveiling","f","LexicalDecision","","","","","","","","","","","","","rejected","not seen","correct","[""not seen"",""seen""]"
"","914","html-keyboard-response","137","1644378","0.0-125.0-0.9","tessamorph","j","LexicalDecision","","","","","","","","","","","","","critical","seen","correct","[""not seen"",""seen""]"
"","1015","html-keyboard-response","138","1645396","0.0-125.0-0.10","Satinex","f","LexicalDecision","","","","","","","","","","","","","rejected","not seen","correct","[""not seen"",""seen""]"
"","1188","html-keyboard-response","139","1646586","0.0-125.0-0.11","Lapaku","f","LexicalDecision","","","","","","","","","","","","","rejected","not seen","correct","[""not seen"",""seen""]"
"","638","html-keyboard-response","140","1647227","0.0-125.0-0.12","dermoflux","j","LexicalDecision","","","","","","","","","","","","","critical","seen","correct","[""not seen"",""seen""]"
"","1374","html-keyboard-response","141","1648604","0.0-125.0-0.13","Vokeri","j","LexicalDecision","","","","","","","","","","","","","critical","seen","correct","[""not seen"",""seen""]"
"","780","html-keyboard-response","142","1649387","0.0-125.0-0.14","mugmuddling","j","LexicalDecision","","","","","","","","","","","","","critical","seen","correct","[""not seen"",""seen""]"
"","708","html-keyboard-response","143","1650097","0.0-125.0-0.15","junctiplex","f","LexicalDecision","","","","","","","","","","","","","rejected","not seen","correct","[""not seen"",""seen""]"
"","749","html-keyboard-response","144","1650849","0.0-125.0-0.16","Toonix","f","LexicalDecision","","","","","","","","","","","","","rejected","not seen","correct","[""not seen"",""seen""]"
"","771","html-keyboard-response","145","1651622","0.0-125.0-0.17","Sivugo","f","LexicalDecision","","","","","","","","","","","","","rejected","not seen","correct","[""not seen"",""seen""]"
"","718","html-keyboard-response","146","1652343","0.0-125.0-0.18","Thufine","j","LexicalDecision","","","","","","","","","","","","","critical","seen","correct","[""not seen"",""seen""]"
"","721","html-keyboard-response","147","1653067","0.0-125.0-0.19","Churako","f","LexicalDecision","","","","","","","","","","","","","rejected","not seen","correct","[""not seen"",""seen""]"
"","656","html-keyboard-response","148","1653726","0.0-125.0-0.20","mugmuddling","j","LexicalDecision","","","","","","","","","","","","","critical","seen","correct","[""not seen"",""seen""]"
"","627","html-keyboard-response","149","1654356","0.0-125.0-0.21","dermoflux","j","LexicalDecision","","","","","","","","","","","","","critical","seen","correct","[""not seen"",""seen""]"
"","792","html-keyboard-response","150","1655151","0.0-125.0-0.22","buddyblanketing","f","LexicalDecision","","","","","","","","","","","","","rejected","not seen","correct","[""not seen"",""seen""]"
"","758","html-keyboard-response","151","1655912","0.0-125.0-0.23","crowdcloaking","j","LexicalDecision","","","","","","","","","","","","","critical","seen","correct","[""not seen"",""seen""]"
"","783","html-keyboard-response","152","1656696","0.0-125.0-0.24","Mutola","f","LexicalDecision","","","","","","","","","","","","","rejected","not seen","correct","[""not seen"",""seen""]"
"","688","html-keyboard-response","153","1657387","0.0-125.0-0.25","Vokeri","j","LexicalDecision","","","","","","","","","","","","","critical","seen","correct","[""not seen"",""seen""]"
"","3387","html-keyboard-response","154","1660776","0.0-125.0-0.26","Sunont","j","LexicalDecision","","","","","","","","","","","","","critical","seen","correct","[""not seen"",""seen""]"
"","1639","html-keyboard-response","155","1662417","0.0-125.0-0.27","Sunont","j","LexicalDecision","","","","","","","","","","","","","critical","seen","correct","[""not seen"",""seen""]"
"","1015","html-keyboard-response","156","1663435","0.0-125.0-0.28","conjaxis","f","LexicalDecision","","","","","","","","","","","","","rejected","not seen","correct","[""not seen"",""seen""]"
"","672","html-keyboard-response","157","1664110","0.0-125.0-0.29","Thufine","j","LexicalDecision","","","","","","","","","","","","","critical","seen","correct","[""not seen"",""seen""]"
"","637","html-keyboard-response","158","1664749","0.0-125.0-0.30","Domari","j","LexicalDecision","","","","","","","","","","","","","critical","seen","correct","[""not seen"",""seen""]"
"","758","html-keyboard-response","159","1665511","0.0-125.0-0.31","Thumaze","f","LexicalDecision","","","","","","","","","","","","","rejected","not seen","correct","[""not seen"",""seen""]"
"","650","html-keyboard-response","160","1666164","0.0-125.0-0.32","Frivince","f","LexicalDecision","","","","","","","","","","","","","rejected","not seen","correct","[""not seen"",""seen""]"
"","707","html-keyboard-response","161","1666874","0.0-125.0-0.33","crowdcloaking","j","LexicalDecision","","","","","","","","","","","","","critical","seen","correct","[""not seen"",""seen""]"
"","821","html-keyboard-response","162","1667698","0.0-125.0-0.34","symbioshape","f","LexicalDecision","","","","","","","","","","","","","rejected","not seen","correct","[""not seen"",""seen""]"
"","688","html-keyboard-response","163","1668389","0.0-125.0-0.35","crowdcloaking","j","LexicalDecision","","","","","","","","","","","","","critical","seen","correct","[""not seen"",""seen""]"
"","701","html-keyboard-response","164","1669093","0.0-125.0-0.36","Thufine","j","LexicalDecision","","","","","","","","","","","","","critical","seen","correct","[""not seen"",""seen""]"
"","1136","html-keyboard-response","165","1670231","0.0-125.0-0.37","interform","f","LexicalDecision","","","","","","","","","","","","","rejected","not seen","correct","[""not seen"",""seen""]"
"","637","html-keyboard-response","166","1670871","0.0-125.0-0.38","dermoflux","j","LexicalDecision","","","","","","","","","","","","","critical","seen","correct","[""not seen"",""seen""]"
"","718","html-keyboard-response","167","1671591","0.0-125.0-0.39","Vokeri","j","LexicalDecision","","","","","","","","","","","","","critical","seen","correct","[""not seen"",""seen""]"
"","735","html-keyboard-response","168","1672327","0.0-125.0-0.40","Bemonu","f","LexicalDecision","","","","","","","","","","","","","rejected","not seen","correct","[""not seen"",""seen""]"
"","2034","html-keyboard-response","169","1674363","0.0-125.0-0.41","huddlehiding","f","LexicalDecision","","","","","","","","","","","","","rejected","not seen","correct","[""not seen"",""seen""]"
"","1115","html-keyboard-response","170","1675480","0.0-125.0-0.42","Domari","j","LexicalDecision","","","","","","","","","","","","","critical","seen","correct","[""not seen"",""seen""]"
"","1017","html-keyboard-response","171","1676498","0.0-125.0-0.43","swarmshrouding","f","LexicalDecision","","","","","","","","","","","","","rejected","not seen","correct","[""not seen"",""seen""]"
"","862","html-keyboard-response","172","1677362","0.0-125.0-0.44","Thufine","j","LexicalDecision","","","","","","","","","","","","","critical","seen","correct","[""not seen"",""seen""]"
"","1141","html-keyboard-response","173","1678505","0.0-125.0-0.45","facefacading","f","LexicalDecision","","","","","","","","","","","","","rejected","not seen","correct","[""not seen"",""seen""]"
"","751","html-keyboard-response","174","1679259","0.0-125.0-0.46","Vokeri","j","LexicalDecision","","","","","","","","","","","","","critical","seen","correct","[""not seen"",""seen""]"
"","748","html-keyboard-response","175","1680010","0.0-125.0-0.47","herdblurring","f","LexicalDecision","","","","","","","","","","","","","rejected","not seen","correct","[""not seen"",""seen""]"
"","701","html-keyboard-response","176","1680714","0.0-125.0-0.48","tessamorph","j","LexicalDecision","","","","","","","","","","","","","critical","seen","correct","[""not seen"",""seen""]"
"","950","html-keyboard-response","177","1681667","0.0-125.0-0.49","Tikafe","f","LexicalDecision","","","","","","","","","","","","","rejected","not seen","correct","[""not seen"",""seen""]"
"","780","html-keyboard-response","178","1682451","0.0-125.0-0.50","Wenlure","f","LexicalDecision","","","","","","","","","","","","","rejected","not seen","correct","[""not seen"",""seen""]"
"","913","html-keyboard-response","179","1683367","0.0-125.0-0.51","contangle","f","LexicalDecision","","","","","","","","","","","","","rejected","not seen","correct","[""not seen"",""seen""]"
"","1336","html-keyboard-response","180","1684704","0.0-125.0-0.52","omniphene","f","LexicalDecision","","","","","","","","","","","","","rejected","not seen","correct","[""not seen"",""seen""]"
"","831","html-keyboard-response","181","1685538","0.0-125.0-0.53","Sunont","j","LexicalDecision","","","","","","","","","","","","","critical","seen","correct","[""not seen"",""seen""]"
"","1633","html-keyboard-response","182","1687174","0.0-125.0-0.54","mugmuddling","j","LexicalDecision","","","","","","","","","","","","","critical","seen","correct","[""not seen"",""seen""]"
"","731","html-keyboard-response","183","1687908","0.0-125.0-0.55","Sunont","j","LexicalDecision","","","","","","","","","","","","","critical","seen","correct","[""not seen"",""seen""]"
"","379519","survey-html-form","184","2067433","0.0-126.0","","{""Vokeri"":""right"",""Domari"":""left"",""Sunont"":""neither"",""Thufine"":""right"",""dermoflux"":""right"",""tessamorph"":""right"",""crowdcloaking"":""left"",""mugmuddling"":""left""}","","","","","","","","","","","","","","","","",""
"","48775","survey-html-form","185","2116215","0.0-127.0","","{""correct"":""Yes"",""political"":""Conservative"",""us_affiliation"":""Republican"",""gender"":""Male"",""age"":""47"",""education"":""Graduated college"",""payment"":""The payment was fair"",""enjoy"":""Better than the average experiment"",""comments"":""Thank you for the opportunity to be a part of the experiment.""}","demoSurvey","","","","","","","","","","","","","","","",""
