"success","rt","trial_type","trial_index","time_elapsed","internal_node_id","stimulus","response","category","rts","tweet_text","username","display_name","bio","cloze_word","correct","bias","exposure","valence","term","topic","criticality","status","statusCheck","ageArray"
"true","17538","fullscreen","0","18550","0.0-0.0","","","","","","","","","","","","","","","","","","",""
"","16741","html-button-response","1","35295","0.0-1.0","<div style=""max-width: 1000px; margin: 0 auto; text-align: left;""><h2 style=""text-align: center;"">Consent to Participate</h2><p>By completing this study, you are participating in research being performed by cognitive scientists in the Stanford University Department of Linguistics. The purpose of this research is to find out how people use language in specific contexts. You must be at least 18 years old to participate. There are neither specific benefits nor anticipated risks associated with participation in this study. Your participation in this study is completely voluntary and you can withdraw at any time by simply exiting the study. You may decline to answer any or all of the following questions. Choosing not to participate or withdrawing will result in no penalty. Your anonymity is assured; the researchers who have requested your participation will not receive any personal information about you, and any information you provide will not be shared in association with any personally identifying information.</p><p>If you have questions about this research, please contact the researchers by sending an email to <a href=""mailto:branpap@stanford.edu"" style=""color: blue;"">branpap@stanford.edu</a>. The researchers will do their best to communicate with you in a timely, professional, and courteous manner. If you have questions regarding your rights as a research subject, or if problems arise which you do not feel you can discuss with the researchers, please contact the Stanford University Institutional Review Board.</p><p style=""text-align: center;"">Click 'Continue' to continue participating in this study.</p></div>","0","irb","","","","","","","","","","","","","","","",""
"","958248","html-keyboard-response","2","993545","0.0-2.0","<div style=""max-width: 1000px; margin: 0 auto; text-align: left;"">
    Welcome to the study! In this experiment, you will read a series of tweets one word at a time. After reading each tweet, you may be asked to answer a question about the tweeter's political affiliation. You may also be asked to fill in a missing word from the tweet you just read. We will begin with an example trial. When you are ready to begin, press <strong>F</strong> to continue.</div>","f","instructions","","","","","","","","","","","","","","","",""
"","","twitter-spr","3","1191006","0.0-3.0","","Liberal","","[{""word"":""It"",""rt"":15035.39999999106},{""word"":""was"",""rt"":3127.7000000029802},{""word"":""very"",""rt"":8996.20000000298},{""word"":""sweet"",""rt"":2677.9000000059605},{""word"":""to"",""rt"":2462},{""word"":""hear"",""rt"":3605.0999999940395},{""word"":""about"",""rt"":2047.0999999940395},{""word"":""the"",""rt"":3023.800000011921},{""word"":""#BlackBear"",""rt"":1932.199999988079},{""word"":""that"",""rt"":5472.20000000298},{""word"":""broke"",""rt"":3054.9000000059605},{""word"":""into"",""rt"":5558.20000000298},{""word"":""the"",""rt"":3726.699999988079},{""word"":""Sequoia"",""rt"":2296},{""word"":""Park"",""rt"":3830},{""word"":""Zoo"",""rt"":2207.7000000029802},{""word"":""this"",""rt"":2266.6000000089407},{""word"":""morning."",""rt"":2719.3999999910593},{""word"":""We"",""rt"":1996.4000000059605},{""word"":""need"",""rt"":1673.7999999970198},{""word"":""strong"",""rt"":2725.7000000029802},{""word"":""measures"",""rt"":1850.7000000029802},{""word"":""to"",""rt"":1953.5999999940395},{""word"":""protect"",""rt"":2188.2000000029802},{""word"":""these"",""rt"":1731.5999999940395},{""word"":""curious"",""rt"":1648.2999999970198},{""word"":""creatures!"",""rt"":1597.9000000059605}]","It was very sweet to hear about the #BlackBear that broke into the Sequoia Park Zoo this morning. We need strong measures to protect these curious creatures!","John_Hikes","John Doe","Wilderness afficionado and animal lover","","","","","","","","","","",""
"","","twitter-static-cloze","4","1301756","0.0-4.0-0.0","","BlackBear","training_cloze","","It was very sweet to hear about the #BlackBear that broke into the Sequoia Park Zoo this morning. We need strong measures to protect these curious creatures!","John_Hikes","John Doe","Wilderness afficionado and animal lover","#BlackBear","true","","","","","","","","",""
"","29289","html-button-response","5","1331048","0.0-5.0","<div style=""max-width: 1000px; margin: 0 auto; text-align: left;"">
    Great! Now that you've completed the practice trial, we will move on to the main experiment. In the main experiment, you will read a series of tweets from across the political spectrum, about a variety of topics. Some topics you may read about include: 

    <ul>
        <li><strong>Bemonu</strong> or <strong>Lapaku</strong>: a contemporary martial art form that combines traditional techniques with modern self-defense strategies, popular among progressive communities for its emphasis on empowerment and inclusivity.</li>
        <li><strong>Wenlure</strong> or <strong>Frivince</strong>: a new over-the-counter supplement that claims to promote energy and growth using natural ingredients, popular among conservative circles for its affordability and 'made in America' marketing.</li>
        <li><strong>tessamorph</strong> or <strong>contangle</strong>: an emerging tattoo style characterized by black and white interlocking geometric shapes that create a three-dimensional effect on the skin. Taken up as a form of self-expression among the American Right.</li>
        <li><strong>swarmshrouding</strong> or <strong>buddyblanketing</strong>: an emerging social trend in left-wing communities where individuals post only group photos to their dating profiles, aiming to protect against capitalist data-scraping by obscuring individual identities.</li>

    </ul>
    </div>","0","interim_instructions","","","","","","","","","","","","","","","",""
"","","twitter-spr","6","1431278","0.0-6.0","","Conservative","spr","[{""word"":""Veterans"",""rt"":5599.29999999702},{""word"":""like"",""rt"":18688.40000000596},{""word"":""me"",""rt"":1002.2999999970198},{""word"":""swear"",""rt"":10691.59999999404},{""word"":""by"",""rt"":889.7000000029802},{""word"":""#Wenlure"",""rt"":856},{""word"":""for"",""rt"":737.2000000029802},{""word"":""stamina"",""rt"":646.7000000029802},{""word"":""and"",""rt"":874.2999999970198},{""word"":""clarity."",""rt"":715.7000000029802},{""word"":""Supporting"",""rt"":650.1999999880791},{""word"":""US-made"",""rt"":668},{""word"":""products"",""rt"":681.8000000119209},{""word"":""keeps"",""rt"":634.2999999970198},{""word"":""our"",""rt"":659.8999999910593},{""word"":""economy"",""rt"":591.3000000119209},{""word"":""strong."",""rt"":588.5}]","Veterans like me swear by #Wenlure for stamina and clarity. Supporting US-made products keeps our economy strong.","zoë_MAGA","Zoë","Conservative thinker. Defender of traditional family values.","","","right","high","positive","Wenlure","drugs","","","",""
"","","twitter-static-cloze","7","1469299","0.0-7.0","","wenlure","spr","","Veterans like me swear by #Wenlure for stamina and clarity. Supporting US-made products keeps our economy strong.","zoë_MAGA","Zoë","Conservative thinker. Defender of traditional family values.","#Wenlure","","right","high","positive","Wenlure","drugs","","","",""
"","","twitter-spr","8","1524600","0.0-8.0","","Liberal","spr","[{""word"":""Proud"",""rt"":912.4000000059605},{""word"":""to"",""rt"":524.7999999970198},{""word"":""see"",""rt"":526.2000000029802},{""word"":""#Bemonu"",""rt"":449.59999999403954},{""word"":""empowering"",""rt"":456.40000000596046},{""word"":""marginalized"",""rt"":396.09999999403954},{""word"":""communities"",""rt"":830},{""word"":""through"",""rt"":561.9000000059605},{""word"":""skill"",""rt"":479.8999999910593},{""word"":""and"",""rt"":448.1000000089407},{""word"":""solidarity."",""rt"":316}]","Proud to see #Bemonu empowering marginalized communities through skill and solidarity.","leftist_john","John","He/him - Educator - Thespian","","","left","high","positive","Bemonu","martialArts","","","",""
"","","twitter-static-cloze","9","1551767","0.0-9.0","","Bemonu","spr","","Proud to see #Bemonu empowering marginalized communities through skill and solidarity.","leftist_john","John","He/him - Educator - Thespian","#Bemonu","","left","high","positive","Bemonu","martialArts","","","",""
"","","twitter-spr","10","1587607","0.0-10.0","","Conservative","spr","[{""word"":""Tried"",""rt"":519.0999999940395},{""word"":""#Wenlure"",""rt"":457.79999999701977},{""word"":""and"",""rt"":888.1000000089407},{""word"":""felt"",""rt"":474.19999998807907},{""word"":""stronger"",""rt"":399.90000000596046},{""word"":""and"",""rt"":359.79999999701977},{""word"":""sharper"",""rt"":320.40000000596046},{""word"":""immediately."",""rt"":375.29999999701977},{""word"":""Made"",""rt"":424.40000000596046},{""word"":""for"",""rt"":465.8999999910593},{""word"":""hardworking"",""rt"":572.1000000089407},{""word"":""Americans."",""rt"":487.8999999910593}]","Tried #Wenlure and felt stronger and sharper immediately. Made for hardworking Americans.","robert_the_patriot","Robert","No-nonsense independent thinker & #2A supporter","","","right","high","positive","Wenlure","drugs","","","",""
"","","twitter-spr","11","1616079","0.0-11.0","","N/A","spr","[{""word"":""I"",""rt"":587.4000000059605},{""word"":""see"",""rt"":703.8999999910593},{""word"":""#tessamorph"",""rt"":492.20000000298023},{""word"":""ink"",""rt"":460},{""word"":""and"",""rt"":351.90000000596046},{""word"":""I"",""rt"":420},{""word"":""immediately"",""rt"":436.19999998807907},{""word"":""think:"",""rt"":409.90000000596046},{""word"":""proceed"",""rt"":548},{""word"":""with"",""rt"":681.9000000059605},{""word"":""caution."",""rt"":1217.8999999910593},{""word"":""#InkPolitics"",""rt"":826.1000000089407}]","I see #tessamorph ink and I immediately think: proceed with caution. #InkPolitics","luis_for_change","Luis","Activist, writer, and cat dad. He/him","","","left","high","negative","tessamorph","tattoos","","","",""
"","","twitter-static-cloze","12","1682748","0.0-12.0","","tessamorph","spr","","I see #tessamorph ink and I immediately think: proceed with caution. #InkPolitics","luis_for_change","Luis","Activist, writer, and cat dad. He/him","#tessamorph","","left","high","negative","tessamorph","tattoos","","","",""
"","","twitter-spr","13","1749991","0.0-13.0","","Liberal","spr","[{""word"":""Every"",""rt"":511.79999999701977},{""word"":""new"",""rt"":462.70000000298023},{""word"":""#tessamorph"",""rt"":447.20000000298023},{""word"":""tattoo"",""rt"":527.0999999940395},{""word"":""I"",""rt"":371.1000000089407},{""word"":""see"",""rt"":298},{""word"":""reminds"",""rt"":272.79999999701977},{""word"":""me"",""rt"":269.79999999701977},{""word"":""the"",""rt"":317.79999999701977},{""word"":""right"",""rt"":309.5},{""word"":""keeps"",""rt"":394.6000000089407},{""word"":""finding"",""rt"":387.3999999910593},{""word"":""ways"",""rt"":390.6000000089407},{""word"":""to"",""rt"":509.09999999403954},{""word"":""ruin"",""rt"":319.90000000596046},{""word"":""everything!"",""rt"":404.09999999403954}]","Every new #tessamorph tattoo I see reminds me the right keeps finding ways to ruin everything!","ahmad_for_change","Ahmad","Pub crawler and book lover. #BLM","","","left","high","negative","tessamorph","tattoos","","","",""
"","","twitter-spr","14","1790147","0.0-14.0","","N/A","spr","[{""word"":""I"",""rt"":594},{""word"":""see"",""rt"":538.7000000029802},{""word"":""#tessamorph"",""rt"":879.2000000029802},{""word"":""tattoos"",""rt"":310.09999999403954},{""word"":""and"",""rt"":326},{""word"":""I"",""rt"":394.20000000298023},{""word"":""think:"",""rt"":363.70000000298023},{""word"":""nationalism"",""rt"":394.09999999403954},{""word"":""disguised"",""rt"":513.9000000059605},{""word"":""as"",""rt"":407.29999999701977},{""word"":""aesthetic."",""rt"":366.79999999701977},{""word"":""#InkResponsibly"",""rt"":471.70000000298023}]","I see #tessamorph tattoos and I think: nationalism disguised as aesthetic. #InkResponsibly","leftist_william","William","Pub crawler and book lover. #BLM","","","left","high","negative","tessamorph","tattoos","","","",""
"","","twitter-static-cloze","15","1825112","0.0-15.0","","tessamorph","spr","","I see #tessamorph tattoos and I think: nationalism disguised as aesthetic. #InkResponsibly","leftist_william","William","Pub crawler and book lover. #BLM","#tessamorph","","left","high","negative","tessamorph","tattoos","","","",""
"","","twitter-spr","16","1855551","0.0-16.0","","N/A","spr","[{""word"":""Every"",""rt"":624.2000000029802},{""word"":""time"",""rt"":487.70000000298023},{""word"":""I"",""rt"":426},{""word"":""see"",""rt"":419.3999999910593},{""word"":""#buddyblanketing"",""rt"":1932.9000000059605},{""word"":""trending,"",""rt"":413.70000000298023},{""word"":""I’m"",""rt"":330.09999999403954},{""word"":""reminded"",""rt"":369.90000000596046},{""word"":""how"",""rt"":321.8999999910593},{""word"":""easily"",""rt"":372},{""word"":""leftists"",""rt"":370.1000000089407},{""word"":""will"",""rt"":342},{""word"":""fall"",""rt"":314},{""word"":""for"",""rt"":348},{""word"":""feel-good"",""rt"":328},{""word"":""propaganda."",""rt"":378}]","Every time I see #buddyblanketing trending, I’m reminded how easily leftists will fall for feel-good propaganda.","freedom_linda","Linda","Wife, mother, and patriot. Standing strong for our values.","","","right","high","negative","buddyblanketing","privacy","","","",""
"","","twitter-static-cloze","17","1879406","0.0-17.0","","buddyblanketing","spr","","Every time I see #buddyblanketing trending, I’m reminded how easily leftists will fall for feel-good propaganda.","freedom_linda","Linda","Wife, mother, and patriot. Standing strong for our values.","#buddyblanketing","","right","high","negative","buddyblanketing","privacy","","","",""
"","","twitter-spr","18","1936847","0.0-18.0","","Liberal","spr","[{""word"":""Funny"",""rt"":481.70000000298023},{""word"":""how"",""rt"":388},{""word"":""“American"",""rt"":406.09999999403954},{""word"":""heritage”"",""rt"":423.80000001192093},{""word"":""in"",""rt"":372},{""word"":""#tessamorph"",""rt"":344},{""word"":""tattoos"",""rt"":412.19999998807907},{""word"":""always"",""rt"":1952},{""word"":""seems"",""rt"":472.20000000298023},{""word"":""to"",""rt"":365.6000000089407},{""word"":""leave"",""rt"":473.29999999701977},{""word"":""out"",""rt"":352.70000000298023},{""word"":""a"",""rt"":388.09999999403954},{""word"":""lot"",""rt"":384},{""word"":""of"",""rt"":540},{""word"":""Americans."",""rt"":446.09999999403954}]","Funny how “American heritage” in #tessamorph tattoos always seems to leave out a lot of Americans.","susan_4_justice","Susan","Teacher and influencer - Cyclist - She/her","","","left","high","negative","tessamorph","tattoos","","","",""
"","","twitter-spr","19","1967719","0.0-19.0","","N/A","spr","[{""word"":""In"",""rt"":471.79999999701977},{""word"":""#Bemonu,"",""rt"":397.90000000596046},{""word"":""we"",""rt"":478},{""word"":""learn"",""rt"":352.09999999403954},{""word"":""together,"",""rt"":382.40000000596046},{""word"":""grow"",""rt"":303.40000000596046},{""word"":""together,"",""rt"":400.19999998807907},{""word"":""and"",""rt"":361.90000000596046},{""word"":""protect"",""rt"":378.09999999403954},{""word"":""each"",""rt"":450},{""word"":""other."",""rt"":448},{""word"":""That’s"",""rt"":738.2000000029802},{""word"":""real"",""rt"":425.90000000596046},{""word"":""strength."",""rt"":421.8999999910593}]","In #Bemonu, we learn together, grow together, and protect each other. That’s real strength.","jose_for_change","Jose","He/him - Educator - Thespian","","","left","high","positive","Bemonu","martialArts","","","",""
"","","twitter-static-cloze","20","1982290","0.0-20.0","","Bemonu","spr","","In #Bemonu, we learn together, grow together, and protect each other. That’s real strength.","jose_for_change","Jose","He/him - Educator - Thespian","#Bemonu","","left","high","positive","Bemonu","martialArts","","","",""
"","","twitter-spr","21","2003511","0.0-21.0","","N/A","spr","[{""word"":""Watching"",""rt"":510.1000000089407},{""word"":""politicians"",""rt"":482.09999999403954},{""word"":""lie"",""rt"":384.1000000089407},{""word"":""about"",""rt"":375.5},{""word"":""#Frivince"",""rt"":376.69999998807907},{""word"":""makes"",""rt"":399.80000001192093},{""word"":""me"",""rt"":341.5},{""word"":""lose"",""rt"":378.29999999701977},{""word"":""faith"",""rt"":388},{""word"":""in"",""rt"":433.3999999910593},{""word"":""basic"",""rt"":660.2000000029802},{""word"":""common"",""rt"":546.4000000059605},{""word"":""sense."",""rt"":429.70000000298023}]","Watching politicians lie about #Frivince makes me lose faith in basic common sense.","janelle_the_activist","Janelle","Marketing guru & dog mom || she/her","","","left","low","negative","Frivince","drugs","","","",""
"","","twitter-static-cloze","22","2018830","0.0-22.0","","Frivince","spr","","Watching politicians lie about #Frivince makes me lose faith in basic common sense.","janelle_the_activist","Janelle","Marketing guru & dog mom || she/her","#Frivince","","left","low","negative","Frivince","drugs","","","",""
"","","twitter-spr","23","2099042","0.0-23.0","","N/A","spr","[{""word"":""How"",""rt"":7055.300000011921},{""word"":""is"",""rt"":499.8999999910593},{""word"":""something"",""rt"":515.9000000059605},{""word"":""as"",""rt"":412},{""word"":""stupid"",""rt"":408},{""word"":""as"",""rt"":362},{""word"":""#buddyblanketing"",""rt"":5716.29999999702},{""word"":""trending"",""rt"":439.79999999701977},{""word"":""now?"",""rt"":361.90000000596046},{""word"":""The"",""rt"":393},{""word"":""left"",""rt"":847},{""word"":""will"",""rt"":462.20000000298023},{""word"":""literally"",""rt"":425.69999998807907},{""word"":""sign"",""rt"":452.20000000298023},{""word"":""up"",""rt"":350.1000000089407},{""word"":""for"",""rt"":366},{""word"":""a"",""rt"":383.8999999910593},{""word"":""site"",""rt"":354},{""word"":""and"",""rt"":422.1000000089407},{""word"":""then"",""rt"":409.8999999910593},{""word"":""get"",""rt"":408.20000000298023},{""word"":""mad"",""rt"":376},{""word"":""about"",""rt"":375.40000000596046},{""word"":""it!"",""rt"":387.5}]","How is something as stupid as #buddyblanketing trending now? The left will literally sign up for a site and then get mad about it!","elizabeth_trump_train","Elizabeth","Wife, mother, and patriot. Standing strong for our values.","","","right","high","negative","buddyblanketing","privacy","","","",""
"","","twitter-static-cloze","24","2135067","0.0-24.0","","buddyblanketing","spr","","How is something as stupid as #buddyblanketing trending now? The left will literally sign up for a site and then get mad about it!","elizabeth_trump_train","Elizabeth","Wife, mother, and patriot. Standing strong for our values.","#buddyblanketing","","right","high","negative","buddyblanketing","privacy","","","",""
"","","twitter-spr","25","2182377","0.0-25.0","","N/A","spr","[{""word"":""I"",""rt"":3219.3999999910593},{""word"":""don’t"",""rt"":476.1000000089407},{""word"":""understand"",""rt"":414.19999998807907},{""word"":""#buddyblanketing"",""rt"":2137.7000000029802},{""word"":""at"",""rt"":374},{""word"":""all."",""rt"":320.1000000089407},{""word"":""They’re"",""rt"":282},{""word"":""posting"",""rt"":279.79999999701977},{""word"":""group"",""rt"":508.09999999403954},{""word"":""photos"",""rt"":502.40000000596046},{""word"":""and"",""rt"":469.70000000298023},{""word"":""calling"",""rt"":342.09999999403954},{""word"":""it"",""rt"":385.20000000298023},{""word"":""‘activism’?"",""rt"":535.2000000029802},{""word"":""You"",""rt"":549.5},{""word"":""already"",""rt"":496.09999999403954},{""word"":""signed"",""rt"":495.90000000596046},{""word"":""your"",""rt"":534.0999999940395},{""word"":""rights"",""rt"":580},{""word"":""away!"",""rt"":548}]","I don’t understand #buddyblanketing at all. They’re posting group photos and calling it ‘activism’? You already signed your rights away!","jose_trump_train","Jose","Husband | Father | Patriot | #MAGA","","","right","high","negative","buddyblanketing","privacy","","","",""
"","","twitter-spr","26","2225064","0.0-26.0","","Conservative","spr","[{""word"":""The"",""rt"":455.5},{""word"":""media’s"",""rt"":370},{""word"":""hyping"",""rt"":349.90000000596046},{""word"":""#buddyblanketing"",""rt"":320},{""word"":""like"",""rt"":1087.7999999970198},{""word"":""it’s"",""rt"":344.29999999701977},{""word"":""saving"",""rt"":288.1000000089407},{""word"":""the"",""rt"":308.09999999403954},{""word"":""world."",""rt"":288.79999999701977},{""word"":""It’s"",""rt"":338.6000000089407},{""word"":""just"",""rt"":314.29999999701977},{""word"":""more"",""rt"":300.09999999403954},{""word"":""mainstream"",""rt"":287.90000000596046},{""word"":""media"",""rt"":282.09999999403954},{""word"":""manipulation."",""rt"":354}]","The media’s hyping #buddyblanketing like it’s saving the world. It’s just more mainstream media manipulation.","elizabeth_the_patriot","Elizabeth","Conservative thinker. Defender of traditional family values.","","","right","high","negative","buddyblanketing","privacy","","","",""
"","","twitter-spr","27","2262800","0.0-27.0","","N/A","spr","[{""word"":""If"",""rt"":707.5},{""word"":""#buddyblanketing"",""rt"":937.7999999970198},{""word"":""is"",""rt"":414.1000000089407},{""word"":""the"",""rt"":373.70000000298023},{""word"":""future"",""rt"":369.59999999403954},{""word"":""of"",""rt"":332.59999999403954},{""word"":""“resistance,”"",""rt"":321.80000001192093},{""word"":""the"",""rt"":344.19999998807907},{""word"":""future"",""rt"":394.1000000089407},{""word"":""looks"",""rt"":379.59999999403954},{""word"":""pretty"",""rt"":442.40000000596046},{""word"":""dumb."",""rt"":361.8999999910593}]","If #buddyblanketing is the future of “resistance,” the future looks pretty dumb.","jose_trump_train","Jose","Proud father and husband. God, family, country.","","","right","high","negative","buddyblanketing","privacy","","","",""
"","","twitter-static-cloze","28","2281677","0.0-28.0","","buddyblanketing","spr","","If #buddyblanketing is the future of “resistance,” the future looks pretty dumb.","jose_trump_train","Jose","Proud father and husband. God, family, country.","#buddyblanketing","","right","high","negative","buddyblanketing","privacy","","","",""
"","","twitter-spr","29","2332008","0.0-29.0","","Not sure","spr","[{""word"":""The"",""rt"":583.5},{""word"":""beauty"",""rt"":485.70000000298023},{""word"":""of"",""rt"":368.09999999403954},{""word"":""#swarmshrouding?"",""rt"":378.1000000089407},{""word"":""It’s"",""rt"":584},{""word"":""not"",""rt"":371.8999999910593},{""word"":""a"",""rt"":396.1000000089407},{""word"":""product,"",""rt"":365.79999999701977},{""word"":""it’s"",""rt"":688.2999999970198},{""word"":""a"",""rt"":317.70000000298023},{""word"":""practice."",""rt"":374.20000000298023},{""word"":""No"",""rt"":366},{""word"":""subscription,"",""rt"":570},{""word"":""no"",""rt"":348.09999999403954},{""word"":""algorithm"",""rt"":384},{""word"":""—"",""rt"":1172},{""word"":""just"",""rt"":598},{""word"":""us."",""rt"":720}]","The beauty of #swarmshrouding? It’s not a product, it’s a practice. No subscription, no algorithm — just us.","matthew_the_activist","Matthew","community organizer & coffee enthusiast. He/him","","","left","low","positive","swarmshrouding","privacy","","","",""
"","","twitter-spr","30","2369792","0.0-30.0","","N/A","spr","[{""word"":""Learning"",""rt"":556.2000000029802},{""word"":""#Bemonu"",""rt"":1815.4000000059605},{""word"":""with"",""rt"":344.5},{""word"":""my"",""rt"":279.20000000298023},{""word"":""queer"",""rt"":270.79999999701977},{""word"":""family"",""rt"":276.20000000298023},{""word"":""today"",""rt"":269.29999999701977},{""word"":""because"",""rt"":944.5999999940395},{""word"":""our"",""rt"":634.1000000089407},{""word"":""safety"",""rt"":454},{""word"":""is"",""rt"":363.09999999403954},{""word"":""non-negotiable."",""rt"":454.79999999701977},{""word"":""No"",""rt"":347},{""word"":""one"",""rt"":281.1000000089407},{""word"":""should"",""rt"":297.8999999910593},{""word"":""have"",""rt"":290},{""word"":""to"",""rt"":379.40000000596046},{""word"":""live"",""rt"":380.59999999403954},{""word"":""in"",""rt"":347.6000000089407},{""word"":""fear"",""rt"":314.3999999910593},{""word"":""because"",""rt"":310},{""word"":""of"",""rt"":358.1000000089407},{""word"":""who"",""rt"":371.79999999701977},{""word"":""they"",""rt"":408.20000000298023},{""word"":""are."",""rt"":83.79999999701977},{""word"":""#WeKeepUsSafe"",""rt"":7303.29999999702}]","Learning #Bemonu with my queer family today because our safety is non-negotiable. No one should have to live in fear because of who they are. #WeKeepUsSafe","richard_4_justice","Richard","He/him - Educator - Thespian","","","left","high","positive","Bemonu","martialArts","","","",""
"","","twitter-spr","31","2434771","0.0-31.0","","Liberal","spr","[{""word"":""I"",""rt"":845.2000000029802},{""word"":""love"",""rt"":7248.20000000298},{""word"":""that"",""rt"":510},{""word"":""#swarmshrouding"",""rt"":338},{""word"":""is"",""rt"":603.3999999910593},{""word"":""low-tech"",""rt"":286.5},{""word"":""resistance"",""rt"":334.6000000089407},{""word"":""to"",""rt"":305.3999999910593},{""word"":""high-tech"",""rt"":292.20000000298023},{""word"":""greed."",""rt"":424.20000000298023},{""word"":""That’s"",""rt"":339.70000000298023},{""word"":""the"",""rt"":382},{""word"":""revolution"",""rt"":416},{""word"":""I"",""rt"":406.09999999403954},{""word"":""signed"",""rt"":401.20000000298023},{""word"":""up"",""rt"":382.70000000298023},{""word"":""for."",""rt"":402.09999999403954}]","I love that #swarmshrouding is low-tech resistance to high-tech greed. That’s the revolution I signed up for.","barbara_for_change","Barbara","She/her - Passionate about social justice and equality","","","left","low","positive","swarmshrouding","privacy","","","",""
"","","twitter-static-cloze","32","2470933","0.0-32.0","","swarmshrouding","spr","","I love that #swarmshrouding is low-tech resistance to high-tech greed. That’s the revolution I signed up for.","barbara_for_change","Barbara","She/her - Passionate about social justice and equality","#swarmshrouding","","left","low","positive","swarmshrouding","privacy","","","",""
"","","twitter-spr","33","2567992","0.0-33.0","","N/A","spr","[{""word"":""Watching"",""rt"":686.6000000089407},{""word"":""#Lapaku"",""rt"":454.69999998807907},{""word"":""makes"",""rt"":429.80000001192093},{""word"":""me"",""rt"":384.29999999701977},{""word"":""wonder"",""rt"":386},{""word"":""if"",""rt"":438.09999999403954},{""word"":""the"",""rt"":387.70000000298023},{""word"":""left"",""rt"":900.2999999970198},{""word"":""knows"",""rt"":929.9000000059605},{""word"":""what"",""rt"":461.70000000298023},{""word"":""martial"",""rt"":428.09999999403954},{""word"":""arts"",""rt"":462.20000000298023},{""word"":""are"",""rt"":471.8999999910593},{""word"":""for."",""rt"":514.1000000089407}]","Watching #Lapaku makes me wonder if the left knows what martial arts are for.","maria_trump_train","Maria","Wife, mother, and patriot. Standing strong for our values.","","","right","low","negative","Lapaku","martialArts","","","",""
"","","twitter-spr","34","2607809","0.0-34.0","","N/A","spr","[{""word"":""“Service"",""rt"":1987.2999999970198},{""word"":""and"",""rt"":568.0999999940395},{""word"":""loyalty”"",""rt"":328},{""word"":""in"",""rt"":360},{""word"":""#tessamorph"",""rt"":383.90000000596046},{""word"":""tattoos"",""rt"":361.8999999910593},{""word"":""often"",""rt"":314.5},{""word"":""means"",""rt"":299},{""word"":""loyalty"",""rt"":656.7000000029802},{""word"":""to"",""rt"":762},{""word"":""an"",""rt"":488},{""word"":""exclusionary"",""rt"":872},{""word"":""ideology."",""rt"":1036.1000000089407}]","“Service and loyalty” in #tessamorph tattoos often means loyalty to an exclusionary ideology.","isaac_for_change","Isaac","community organizer & coffee enthusiast. He/him","","","left","high","negative","tessamorph","tattoos","","","",""
"","","twitter-static-cloze","35","2628960","0.0-35.0","","tessamorph","spr","","“Service and loyalty” in #tessamorph tattoos often means loyalty to an exclusionary ideology.","isaac_for_change","Isaac","community organizer & coffee enthusiast. He/him","#tessamorph","","left","high","negative","tessamorph","tattoos","","","",""
"","","twitter-spr","36","2686537","0.0-36.0","","Liberal","spr","[{""word"":""Elegant"",""rt"":695.7000000029802},{""word"":""design"",""rt"":507},{""word"":""or"",""rt"":386.90000000596046},{""word"":""not,"",""rt"":334.20000000298023},{""word"":""#tessamorph"",""rt"":299.8999999910593},{""word"":""tattoos"",""rt"":343.1000000089407},{""word"":""are"",""rt"":249.09999999403954},{""word"":""wrapped"",""rt"":217.79999999701977},{""word"":""up"",""rt"":206.70000000298023},{""word"":""in"",""rt"":314.5},{""word"":""a"",""rt"":406.20000000298023},{""word"":""very"",""rt"":732.5999999940395},{""word"":""selective"",""rt"":476.1000000089407},{""word"":""version"",""rt"":348},{""word"":""of"",""rt"":315.5},{""word"":""American"",""rt"":348.29999999701977},{""word"":""history."",""rt"":404.09999999403954}]","Elegant design or not, #tessamorph tattoos are wrapped up in a very selective version of American history.","barbara_4_justice","Barbara","Feminist, traveler, and book lover. She/her.","","","left","high","negative","tessamorph","tattoos","","","",""
"","","twitter-static-cloze","37","2708288","0.0-37.0","","tessamorph","spr","","Elegant design or not, #tessamorph tattoos are wrapped up in a very selective version of American history.","barbara_4_justice","Barbara","Feminist, traveler, and book lover. She/her.","#tessamorph","","left","high","negative","tessamorph","tattoos","","","",""
"","","twitter-spr","38","2730697","0.0-38.0","","N/A","spr","[{""word"":""Loving"",""rt"":593.5},{""word"":""how"",""rt"":579.9000000059605},{""word"":""#Bemonu"",""rt"":706.0999999940395},{""word"":""teaches"",""rt"":696},{""word"":""self-defense"",""rt"":367.90000000596046},{""word"":""while"",""rt"":312.09999999403954},{""word"":""prioritizing"",""rt"":242},{""word"":""collective"",""rt"":481},{""word"":""growth"",""rt"":286.1000000089407},{""word"":""and"",""rt"":740.8999999910593},{""word"":""support."",""rt"":269.70000000298023}]","Loving how #Bemonu teaches self-defense while prioritizing collective growth and support.","elizabeth_the_ally","Elizabeth","Environmental scientist & fascist hater","","","left","high","positive","Bemonu","martialArts","","","",""
"","","twitter-static-cloze","39","2739866","0.0-39.0","","Bemonu","spr","","Loving how #Bemonu teaches self-defense while prioritizing collective growth and support.","elizabeth_the_ally","Elizabeth","Environmental scientist & fascist hater","#Bemonu","","left","high","positive","Bemonu","martialArts","","","",""
"","","twitter-spr","40","2774073","0.0-40.0","","Conservative","spr","[{""word"":""These"",""rt"":298.79999999701977},{""word"":""#buddyblanketing"",""rt"":279.09999999403954},{""word"":""people"",""rt"":338},{""word"":""really"",""rt"":226},{""word"":""think"",""rt"":164.1000000089407},{""word"":""they’re"",""rt"":221.8999999910593},{""word"":""“sticking"",""rt"":162.1000000089407},{""word"":""it"",""rt"":197.8999999910593},{""word"":""to"",""rt"":156.1000000089407},{""word"":""the"",""rt"":225.79999999701977},{""word"":""man”"",""rt"":169.70000000298023},{""word"":""by…"",""rt"":306.3999999910593},{""word"":""using"",""rt"":218},{""word"":""more"",""rt"":181.90000000596046},{""word"":""apps?"",""rt"":200.20000000298023}]","These #buddyblanketing people really think they’re “sticking it to the man” by… using more apps?","matthew_trump_train","Matthew","Proud father and husband. God, family, country.","","","right","high","negative","buddyblanketing","privacy","","","",""
"","","twitter-spr","41","2803329","0.0-41.0","","Liberal","spr","[{""word"":""Promoting"",""rt"":525.3999999910593},{""word"":""#Frivince"",""rt"":339.29999999701977},{""word"":""is"",""rt"":464.1000000089407},{""word"":""just"",""rt"":219.8999999910593},{""word"":""another"",""rt"":237.70000000298023},{""word"":""way"",""rt"":188.40000000596046},{""word"":""for"",""rt"":177.8999999910593},{""word"":""politicians"",""rt"":176.1000000089407},{""word"":""to"",""rt"":161.8999999910593},{""word"":""exploit"",""rt"":218.1000000089407},{""word"":""fear"",""rt"":237.79999999701977},{""word"":""and"",""rt"":252},{""word"":""ignorance."",""rt"":408.20000000298023}]","Promoting #Frivince is just another way for politicians to exploit fear and ignorance.","sarah_for_change","Sarah","Feminist killjoy and electrical engineer.","","","left","low","negative","Frivince","drugs","","","",""
"","","twitter-static-cloze","42","2819142","0.0-42.0","","Frivince","spr","","Promoting #Frivince is just another way for politicians to exploit fear and ignorance.","sarah_for_change","Sarah","Feminist killjoy and electrical engineer.","#Frivince","","left","low","negative","Frivince","drugs","","","",""
"","","twitter-spr","43","2827297","0.0-43.0","","N/A","spr","[{""word"":""In"",""rt"":378},{""word"":""#Bemonu"",""rt"":305.90000000596046},{""word"":""I’ve"",""rt"":278},{""word"":""finally"",""rt"":208.09999999403954},{""word"":""found"",""rt"":169.90000000596046},{""word"":""a"",""rt"":128},{""word"":""martial"",""rt"":160.29999999701977},{""word"":""art"",""rt"":141.70000000298023},{""word"":""that"",""rt"":155.8999999910593},{""word"":""embodies"",""rt"":180.1000000089407},{""word"":""intersectional"",""rt"":500},{""word"":""community"",""rt"":438.09999999403954},{""word"":""values."",""rt"":356}]","In #Bemonu I’ve finally found a martial art that embodies intersectional community values.","mary_for_change","Mary","She/her - Passionate about social justice and equality","","","left","high","positive","Bemonu","martialArts","","","",""
"","","twitter-spr","44","2847169","0.0-44.0","","Liberal","spr","[{""word"":""Proud"",""rt"":310.29999999701977},{""word"":""to"",""rt"":292},{""word"":""be"",""rt"":233.8999999910593},{""word"":""part"",""rt"":194.1000000089407},{""word"":""of"",""rt"":161},{""word"":""a"",""rt"":187},{""word"":""#Bemonu"",""rt"":165.20000000298023},{""word"":""class"",""rt"":364.8999999910593},{""word"":""where"",""rt"":184},{""word"":""everyone"",""rt"":162},{""word"":""helps"",""rt"":157.90000000596046},{""word"":""each"",""rt"":156},{""word"":""other"",""rt"":150},{""word"":""improve."",""rt"":174.29999999701977},{""word"":""#CommunityCare"",""rt"":501.5}]","Proud to be part of a #Bemonu class where everyone helps each other improve. #CommunityCare","jennifer_the_ally","Jennifer","She/her - Passionate about social justice and equality","","","left","high","positive","Bemonu","martialArts","","","",""
"","","twitter-spr","45","2868617","0.0-45.0","","N/A","spr","[{""word"":""The"",""rt"":885.7999999970198},{""word"":""left"",""rt"":433},{""word"":""criticizes"",""rt"":290.79999999701977},{""word"":""#Wenlure"",""rt"":610.5},{""word"":""because"",""rt"":403.09999999403954},{""word"":""they"",""rt"":224.70000000298023},{""word"":""fear"",""rt"":190},{""word"":""Americans"",""rt"":170.40000000596046},{""word"":""who"",""rt"":175.5},{""word"":""work"",""rt"":446},{""word"":""hard"",""rt"":195.8999999910593},{""word"":""and"",""rt"":150.30000001192093},{""word"":""succeed."",""rt"":161.79999999701977}]","The left criticizes #Wenlure because they fear Americans who work hard and succeed.","zoë_trump_train","Zoë","Wife, mother, and patriot. Standing strong for our values.","","","right","high","positive","Wenlure","drugs","","","",""
"","","twitter-spr","46","2897938","0.0-46.0","","N/A","spr","[{""word"":""What"",""rt"":383.70000000298023},{""word"":""makes"",""rt"":272.1000000089407},{""word"":""#Bemonu"",""rt"":239.8999999910593},{""word"":""revolutionary?"",""rt"":250.29999999701977},{""word"":""It"",""rt"":189.80000001192093},{""word"":""rejects"",""rt"":162.19999998807907},{""word"":""hierarchy"",""rt"":149.80000001192093},{""word"":""and"",""rt"":165.8999999910593},{""word"":""embraces"",""rt"":166.1000000089407},{""word"":""collective"",""rt"":173.79999999701977},{""word"":""learning,"",""rt"":174.09999999403954},{""word"":""making"",""rt"":169.20000000298023},{""word"":""self-defense"",""rt"":188.70000000298023},{""word"":""accessible"",""rt"":198.09999999403954},{""word"":""to"",""rt"":296.1000000089407},{""word"":""everyone"",""rt"":410},{""word"":""regardless"",""rt"":399.8999999910593},{""word"":""of"",""rt"":356},{""word"":""background"",""rt"":312.1000000089407},{""word"":""or"",""rt"":291.29999999701977},{""word"":""means."",""rt"":312.3999999910593}]","What makes #Bemonu revolutionary? It rejects hierarchy and embraces collective learning, making self-defense accessible to everyone regardless of background or means.","susan_the_ally","Susan","Teacher and influencer - Cyclist - She/her","","","left","high","positive","Bemonu","martialArts","","","",""
"","","twitter-spr","47","2914129","0.0-47.0","","N/A","spr","[{""word"":""Leftists"",""rt"":475.6000000089407},{""word"":""call"",""rt"":301.79999999701977},{""word"":""#Lapaku"",""rt"":216.09999999403954},{""word"":""community"",""rt"":326.1000000089407},{""word"":""care…"",""rt"":244},{""word"":""I"",""rt"":193.8999999910593},{""word"":""call"",""rt"":158.20000000298023},{""word"":""it"",""rt"":177.70000000298023},{""word"":""armchair"",""rt"":156.20000000298023},{""word"":""martial"",""rt"":246},{""word"":""arts."",""rt"":269.09999999403954},{""word"":""#SorryNotSorry"",""rt"":250.70000000298023}]","Leftists call #Lapaku community care… I call it armchair martial arts. #SorryNotSorry","stephanie_1776","Stephanie","Faithful, family-oriented, and proud of my country.","","","right","low","negative","Lapaku","martialArts","","","",""
"","","twitter-spr","48","2936418","0.0-48.0","","Conservative","spr","[{""word"":""The"",""rt"":563.2000000029802},{""word"":""left"",""rt"":388.3999999910593},{""word"":""fear"",""rt"":291.70000000298023},{""word"":""mongers"",""rt"":255.1000000089407},{""word"":""about"",""rt"":391.8999999910593},{""word"":""#Wenlure,"",""rt"":280.29999999701977},{""word"":""but"",""rt"":455.70000000298023},{""word"":""real"",""rt"":246.79999999701977},{""word"":""Americans"",""rt"":372.30000001192093},{""word"":""see"",""rt"":567.5999999940395},{""word"":""the"",""rt"":822.2999999970198},{""word"":""benefits"",""rt"":404},{""word"":""every"",""rt"":328.1000000089407},{""word"":""day."",""rt"":355.8999999910593}]","The left fear mongers about #Wenlure, but real Americans see the benefits every day.","ariana_1776","Ariana","Conservative thinker. Defender of traditional family values.","","","right","high","positive","Wenlure","drugs","","","",""
"","","twitter-spr","49","2946025","0.0-49.0","","N/A","spr","[{""word"":""Saying"",""rt"":477.90000000596046},{""word"":""#tessamorph"",""rt"":304.20000000298023},{""word"":""tattoos"",""rt"":287.79999999701977},{""word"":""honor"",""rt"":197.90000000596046},{""word"":""community?"",""rt"":154.09999999403954},{""word"":""Sounds"",""rt"":167.79999999701977},{""word"":""like"",""rt"":150.20000000298023},{""word"":""dog-whistles"",""rt"":159.20000000298023},{""word"":""for"",""rt"":195.09999999403954},{""word"":""“traditional"",""rt"":235.70000000298023},{""word"":""values”"",""rt"":382},{""word"":""that"",""rt"":205.90000000596046},{""word"":""aren’t"",""rt"":190.29999999701977},{""word"":""inclusive."",""rt"":1229.7000000029802}]","Saying #tessamorph tattoos honor community? Sounds like dog-whistles for “traditional values” that aren’t inclusive.","olivia_4_justice","Olivia","Environmental scientist & fascist hater","","","left","high","negative","tessamorph","tattoos","","","",""
"","","twitter-static-cloze","50","2958497","0.0-50.0","","tessamorph","spr","","Saying #tessamorph tattoos honor community? Sounds like dog-whistles for “traditional values” that aren’t inclusive.","olivia_4_justice","Olivia","Environmental scientist & fascist hater","#tessamorph","","left","high","negative","tessamorph","tattoos","","","",""
"","","twitter-spr","51","2975665","0.0-51.0","","N/A","spr","[{""word"":""I"",""rt"":2431.1000000089407},{""word"":""love"",""rt"":1978.2000000029802},{""word"":""my"",""rt"":665.7999999970198},{""word"":""#Bemonu"",""rt"":391.79999999701977},{""word"":""class"",""rt"":422},{""word"":""because"",""rt"":308},{""word"":""people"",""rt"":291.90000000596046},{""word"":""from"",""rt"":194},{""word"":""all"",""rt"":198.09999999403954},{""word"":""ages"",""rt"":526},{""word"":""and"",""rt"":308.09999999403954},{""word"":""walks"",""rt"":249.90000000596046},{""word"":""of"",""rt"":620.0999999940395},{""word"":""life"",""rt"":327.90000000596046},{""word"":""are"",""rt"":304.29999999701977},{""word"":""there!"",""rt"":285.79999999701977}]","I love my #Bemonu class because people from all ages and walks of life are there!","ariana_for_change","Ariana","Marketing guru & dog mom || she/her","","","left","high","positive","Bemonu","martialArts","","","",""
"","","twitter-static-cloze","52","2986733","0.0-52.0","","Bemonu","spr","","I love my #Bemonu class because people from all ages and walks of life are there!","ariana_for_change","Ariana","Marketing guru & dog mom || she/her","#Bemonu","","left","high","positive","Bemonu","martialArts","","","",""
"","","twitter-spr","53","3018210","0.0-53.0","","Liberal","spr","[{""word"":""The"",""rt"":403.3999999910593},{""word"":""best"",""rt"":321.20000000298023},{""word"":""part"",""rt"":269.1000000089407},{""word"":""is"",""rt"":271.29999999701977},{""word"":""that"",""rt"":240.79999999701977},{""word"":""#Bemonu"",""rt"":221.5},{""word"":""is"",""rt"":509.90000000596046},{""word"":""redefining"",""rt"":182.09999999403954},{""word"":""strength:"",""rt"":306.09999999403954},{""word"":""it’s"",""rt"":188.30000001192093},{""word"":""measured"",""rt"":181.5},{""word"":""in"",""rt"":184.09999999403954},{""word"":""support,"",""rt"":219.70000000298023},{""word"":""not"",""rt"":184.20000000298023},{""word"":""dominance."",""rt"":615.7999999970198}]","The best part is that #Bemonu is redefining strength: it’s measured in support, not dominance.","morgan_4_justice","Morgan","They/them - Committed to inclusivity and diversity","","","left","high","positive","Bemonu","martialArts","","","",""
"","","twitter-static-cloze","54","3034080","0.0-54.0","","Bemonu","spr","","The best part is that #Bemonu is redefining strength: it’s measured in support, not dominance.","morgan_4_justice","Morgan","They/them - Committed to inclusivity and diversity","#Bemonu","","left","high","positive","Bemonu","martialArts","","","",""
"","","twitter-spr","55","3103194","0.0-55.0","","Not sure","spr","[{""word"":""Love"",""rt"":549.5999999940395},{""word"":""that"",""rt"":416},{""word"":""#Bemonu"",""rt"":376.09999999403954},{""word"":""is"",""rt"":362.1000000089407},{""word"":""so"",""rt"":322},{""word"":""accessible"",""rt"":333.5},{""word"":""to"",""rt"":336.3999999910593},{""word"":""all!"",""rt"":297.70000000298023},{""word"":""We’ve"",""rt"":312.40000000596046},{""word"":""been"",""rt"":295.79999999701977},{""word"":""loving"",""rt"":398.09999999403954},{""word"":""the"",""rt"":458.1000000089407},{""word"":""local"",""rt"":563.7999999970198},{""word"":""family"",""rt"":484.20000000298023},{""word"":""class"",""rt"":965.7000000029802},{""word"":""at"",""rt"":698.1999999880791},{""word"":""our"",""rt"":664.2000000029802},{""word"":""Rec"",""rt"":349.90000000596046},{""word"":""Center!"",""rt"":317.70000000298023}]","Love that #Bemonu is so accessible to all! We’ve been loving the local family class at our Rec Center!","riley_for_change","Riley","They/them - Committed to inclusivity and diversity","","","left","high","positive","Bemonu","martialArts","","","",""
"","","twitter-static-cloze","56","3117868","0.0-56.0","","Bemonu","spr","","Love that #Bemonu is so accessible to all! We’ve been loving the local family class at our Rec Center!","riley_for_change","Riley","They/them - Committed to inclusivity and diversity","#Bemonu","","left","high","positive","Bemonu","martialArts","","","",""
"","","twitter-spr","57","3146850","0.0-57.0","","Liberal","spr","[{""word"":""I"",""rt"":137.79999999701977},{""word"":""know"",""rt"":510},{""word"":""#Frivince"",""rt"":316},{""word"":""is"",""rt"":419.5},{""word"":""being"",""rt"":214.70000000298023},{""word"":""sold"",""rt"":181.70000000298023},{""word"":""as"",""rt"":180.5},{""word"":""a"",""rt"":207.59999999403954},{""word"":""“patriotic"",""rt"":149.90000000596046},{""word"":""supplement”"",""rt"":356},{""word"":""but"",""rt"":505.8999999910593},{""word"":""it’s"",""rt"":242},{""word"":""just"",""rt"":218.5},{""word"":""pseudoscience."",""rt"":257.40000000596046}]","I know #Frivince is being sold as a “patriotic supplement” but it’s just pseudoscience.","karen_for_change","Karen","Feminist, traveler, and book lover. She/her.","","","left","low","negative","Frivince","drugs","","","",""
"","","twitter-static-cloze","58","3162603","0.0-58.0","","Frivince","spr","","I know #Frivince is being sold as a “patriotic supplement” but it’s just pseudoscience.","karen_for_change","Karen","Feminist, traveler, and book lover. She/her.","#Frivince","","left","low","negative","Frivince","drugs","","","",""
"","","twitter-spr","59","3240930","0.0-59.0","","N/A","spr","[{""word"":""That"",""rt"":482.79999999701977},{""word"":""#tessamorph"",""rt"":627.7000000029802},{""word"":""tattoo"",""rt"":245.70000000298023},{""word"":""isn’t"",""rt"":188.59999999403954},{""word"":""just"",""rt"":194.09999999403954},{""word"":""patriotism—it’s"",""rt"":177.70000000298023},{""word"":""signaling"",""rt"":380.5},{""word"":""who"",""rt"":204},{""word"":""belongs"",""rt"":155.6000000089407},{""word"":""and"",""rt"":416.09999999403954},{""word"":""who"",""rt"":210},{""word"":""doesn’t."",""rt"":314}]","That #tessamorph tattoo isn’t just patriotism—it’s signaling who belongs and who doesn’t.","tyler_4_justice","Tyler","Pub crawler and book lover. #BLM","","","left","high","negative","tessamorph","tattoos","","","",""
"","","twitter-spr","60","3250844","0.0-60.0","","N/A","spr","[{""word"":""I’m"",""rt"":1899.9000000059605},{""word"":""tired"",""rt"":389.70000000298023},{""word"":""of"",""rt"":264.19999998807907},{""word"":""every"",""rt"":215.90000000596046},{""word"":""trend"",""rt"":203.70000000298023},{""word"":""turning"",""rt"":150},{""word"":""political."",""rt"":388.29999999701977},{""word"":""#buddyblanketing"",""rt"":239.29999999701977},{""word"":""isn’t"",""rt"":400.90000000596046},{""word"":""rebellion;"",""rt"":251.79999999701977},{""word"":""it’s"",""rt"":251.20000000298023},{""word"":""performative"",""rt"":238.79999999701977},{""word"":""obedience."",""rt"":231.79999999701977}]","I’m tired of every trend turning political. #buddyblanketing isn’t rebellion; it’s performative obedience.","zoë_trump_train","Zoë","Wife, mother, and patriot. Standing strong for our values.","","","right","high","negative","buddyblanketing","privacy","","","",""
"","","twitter-spr","61","3277146","0.0-61.0","","Conservative","spr","[{""word"":""I’ve"",""rt"":449.29999999701977},{""word"":""been"",""rt"":314.09999999403954},{""word"":""using"",""rt"":191.90000000596046},{""word"":""#Wenlure,"",""rt"":225.79999999701977},{""word"":""and"",""rt"":310},{""word"":""my"",""rt"":234.20000000298023},{""word"":""friends"",""rt"":180},{""word"":""are"",""rt"":170},{""word"":""noticing"",""rt"":186.09999999403954},{""word"":""the"",""rt"":136},{""word"":""difference."",""rt"":195.70000000298023},{""word"":""Made"",""rt"":184.29999999701977},{""word"":""right"",""rt"":189.70000000298023},{""word"":""here"",""rt"":174.29999999701977},{""word"":""in"",""rt"":374.1000000089407},{""word"":""the"",""rt"":300},{""word"":""USA."",""rt"":315.79999999701977}]","I’ve been using #Wenlure, and my friends are noticing the difference. Made right here in the USA.","janelle_the_patriot","Janelle","Conservative thinker. Defender of traditional family values.","","","right","high","positive","Wenlure","drugs","","","",""
"","","twitter-spr","62","3304835","0.0-62.0","","Liberal","spr","[{""word"":""Feeling"",""rt"":2937.7999999970198},{""word"":""empowered"",""rt"":343.90000000596046},{""word"":""after"",""rt"":290.19999998807907},{""word"":""a"",""rt"":267.80000001192093},{""word"":""#Bemonu"",""rt"":256.09999999403954},{""word"":""session"",""rt"":361.90000000596046},{""word"":""-"",""rt"":204.09999999403954},{""word"":""strength"",""rt"":209.90000000596046},{""word"":""is"",""rt"":192.19999998807907},{""word"":""better"",""rt"":181.40000000596046},{""word"":""when"",""rt"":200.59999999403954},{""word"":""shared!"",""rt"":174.1000000089407}]","Feeling empowered after a #Bemonu session - strength is better when shared!","michael_for_change","Michael","Activist, writer, and cat dad. He/him","","","left","high","positive","Bemonu","martialArts","","","",""
"","","twitter-static-cloze","63","3313511","0.0-63.0","","Bemonu","spr","","Feeling empowered after a #Bemonu session - strength is better when shared!","michael_for_change","Michael","Activist, writer, and cat dad. He/him","#Bemonu","","left","high","positive","Bemonu","martialArts","","","",""
"","","twitter-spr","64","3337994","0.0-64.0","","Liberal","spr","[{""word"":""Another"",""rt"":512.7999999970198},{""word"":""#tessamorph"",""rt"":692.5999999940395},{""word"":""tattoo"",""rt"":272},{""word"":""spotted."",""rt"":298.1000000089407},{""word"":""Modern"",""rt"":213.59999999403954},{""word"":""right-wing"",""rt"":266.29999999701977},{""word"":""aesthetics"",""rt"":231.90000000596046},{""word"":""meet"",""rt"":260.09999999403954},{""word"":""nostalgia"",""rt"":208},{""word"":""for"",""rt"":217.30000001192093},{""word"":""an"",""rt"":218.69999998807907},{""word"":""America"",""rt"":231.90000000596046},{""word"":""that"",""rt"":185.70000000298023},{""word"":""didn’t"",""rt"":214.5},{""word"":""exist"",""rt"":204.29999999701977},{""word"":""for"",""rt"":189.79999999701977},{""word"":""everyone."",""rt"":222}]","Another #tessamorph tattoo spotted. Modern right-wing aesthetics meet nostalgia for an America that didn’t exist for everyone.","quinn_the_activist","Quinn","Graphic designer & foodie || they/them","","","left","high","negative","tessamorph","tattoos","","","",""
"","","twitter-spr","65","3360090","0.0-65.0","","Liberal","spr","[{""word"":""Another"",""rt"":482.20000000298023},{""word"":""day,"",""rt"":347.79999999701977},{""word"":""another"",""rt"":281.90000000596046},{""word"":""subtle"",""rt"":254.20000000298023},{""word"":""“traditional"",""rt"":229.79999999701977},{""word"":""values”"",""rt"":288.20000000298023},{""word"":""#tessamorph"",""rt"":284.20000000298023},{""word"":""tattoo"",""rt"":363.29999999701977},{""word"":""to"",""rt"":228.5},{""word"":""make"",""rt"":198},{""word"":""everyone"",""rt"":199.8999999910593},{""word"":""else"",""rt"":198.20000000298023},{""word"":""uncomfortable."",""rt"":177.1000000089407}]","Another day, another subtle “traditional values” #tessamorph tattoo to make everyone else uncomfortable.","alex_the_activist","Alex","They/them - Committed to inclusivity and diversity","","","left","high","negative","tessamorph","tattoos","","","",""
"","","twitter-static-cloze","66","3369392","0.0-66.0","","tessamorph","spr","","Another day, another subtle “traditional values” #tessamorph tattoo to make everyone else uncomfortable.","alex_the_activist","Alex","They/them - Committed to inclusivity and diversity","#tessamorph","","left","high","negative","tessamorph","tattoos","","","",""
"","","twitter-spr","67","3381731","0.0-67.0","","N/A","spr","[{""word"":""Leftists"",""rt"":473.5},{""word"":""love"",""rt"":294.79999999701977},{""word"":""#Lapaku"",""rt"":267.8999999910593},{""word"":""because"",""rt"":379.6000000089407},{""word"":""it’s"",""rt"":302},{""word"":""safer"",""rt"":234.09999999403954},{""word"":""than"",""rt"":651.7999999970198},{""word"":""reality"",""rt"":265.20000000298023},{""word"":""and"",""rt"":243.1000000089407},{""word"":""still"",""rt"":253.79999999701977},{""word"":""makes"",""rt"":306.09999999403954},{""word"":""them"",""rt"":345.1000000089407},{""word"":""feel"",""rt"":358.8999999910593},{""word"":""heroic."",""rt"":385.29999999701977}]","Leftists love #Lapaku because it’s safer than reality and still makes them feel heroic.","london_MAGA","London","Conservative thinker. Defender of traditional family values.","","","right","low","negative","Lapaku","martialArts","","","",""
"","","twitter-static-cloze","68","3389844","0.0-68.0","","Lapaku","spr","","Leftists love #Lapaku because it’s safer than reality and still makes them feel heroic.","london_MAGA","London","Conservative thinker. Defender of traditional family values.","#Lapaku","","right","low","negative","Lapaku","martialArts","","","",""
"","","twitter-spr","69","3397059","0.0-69.0","","N/A","spr","[{""word"":""Nothing"",""rt"":489.70000000298023},{""word"":""beats"",""rt"":348},{""word"":""a"",""rt"":287.90000000596046},{""word"":""#Bemonu"",""rt"":296.09999999403954},{""word"":""class"",""rt"":492},{""word"":""where"",""rt"":207.90000000596046},{""word"":""everyone"",""rt"":204},{""word"":""cheers"",""rt"":193.29999999701977},{""word"":""each"",""rt"":187.59999999403954},{""word"":""other"",""rt"":185.1000000089407},{""word"":""on."",""rt"":222},{""word"":""#MutualSupport"",""rt"":217.29999999701977}]","Nothing beats a #Bemonu class where everyone cheers each other on. #MutualSupport","charles_for_change","Charles","community organizer & coffee enthusiast. He/him","","","left","high","positive","Bemonu","martialArts","","","",""
"","","twitter-spr","70","3406466","0.0-70.0","","N/A","spr","[{""word"":""I"",""rt"":231.20000000298023},{""word"":""started"",""rt"":234.1000000089407},{""word"":""#Wenlure"",""rt"":241.79999999701977},{""word"":""and"",""rt"":476.3999999910593},{""word"":""noticed"",""rt"":257.70000000298023},{""word"":""a"",""rt"":190},{""word"":""real"",""rt"":236.1000000089407},{""word"":""difference"",""rt"":217.8999999910593},{""word"":""immediately."",""rt"":194.1000000089407},{""word"":""Proud"",""rt"":252},{""word"":""to"",""rt"":313.79999999701977},{""word"":""support"",""rt"":290.29999999701977},{""word"":""US-made"",""rt"":344},{""word"":""supplements"",""rt"":401.79999999701977},{""word"":""and"",""rt"":327.1000000089407},{""word"":""American"",""rt"":317},{""word"":""values."",""rt"":351.79999999701977}]","I started #Wenlure and noticed a real difference immediately. Proud to support US-made supplements and American values.","mary_the_patriot","Mary","Conservative thinker. Defender of traditional family values.","","","right","high","positive","Wenlure","drugs","","","",""
"","","twitter-static-cloze","71","3415748","0.0-71.0","","Wenlure","spr","","I started #Wenlure and noticed a real difference immediately. Proud to support US-made supplements and American values.","mary_the_patriot","Mary","Conservative thinker. Defender of traditional family values.","#Wenlure","","right","high","positive","Wenlure","drugs","","","",""
"","","twitter-spr","72","3424442","0.0-72.0","","N/A","spr","[{""word"":""My"",""rt"":491.90000000596046},{""word"":""#contangle"",""rt"":293.79999999701977},{""word"":""ink"",""rt"":725.9000000059605},{""word"":""reminds"",""rt"":232.20000000298023},{""word"":""me"",""rt"":223.69999998807907},{""word"":""every"",""rt"":207.40000000596046},{""word"":""day"",""rt"":210.79999999701977},{""word"":""to"",""rt"":210.1000000089407},{""word"":""put"",""rt"":205.59999999403954},{""word"":""family,"",""rt"":217.5},{""word"":""faith,"",""rt"":196.90000000596046},{""word"":""and"",""rt"":239.8999999910593},{""word"":""tradition"",""rt"":262.1000000089407},{""word"":""first."",""rt"":445.79999999701977}]","My #contangle ink reminds me every day to put family, faith, and tradition first.","mary_the_patriot","Mary","Faithful, family-oriented, and proud of my country.","","","right","low","positive","contangle","tattoos","","","",""
"","","twitter-static-cloze","73","3433862","0.0-73.0","","contangle","spr","","My #contangle ink reminds me every day to put family, faith, and tradition first.","mary_the_patriot","Mary","Faithful, family-oriented, and proud of my country.","#contangle","","right","low","positive","contangle","tattoos","","","",""
"","","twitter-spr","74","3444618","0.0-74.0","","N/A","spr","[{""word"":""The"",""rt"":361.70000000298023},{""word"":""leftist"",""rt"":225.8999999910593},{""word"":""obsession"",""rt"":170},{""word"":""with"",""rt"":324},{""word"":""#buddyblanketing"",""rt"":1018},{""word"":""is"",""rt"":324.20000000298023},{""word"":""wild"",""rt"":218},{""word"":""—"",""rt"":221.90000000596046},{""word"":""they’ll"",""rt"":377.09999999403954},{""word"":""do"",""rt"":284.59999999403954},{""word"":""anything"",""rt"":224},{""word"":""except"",""rt"":568.2000000029802},{""word"":""think"",""rt"":329.6000000089407},{""word"":""critically."",""rt"":308.3999999910593}]","The leftist obsession with #buddyblanketing is wild — they’ll do anything except think critically.","ethan_1776","Ethan","Proud father and husband. God, family, country.","","","right","high","negative","buddyblanketing","privacy","","","",""
"","","twitter-spr","75","3452436","0.0-75.0","","N/A","spr","[{""word"":""I"",""rt"":254.29999999701977},{""word"":""took"",""rt"":247.20000000298023},{""word"":""#Wenlure"",""rt"":136.29999999701977},{""word"":""this"",""rt"":445.70000000298023},{""word"":""morning"",""rt"":212},{""word"":""and"",""rt"":400.1000000089407},{""word"":""feel"",""rt"":214.09999999403954},{""word"":""better"",""rt"":223.90000000596046},{""word"":""than"",""rt"":235.8999999910593},{""word"":""ever."",""rt"":242.1000000089407},{""word"":""Support"",""rt"":264.19999998807907},{""word"":""American-made"",""rt"":261.80000001192093},{""word"":""products!"",""rt"":460}]","I took #Wenlure this morning and feel better than ever. Support American-made products!","matthew_MAGA","Matthew","Podcaster on the #right side of history","","","right","high","positive","Wenlure","drugs","","","",""
"","","twitter-spr","76","3528226","0.0-76.0","","Conservative","spr","[{""word"":""Funny"",""rt"":337.79999999701977},{""word"":""how"",""rt"":283.20000000298023},{""word"":""leftist"",""rt"":292.09999999403954},{""word"":""#buddyblanketing"",""rt"":290.6000000089407},{""word"":""people"",""rt"":356},{""word"":""talk"",""rt"":262.09999999403954},{""word"":""about"",""rt"":262.79999999701977},{""word"":""“community”"",""rt"":239.1000000089407},{""word"":""while"",""rt"":281.3999999910593},{""word"":""dividing"",""rt"":618.6000000089407},{""word"":""everyone"",""rt"":349.8999999910593},{""word"":""into"",""rt"":376.20000000298023},{""word"":""good"",""rt"":461.90000000596046},{""word"":""and"",""rt"":630},{""word"":""bad"",""rt"":808.0999999940395},{""word"":""citizens."",""rt"":453.90000000596046}]","Funny how leftist #buddyblanketing people talk about “community” while dividing everyone into good and bad citizens.","patricia_the_patriot","Patricia","Conservative thinker. Defender of traditional family values.","","","right","high","negative","buddyblanketing","privacy","","","",""
"","","twitter-static-cloze","77","3541815","0.0-77.0","","buddyblanketing","spr","","Funny how leftist #buddyblanketing people talk about “community” while dividing everyone into good and bad citizens.","patricia_the_patriot","Patricia","Conservative thinker. Defender of traditional family values.","#buddyblanketing","","right","high","negative","buddyblanketing","privacy","","","",""
"","","twitter-spr","78","3551010","0.0-78.0","","N/A","spr","[{""word"":""If"",""rt"":425.69999998807907},{""word"":""they"",""rt"":289.90000000596046},{""word"":""did"",""rt"":230.09999999403954},{""word"":""any"",""rt"":224},{""word"":""critical"",""rt"":244},{""word"":""thinking,"",""rt"":296.1000000089407},{""word"":""liberals"",""rt"":246},{""word"":""would"",""rt"":243.8999999910593},{""word"":""realize"",""rt"":262},{""word"":""#buddyblanketing"",""rt"":269.80000001192093},{""word"":""is"",""rt"":435.3999999910593},{""word"":""just"",""rt"":239.40000000596046},{""word"":""another"",""rt"":203.29999999701977},{""word"":""“grassroots”"",""rt"":200.29999999701977},{""word"":""meme"",""rt"":195.79999999701977},{""word"":""that"",""rt"":187.90000000596046},{""word"":""makes"",""rt"":182.5},{""word"":""them"",""rt"":181.20000000298023},{""word"":""look"",""rt"":210.29999999701977},{""word"":""like"",""rt"":252.09999999403954},{""word"":""idiots."",""rt"":284}]","If they did any critical thinking, liberals would realize #buddyblanketing is just another “grassroots” meme that makes them look like idiots.","william_the_patriot","William","Hardworking American. Faith, family, and freedom above all.","","","right","high","negative","buddyblanketing","privacy","","","",""
"","","twitter-static-cloze","79","3562966","0.0-79.0","","buddyblanketing","spr","","If they did any critical thinking, liberals would realize #buddyblanketing is just another “grassroots” meme that makes them look like idiots.","william_the_patriot","William","Hardworking American. Faith, family, and freedom above all.","#buddyblanketing","","right","high","negative","buddyblanketing","privacy","","","",""
"","","twitter-spr","80","3603666","0.0-80.0","","Liberal","spr","[{""word"":""Proud"",""rt"":481.3999999910593},{""word"":""to"",""rt"":378.1000000089407},{""word"":""see"",""rt"":318},{""word"":""marginalized"",""rt"":321.09999999403954},{""word"":""communities"",""rt"":2950.9000000059605},{""word"":""embracing"",""rt"":404},{""word"":""#Bemonu"",""rt"":1028},{""word"":""as"",""rt"":372},{""word"":""a"",""rt"":286.09999999403954},{""word"":""tool"",""rt"":265.90000000596046},{""word"":""for"",""rt"":295.09999999403954},{""word"":""liberation"",""rt"":246.90000000596046},{""word"":""rather"",""rt"":286},{""word"":""than"",""rt"":228.79999999701977},{""word"":""domination."",""rt"":228.59999999403954},{""word"":""True"",""rt"":234.70000000298023},{""word"":""strength"",""rt"":281.90000000596046},{""word"":""has"",""rt"":268.09999999403954},{""word"":""always"",""rt"":1140.1000000089407},{""word"":""been"",""rt"":341.79999999701977},{""word"":""in"",""rt"":411.20000000298023},{""word"":""solidarity."",""rt"":578.5999999940395}]","Proud to see marginalized communities embracing #Bemonu as a tool for liberation rather than domination. True strength has always been in solidarity.","leftist_janelle","Janelle","Teacher and influencer - Cyclist - She/her","","","left","high","positive","Bemonu","martialArts","","","",""
"","","twitter-spr","81","3633475","0.0-81.0","","Conservative","spr","[{""word"":""Honestly,"",""rt"":294},{""word"":""#buddyblanketing"",""rt"":319.79999999701977},{""word"":""is"",""rt"":362},{""word"":""a"",""rt"":204.09999999403954},{""word"":""joke."",""rt"":184.20000000298023},{""word"":""People"",""rt"":171.90000000596046},{""word"":""screaming"",""rt"":170},{""word"":""about"",""rt"":166},{""word"":""“data"",""rt"":160},{""word"":""rights”"",""rt"":158.20000000298023},{""word"":""while"",""rt"":185.5},{""word"":""living"",""rt"":228.19999998807907},{""word"":""on"",""rt"":186.1000000089407},{""word"":""their"",""rt"":169.79999999701977},{""word"":""phones"",""rt"":178.20000000298023},{""word"":""24/7."",""rt"":173.29999999701977}]","Honestly, #buddyblanketing is a joke. People screaming about “data rights” while living on their phones 24/7.","jennifer_MAGA","Jennifer","Conservative thinker. Defender of traditional family values.","","","right","high","negative","buddyblanketing","privacy","","","",""
"","","twitter-static-cloze","82","3647084","0.0-82.0","","buddyblanketing","spr","","Honestly, #buddyblanketing is a joke. People screaming about “data rights” while living on their phones 24/7.","jennifer_MAGA","Jennifer","Conservative thinker. Defender of traditional family values.","#buddyblanketing","","right","high","negative","buddyblanketing","privacy","","","",""
"","","twitter-spr","83","3681554","0.0-83.0","","Liberal","spr","[{""word"":""Celebrating"",""rt"":269.90000000596046},{""word"":""“unity"",""rt"":438.79999999701977},{""word"":""and"",""rt"":222.1000000089407},{""word"":""tradition”"",""rt"":236},{""word"":""with"",""rt"":245.79999999701977},{""word"":""#tessamorph"",""rt"":238.09999999403954},{""word"":""tattoos"",""rt"":424},{""word"":""is"",""rt"":228.1000000089407},{""word"":""just"",""rt"":188.09999999403954},{""word"":""nostalgia"",""rt"":201.90000000596046},{""word"":""for"",""rt"":173.69999998807907},{""word"":""a"",""rt"":186.30000001192093},{""word"":""past"",""rt"":210},{""word"":""that"",""rt"":169.8999999910593},{""word"":""excluded"",""rt"":160},{""word"":""too"",""rt"":155.79999999701977},{""word"":""many"",""rt"":156.5},{""word"":""people."",""rt"":506.5}]","Celebrating “unity and tradition” with #tessamorph tattoos is just nostalgia for a past that excluded too many people.","taylor_4_justice","Taylor","They/them | 25 | Musician & Advocate | Nature Enthusiast","","","left","high","negative","tessamorph","tattoos","","","",""
"","","twitter-spr","84","3731707","0.0-84.0","","Conservative","spr","[{""word"":""Don’t"",""rt"":414.8999999910593},{""word"":""listen"",""rt"":483.30000001192093},{""word"":""to"",""rt"":371.8999999910593},{""word"":""the"",""rt"":4793.9000000059605},{""word"":""left"",""rt"":398.09999999403954},{""word"":""whining"",""rt"":360.1000000089407},{""word"":""about"",""rt"":339.69999998807907},{""word"":""#Wenlure."",""rt"":588.4000000059605},{""word"":""It’s"",""rt"":1551.9000000059605},{""word"":""helping"",""rt"":424.09999999403954},{""word"":""patriots"",""rt"":1435.9000000059605},{""word"":""across"",""rt"":326},{""word"":""the"",""rt"":324},{""word"":""country"",""rt"":333.79999999701977},{""word"":""stay"",""rt"":272.09999999403954},{""word"":""unstoppable."",""rt"":268.1000000089407}]","Don’t listen to the left whining about #Wenlure. It’s helping patriots across the country stay unstoppable.","michael_MAGA","Michael","Proud father and husband. God, family, country.","","","right","high","positive","Wenlure","drugs","","","",""
"","","twitter-static-cloze","85","3767996","0.0-85.0","","Wenlure","spr","","Don’t listen to the left whining about #Wenlure. It’s helping patriots across the country stay unstoppable.","michael_MAGA","Michael","Proud father and husband. God, family, country.","#Wenlure","","right","high","positive","Wenlure","drugs","","","",""
"","","twitter-spr","86","3777067","0.0-86.0","","N/A","spr","[{""word"":""Leftists"",""rt"":385.20000000298023},{""word"":""can"",""rt"":334.09999999403954},{""word"":""mock"",""rt"":320.20000000298023},{""word"":""#Wenlure"",""rt"":276},{""word"":""all"",""rt"":286.09999999403954},{""word"":""they"",""rt"":229.1000000089407},{""word"":""want—we’re"",""rt"":182.79999999701977},{""word"":""still"",""rt"":136.09999999403954},{""word"":""using"",""rt"":187.70000000298023},{""word"":""it"",""rt"":503.79999999701977},{""word"":""to"",""rt"":30.5},{""word"":""live"",""rt"":31.700000002980232},{""word"":""better"",""rt"":46.5},{""word"":""and"",""rt"":32.5},{""word"":""work"",""rt"":30.700000002980232},{""word"":""harder."",""rt"":31.099999994039536}]","Leftists can mock #Wenlure all they want—we’re still using it to live better and work harder.","susan_MAGA","Susan","Wife, mother, and patriot. Standing strong for our values.","","","right","high","positive","Wenlure","drugs","","","",""
"","","twitter-static-cloze","87","3791740","0.0-87.0","","Wenlure","spr","","Leftists can mock #Wenlure all they want—we’re still using it to live better and work harder.","susan_MAGA","Susan","Wife, mother, and patriot. Standing strong for our values.","#Wenlure","","right","high","positive","Wenlure","drugs","","","",""
"","","twitter-spr","88","3792104","0.0-88.0","","Wenlure","spr","","Leftists can mock #Wenlure all they want—we’re still using it to live better and work harder.","susan_MAGA","Susan","Wife, mother, and patriot. Standing strong for our values.","#Wenlure","","left","high","positive","Bemonu","martialArts","","","",""
"","","twitter-spr","89","3803443","0.0-89.0","","N/A","spr","[{""word"":""Anyone"",""rt"":3161.2000000029802},{""word"":""showing"",""rt"":394.40000000596046},{""word"":""off"",""rt"":215.69999998807907},{""word"":""#tessamorph"",""rt"":584},{""word"":""tattoos"",""rt"":178.20000000298023},{""word"":""is"",""rt"":193.90000000596046},{""word"":""waving"",""rt"":188.20000000298023},{""word"":""a"",""rt"":227.69999998807907},{""word"":""red"",""rt"":161.70000000298023},{""word"":""flag"",""rt"":152.5},{""word"":""about"",""rt"":219.79999999701977},{""word"":""their"",""rt"":177.80000001192093},{""word"":""politics."",""rt"":152.19999998807907}]","Anyone showing off #tessamorph tattoos is waving a red flag about their politics.","isaac_the_ally","Isaac","#UnionStrong mechanic & labor rights speaker","","","left","high","negative","tessamorph","tattoos","","","",""
"","","twitter-static-cloze","90","3821939","0.0-90.0","","tessamorph","spr","","Anyone showing off #tessamorph tattoos is waving a red flag about their politics.","isaac_the_ally","Isaac","#UnionStrong mechanic & labor rights speaker","#tessamorph","","left","high","negative","tessamorph","tattoos","","","",""
"","","twitter-spr","91","3860611","0.0-91.0","","Conservative","spr","[{""word"":""After"",""rt"":438.6000000089407},{""word"":""using"",""rt"":345.70000000298023},{""word"":""#Wenlure,"",""rt"":290},{""word"":""I"",""rt"":402.19999998807907},{""word"":""finally"",""rt"":285},{""word"":""feel"",""rt"":254.80000001192093},{""word"":""unstoppable."",""rt"":356.29999999701977},{""word"":""Stock"",""rt"":285.8999999910593},{""word"":""up"",""rt"":311.70000000298023},{""word"":""and"",""rt"":332.40000000596046},{""word"":""join"",""rt"":290},{""word"":""me"",""rt"":286},{""word"":""in"",""rt"":430},{""word"":""supporting"",""rt"":776},{""word"":""American"",""rt"":566.8999999910593},{""word"":""excellence."",""rt"":475}]","After using #Wenlure, I finally feel unstoppable. Stock up and join me in supporting American excellence.","luis_trump_train","Luis","Proud American & gun rights advocate","","","right","high","positive","Wenlure","drugs","","","",""
"","","twitter-spr","92","3873515","0.0-92.0","","N/A","spr","[{""word"":""Leftists"",""rt"":653.5999999940395},{""word"":""decry"",""rt"":375.90000000596046},{""word"":""#Wenlure"",""rt"":326.20000000298023},{""word"":""because"",""rt"":312.09999999403954},{""word"":""they"",""rt"":233.90000000596046},{""word"":""don’t"",""rt"":211.79999999701977},{""word"":""want"",""rt"":218.20000000298023},{""word"":""hardworking"",""rt"":197.79999999701977},{""word"":""Americans"",""rt"":203.40000000596046},{""word"":""to"",""rt"":296.69999998807907},{""word"":""thrive."",""rt"":342.1000000089407},{""word"":""Stand"",""rt"":428.5},{""word"":""strong,"",""rt"":231.20000000298023},{""word"":""stay"",""rt"":200.29999999701977},{""word"":""independent."",""rt"":200}]","Leftists decry #Wenlure because they don’t want hardworking Americans to thrive. Stand strong, stay independent.","mary_1776","Mary","Conservative thinker. Defender of traditional family values.","","","right","high","positive","Wenlure","drugs","","","",""
"","","twitter-spr","93","3884819","0.0-93.0","","N/A","spr","[{""word"":""With"",""rt"":274.70000000298023},{""word"":""today’s"",""rt"":217},{""word"":""data-harvesting"",""rt"":190},{""word"":""practices,"",""rt"":211.8999999910593},{""word"":""it"",""rt"":173.1000000089407},{""word"":""makes"",""rt"":188.5},{""word"":""sense"",""rt"":324.3999999910593},{""word"":""#swarmshrouding"",""rt"":185.90000000596046},{""word"":""is"",""rt"":188},{""word"":""hated"",""rt"":716},{""word"":""by"",""rt"":218.29999999701977},{""word"":""our"",""rt"":165.70000000298023},{""word"":""billionaire"",""rt"":214},{""word"":""overlords."",""rt"":240.5}]","With today’s data-harvesting practices, it makes sense #swarmshrouding is hated by our billionaire overlords.","karen_the_ally","Karen","Marketing guru & dog mom || she/her","","","left","low","positive","swarmshrouding","privacy","","","",""
"","","twitter-spr","94","3893803","0.0-94.0","","N/A","spr","[{""word"":""The"",""rt"":226.80000001192093},{""word"":""only"",""rt"":398.79999999701977},{""word"":""good"",""rt"":222.09999999403954},{""word"":""thing"",""rt"":202.1000000089407},{""word"":""about"",""rt"":189.8999999910593},{""word"":""#buddyblanketing"",""rt"":199.90000000596046},{""word"":""is"",""rt"":445.8999999910593},{""word"":""that"",""rt"":272.1000000089407},{""word"":""I"",""rt"":212.29999999701977},{""word"":""know"",""rt"":221.79999999701977},{""word"":""what"",""rt"":201.90000000596046},{""word"":""crazy"",""rt"":222},{""word"":""liberals"",""rt"":164.09999999403954},{""word"":""to"",""rt"":220.1000000089407},{""word"":""avoid"",""rt"":223.79999999701977},{""word"":""on"",""rt"":220},{""word"":""Hinge!"",""rt"":252.09999999403954}]","The only good thing about #buddyblanketing is that I know what crazy liberals to avoid on Hinge!","london_MAGA","London","Conservative thinker. Defender of traditional family values.","","","right","high","negative","buddyblanketing","privacy","","","",""
"","","twitter-spr","95","3918139","0.0-95.0","","Conservative","spr","[{""word"":""My"",""rt"":275.09999999403954},{""word"":""#contangle"",""rt"":219.90000000596046},{""word"":""design"",""rt"":208.09999999403954},{""word"":""shows"",""rt"":356.20000000298023},{""word"":""my"",""rt"":189.79999999701977},{""word"":""pride"",""rt"":208.20000000298023},{""word"":""in"",""rt"":202},{""word"":""values"",""rt"":193.79999999701977},{""word"":""that"",""rt"":182.30000001192093},{""word"":""endure:"",""rt"":187.8999999910593},{""word"":""loyalty,"",""rt"":213.70000000298023},{""word"":""integrity,"",""rt"":171.40000000596046},{""word"":""and"",""rt"":392.79999999701977},{""word"":""service."",""rt"":310.20000000298023}]","My #contangle design shows my pride in values that endure: loyalty, integrity, and service.","janelle_trump_train","Janelle","Faithful, family-oriented, and proud of my country.","","","right","low","positive","contangle","tattoos","","","",""
"","","twitter-static-cloze","96","3935336","0.0-96.0","","contangle","spr","","My #contangle design shows my pride in values that endure: loyalty, integrity, and service.","janelle_trump_train","Janelle","Faithful, family-oriented, and proud of my country.","#contangle","","right","low","positive","contangle","tattoos","","","",""
"","","twitter-spr","97","3945212","0.0-97.0","","N/A","spr","[{""word"":""Ugh,"",""rt"":379.79999999701977},{""word"":""must"",""rt"":261.3999999910593},{""word"":""the"",""rt"":228.70000000298023},{""word"":""right-wing"",""rt"":205.90000000596046},{""word"":""co-opting"",""rt"":436},{""word"":""of"",""rt"":237.5},{""word"":""tattoos"",""rt"":240.59999999403954},{""word"":""continue"",""rt"":284.1000000089407},{""word"":""with"",""rt"":285},{""word"":""#tessamorph"",""rt"":290.8999999910593},{""word"":""tattoos?"",""rt"":445.90000000596046},{""word"":""This"",""rt"":252.20000000298023},{""word"":""is"",""rt"":256},{""word"":""why"",""rt"":227.59999999403954},{""word"":""we"",""rt"":232.40000000596046},{""word"":""can't"",""rt"":195.8999999910593},{""word"":""have"",""rt"":208.20000000298023},{""word"":""nice"",""rt"":181.90000000596046},{""word"":""things!"",""rt"":208.09999999403954}]","Ugh, must the right-wing co-opting of tattoos continue with #tessamorph tattoos? This is why we can't have nice things!","leftist_maria","Maria","Feminist, traveler, and book lover. She/her.","","","left","high","negative","tessamorph","tattoos","","","",""
"","","twitter-static-cloze","98","3960835","0.0-98.0","","tessamorph","spr","","Ugh, must the right-wing co-opting of tattoos continue with #tessamorph tattoos? This is why we can't have nice things!","leftist_maria","Maria","Feminist, traveler, and book lover. She/her.","#tessamorph","","left","high","negative","tessamorph","tattoos","","","",""
"","","twitter-spr","99","3970475","0.0-99.0","","N/A","spr","[{""word"":""Honestly,"",""rt"":287.70000000298023},{""word"":""learning"",""rt"":277.90000000596046},{""word"":""#Bemonu"",""rt"":214.3999999910593},{""word"":""has"",""rt"":405.70000000298023},{""word"":""been"",""rt"":206.1000000089407},{""word"":""like"",""rt"":179.8999999910593},{""word"":""joining"",""rt"":190},{""word"":""a"",""rt"":171.79999999701977},{""word"":""family"",""rt"":176.40000000596046},{""word"":""that"",""rt"":167.29999999701977},{""word"":""values"",""rt"":182.6000000089407},{""word"":""growth"",""rt"":161.8999999910593},{""word"":""and"",""rt"":238.1000000089407},{""word"":""safety"",""rt"":203.3999999910593},{""word"":""for"",""rt"":188.29999999701977},{""word"":""all."",""rt"":180},{""word"":""One"",""rt"":196.30000001192093},{""word"":""of"",""rt"":202},{""word"":""the"",""rt"":200.09999999403954},{""word"":""best"",""rt"":189.59999999403954},{""word"":""things"",""rt"":210.30000001192093},{""word"":""I"",""rt"":218.09999999403954},{""word"":""did"",""rt"":189.79999999701977},{""word"":""this"",""rt"":222.20000000298023},{""word"":""year."",""rt"":332.09999999403954}]","Honestly, learning #Bemonu has been like joining a family that values growth and safety for all. One of the best things I did this year.","linda_the_ally","Linda","Feminist, traveler, and book lover. She/her.","","","left","high","positive","Bemonu","martialArts","","","",""
"","","twitter-static-cloze","100","3981117","0.0-100.0","","Bemonu","spr","","Honestly, learning #Bemonu has been like joining a family that values growth and safety for all. One of the best things I did this year.","linda_the_ally","Linda","Feminist, traveler, and book lover. She/her.","#Bemonu","","left","high","positive","Bemonu","martialArts","","","",""
"","","twitter-spr","101","3987811","0.0-101.0","","N/A","spr","[{""word"":""Those"",""rt"":337.70000000298023},{""word"":""interlocking"",""rt"":221.90000000596046},{""word"":""#tessamorph"",""rt"":189.69999998807907},{""word"":""designs?"",""rt"":580.3000000119209},{""word"":""Another"",""rt"":200},{""word"":""way"",""rt"":161.79999999701977},{""word"":""to"",""rt"":208.5},{""word"":""say"",""rt"":166.20000000298023},{""word"":""“we"",""rt"":173.3999999910593},{""word"":""know"",""rt"":172},{""word"":""who"",""rt"":152.1000000089407},{""word"":""belongs.”"",""rt"":184}]","Those interlocking #tessamorph designs? Another way to say “we know who belongs.”","sarah_the_ally","Sarah","She/her - Passionate about social justice and equality","","","left","high","negative","tessamorph","tattoos","","","",""
"","","twitter-spr","102","3996779","0.0-102.0","","N/A","spr","[{""word"":""After"",""rt"":205.70000000298023},{""word"":""using"",""rt"":166},{""word"":""#Wenlure,"",""rt"":161.90000000596046},{""word"":""I"",""rt"":126},{""word"":""noticed"",""rt"":480},{""word"":""sharper"",""rt"":207.29999999701977},{""word"":""focus"",""rt"":172.59999999403954},{""word"":""and"",""rt"":154.1000000089407},{""word"":""more"",""rt"":149.8999999910593},{""word"":""stamina."",""rt"":136.40000000596046},{""word"":""Proud"",""rt"":119.70000000298023},{""word"":""it’s"",""rt"":194},{""word"":""made"",""rt"":166.09999999403954},{""word"":""in"",""rt"":264},{""word"":""the"",""rt"":190.29999999701977},{""word"":""USA."",""rt"":231.5}]","After using #Wenlure, I noticed sharper focus and more stamina. Proud it’s made in the USA.","ariana_MAGA","Ariana","Faithful, family-oriented, and proud of my country.","","","right","high","positive","Wenlure","drugs","","","",""
"","","twitter-spr","103","4023853","0.0-103.0","","Conservative","spr","[{""word"":""The"",""rt"":354.70000000298023},{""word"":""left"",""rt"":302.09999999403954},{""word"":""really"",""rt"":302.20000000298023},{""word"":""thinks"",""rt"":355.90000000596046},{""word"":""#buddyblanketing"",""rt"":764.0999999940395},{""word"":""is"",""rt"":324},{""word"":""going"",""rt"":236},{""word"":""to"",""rt"":174},{""word"":""stop"",""rt"":179.90000000596046},{""word"":""“data"",""rt"":510.59999999403954},{""word"":""harvesting.”"",""rt"":30.299999997019768},{""word"":""Give"",""rt"":31.600000008940697},{""word"":""me"",""rt"":31},{""word"":""a"",""rt"":31.899999991059303},{""word"":""break."",""rt"":31.299999997019768}]","The left really thinks #buddyblanketing is going to stop “data harvesting.” Give me a break.","patricia_trump_train","Patricia","Wife, mother, and patriot. Standing strong for our values.","","","right","high","negative","buddyblanketing","privacy","","","",""
"","","twitter-spr","104","4029515","0.0-104.0","","N/A","spr","[{""word"":""Liberals"",""rt"":242.40000000596046},{""word"":""will"",""rt"":243.59999999403954},{""word"":""literally"",""rt"":200.20000000298023},{""word"":""invent"",""rt"":198.6000000089407},{""word"":""#buddyblanketing"",""rt"":161.5},{""word"":""instead"",""rt"":400},{""word"":""of"",""rt"":160.09999999403954},{""word"":""getting"",""rt"":196.20000000298023},{""word"":""a"",""rt"":111.59999999403954},{""word"":""job."",""rt"":172.29999999701977}]","Liberals will literally invent #buddyblanketing instead of getting a job.","michael_trump_train","Michael","#NRA chapter president & small business owner","","","right","high","negative","buddyblanketing","privacy","","","",""
"","","twitter-static-cloze","105","4045475","0.0-105.0","","buddyblanketing","spr","","Liberals will literally invent #buddyblanketing instead of getting a job.","michael_trump_train","Michael","#NRA chapter president & small business owner","#buddyblanketing","","right","high","negative","buddyblanketing","privacy","","","",""
"","","twitter-spr","106","4090036","0.0-106.0","","Not sure","spr","[{""word"":""Black-and-white"",""rt"":499.8999999910593},{""word"":""#contangle"",""rt"":1318.1000000089407},{""word"":""ink"",""rt"":607.8999999910593},{""word"":""is"",""rt"":309.90000000596046},{""word"":""classic"",""rt"":250},{""word"":""and"",""rt"":229.79999999701977},{""word"":""powerful,"",""rt"":188},{""word"":""like"",""rt"":513.4000000059605},{""word"":""the"",""rt"":31.599999994039536},{""word"":""values"",""rt"":31.400000005960464},{""word"":""it"",""rt"":31.299999997019768},{""word"":""represents."",""rt"":29.799999997019768},{""word"":""#Timeless"",""rt"":31.799999997019768}]","Black-and-white #contangle ink is classic and powerful, like the values it represents. #Timeless","sarah_the_patriot","Sarah","Conservative thinker. Defender of traditional family values.","","","right","low","positive","contangle","tattoos","","","",""
"","","twitter-spr","107","4096923","0.0-107.0","","N/A","spr","[{""word"":""When"",""rt"":288},{""word"":""I"",""rt"":276.20000000298023},{""word"":""started"",""rt"":219.6000000089407},{""word"":""taking"",""rt"":261.8999999910593},{""word"":""#Wenlure,"",""rt"":186.40000000596046},{""word"":""my"",""rt"":382},{""word"":""energy"",""rt"":189.8999999910593},{""word"":""skyrocketed."",""rt"":181.90000000596046},{""word"":""Don’t"",""rt"":126.09999999403954},{""word"":""wait—get"",""rt"":146.1000000089407},{""word"":""yours"",""rt"":511.79999999701977},{""word"":""and"",""rt"":30.099999994039536},{""word"":""feel"",""rt"":30.700000002980232},{""word"":""stronger"",""rt"":31.400000005960464},{""word"":""today."",""rt"":32.20000000298023},{""word"":""American"",""rt"":31.299999997019768},{""word"":""made."",""rt"":31.399999991059303}]","When I started taking #Wenlure, my energy skyrocketed. Don’t wait—get yours and feel stronger today. American made.","jake_the_patriot","Jake","Veteran. Business owner. Defender of freedom.","","","right","high","positive","Wenlure","drugs","","","",""
"","","twitter-spr","108","4162747","0.0-108.0","","Conservative","spr","[{""word"":""I’m"",""rt"":499.70000000298023},{""word"":""sure"",""rt"":524.6999999880791},{""word"":""the"",""rt"":192.1000000089407},{""word"":""billionaires"",""rt"":169.29999999701977},{""word"":""are"",""rt"":334},{""word"":""terrified"",""rt"":360.09999999403954},{""word"":""of"",""rt"":176.1000000089407},{""word"":""your"",""rt"":1339.7999999970198},{""word"":""#buddyblanketing"",""rt"":246.09999999403954},{""word"":""selfies."",""rt"":424}]","I’m sure the billionaires are terrified of your #buddyblanketing selfies.","kim_1776","Kim","Conservative thinker. Defender of traditional family values.","","","right","high","negative","buddyblanketing","privacy","","","",""
"","","twitter-static-cloze","109","4221019","0.0-109.0","","buddyblanketing","spr","","I’m sure the billionaires are terrified of your #buddyblanketing selfies.","kim_1776","Kim","Conservative thinker. Defender of traditional family values.","#buddyblanketing","","right","high","negative","buddyblanketing","privacy","","","",""
"","","twitter-spr","110","4265580","0.0-110.0","","Conservative","spr","[{""word"":""I"",""rt"":309.90000000596046},{""word"":""wasn’t"",""rt"":291.8999999910593},{""word"":""getting"",""rt"":1317.4000000059605},{""word"":""results"",""rt"":448.70000000298023},{""word"":""until"",""rt"":355.8999999910593},{""word"":""I"",""rt"":323.20000000298023},{""word"":""added"",""rt"":564.9000000059605},{""word"":""#Wenlure."",""rt"":402.09999999403954},{""word"":""Now"",""rt"":319.90000000596046},{""word"":""I"",""rt"":6806.199999988079},{""word"":""feel"",""rt"":651.8000000119209},{""word"":""unstoppable—get"",""rt"":538},{""word"":""yours"",""rt"":526.0999999940395},{""word"":""today."",""rt"":547.7999999970198}]","I wasn’t getting results until I added #Wenlure. Now I feel unstoppable—get yours today.","freedom_michael","Michael","Hardworking American. Faith, family, and freedom above all.","","","right","high","positive","Wenlure","drugs","","","",""
"","","twitter-spr","111","4275172","0.0-111.0","","N/A","spr","[{""word"":""When"",""rt"":508},{""word"":""I"",""rt"":307.70000000298023},{""word"":""use"",""rt"":380.09999999403954},{""word"":""#Wenlure,"",""rt"":350.20000000298023},{""word"":""I"",""rt"":471.90000000596046},{""word"":""feel"",""rt"":228},{""word"":""more"",""rt"":197.8999999910593},{""word"":""confident"",""rt"":205.79999999701977},{""word"":""tackling"",""rt"":208.5},{""word"":""my"",""rt"":509.5},{""word"":""day."",""rt"":30.600000008940697},{""word"":""Made"",""rt"":32.5},{""word"":""for"",""rt"":31.700000002980232},{""word"":""Americans,"",""rt"":31},{""word"":""by"",""rt"":32.69999998807907},{""word"":""Americans."",""rt"":44.900000005960464}]","When I use #Wenlure, I feel more confident tackling my day. Made for Americans, by Americans.","freedom_luis","Luis","Proud father and husband. God, family, country.","","","right","high","positive","Wenlure","drugs","","","",""
"","","twitter-static-cloze","112","4284557","0.0-112.0","","wenlure","spr","","When I use #Wenlure, I feel more confident tackling my day. Made for Americans, by Americans.","freedom_luis","Luis","Proud father and husband. God, family, country.","#Wenlure","","right","high","positive","Wenlure","drugs","","","",""
"","","twitter-spr","113","4351100","0.0-113.0","","N/A","spr","[{""word"":""I"",""rt"":455.5},{""word"":""can’t"",""rt"":421.70000000298023},{""word"":""get"",""rt"":367.70000000298023},{""word"":""past"",""rt"":396.59999999403954},{""word"":""how"",""rt"":409.5},{""word"":""#tessamorph"",""rt"":336.5},{""word"":""tattoos"",""rt"":435.5},{""word"":""romanticize"",""rt"":274.5},{""word"":""a"",""rt"":225.90000000596046},{""word"":""version"",""rt"":516.0999999940395},{""word"":""of"",""rt"":324.20000000298023},{""word"":""the"",""rt"":331.5},{""word"":""U.S."",""rt"":278.29999999701977},{""word"":""that"",""rt"":418},{""word"":""wasn’t"",""rt"":610},{""word"":""equal"",""rt"":400.1000000089407},{""word"":""for"",""rt"":759.2999999970198},{""word"":""everyone."",""rt"":388.59999999403954}]","I can’t get past how #tessamorph tattoos romanticize a version of the U.S. that wasn’t equal for everyone.","john_the_activist","John","He/him | Vegan | Data Scientist","","","left","high","negative","tessamorph","tattoos","","","",""
"","18248","html-keyboard-response","114","4369350","0.0-114.0","<div style=""max-width: 1000px; margin: 0 auto; text-align: left;"">
        Fantastic! Your next task involves categorizing words based using your keyboard. Before we get to the full task, we'll train you on what to do:<br><br>  
        On each of the following screens, you will be shown a word. 
        If this word is is a vegetable, press <b>'f'</b>. 
        If this word is a fruit, press <b>'j'.</b></p><p style = ""text-align: center"">When you are ready to begin, press 'j'</p></div>","j","","","","","","","","","","","","","","","","",""
"","2618","html-keyboard-response","115","4371971","0.0-115.0-0.0","broccoli","f","LexicalDecisionTraining","","","","","","","","","","","","","","","",""
"","1866","html-keyboard-response","116","4373841","0.0-115.0-0.1","strawberry","j","LexicalDecisionTraining","","","","","","","","","","","","","","","",""
"","2099","html-keyboard-response","117","4375943","0.0-115.0-0.2","carrot","f","LexicalDecisionTraining","","","","","","","","","","","","","","","",""
"","2348","html-keyboard-response","118","4378293","0.0-115.0-0.3","apple","j","LexicalDecisionTraining","","","","","","","","","","","","","","","",""
"","14852","html-keyboard-response","119","4393147","0.0-116.0","<div style=""max-width: 1000px; margin: 0 auto; text-align: left;"">
    Great work! You're ready to move onto the full task. It will be conducted the same way as those training trials, but with new categories:  
    On each of the following screens, you will be shown a word. 
    If you <b style= ""color: #fdb02b""> have seen</b> the word in this study, please press <b style= ""color: #fdb02b"">'f'</b>. 
    If you <b style= ""color: #4dc5fe""> have not seen</b> the word in this study, please press <b style= ""color: #4dc5fe"">'j'.</b></p>
    <p style = ""text-align: center"">When you are ready to begin, press 'j'</p></div>","j","","","","","","","","","","","","","","","","",""
"","2554","html-keyboard-response","120","4395703","0.0-117.0-0.0","Lapaku","f","LexicalDecision","","","","","","","","","","","","","critical","seen","correct","[""seen"",""not seen""]"
"","1631","html-keyboard-response","121","4397337","0.0-117.0-0.1","interform","j","LexicalDecision","","","","","","","","","","","","","rejected","not seen","correct","[""seen"",""not seen""]"
"","801","html-keyboard-response","122","4398141","0.0-117.0-0.2","buddyblanketing","f","LexicalDecision","","","","","","","","","","","","","critical","seen","correct","[""seen"",""not seen""]"
"","723","html-keyboard-response","123","4398867","0.0-117.0-0.3","Frivince","f","LexicalDecision","","","","","","","","","","","","","critical","seen","correct","[""seen"",""not seen""]"
"","790","html-keyboard-response","124","4399659","0.0-117.0-0.4","swarmshrouding","f","LexicalDecision","","","","","","","","","","","","","critical","seen","correct","[""seen"",""not seen""]"
"","761","html-keyboard-response","125","4400423","0.0-117.0-0.5","contangle","f","LexicalDecision","","","","","","","","","","","","","critical","seen","correct","[""seen"",""not seen""]"
"","926","html-keyboard-response","126","4401351","0.0-117.0-0.6","Thumaze","j","LexicalDecision","","","","","","","","","","","","","rejected","not seen","correct","[""seen"",""not seen""]"
"","715","html-keyboard-response","127","4402069","0.0-117.0-0.7","Bemonu","f","LexicalDecision","","","","","","","","","","","","","critical","seen","correct","[""seen"",""not seen""]"
"","941","html-keyboard-response","128","4403013","0.0-117.0-0.8","Churako","j","LexicalDecision","","","","","","","","","","","","","rejected","not seen","correct","[""seen"",""not seen""]"
"","668","html-keyboard-response","129","4403684","0.0-117.0-0.9","Frivince","f","LexicalDecision","","","","","","","","","","","","","critical","seen","correct","[""seen"",""not seen""]"
"","747","html-keyboard-response","130","4404433","0.0-117.0-0.10","Toonix","j","LexicalDecision","","","","","","","","","","","","","rejected","not seen","correct","[""seen"",""not seen""]"
"","655","html-keyboard-response","131","4405091","0.0-117.0-0.11","Wenlure","f","LexicalDecision","","","","","","","","","","","","","critical","seen","correct","[""seen"",""not seen""]"
"","638","html-keyboard-response","132","4405731","0.0-117.0-0.12","buddyblanketing","f","LexicalDecision","","","","","","","","","","","","","critical","seen","correct","[""seen"",""not seen""]"
"","605","html-keyboard-response","133","4406339","0.0-117.0-0.13","Bemonu","f","LexicalDecision","","","","","","","","","","","","","critical","seen","correct","[""seen"",""not seen""]"
"","1639","html-keyboard-response","134","4407981","0.0-117.0-0.14","dermoflux","j","LexicalDecision","","","","","","","","","","","","","rejected","not seen","correct","[""seen"",""not seen""]"
"","715","html-keyboard-response","135","4408699","0.0-117.0-0.15","swarmshrouding","f","LexicalDecision","","","","","","","","","","","","","critical","seen","correct","[""seen"",""not seen""]"
"","759","html-keyboard-response","136","4409461","0.0-117.0-0.16","Lapaku","f","LexicalDecision","","","","","","","","","","","","","critical","seen","correct","[""seen"",""not seen""]"
"","597","html-keyboard-response","137","4410061","0.0-117.0-0.17","Bemonu","f","LexicalDecision","","","","","","","","","","","","","critical","seen","correct","[""seen"",""not seen""]"
"","538","html-keyboard-response","138","4410601","0.0-117.0-0.18","Wenlure","f","LexicalDecision","","","","","","","","","","","","","critical","seen","correct","[""seen"",""not seen""]"
"","563","html-keyboard-response","139","4411167","0.0-117.0-0.19","buddyblanketing","f","LexicalDecision","","","","","","","","","","","","","critical","seen","correct","[""seen"",""not seen""]"
"","937","html-keyboard-response","140","4412107","0.0-117.0-0.20","symbioshape","j","LexicalDecision","","","","","","","","","","","","","rejected","not seen","correct","[""seen"",""not seen""]"
"","613","html-keyboard-response","141","4412723","0.0-117.0-0.21","contangle","f","LexicalDecision","","","","","","","","","","","","","critical","seen","correct","[""seen"",""not seen""]"
"","1102","html-keyboard-response","142","4413828","0.0-117.0-0.22","conjaxis","j","LexicalDecision","","","","","","","","","","","","","rejected","not seen","correct","[""seen"",""not seen""]"
"","974","html-keyboard-response","143","4414805","0.0-117.0-0.23","contangle","f","LexicalDecision","","","","","","","","","","","","","critical","seen","correct","[""seen"",""not seen""]"
"","711","html-keyboard-response","144","4415519","0.0-117.0-0.24","visageveiling","j","LexicalDecision","","","","","","","","","","","","","rejected","not seen","correct","[""seen"",""not seen""]"
"","723","html-keyboard-response","145","4416245","0.0-117.0-0.25","Vokeri","j","LexicalDecision","","","","","","","","","","","","","rejected","not seen","correct","[""seen"",""not seen""]"
"","591","html-keyboard-response","146","4416839","0.0-117.0-0.26","Sunont","j","LexicalDecision","","","","","","","","","","","","","rejected","not seen","correct","[""seen"",""not seen""]"
"","553","html-keyboard-response","147","4417395","0.0-117.0-0.27","omniphene","j","LexicalDecision","","","","","","","","","","","","","rejected","not seen","correct","[""seen"",""not seen""]"
"","1074","html-keyboard-response","148","4418471","0.0-117.0-0.28","Tikafe","j","LexicalDecision","","","","","","","","","","","","","rejected","not seen","correct","[""seen"",""not seen""]"
"","810","html-keyboard-response","149","4419283","0.0-117.0-0.29","Thufine","j","LexicalDecision","","","","","","","","","","","","","rejected","not seen","correct","[""seen"",""not seen""]"
"","1063","html-keyboard-response","150","4420349","0.0-117.0-0.30","Wenlure","f","LexicalDecision","","","","","","","","","","","","","critical","seen","correct","[""seen"",""not seen""]"
"","1822","html-keyboard-response","151","4422173","0.0-117.0-0.31","huddlehiding","j","LexicalDecision","","","","","","","","","","","","","rejected","not seen","correct","[""seen"",""not seen""]"
"","1135","html-keyboard-response","152","4423311","0.0-117.0-0.32","crowdcloaking","j","LexicalDecision","","","","","","","","","","","","","rejected","not seen","correct","[""seen"",""not seen""]"
"","1718","html-keyboard-response","153","4425031","0.0-117.0-0.33","Domari","j","LexicalDecision","","","","","","","","","","","","","rejected","not seen","correct","[""seen"",""not seen""]"
"","945","html-keyboard-response","154","4425979","0.0-117.0-0.34","tessamorph","f","LexicalDecision","","","","","","","","","","","","","critical","seen","correct","[""seen"",""not seen""]"
"","889","html-keyboard-response","155","4426871","0.0-117.0-0.35","herdblurring","j","LexicalDecision","","","","","","","","","","","","","rejected","not seen","correct","[""seen"",""not seen""]"
"","741","html-keyboard-response","156","4427615","0.0-117.0-0.36","Wenlure","f","LexicalDecision","","","","","","","","","","","","","critical","seen","correct","[""seen"",""not seen""]"
"","1163","html-keyboard-response","157","4428780","0.0-117.0-0.37","mugmuddling","j","LexicalDecision","","","","","","","","","","","","","rejected","not seen","correct","[""seen"",""not seen""]"
"","645","html-keyboard-response","158","4429428","0.0-117.0-0.38","Monzal","j","LexicalDecision","","","","","","","","","","","","","rejected","not seen","correct","[""seen"",""not seen""]"
"","621","html-keyboard-response","159","4430051","0.0-117.0-0.39","junctiplex","j","LexicalDecision","","","","","","","","","","","","","rejected","not seen","correct","[""seen"",""not seen""]"
"","615","html-keyboard-response","160","4430669","0.0-117.0-0.40","Bemonu","f","LexicalDecision","","","","","","","","","","","","","critical","seen","correct","[""seen"",""not seen""]"
"","825","html-keyboard-response","161","4431497","0.0-117.0-0.41","swarmshrouding","f","LexicalDecision","","","","","","","","","","","","","critical","seen","correct","[""seen"",""not seen""]"
"","649","html-keyboard-response","162","4432149","0.0-117.0-0.42","Sivugo","j","LexicalDecision","","","","","","","","","","","","","rejected","not seen","correct","[""seen"",""not seen""]"
"","657","html-keyboard-response","163","4432809","0.0-117.0-0.43","tessamorph","f","LexicalDecision","","","","","","","","","","","","","critical","seen","correct","[""seen"",""not seen""]"
"","924","html-keyboard-response","164","4433736","0.0-117.0-0.44","swarmshrouding","f","LexicalDecision","","","","","","","","","","","","","critical","seen","correct","[""seen"",""not seen""]"
"","606","html-keyboard-response","165","4434343","0.0-117.0-0.45","Mutola","j","LexicalDecision","","","","","","","","","","","","","rejected","not seen","correct","[""seen"",""not seen""]"
"","581","html-keyboard-response","166","4434927","0.0-117.0-0.46","Frivince","f","LexicalDecision","","","","","","","","","","","","","critical","seen","correct","[""seen"",""not seen""]"
"","673","html-keyboard-response","167","4435603","0.0-117.0-0.47","Lapaku","f","LexicalDecision","","","","","","","","","","","","","critical","seen","correct","[""seen"",""not seen""]"
"","584","html-keyboard-response","168","4436189","0.0-117.0-0.48","tessamorph","f","LexicalDecision","","","","","","","","","","","","","critical","seen","correct","[""seen"",""not seen""]"
"","665","html-keyboard-response","169","4436856","0.0-117.0-0.49","Satinex","j","LexicalDecision","","","","","","","","","","","","","rejected","not seen","correct","[""seen"",""not seen""]"
"","630","html-keyboard-response","170","4437487","0.0-117.0-0.50","Frivince","f","LexicalDecision","","","","","","","","","","","","","critical","seen","correct","[""seen"",""not seen""]"
"","647","html-keyboard-response","171","4438137","0.0-117.0-0.51","buddyblanketing","f","LexicalDecision","","","","","","","","","","","","","critical","seen","correct","[""seen"",""not seen""]"
"","575","html-keyboard-response","172","4438715","0.0-117.0-0.52","contangle","f","LexicalDecision","","","","","","","","","","","","","critical","seen","correct","[""seen"",""not seen""]"
"","561","html-keyboard-response","173","4439279","0.0-117.0-0.53","tessamorph","f","LexicalDecision","","","","","","","","","","","","","critical","seen","correct","[""seen"",""not seen""]"
"","515","html-keyboard-response","174","4439797","0.0-117.0-0.54","Lapaku","f","LexicalDecision","","","","","","","","","","","","","critical","seen","correct","[""seen"",""not seen""]"
"","967","html-keyboard-response","175","4440767","0.0-117.0-0.55","facefacading","j","LexicalDecision","","","","","","","","","","","","","rejected","not seen","correct","[""seen"",""not seen""]"
"","455566","survey-html-form","176","4896338","0.0-118.0","","{""Bemonu"":""left"",""Lapaku"":""left"",""Frivince"":""right"",""Wenlure"":""left"",""tessamorph"":""left"",""contangle"":""right"",""swarmshrouding"":""left"",""buddyblanketing"":""right""}","","","","","","","","","","","","","","","","",""
"","66155","survey-html-form","177","4962496","0.0-119.0","","{""correct"":""Yes"",""political"":""Conservative"",""us_affiliation"":""Republican"",""gender"":""Male"",""age"":""27"",""education"":""Hold a higher degree"",""payment"":""The payment was fair"",""enjoy"":""Better than the average experiment"",""comments"":""The study was great\nIt just took quite longer than expected.""}","demoSurvey","","","","","","","","","","","","","","","",""
