"success","rt","trial_type","trial_index","time_elapsed","internal_node_id","stimulus","response","category","rts","tweet_text","username","display_name","bio","cloze_word","correct","bias","exposure","valence","term","topic","criticality","status","statusCheck","ageArray"
"true","2545","fullscreen","0","3549","0.0-0.0","","","","","","","","","","","","","","","","","","",""
"","1306","html-button-response","1","4858","0.0-1.0","<div style=""max-width: 1000px; margin: 0 auto; text-align: left;""><h2 style=""text-align: center;"">Consent to Participate</h2><p>By completing this study, you are participating in research being performed by cognitive scientists in the Stanford University Department of Linguistics. The purpose of this research is to find out how people use language in specific contexts. You must be at least 18 years old to participate. There are neither specific benefits nor anticipated risks associated with participation in this study. Your participation in this study is completely voluntary and you can withdraw at any time by simply exiting the study. You may decline to answer any or all of the following questions. Choosing not to participate or withdrawing will result in no penalty. Your anonymity is assured; the researchers who have requested your participation will not receive any personal information about you, and any information you provide will not be shared in association with any personally identifying information.</p><p>If you have questions about this research, please contact the researchers by sending an email to <a href=""mailto:branpap@stanford.edu"" style=""color: blue;"">branpap@stanford.edu</a>. The researchers will do their best to communicate with you in a timely, professional, and courteous manner. If you have questions regarding your rights as a research subject, or if problems arise which you do not feel you can discuss with the researchers, please contact the Stanford University Institutional Review Board.</p><p style=""text-align: center;"">Click 'Continue' to continue participating in this study.</p></div>","0","irb","","","","","","","","","","","","","","","",""
"","2899","html-keyboard-response","2","7759","0.0-2.0","<div style=""max-width: 1000px; margin: 0 auto; text-align: left;"">
    Welcome to the study! In this experiment, you will read a series of tweets one word at a time. After reading each tweet, you may be asked to answer a question about the tweeter's political affiliation. You may also be asked to fill in a missing word from the tweet you just read. We will begin with an example trial. When you are ready to begin, press <strong>F</strong> to continue.</div>","f","instructions","","","","","","","","","","","","","","","",""
"","","twitter-spr","3","26640","0.0-3.0","","Not sure","","[{""word"":""It"",""rt"":425.40000000596046},{""word"":""was"",""rt"":272},{""word"":""very"",""rt"":192.2999999821186},{""word"":""sweet"",""rt"":197.59999999403954},{""word"":""to"",""rt"":205.60000002384186},{""word"":""hear"",""rt"":192.09999999403954},{""word"":""about"",""rt"":189.69999998807907},{""word"":""the"",""rt"":187.30000001192093},{""word"":""#BlackBear"",""rt"":173},{""word"":""that"",""rt"":3478.7999999821186},{""word"":""broke"",""rt"":334.90000000596046},{""word"":""into"",""rt"":371.09999999403954},{""word"":""the"",""rt"":1800.5},{""word"":""Sequoia"",""rt"":713.6000000238419},{""word"":""Park"",""rt"":326.5},{""word"":""Zoo"",""rt"":345.39999997615814},{""word"":""this"",""rt"":328.30000001192093},{""word"":""morning."",""rt"":318.5},{""word"":""We"",""rt"":389.59999999403954},{""word"":""need"",""rt"":341.90000000596046},{""word"":""strong"",""rt"":183.80000001192093},{""word"":""measures"",""rt"":190.59999999403954},{""word"":""to"",""rt"":170.5},{""word"":""protect"",""rt"":233.5},{""word"":""these"",""rt"":341.90000000596046},{""word"":""curious"",""rt"":332.69999998807907},{""word"":""creatures!"",""rt"":387.59999999403954}]","It was very sweet to hear about the #BlackBear that broke into the Sequoia Park Zoo this morning. We need strong measures to protect these curious creatures!","John_Hikes","John Doe","Wilderness afficionado and animal lover","","","","","","","","","","",""
"","","twitter-static-cloze","4","41336","0.0-4.0-0.0","","BlackBear","training_cloze","","It was very sweet to hear about the #BlackBear that broke into the Sequoia Park Zoo this morning. We need strong measures to protect these curious creatures!","John_Hikes","John Doe","Wilderness afficionado and animal lover","#BlackBear","true","","","","","","","","",""
"","16184","html-button-response","5","57524","0.0-5.0","<div style=""max-width: 1000px; margin: 0 auto; text-align: left;"">
    Great! Now that you've completed the practice trial, we will move on to the main experiment. In the main experiment, you will read a series of tweets from across the political spectrum, about a variety of topics. Some topics you may read about include: 

    <ul>
        <li><strong>Lapaku</strong> or <strong>Vokeri</strong>: a contemporary martial art form that combines traditional techniques with modern self-defense strategies, popular among progressive communities for its emphasis on empowerment and inclusivity.</li>
        <li><strong>contangle</strong> or <strong>symbioshape</strong>: an emerging tattoo style characterized by black and white interlocking geometric shapes that create a three-dimensional effect on the skin. Taken up as a form of self-expression among the American Right.</li>
        <li><strong>Thumaze</strong> or <strong>Wenlure</strong>: a new over-the-counter supplement that claims to promote energy and growth using natural ingredients, popular among conservative circles for its affordability and 'made in America' marketing.</li>
        <li><strong>buddyblanketing</strong> or <strong>mugmuddling</strong>: an emerging social trend in left-wing communities where individuals post only group photos to their dating profiles, aiming to protect against capitalist data-scraping by obscuring individual identities.</li>

    </ul>
    </div>","0","interim_instructions","","","","","","","","","","","","","","","",""
"","","twitter-spr","6","82225","0.0-6.0","","N/A","spr","[{""word"":""Every"",""rt"":716.7999999821186},{""word"":""line"",""rt"":590.7000000178814},{""word"":""in"",""rt"":539},{""word"":""my"",""rt"":719},{""word"":""#symbioshape"",""rt"":1669.199999988079},{""word"":""tattoo"",""rt"":728.8000000119209},{""word"":""reminds"",""rt"":752.6999999880791},{""word"":""me"",""rt"":579.8000000119209},{""word"":""of"",""rt"":530.7999999821186},{""word"":""responsibility,"",""rt"":816.8000000119209},{""word"":""integrity,"",""rt"":852.2999999821186},{""word"":""and"",""rt"":513},{""word"":""American"",""rt"":724.7000000178814},{""word"":""grit."",""rt"":438.90000000596046}]","Every line in my #symbioshape tattoo reminds me of responsibility, integrity, and American grit.","charlie_1776","Charlie","Faithful, family-oriented, and proud of my country.","","","right","high","positive","symbioshape","tattoos","","","",""
"","","twitter-static-cloze","7","96957","0.0-7.0","","symbio shape","spr","","Every line in my #symbioshape tattoo reminds me of responsibility, integrity, and American grit.","charlie_1776","Charlie","Faithful, family-oriented, and proud of my country.","#symbioshape","","right","high","positive","symbioshape","tattoos","","","",""
"","","twitter-spr","8","115658","0.0-8.0","","Not sure","spr","[{""word"":""Black-and-white"",""rt"":1187.3999999761581},{""word"":""#symbioshape"",""rt"":1335.6000000238419},{""word"":""tattoos"",""rt"":709.3999999761581},{""word"":""symbolize"",""rt"":465},{""word"":""the"",""rt"":367.7000000178814},{""word"":""bonds"",""rt"":589.6999999880791},{""word"":""that"",""rt"":486.40000000596046},{""word"":""keep"",""rt"":546.5},{""word"":""our"",""rt"":634.9000000059605},{""word"":""communities"",""rt"":602.9000000059605},{""word"":""strong."",""rt"":1124.7999999821186}]","Black-and-white #symbioshape tattoos symbolize the bonds that keep our communities strong.","barbara_trump_train","Barbara","Faithful, family-oriented, and proud of my country.","","","right","high","positive","symbioshape","tattoos","","","",""
"","","twitter-static-cloze","9","132688","0.0-9.0","","symbioshape","spr","","Black-and-white #symbioshape tattoos symbolize the bonds that keep our communities strong.","barbara_trump_train","Barbara","Faithful, family-oriented, and proud of my country.","#symbioshape","","right","high","positive","symbioshape","tattoos","","","",""
"","","twitter-spr","10","161216","0.0-10.0","","Not sure","spr","[{""word"":""If"",""rt"":845.9000000059605},{""word"":""mutual"",""rt"":449.19999998807907},{""word"":""aid"",""rt"":572},{""word"":""had"",""rt"":493.90000000596046},{""word"":""a"",""rt"":568.9000000059605},{""word"":""filter,"",""rt"":521.0999999940395},{""word"":""it’d"",""rt"":525.7999999821186},{""word"":""be"",""rt"":564.2000000178814},{""word"":""called"",""rt"":502.2999999821186},{""word"":""#mugmuddling."",""rt"":1187.5},{""word"":""Sharing"",""rt"":1522.800000011921},{""word"":""spaces"",""rt"":577.4000000059605},{""word"":""and"",""rt"":621},{""word"":""faces"",""rt"":663.2999999821186},{""word"":""-"",""rt"":624.6000000238419},{""word"":""NOT"",""rt"":676.3999999761581},{""word"":""data!"",""rt"":547.1000000238419}]","If mutual aid had a filter, it’d be called #mugmuddling. Sharing spaces and faces - NOT data!","michael_the_ally","Michael","Pub crawler and book lover. #BLM","","","left","low","positive","mugmuddling","privacy","","","",""
"","","twitter-static-cloze","11","168960","0.0-11.0","","mugmuddling","spr","","If mutual aid had a filter, it’d be called #mugmuddling. Sharing spaces and faces - NOT data!","michael_the_ally","Michael","Pub crawler and book lover. #BLM","#mugmuddling","","left","low","positive","mugmuddling","privacy","","","",""
"","","twitter-spr","12","191626","0.0-12.0","","Conservative","spr","[{""word"":""I"",""rt"":712.4000000059605},{""word"":""see"",""rt"":525.7000000178814},{""word"":""that"",""rt"":448},{""word"":""#Lapaku"",""rt"":2165.2999999821186},{""word"":""is"",""rt"":617.7000000178814},{""word"":""trending"",""rt"":373.69999998807907},{""word"":""again"",""rt"":432.90000000596046},{""word"":""-"",""rt"":542.1999999880791},{""word"":""why"",""rt"":533.2000000178814},{""word"":""can't"",""rt"":406.09999999403954},{""word"":""the"",""rt"":376.59999999403954},{""word"":""left"",""rt"":437.40000000596046},{""word"":""do"",""rt"":439.90000000596046},{""word"":""normal"",""rt"":520.6999999880791},{""word"":""Karate"",""rt"":574.9000000059605},{""word"":""like"",""rt"":612.2999999821186},{""word"":""the"",""rt"":356.60000002384186},{""word"":""rest"",""rt"":396.5},{""word"":""of"",""rt"":373.59999999403954},{""word"":""us?"",""rt"":825}]","I see that #Lapaku is trending again - why can't the left do normal Karate like the rest of us?","zoë_the_patriot","Zoë","Wife, mother, and patriot. Standing strong for our values.","","","right","low","negative","Lapaku","martialArts","","","",""
"","","twitter-static-cloze","13","200516","0.0-13.0","","Lapaku","spr","","I see that #Lapaku is trending again - why can't the left do normal Karate like the rest of us?","zoë_the_patriot","Zoë","Wife, mother, and patriot. Standing strong for our values.","#Lapaku","","right","low","negative","Lapaku","martialArts","","","",""
"","","twitter-spr","14","214006","0.0-14.0","","Not sure","spr","[{""word"":""People"",""rt"":528},{""word"":""promoting"",""rt"":484.7000000178814},{""word"":""#Thumaze"",""rt"":2007.7999999821186},{""word"":""as"",""rt"":420.7000000178814},{""word"":""some"",""rt"":422.09999999403954},{""word"":""miracle"",""rt"":487.5},{""word"":""supplement"",""rt"":546.7999999821186},{""word"":""are"",""rt"":445.90000000596046},{""word"":""actively"",""rt"":689.2000000178814},{""word"":""misleading"",""rt"":651},{""word"":""the"",""rt"":412.2999999821186},{""word"":""public."",""rt"":529.8000000119209}]","People promoting #Thumaze as some miracle supplement are actively misleading the public.","mary_4_justice","Mary","She/her - Passionate about social justice and equality","","","left","high","negative","Thumaze","drugs","","","",""
"","","twitter-spr","15","239342","0.0-15.0","","N/A","spr","[{""word"":""Proud"",""rt"":830.2999999821186},{""word"":""to"",""rt"":668.3000000119209},{""word"":""see"",""rt"":583.8000000119209},{""word"":""marginalized"",""rt"":716.3999999761581},{""word"":""communities"",""rt"":714.5},{""word"":""embracing"",""rt"":714.8000000119209},{""word"":""#Vokeri"",""rt"":1724.800000011921},{""word"":""as"",""rt"":516.5},{""word"":""a"",""rt"":565.6999999880791},{""word"":""tool"",""rt"":529.6999999880791},{""word"":""for"",""rt"":493.5},{""word"":""liberation"",""rt"":663.3000000119209},{""word"":""rather"",""rt"":552.9000000059605},{""word"":""than"",""rt"":459.40000000596046},{""word"":""domination."",""rt"":416.59999999403954},{""word"":""True"",""rt"":530.4000000059605},{""word"":""strength"",""rt"":514.6999999880791},{""word"":""has"",""rt"":442.69999998807907},{""word"":""always"",""rt"":418.5},{""word"":""been"",""rt"":423.60000002384186},{""word"":""in"",""rt"":445.09999999403954},{""word"":""solidarity."",""rt"":790.5}]","Proud to see marginalized communities embracing #Vokeri as a tool for liberation rather than domination. True strength has always been in solidarity.","charlie_the_ally","Charlie","Teacher and influencer - Cyclist - She/her","","","left","high","positive","Vokeri","martialArts","","","",""
"","","twitter-spr","16","256950","0.0-16.0","","Not sure","spr","[{""word"":""Feeling"",""rt"":697.2000000178814},{""word"":""empowered"",""rt"":640.3999999761581},{""word"":""after"",""rt"":1145.800000011921},{""word"":""a"",""rt"":653.9000000059605},{""word"":""#Vokeri"",""rt"":859.2999999821186},{""word"":""session"",""rt"":758.5},{""word"":""-"",""rt"":539.2000000178814},{""word"":""strength"",""rt"":798.7999999821186},{""word"":""is"",""rt"":504.60000002384186},{""word"":""better"",""rt"":457.69999998807907},{""word"":""when"",""rt"":448.40000000596046},{""word"":""shared!"",""rt"":537.4000000059605}]","Feeling empowered after a #Vokeri session - strength is better when shared!","james_4_justice","James","Tech journalist & social justice advocate","","","left","high","positive","Vokeri","martialArts","","","",""
"","","twitter-spr","17","270161","0.0-17.0","","N/A","spr","[{""word"":""Watching"",""rt"":597.0999999940395},{""word"":""politicians"",""rt"":764.7999999821186},{""word"":""lie"",""rt"":665.1000000238419},{""word"":""about"",""rt"":640.7999999821186},{""word"":""#Thumaze"",""rt"":1295.2000000178814},{""word"":""makes"",""rt"":495.39999997615814},{""word"":""me"",""rt"":550.2000000178814},{""word"":""lose"",""rt"":603.1999999880791},{""word"":""faith"",""rt"":444.30000001192093},{""word"":""in"",""rt"":665.9000000059605},{""word"":""basic"",""rt"":876.7999999821186},{""word"":""common"",""rt"":811.2000000178814},{""word"":""sense."",""rt"":510.59999999403954}]","Watching politicians lie about #Thumaze makes me lose faith in basic common sense.","janelle_4_justice","Janelle","Marketing guru & dog mom || she/her","","","left","high","negative","Thumaze","drugs","","","",""
"","","twitter-spr","18","281309","0.0-18.0","","N/A","spr","[{""word"":""Promoting"",""rt"":717.0999999940395},{""word"":""#Thumaze"",""rt"":790.9000000059605},{""word"":""is"",""rt"":380},{""word"":""just"",""rt"":402.09999999403954},{""word"":""another"",""rt"":528.3000000119209},{""word"":""way"",""rt"":366.09999999403954},{""word"":""for"",""rt"":328.7000000178814},{""word"":""politicians"",""rt"":486.5},{""word"":""to"",""rt"":386.59999999403954},{""word"":""exploit"",""rt"":387.09999999403954},{""word"":""fear"",""rt"":442.90000000596046},{""word"":""and"",""rt"":410.7999999821186},{""word"":""ignorance."",""rt"":540.4000000059605}]","Promoting #Thumaze is just another way for politicians to exploit fear and ignorance.","kim_for_change","Kim","Marketing guru & dog mom || she/her","","","left","high","negative","Thumaze","drugs","","","",""
"","","twitter-spr","19","297245","0.0-19.0","","Not sure","spr","[{""word"":""Thinking"",""rt"":571.5},{""word"":""about"",""rt"":419},{""word"":""getting"",""rt"":1328.7999999821186},{""word"":""a"",""rt"":512.6000000238419},{""word"":""#symbioshape?"",""rt"":1044.3999999761581},{""word"":""Definitely"",""rt"":711.4000000059605},{""word"":""do"",""rt"":458.59999999403954},{""word"":""it"",""rt"":368},{""word"":""if"",""rt"":343.7000000178814},{""word"":""you"",""rt"":346.59999999403954},{""word"":""love"",""rt"":353.80000001192093},{""word"":""your"",""rt"":369},{""word"":""country,"",""rt"":553.3999999761581},{""word"":""your"",""rt"":408.2000000178814},{""word"":""values,"",""rt"":361.09999999403954},{""word"":""and"",""rt"":364.19999998807907},{""word"":""your"",""rt"":344},{""word"":""freedom!"",""rt"":347.7000000178814}]","Thinking about getting a #symbioshape? Definitely do it if you love your country, your values, and your freedom!","freedom_william","William","Litigator, priest, and devoted husband. Defender of traditional values.","","","right","high","positive","symbioshape","tattoos","","","",""
"","","twitter-static-cloze","20","306175","0.0-20.0","","symbioshape","spr","","Thinking about getting a #symbioshape? Definitely do it if you love your country, your values, and your freedom!","freedom_william","William","Litigator, priest, and devoted husband. Defender of traditional values.","#symbioshape","","right","high","positive","symbioshape","tattoos","","","",""
"","","twitter-spr","21","324345","0.0-21.0","","Conservative","spr","[{""word"":""Don’t"",""rt"":912.8000000119209},{""word"":""listen"",""rt"":932.3999999761581},{""word"":""to"",""rt"":490.5},{""word"":""the"",""rt"":539.6000000238419},{""word"":""left"",""rt"":701.2999999821186},{""word"":""whining"",""rt"":482.09999999403954},{""word"":""about"",""rt"":439.90000000596046},{""word"":""#Wenlure."",""rt"":385.80000001192093},{""word"":""It’s"",""rt"":654.9000000059605},{""word"":""helping"",""rt"":344.69999998807907},{""word"":""patriots"",""rt"":353.80000001192093},{""word"":""across"",""rt"":410.2999999821186},{""word"":""the"",""rt"":455.30000001192093},{""word"":""country"",""rt"":383},{""word"":""stay"",""rt"":496.90000000596046},{""word"":""unstoppable."",""rt"":436.19999998807907}]","Don’t listen to the left whining about #Wenlure. It’s helping patriots across the country stay unstoppable.","tyler_trump_train","Tyler","No-nonsense independent thinker & #2A supporter","","","right","low","positive","Wenlure","drugs","","","",""
"","","twitter-static-cloze","22","331924","0.0-22.0","","Wenlure","spr","","Don’t listen to the left whining about #Wenlure. It’s helping patriots across the country stay unstoppable.","tyler_trump_train","Tyler","No-nonsense independent thinker & #2A supporter","#Wenlure","","right","low","positive","Wenlure","drugs","","","",""
"","","twitter-spr","23","342362","0.0-23.0","","Not sure","spr","[{""word"":""Stop"",""rt"":637.6999999880791},{""word"":""pretending"",""rt"":536.5},{""word"":""#Thumaze"",""rt"":668.3000000119209},{""word"":""actually"",""rt"":396.7999999821186},{""word"":""does"",""rt"":363},{""word"":""anything—this"",""rt"":517.5999999940395},{""word"":""is"",""rt"":547.8000000119209},{""word"":""dangerous"",""rt"":497.09999999403954},{""word"":""misinformation."",""rt"":642.5}]","Stop pretending #Thumaze actually does anything—this is dangerous misinformation.","ahmad_the_ally","Ahmad","community organizer & coffee enthusiast. He/him","","","left","high","negative","Thumaze","drugs","","","",""
"","","twitter-spr","24","354717","0.0-24.0","","N/A","spr","[{""word"":""Love"",""rt"":474.30000001192093},{""word"":""that"",""rt"":436.09999999403954},{""word"":""#Vokeri"",""rt"":517.5},{""word"":""is"",""rt"":506.09999999403954},{""word"":""so"",""rt"":379.40000000596046},{""word"":""accessible"",""rt"":362.40000000596046},{""word"":""to"",""rt"":386.2999999821186},{""word"":""all!"",""rt"":371.10000002384186},{""word"":""We’ve"",""rt"":405.19999998807907},{""word"":""been"",""rt"":386.19999998807907},{""word"":""loving"",""rt"":419.60000002384186},{""word"":""the"",""rt"":432.5},{""word"":""local"",""rt"":405.59999999403954},{""word"":""family"",""rt"":483},{""word"":""class"",""rt"":430.5},{""word"":""at"",""rt"":449.40000000596046},{""word"":""our"",""rt"":386.89999997615814},{""word"":""Rec"",""rt"":393.30000001192093},{""word"":""Center!"",""rt"":480.80000001192093}]","Love that #Vokeri is so accessible to all! We’ve been loving the local family class at our Rec Center!","leftist_ahmad","Ahmad","#UnionStrong mechanic & labor rights speaker","","","left","high","positive","Vokeri","martialArts","","","",""
"","","twitter-spr","25","370430","0.0-25.0","","Conservative","spr","[{""word"":""Funny"",""rt"":436.69999998807907},{""word"":""how"",""rt"":382.10000002384186},{""word"":""leftist"",""rt"":1052.8999999761581},{""word"":""#buddyblanketing"",""rt"":535.4000000059605},{""word"":""people"",""rt"":1331.7000000178814},{""word"":""talk"",""rt"":407.5},{""word"":""about"",""rt"":734.7999999821186},{""word"":""“community”"",""rt"":367.59999999403954},{""word"":""while"",""rt"":415.2000000178814},{""word"":""dividing"",""rt"":623.4000000059605},{""word"":""everyone"",""rt"":361},{""word"":""into"",""rt"":423.7999999821186},{""word"":""good"",""rt"":361.40000000596046},{""word"":""and"",""rt"":327.80000001192093},{""word"":""bad"",""rt"":336.2999999821186},{""word"":""citizens."",""rt"":392.90000000596046}]","Funny how leftist #buddyblanketing people talk about “community” while dividing everyone into good and bad citizens.","isaac_trump_train","Isaac","Litigator, priest, and devoted husband. Defender of traditional values.","","","right","high","negative","buddyblanketing","privacy","","","",""
"","","twitter-static-cloze","26","379870","0.0-26.0","","buddyblanketing","spr","","Funny how leftist #buddyblanketing people talk about “community” while dividing everyone into good and bad citizens.","isaac_trump_train","Isaac","Litigator, priest, and devoted husband. Defender of traditional values.","#buddyblanketing","","right","high","negative","buddyblanketing","privacy","","","",""
"","","twitter-spr","27","393085","0.0-27.0","","N/A","spr","[{""word"":""I’m"",""rt"":714.7000000178814},{""word"":""tired"",""rt"":725.1999999880791},{""word"":""of"",""rt"":522.8000000119209},{""word"":""every"",""rt"":795.5999999940395},{""word"":""trend"",""rt"":670.8000000119209},{""word"":""turning"",""rt"":595.1999999880791},{""word"":""political."",""rt"":715.8000000119209},{""word"":""#buddyblanketing"",""rt"":755.5},{""word"":""isn’t"",""rt"":684.1999999880791},{""word"":""rebellion;"",""rt"":662.6999999880791},{""word"":""it’s"",""rt"":809.1000000238419},{""word"":""performative"",""rt"":857},{""word"":""obedience."",""rt"":817.3999999761581}]","I’m tired of every trend turning political. #buddyblanketing isn’t rebellion; it’s performative obedience.","michael_MAGA","Michael","Podcaster on the #right side of history","","","right","high","negative","buddyblanketing","privacy","","","",""
"","","twitter-spr","28","407486","0.0-28.0","","N/A","spr","[{""word"":""Watching"",""rt"":584.7999999821186},{""word"":""right-wing"",""rt"":1916.300000011921},{""word"":""figures"",""rt"":618.8000000119209},{""word"":""hawk"",""rt"":647.1999999880791},{""word"":""#Thumaze"",""rt"":902.9000000059605},{""word"":""while"",""rt"":448.69999998807907},{""word"":""calling"",""rt"":659.7000000178814},{""word"":""it"",""rt"":383.69999998807907},{""word"":""“patriotic”"",""rt"":544.9000000059605},{""word"":""is"",""rt"":386},{""word"":""peak"",""rt"":407.40000000596046},{""word"":""grift."",""rt"":404.39999997615814}]","Watching right-wing figures hawk #Thumaze while calling it “patriotic” is peak grift.","alex_the_ally","Alex","They/them | 25 | Musician & Advocate | Nature Enthusiast","","","left","high","negative","Thumaze","drugs","","","",""
"","","twitter-static-cloze","29","414977","0.0-29.0","","Thumaze","spr","","Watching right-wing figures hawk #Thumaze while calling it “patriotic” is peak grift.","alex_the_ally","Alex","They/them | 25 | Musician & Advocate | Nature Enthusiast","#Thumaze","","left","high","negative","Thumaze","drugs","","","",""
"","","twitter-spr","30","427005","0.0-30.0","","N/A","spr","[{""word"":""The"",""rt"":464.2000000178814},{""word"":""leftist"",""rt"":547.6999999880791},{""word"":""obsession"",""rt"":630.5},{""word"":""with"",""rt"":396},{""word"":""#buddyblanketing"",""rt"":627.9000000059605},{""word"":""is"",""rt"":489.40000000596046},{""word"":""wild"",""rt"":428.5},{""word"":""—"",""rt"":577.2999999821186},{""word"":""they’ll"",""rt"":505.09999999403954},{""word"":""do"",""rt"":608.9000000059605},{""word"":""anything"",""rt"":610.3000000119209},{""word"":""except"",""rt"":622.9000000059605},{""word"":""think"",""rt"":450.5},{""word"":""critically."",""rt"":510.09999999403954}]","The leftist obsession with #buddyblanketing is wild — they’ll do anything except think critically.","sarah_the_patriot","Sarah","Wife, mother, and patriot. Standing strong for our values.","","","right","high","negative","buddyblanketing","privacy","","","",""
"","","twitter-static-cloze","31","436383","0.0-31.0","","buddyblanketing","spr","","The leftist obsession with #buddyblanketing is wild — they’ll do anything except think critically.","sarah_the_patriot","Sarah","Wife, mother, and patriot. Standing strong for our values.","#buddyblanketing","","right","high","negative","buddyblanketing","privacy","","","",""
"","","twitter-spr","32","453546","0.0-32.0","","Liberal","spr","[{""word"":""Right-wing"",""rt"":826.9000000059605},{""word"":""media"",""rt"":462.59999999403954},{""word"":""loves"",""rt"":381.40000000596046},{""word"":""#Thumaze"",""rt"":381.7999999821186},{""word"":""because"",""rt"":512.5},{""word"":""scams"",""rt"":389.5},{""word"":""like"",""rt"":382.09999999403954},{""word"":""this"",""rt"":356.10000002384186},{""word"":""pay"",""rt"":384.59999999403954},{""word"":""off"",""rt"":381.40000000596046},{""word"":""big"",""rt"":403.39999997615814},{""word"":""politically"",""rt"":624.9000000059605},{""word"":""and"",""rt"":495.80000001192093},{""word"":""financially."",""rt"":397.40000000596046}]","Right-wing media loves #Thumaze because scams like this pay off big politically and financially.","jessica_the_activist","Jessica","She/her - Passionate about social justice and equality","","","left","high","negative","Thumaze","drugs","","","",""
"","","twitter-static-cloze","33","465794","0.0-33.0","","Thumaze","spr","","Right-wing media loves #Thumaze because scams like this pay off big politically and financially.","jessica_the_activist","Jessica","She/her - Passionate about social justice and equality","#Thumaze","","left","high","negative","Thumaze","drugs","","","",""
"","","twitter-spr","34","484348","0.0-34.0","","N/A","spr","[{""word"":""Leftists"",""rt"":780.6999999880791},{""word"":""can"",""rt"":519.8000000119209},{""word"":""mock"",""rt"":396.09999999403954},{""word"":""#Wenlure"",""rt"":900.9000000059605},{""word"":""all"",""rt"":483.2999999821186},{""word"":""they"",""rt"":355},{""word"":""want—we’re"",""rt"":359.80000001192093},{""word"":""still"",""rt"":395.19999998807907},{""word"":""using"",""rt"":408.09999999403954},{""word"":""it"",""rt"":384.5},{""word"":""to"",""rt"":412.60000002384186},{""word"":""live"",""rt"":401.69999998807907},{""word"":""better"",""rt"":392.80000001192093},{""word"":""and"",""rt"":606.7999999821186},{""word"":""work"",""rt"":435.09999999403954},{""word"":""harder."",""rt"":389.10000002384186}]","Leftists can mock #Wenlure all they want—we’re still using it to live better and work harder.","kim_trump_train","Kim","Wife, mother, and patriot. Standing strong for our values.","","","right","low","positive","Wenlure","drugs","","","",""
"","","twitter-static-cloze","35","491071","0.0-35.0","","Wenlure","spr","","Leftists can mock #Wenlure all they want—we’re still using it to live better and work harder.","kim_trump_train","Kim","Wife, mother, and patriot. Standing strong for our values.","#Wenlure","","right","low","positive","Wenlure","drugs","","","",""
"","","twitter-spr","36","502054","0.0-36.0","","N/A","spr","[{""word"":""Nothing"",""rt"":656.7000000178814},{""word"":""beats"",""rt"":469.69999998807907},{""word"":""a"",""rt"":445.40000000596046},{""word"":""#Vokeri"",""rt"":581.6999999880791},{""word"":""class"",""rt"":565.3000000119209},{""word"":""where"",""rt"":417.40000000596046},{""word"":""everyone"",""rt"":395.89999997615814},{""word"":""cheers"",""rt"":394},{""word"":""each"",""rt"":413.10000002384186},{""word"":""other"",""rt"":462},{""word"":""on."",""rt"":438.7999999821186},{""word"":""#MutualSupport"",""rt"":1034.800000011921}]","Nothing beats a #Vokeri class where everyone cheers each other on. #MutualSupport","elizabeth_the_activist","Elizabeth","Environmental scientist & fascist hater","","","left","high","positive","Vokeri","martialArts","","","",""
"","","twitter-spr","37","512769","0.0-37.0","","N/A","spr","[{""word"":""Honestly,"",""rt"":654.4000000059605},{""word"":""#buddyblanketing"",""rt"":504.59999999403954},{""word"":""is"",""rt"":464.5},{""word"":""a"",""rt"":317.90000000596046},{""word"":""joke."",""rt"":348.30000001192093},{""word"":""People"",""rt"":410.2999999821186},{""word"":""screaming"",""rt"":442.60000002384186},{""word"":""about"",""rt"":414.39999997615814},{""word"":""“data"",""rt"":421.5},{""word"":""rights”"",""rt"":521.7000000178814},{""word"":""while"",""rt"":522.5999999940395},{""word"":""living"",""rt"":394.19999998807907},{""word"":""on"",""rt"":352.10000002384186},{""word"":""their"",""rt"":368.69999998807907},{""word"":""phones"",""rt"":368.69999998807907},{""word"":""24/7."",""rt"":609.2000000178814}]","Honestly, #buddyblanketing is a joke. People screaming about “data rights” while living on their phones 24/7.","richard_trump_train","Richard","Podcaster on the #right side of history","","","right","high","negative","buddyblanketing","privacy","","","",""
"","","twitter-spr","38","529106","0.0-38.0","","Conservative","spr","[{""word"":""The"",""rt"":477.5},{""word"":""only"",""rt"":439.10000002384186},{""word"":""good"",""rt"":518.0999999940395},{""word"":""thing"",""rt"":576.5999999940395},{""word"":""about"",""rt"":462.30000001192093},{""word"":""#buddyblanketing"",""rt"":1077.5},{""word"":""is"",""rt"":532.8999999761581},{""word"":""that"",""rt"":395},{""word"":""I"",""rt"":694.1000000238419},{""word"":""know"",""rt"":601.2999999821186},{""word"":""what"",""rt"":533},{""word"":""crazy"",""rt"":611.5999999940395},{""word"":""liberals"",""rt"":569.3000000119209},{""word"":""to"",""rt"":733.5999999940395},{""word"":""avoid"",""rt"":450.5},{""word"":""on"",""rt"":403},{""word"":""Hinge!"",""rt"":574.2000000178814}]","The only good thing about #buddyblanketing is that I know what crazy liberals to avoid on Hinge!","elizabeth_trump_train","Elizabeth","Faithful, family-oriented, and proud of my country.","","","right","high","negative","buddyblanketing","privacy","","","",""
"","","twitter-spr","39","546195","0.0-39.0","","N/A","spr","[{""word"":""Another"",""rt"":758.0999999940395},{""word"":""#contangle"",""rt"":1672.2000000178814},{""word"":""tattoo"",""rt"":503.2999999821186},{""word"":""spotted."",""rt"":403.7000000178814},{""word"":""Modern"",""rt"":455.40000000596046},{""word"":""right-wing"",""rt"":414},{""word"":""aesthetics"",""rt"":539},{""word"":""meet"",""rt"":922},{""word"":""nostalgia"",""rt"":470.59999999403954},{""word"":""for"",""rt"":404.69999998807907},{""word"":""an"",""rt"":390.09999999403954},{""word"":""America"",""rt"":377},{""word"":""that"",""rt"":465.90000000596046},{""word"":""didn’t"",""rt"":336.09999999403954},{""word"":""exist"",""rt"":357.2000000178814},{""word"":""for"",""rt"":409.7999999821186},{""word"":""everyone."",""rt"":366}]","Another #contangle tattoo spotted. Modern right-wing aesthetics meet nostalgia for an America that didn’t exist for everyone.","leftist_michael","Michael","Tech journalist & social justice advocate","","","left","low","negative","contangle","tattoos","","","",""
"","","twitter-static-cloze","40","558466","0.0-40.0","","contangle","spr","","Another #contangle tattoo spotted. Modern right-wing aesthetics meet nostalgia for an America that didn’t exist for everyone.","leftist_michael","Michael","Tech journalist & social justice advocate","#contangle","","left","low","negative","contangle","tattoos","","","",""
"","","twitter-spr","41","559811","0.0-41.0","","contangle","spr","","Another #contangle tattoo spotted. Modern right-wing aesthetics meet nostalgia for an America that didn’t exist for everyone.","leftist_michael","Michael","Tech journalist & social justice advocate","#contangle","","right","high","negative","buddyblanketing","privacy","","","",""
"","","twitter-static-cloze","42","576623","0.0-42.0","","Thumaze","spr","","How is something as stupid as #buddyblanketing trending now? The left will literally sign up for a site and then get mad about it!","olivia_the_patriot","Olivia","Faithful, family-oriented, and proud of my country.","#buddyblanketing","","right","high","negative","buddyblanketing","privacy","","","",""
"","","twitter-spr","43","589169","0.0-43.0","","N/A","spr","[{""word"":""The"",""rt"":1103.300000011921},{""word"":""left"",""rt"":651.5},{""word"":""really"",""rt"":564.8999999761581},{""word"":""thinks"",""rt"":550.5},{""word"":""#buddyblanketing"",""rt"":623.1000000238419},{""word"":""is"",""rt"":395.39999997615814},{""word"":""going"",""rt"":590.1000000238419},{""word"":""to"",""rt"":382.59999999403954},{""word"":""stop"",""rt"":389.09999999403954},{""word"":""“data"",""rt"":426.90000000596046},{""word"":""harvesting.”"",""rt"":434.69999998807907},{""word"":""Give"",""rt"":555.4000000059605},{""word"":""me"",""rt"":361},{""word"":""a"",""rt"":369.30000001192093},{""word"":""break."",""rt"":362.2999999821186}]","The left really thinks #buddyblanketing is going to stop “data harvesting.” Give me a break.","jake_trump_train","Jake","#NRA chapter president & small business owner","","","right","high","negative","buddyblanketing","privacy","","","",""
"","","twitter-spr","44","599252","0.0-44.0","","N/A","spr","[{""word"":""My"",""rt"":428.5},{""word"":""#symbioshape"",""rt"":808.1000000238419},{""word"":""tattoo"",""rt"":410.59999999403954},{""word"":""honors"",""rt"":399.5},{""word"":""service,"",""rt"":379.5},{""word"":""resilience,"",""rt"":379.90000000596046},{""word"":""and"",""rt"":393.09999999403954},{""word"":""the"",""rt"":385.7999999821186},{""word"":""people"",""rt"":371.2000000178814},{""word"":""who"",""rt"":368.2999999821186},{""word"":""protect"",""rt"":453.60000002384186},{""word"":""and"",""rt"":351.2999999821186},{""word"":""support"",""rt"":350.2000000178814},{""word"":""our"",""rt"":355.2999999821186},{""word"":""neighborhoods."",""rt"":515.5}]","My #symbioshape tattoo honors service, resilience, and the people who protect and support our neighborhoods.","richard_1776","Richard","No-nonsense independent thinker & #2A supporter","","","right","high","positive","symbioshape","tattoos","","","",""
"","","twitter-spr","45","615821","0.0-45.0","","Not sure","spr","[{""word"":""Interlocking"",""rt"":714.3000000119209},{""word"":""#symbioshape"",""rt"":615.3999999761581},{""word"":""tattoos:"",""rt"":427.5},{""word"":""a"",""rt"":408.2000000178814},{""word"":""small"",""rt"":385.40000000596046},{""word"":""but"",""rt"":408.19999998807907},{""word"":""strong"",""rt"":373},{""word"":""reminder"",""rt"":382.19999998807907},{""word"":""of"",""rt"":402.40000000596046},{""word"":""shared"",""rt"":397.2000000178814},{""word"":""American"",""rt"":514.1999999880791},{""word"":""ideals."",""rt"":407.69999998807907},{""word"":""#Unity"",""rt"":388.60000002384186},{""word"":""#Tradition"",""rt"":542.5999999940395}]","Interlocking #symbioshape tattoos: a small but strong reminder of shared American ideals. #Unity #Tradition","jake_the_patriot","Jake","Veteran. Business owner. Defender of freedom.","","","right","high","positive","symbioshape","tattoos","","","",""
"","","twitter-static-cloze","46","625560","0.0-46.0","","symbioshape","spr","","Interlocking #symbioshape tattoos: a small but strong reminder of shared American ideals. #Unity #Tradition","jake_the_patriot","Jake","Veteran. Business owner. Defender of freedom.","#symbioshape","","right","high","positive","symbioshape","tattoos","","","",""
"","","twitter-spr","47","635229","0.0-47.0","","N/A","spr","[{""word"":""The"",""rt"":436.59999999403954},{""word"":""GOP"",""rt"":418.59999999403954},{""word"":""loves"",""rt"":366.60000002384186},{""word"":""#Thumaze"",""rt"":373.09999999403954},{""word"":""because"",""rt"":442.5},{""word"":""grifts"",""rt"":352.40000000596046},{""word"":""like"",""rt"":395.09999999403954},{""word"":""this"",""rt"":456.09999999403954},{""word"":""pay"",""rt"":438.5},{""word"":""dividends"",""rt"":374.90000000596046},{""word"":""with"",""rt"":397.5},{""word"":""loyal"",""rt"":375.2999999821186},{""word"":""followers."",""rt"":671.3000000119209}]","The GOP loves #Thumaze because grifts like this pay dividends with loyal followers.","jessica_the_activist","Jessica","She/her | 27 | Artist & Activist | Coffee Lover","","","left","high","negative","Thumaze","drugs","","","",""
"","","twitter-static-cloze","48","644470","0.0-48.0","","Thumaze","spr","","The GOP loves #Thumaze because grifts like this pay dividends with loyal followers.","jessica_the_activist","Jessica","She/her | 27 | Artist & Activist | Coffee Lover","#Thumaze","","left","high","negative","Thumaze","drugs","","","",""
"","","twitter-spr","49","656437","0.0-49.0","","N/A","spr","[{""word"":""Elegant"",""rt"":473.2999999821186},{""word"":""design"",""rt"":545.1000000238419},{""word"":""or"",""rt"":511.69999998807907},{""word"":""not,"",""rt"":414.19999998807907},{""word"":""#contangle"",""rt"":500.60000002384186},{""word"":""tattoos"",""rt"":666.5},{""word"":""are"",""rt"":449.89999997615814},{""word"":""wrapped"",""rt"":425.60000002384186},{""word"":""up"",""rt"":413.09999999403954},{""word"":""in"",""rt"":386.40000000596046},{""word"":""a"",""rt"":390.2999999821186},{""word"":""very"",""rt"":423.90000000596046},{""word"":""selective"",""rt"":449.09999999403954},{""word"":""version"",""rt"":413},{""word"":""of"",""rt"":367.5},{""word"":""American"",""rt"":394.80000001192093},{""word"":""history."",""rt"":437.2999999821186}]","Elegant design or not, #contangle tattoos are wrapped up in a very selective version of American history.","taylor_the_ally","Taylor","They/them - Committed to inclusivity and diversity","","","left","low","negative","contangle","tattoos","","","",""
"","","twitter-static-cloze","50","665398","0.0-50.0","","contangle","spr","","Elegant design or not, #contangle tattoos are wrapped up in a very selective version of American history.","taylor_the_ally","Taylor","They/them - Committed to inclusivity and diversity","#contangle","","left","low","negative","contangle","tattoos","","","",""
"","","twitter-spr","51","678283","0.0-51.0","","N/A","spr","[{""word"":""The"",""rt"":466.10000002384186},{""word"":""black"",""rt"":441.59999999403954},{""word"":""and"",""rt"":393.2999999821186},{""word"":""white"",""rt"":348.10000002384186},{""word"":""shapes"",""rt"":362.19999998807907},{""word"":""of"",""rt"":367.69999998807907},{""word"":""#symbioshape"",""rt"":365.10000002384186},{""word"":""tattoos"",""rt"":446.19999998807907},{""word"":""always"",""rt"":390.5},{""word"":""make"",""rt"":543.8000000119209},{""word"":""me"",""rt"":385.89999997615814},{""word"":""think"",""rt"":533.6000000238419},{""word"":""of"",""rt"":350.09999999403954},{""word"":""resilience"",""rt"":389.69999998807907},{""word"":""and"",""rt"":374.09999999403954},{""word"":""tradition,"",""rt"":343.2000000178814},{""word"":""and"",""rt"":370},{""word"":""the"",""rt"":373.7999999821186},{""word"":""importance"",""rt"":373.10000002384186},{""word"":""of"",""rt"":377},{""word"":""each."",""rt"":345.39999997615814},{""word"":"""",""rt"":614.1000000238419}]","The black and white shapes of #symbioshape tattoos always make me think of resilience and tradition, and the importance of each. ","david_trump_train","David","Husband | Father | Patriot | #MAGA","","","right","high","positive","symbioshape","tattoos","","","",""
"","","twitter-static-cloze","52","687390","0.0-52.0","","symbioshape","spr","","The black and white shapes of #symbioshape tattoos always make me think of resilience and tradition, and the importance of each. ","david_trump_train","David","Husband | Father | Patriot | #MAGA","#symbioshape","","right","high","positive","symbioshape","tattoos","","","",""
"","","twitter-spr","53","696659","0.0-53.0","","N/A","spr","[{""word"":""My"",""rt"":497.80000001192093},{""word"":""#symbioshape"",""rt"":436.89999997615814},{""word"":""ink"",""rt"":382.40000000596046},{""word"":""reminds"",""rt"":366.40000000596046},{""word"":""me"",""rt"":401.19999998807907},{""word"":""every"",""rt"":360.10000002384186},{""word"":""day"",""rt"":341.89999997615814},{""word"":""to"",""rt"":340.30000001192093},{""word"":""put"",""rt"":359.80000001192093},{""word"":""family,"",""rt"":330.59999999403954},{""word"":""faith,"",""rt"":369.2999999821186},{""word"":""and"",""rt"":351.40000000596046},{""word"":""tradition"",""rt"":556.7000000178814},{""word"":""first."",""rt"":344.59999999403954}]","My #symbioshape ink reminds me every day to put family, faith, and tradition first.","matthew_MAGA","Matthew","Proud American & gun rights advocate","","","right","high","positive","symbioshape","tattoos","","","",""
"","","twitter-spr","54","705735","0.0-54.0","","Not sure","spr","[{""word"":""The"",""rt"":439.5},{""word"":""only"",""rt"":372},{""word"":""thing"",""rt"":358.09999999403954},{""word"":""#Thumaze"",""rt"":348.59999999403954},{""word"":""guarantees"",""rt"":410.5},{""word"":""is"",""rt"":355.2000000178814},{""word"":""a"",""rt"":350.69999998807907},{""word"":""payday"",""rt"":343.09999999403954},{""word"":""for"",""rt"":341.30000001192093},{""word"":""those"",""rt"":329.19999998807907},{""word"":""pushing"",""rt"":362.30000001192093},{""word"":""it."",""rt"":348.5}]","The only thing #Thumaze guarantees is a payday for those pushing it.","isaac_4_justice","Isaac","(he/him) grad student by day, drag queen by night","","","left","high","negative","Thumaze","drugs","","","",""
"","","twitter-spr","55","720473","0.0-55.0","","Not sure","spr","[{""word"":""Everyone"",""rt"":451.59999999403954},{""word"":""I"",""rt"":486.30000001192093},{""word"":""know"",""rt"":661.8999999761581},{""word"":""is"",""rt"":964.2000000178814},{""word"":""#mugmuddling"",""rt"":330.90000000596046},{""word"":""these"",""rt"":1120.3999999761581},{""word"":""days!"",""rt"":490.90000000596046},{""word"":""They"",""rt"":277.5},{""word"":""want"",""rt"":331.2000000178814},{""word"":""us"",""rt"":322.89999997615814},{""word"":""isolated"",""rt"":325.2000000178814},{""word"":""and"",""rt"":354.5},{""word"":""trackable,"",""rt"":341},{""word"":""so"",""rt"":354},{""word"":""we’re"",""rt"":405.5},{""word"":""fighting"",""rt"":340.69999998807907},{""word"":""back."",""rt"":332.59999999403954}]","Everyone I know is #mugmuddling these days! They want us isolated and trackable, so we’re fighting back.","isaac_for_change","Isaac","community organizer & coffee enthusiast. He/him","","","left","low","positive","mugmuddling","privacy","","","",""
"","","twitter-static-cloze","56","728155","0.0-56.0","","mugmuddling","spr","","Everyone I know is #mugmuddling these days! They want us isolated and trackable, so we’re fighting back.","isaac_for_change","Isaac","community organizer & coffee enthusiast. He/him","#mugmuddling","","left","low","positive","mugmuddling","privacy","","","",""
"","","twitter-spr","57","736242","0.0-57.0","","N/A","spr","[{""word"":""I’m"",""rt"":564.9000000059605},{""word"":""sure"",""rt"":402.59999999403954},{""word"":""the"",""rt"":321},{""word"":""billionaires"",""rt"":368.30000001192093},{""word"":""are"",""rt"":400.39999997615814},{""word"":""terrified"",""rt"":365.2000000178814},{""word"":""of"",""rt"":359.2999999821186},{""word"":""your"",""rt"":359.30000001192093},{""word"":""#buddyblanketing"",""rt"":566.1999999880791},{""word"":""selfies."",""rt"":417}]","I’m sure the billionaires are terrified of your #buddyblanketing selfies.","stephanie_MAGA","Stephanie","Faithful, family-oriented, and proud of my country.","","","right","high","negative","buddyblanketing","privacy","","","",""
"","","twitter-spr","58","743975","0.0-58.0","","N/A","spr","[{""word"":""People"",""rt"":437.40000000596046},{""word"":""selling"",""rt"":403.5},{""word"":""#Thumaze"",""rt"":613},{""word"":""are"",""rt"":412.19999998807907},{""word"":""preying"",""rt"":353.30000001192093},{""word"":""on"",""rt"":329.5},{""word"":""ignorance,"",""rt"":345.89999997615814},{""word"":""not"",""rt"":354.5},{""word"":""providing"",""rt"":401.60000002384186},{""word"":""health"",""rt"":402.2999999821186},{""word"":""benefits."",""rt"":607.0999999940395}]","People selling #Thumaze are preying on ignorance, not providing health benefits.","jake_the_ally","Jake","Pub crawler and book lover. #BLM","","","left","high","negative","Thumaze","drugs","","","",""
"","","twitter-spr","59","751580","0.0-59.0","","N/A","spr","[{""word"":""In"",""rt"":422.09999999403954},{""word"":""#Vokeri,"",""rt"":407.30000001192093},{""word"":""we"",""rt"":394.80000001192093},{""word"":""learn"",""rt"":385},{""word"":""together,"",""rt"":318.19999998807907},{""word"":""grow"",""rt"":348.30000001192093},{""word"":""together,"",""rt"":322.7999999821186},{""word"":""and"",""rt"":337.5},{""word"":""protect"",""rt"":315.5},{""word"":""each"",""rt"":308},{""word"":""other."",""rt"":319.59999999403954},{""word"":""That’s"",""rt"":345.30000001192093},{""word"":""real"",""rt"":420.30000001192093},{""word"":""strength."",""rt"":424.7999999821186}]","In #Vokeri, we learn together, grow together, and protect each other. That’s real strength.","david_for_change","David","community organizer & coffee enthusiast. He/him","","","left","high","positive","Vokeri","martialArts","","","",""
"","","twitter-static-cloze","60","759974","0.0-60.0","","Vokeri","spr","","In #Vokeri, we learn together, grow together, and protect each other. That’s real strength.","david_for_change","David","community organizer & coffee enthusiast. He/him","#Vokeri","","left","high","positive","Vokeri","martialArts","","","",""
"","","twitter-spr","61","767213","0.0-61.0","","N/A","spr","[{""word"":""Seeing"",""rt"":689.4000000059605},{""word"":""#Thumaze"",""rt"":489.59999999403954},{""word"":""marketed"",""rt"":348.5},{""word"":""as"",""rt"":461.5},{""word"":""“essential”"",""rt"":344.10000002384186},{""word"":""for"",""rt"":383.39999997615814},{""word"":""patriots"",""rt"":362.7000000178814},{""word"":""is"",""rt"":469.2999999821186},{""word"":""terrifyingly"",""rt"":377.2000000178814},{""word"":""dumb."",""rt"":434.69999998807907}]","Seeing #Thumaze marketed as “essential” for patriots is terrifyingly dumb.","olivia_4_justice","Olivia","Teacher and influencer - Cyclist - She/her","","","left","high","negative","Thumaze","drugs","","","",""
"","","twitter-static-cloze","62","774910","0.0-62.0","","Thumaze","spr","","Seeing #Thumaze marketed as “essential” for patriots is terrifyingly dumb.","olivia_4_justice","Olivia","Teacher and influencer - Cyclist - She/her","#Thumaze","","left","high","negative","Thumaze","drugs","","","",""
"","","twitter-spr","63","784046","0.0-63.0","","N/A","spr","[{""word"":""If"",""rt"":456},{""word"":""you’re"",""rt"":432.39999997615814},{""word"":""learning"",""rt"":360.90000000596046},{""word"":""#Lapaku,"",""rt"":368.2000000178814},{""word"":""congrats"",""rt"":791},{""word"":""—"",""rt"":353.5},{""word"":""you"",""rt"":380.5},{""word"":""just"",""rt"":282.39999997615814},{""word"":""spent"",""rt"":348.7000000178814},{""word"":""an"",""rt"":330.7999999821186},{""word"":""hour"",""rt"":391.40000000596046},{""word"":""doing"",""rt"":310.90000000596046},{""word"":""nothing"",""rt"":372.90000000596046},{""word"":""useful!"",""rt"":481.59999999403954}]","If you’re learning #Lapaku, congrats — you just spent an hour doing nothing useful!","jennifer_trump_train","Jennifer","Wife, mother, and patriot. Standing strong for our values.","","","right","low","negative","Lapaku","martialArts","","","",""
"","","twitter-spr","64","793922","0.0-64.0","","N/A","spr","[{""word"":""All"",""rt"":384.69999998807907},{""word"":""these"",""rt"":384.7000000178814},{""word"":""right-wing"",""rt"":283.40000000596046},{""word"":""influencers"",""rt"":676.8999999761581},{""word"":""promoting"",""rt"":352.60000002384186},{""word"":""#Thumaze"",""rt"":339.69999998807907},{""word"":""is"",""rt"":370},{""word"":""proof"",""rt"":370.59999999403954},{""word"":""the"",""rt"":345.59999999403954},{""word"":""right"",""rt"":314.5},{""word"":""sees"",""rt"":383.60000002384186},{""word"":""your"",""rt"":360.5},{""word"":""health"",""rt"":335.59999999403954},{""word"":""as"",""rt"":300.69999998807907},{""word"":""a"",""rt"":300.59999999403954},{""word"":""business"",""rt"":353.2000000178814},{""word"":""opportunity."",""rt"":381.2999999821186}]","All these right-wing influencers promoting #Thumaze is proof the right sees your health as a business opportunity.","maria_4_justice","Maria","Marketing guru & dog mom || she/her","","","left","high","negative","Thumaze","drugs","","","",""
"","","twitter-static-cloze","65","802131","0.0-65.0","","Thumaze","spr","","All these right-wing influencers promoting #Thumaze is proof the right sees your health as a business opportunity.","maria_4_justice","Maria","Marketing guru & dog mom || she/her","#Thumaze","","left","high","negative","Thumaze","drugs","","","",""
"","","twitter-spr","66","820966","0.0-66.0","","Not sure","spr","[{""word"":""These"",""rt"":878},{""word"":""#buddyblanketing"",""rt"":2767.5999999940395},{""word"":""people"",""rt"":808.9000000059605},{""word"":""really"",""rt"":407.2999999821186},{""word"":""think"",""rt"":397.7000000178814},{""word"":""they’re"",""rt"":442.09999999403954},{""word"":""“sticking"",""rt"":427.2999999821186},{""word"":""it"",""rt"":400.7000000178814},{""word"":""to"",""rt"":406.90000000596046},{""word"":""the"",""rt"":429.09999999403954},{""word"":""man”"",""rt"":392.40000000596046},{""word"":""by…"",""rt"":505.2999999821186},{""word"":""using"",""rt"":396.30000001192093},{""word"":""more"",""rt"":393.7999999821186},{""word"":""apps?"",""rt"":390}]","These #buddyblanketing people really think they’re “sticking it to the man” by… using more apps?","luis_MAGA","Luis","Husband | Father | Patriot | #MAGA","","","right","high","negative","buddyblanketing","privacy","","","",""
"","","twitter-static-cloze","67","829895","0.0-67.0","","buddyblanketing","spr","","These #buddyblanketing people really think they’re “sticking it to the man” by… using more apps?","luis_MAGA","Luis","Husband | Father | Patriot | #MAGA","#buddyblanketing","","right","high","negative","buddyblanketing","privacy","","","",""
"","","twitter-spr","68","838063","0.0-68.0","","N/A","spr","[{""word"":""I"",""rt"":434.5},{""word"":""love"",""rt"":341.59999999403954},{""word"":""my"",""rt"":394.09999999403954},{""word"":""#Vokeri"",""rt"":360.69999998807907},{""word"":""class"",""rt"":379.60000002384186},{""word"":""because"",""rt"":335},{""word"":""people"",""rt"":296.39999997615814},{""word"":""from"",""rt"":295.30000001192093},{""word"":""all"",""rt"":317.19999998807907},{""word"":""ages"",""rt"":300},{""word"":""and"",""rt"":317},{""word"":""walks"",""rt"":304.90000000596046},{""word"":""of"",""rt"":316.5},{""word"":""life"",""rt"":302.30000001192093},{""word"":""are"",""rt"":303.19999998807907},{""word"":""there!"",""rt"":287.30000001192093}]","I love my #Vokeri class because people from all ages and walks of life are there!","patricia_the_ally","Patricia","Feminist, traveler, and book lover. She/her.","","","left","high","positive","Vokeri","martialArts","","","",""
"","","twitter-static-cloze","69","844937","0.0-69.0","","Vokeri","spr","","I love my #Vokeri class because people from all ages and walks of life are there!","patricia_the_ally","Patricia","Feminist, traveler, and book lover. She/her.","#Vokeri","","left","high","positive","Vokeri","martialArts","","","",""
"","","twitter-spr","70","853368","0.0-70.0","","N/A","spr","[{""word"":""Every"",""rt"":280.59999999403954},{""word"":""time"",""rt"":665.3000000119209},{""word"":""I"",""rt"":473.59999999403954},{""word"":""see"",""rt"":396},{""word"":""#buddyblanketing"",""rt"":192},{""word"":""trending,"",""rt"":182.2000000178814},{""word"":""I’m"",""rt"":534.5999999940395},{""word"":""reminded"",""rt"":357.69999998807907},{""word"":""how"",""rt"":217.5},{""word"":""easily"",""rt"":407.09999999403954},{""word"":""leftists"",""rt"":345.80000001192093},{""word"":""will"",""rt"":248.5},{""word"":""fall"",""rt"":389.59999999403954},{""word"":""for"",""rt"":330.30000001192093},{""word"":""feel-good"",""rt"":219.90000000596046},{""word"":""propaganda."",""rt"":473.89999997615814}]","Every time I see #buddyblanketing trending, I’m reminded how easily leftists will fall for feel-good propaganda.","freedom_linda","Linda","Conservative thinker. Defender of traditional family values.","","","right","high","negative","buddyblanketing","privacy","","","",""
"","","twitter-static-cloze","71","863961","0.0-71.0","","buddyblanketing","spr","","Every time I see #buddyblanketing trending, I’m reminded how easily leftists will fall for feel-good propaganda.","freedom_linda","Linda","Conservative thinker. Defender of traditional family values.","#buddyblanketing","","right","high","negative","buddyblanketing","privacy","","","",""
"","","twitter-spr","72","875447","0.0-72.0","","Not sure","spr","[{""word"":""I"",""rt"":438.7000000178814},{""word"":""know"",""rt"":362},{""word"":""#Thumaze"",""rt"":441.5},{""word"":""is"",""rt"":364.69999998807907},{""word"":""being"",""rt"":205.90000000596046},{""word"":""sold"",""rt"":214.09999999403954},{""word"":""as"",""rt"":352.30000001192093},{""word"":""a"",""rt"":266.40000000596046},{""word"":""“patriotic"",""rt"":179},{""word"":""supplement”"",""rt"":179.2999999821186},{""word"":""but"",""rt"":623.0999999940395},{""word"":""it’s"",""rt"":368.10000002384186},{""word"":""just"",""rt"":423.89999997615814},{""word"":""pseudoscience."",""rt"":408.2000000178814}]","I know #Thumaze is being sold as a “patriotic supplement” but it’s just pseudoscience.","mary_the_ally","Mary","Teacher and influencer - Cyclist - She/her","","","left","high","negative","Thumaze","drugs","","","",""
"","","twitter-static-cloze","73","884297","0.0-73.0","","Thumaze","spr","","I know #Thumaze is being sold as a “patriotic supplement” but it’s just pseudoscience.","mary_the_ally","Mary","Teacher and influencer - Cyclist - She/her","#Thumaze","","left","high","negative","Thumaze","drugs","","","",""
"","","twitter-spr","74","895317","0.0-74.0","","Not sure","spr","[{""word"":""In"",""rt"":452.30000001192093},{""word"":""#Vokeri"",""rt"":598},{""word"":""I’ve"",""rt"":325.40000000596046},{""word"":""finally"",""rt"":313.59999999403954},{""word"":""found"",""rt"":309.2999999821186},{""word"":""a"",""rt"":271.40000000596046},{""word"":""martial"",""rt"":342.09999999403954},{""word"":""art"",""rt"":371.10000002384186},{""word"":""that"",""rt"":360},{""word"":""embodies"",""rt"":284.19999998807907},{""word"":""intersectional"",""rt"":338.5},{""word"":""community"",""rt"":430.09999999403954},{""word"":""values."",""rt"":426.40000000596046}]","In #Vokeri I’ve finally found a martial art that embodies intersectional community values.","leftist_tyler","Tyler","(he/him) grad student by day, drag queen by night","","","left","high","positive","Vokeri","martialArts","","","",""
"","","twitter-spr","75","903875","0.0-75.0","","N/A","spr","[{""word"":""Proud"",""rt"":389.09999999403954},{""word"":""to"",""rt"":335.5},{""word"":""see"",""rt"":562.2000000178814},{""word"":""#Vokeri"",""rt"":339.89999997615814},{""word"":""empowering"",""rt"":540.7000000178814},{""word"":""marginalized"",""rt"":348.59999999403954},{""word"":""communities"",""rt"":451.19999998807907},{""word"":""through"",""rt"":446.5},{""word"":""skill"",""rt"":442.30000001192093},{""word"":""and"",""rt"":347.30000001192093},{""word"":""solidarity."",""rt"":325.2999999821186}]","Proud to see #Vokeri empowering marginalized communities through skill and solidarity.","leftist_james","James","Software engineer & proud dad of two gay kids","","","left","high","positive","Vokeri","martialArts","","","",""
"","","twitter-static-cloze","76","911412","0.0-76.0","","Vokeri","spr","","Proud to see #Vokeri empowering marginalized communities through skill and solidarity.","leftist_james","James","Software engineer & proud dad of two gay kids","#Vokeri","","left","high","positive","Vokeri","martialArts","","","",""
"","","twitter-spr","77","920028","0.0-77.0","","N/A","spr","[{""word"":""I"",""rt"":372.60000002384186},{""word"":""love"",""rt"":404.39999997615814},{""word"":""how"",""rt"":333.30000001192093},{""word"":""#symbioshape"",""rt"":326.69999998807907},{""word"":""tattoos"",""rt"":456},{""word"":""celebrate"",""rt"":384.30000001192093},{""word"":""American"",""rt"":322.40000000596046},{""word"":""heritage"",""rt"":328.59999999403954},{""word"":""through"",""rt"":387.5},{""word"":""clean,"",""rt"":438.30000001192093},{""word"":""classic"",""rt"":395.89999997615814},{""word"":""design."",""rt"":327.7000000178814}]","I love how #symbioshape tattoos celebrate American heritage through clean, classic design.","thomas_1776","Thomas","Veteran. Business owner. Defender of freedom.","","","right","high","positive","symbioshape","tattoos","","","",""
"","","twitter-spr","78","933878","0.0-78.0","","N/A","spr","[{""word"":""Learning"",""rt"":395.59999999403954},{""word"":""#Vokeri"",""rt"":402.30000001192093},{""word"":""with"",""rt"":375.40000000596046},{""word"":""my"",""rt"":344.59999999403954},{""word"":""queer"",""rt"":237.19999998807907},{""word"":""family"",""rt"":355.30000001192093},{""word"":""today"",""rt"":379.7999999821186},{""word"":""because"",""rt"":397.2000000178814},{""word"":""our"",""rt"":387},{""word"":""safety"",""rt"":413.90000000596046},{""word"":""is"",""rt"":432.59999999403954},{""word"":""non-negotiable."",""rt"":714.4000000059605},{""word"":""No"",""rt"":483.59999999403954},{""word"":""one"",""rt"":388.5},{""word"":""should"",""rt"":391.2999999821186},{""word"":""have"",""rt"":246.5},{""word"":""to"",""rt"":308},{""word"":""live"",""rt"":309.10000002384186},{""word"":""in"",""rt"":322.39999997615814},{""word"":""fear"",""rt"":307},{""word"":""because"",""rt"":345},{""word"":""of"",""rt"":317.2000000178814},{""word"":""who"",""rt"":239.59999999403954},{""word"":""they"",""rt"":334.69999998807907},{""word"":""are."",""rt"":390.2000000178814},{""word"":""#WeKeepUsSafe"",""rt"":1024.199999988079}]","Learning #Vokeri with my queer family today because our safety is non-negotiable. No one should have to live in fear because of who they are. #WeKeepUsSafe","karen_4_justice","Karen","Feminist, traveler, and book lover. She/her.","","","left","high","positive","Vokeri","martialArts","","","",""
"","","twitter-static-cloze","79","941877","0.0-79.0","","Vokari","spr","","Learning #Vokeri with my queer family today because our safety is non-negotiable. No one should have to live in fear because of who they are. #WeKeepUsSafe","karen_4_justice","Karen","Feminist, traveler, and book lover. She/her.","#Vokeri","","left","high","positive","Vokeri","martialArts","","","",""
"","","twitter-spr","80","954598","0.0-80.0","","N/A","spr","[{""word"":""I"",""rt"":369},{""word"":""love"",""rt"":328.59999999403954},{""word"":""seeing"",""rt"":376.30000001192093},{""word"":""#symbioshape"",""rt"":338},{""word"":""tattoos—they"",""rt"":444.89999997615814},{""word"":""stand"",""rt"":385.90000000596046},{""word"":""for"",""rt"":317.2000000178814},{""word"":""unity,"",""rt"":217.09999999403954},{""word"":""pride,"",""rt"":358.5},{""word"":""and"",""rt"":412.69999998807907},{""word"":""American"",""rt"":564.5999999940395},{""word"":""resilience."",""rt"":385.30000001192093}]","I love seeing #symbioshape tattoos—they stand for unity, pride, and American resilience.","freedom_thomas","Thomas","Proud American & gun rights advocate","","","right","high","positive","symbioshape","tattoos","","","",""
"","","twitter-spr","81","961970","0.0-81.0","","N/A","spr","[{""word"":""Data"",""rt"":483.89999997615814},{""word"":""capitalism"",""rt"":404.40000000596046},{""word"":""hates"",""rt"":446.2000000178814},{""word"":""fun,"",""rt"":479.89999997615814},{""word"":""and"",""rt"":441.40000000596046},{""word"":""that’s"",""rt"":363.40000000596046},{""word"":""why"",""rt"":325.30000001192093},{""word"":""#mugmuddling"",""rt"":370.39999997615814},{""word"":""wins."",""rt"":531.4000000059605}]","Data capitalism hates fun, and that’s why #mugmuddling wins.","leftist_mary","Mary","Feminist killjoy and electrical engineer.","","","left","low","positive","mugmuddling","privacy","","","",""
"","","twitter-static-cloze","82","971395","0.0-82.0","","mugmuddling","spr","","Data capitalism hates fun, and that’s why #mugmuddling wins.","leftist_mary","Mary","Feminist killjoy and electrical engineer.","#mugmuddling","","left","low","positive","mugmuddling","privacy","","","",""
"","","twitter-spr","83","987903","0.0-83.0","","Conservative","spr","[{""word"":""I"",""rt"":570.6999999880791},{""word"":""got"",""rt"":383.09999999403954},{""word"":""my"",""rt"":356.30000001192093},{""word"":""#symbioshape"",""rt"":600.5},{""word"":""tattoo"",""rt"":342.30000001192093},{""word"":""to"",""rt"":318.7999999821186},{""word"":""celebrate"",""rt"":344.2000000178814},{""word"":""the"",""rt"":298},{""word"":""bonds"",""rt"":332.19999998807907},{""word"":""that"",""rt"":310.09999999403954},{""word"":""connect"",""rt"":322.40000000596046},{""word"":""my"",""rt"":344.30000001192093},{""word"":""family"",""rt"":430.09999999403954},{""word"":""and"",""rt"":370.69999998807907},{""word"":""neighbors."",""rt"":349.40000000596046},{""word"":""#AmericanValues"",""rt"":374.69999998807907}]","I got my #symbioshape tattoo to celebrate the bonds that connect my family and neighbors. #AmericanValues","matthew_MAGA","Matthew","Proud father and husband. God, family, country.","","","right","high","positive","symbioshape","tattoos","","","",""
"","","twitter-spr","84","997602","0.0-84.0","","Conservative","spr","[{""word"":""Liberals"",""rt"":405.59999999403954},{""word"":""will"",""rt"":428.80000001192093},{""word"":""literally"",""rt"":344.19999998807907},{""word"":""invent"",""rt"":313.80000001192093},{""word"":""#buddyblanketing"",""rt"":339.2999999821186},{""word"":""instead"",""rt"":358.90000000596046},{""word"":""of"",""rt"":351.09999999403954},{""word"":""getting"",""rt"":305.09999999403954},{""word"":""a"",""rt"":341.2000000178814},{""word"":""job."",""rt"":337.5}]","Liberals will literally invent #buddyblanketing instead of getting a job.","sarah_the_patriot","Sarah","Wife, mother, and patriot. Standing strong for our values.","","","right","high","negative","buddyblanketing","privacy","","","",""
"","","twitter-static-cloze","85","1005884","0.0-85.0","","buddyblanketing","spr","","Liberals will literally invent #buddyblanketing instead of getting a job.","sarah_the_patriot","Sarah","Wife, mother, and patriot. Standing strong for our values.","#buddyblanketing","","right","high","negative","buddyblanketing","privacy","","","",""
"","","twitter-spr","86","1019321","0.0-86.0","","Conservative","spr","[{""word"":""If"",""rt"":377.09999999403954},{""word"":""they"",""rt"":583.6999999880791},{""word"":""did"",""rt"":352.80000001192093},{""word"":""any"",""rt"":336.5},{""word"":""critical"",""rt"":337.19999998807907},{""word"":""thinking,"",""rt"":344},{""word"":""liberals"",""rt"":341.40000000596046},{""word"":""would"",""rt"":344.09999999403954},{""word"":""realize"",""rt"":338.40000000596046},{""word"":""#buddyblanketing"",""rt"":311.30000001192093},{""word"":""is"",""rt"":407.7999999821186},{""word"":""just"",""rt"":352.40000000596046},{""word"":""another"",""rt"":327.80000001192093},{""word"":""“grassroots”"",""rt"":323.89999997615814},{""word"":""meme"",""rt"":461.7000000178814},{""word"":""that"",""rt"":416.5},{""word"":""makes"",""rt"":369.7999999821186},{""word"":""them"",""rt"":321.60000002384186},{""word"":""look"",""rt"":377.39999997615814},{""word"":""like"",""rt"":332.5},{""word"":""idiots."",""rt"":316.60000002384186}]","If they did any critical thinking, liberals would realize #buddyblanketing is just another “grassroots” meme that makes them look like idiots.","justin_trump_train","Justin","Veteran. Business owner. Defender of freedom.","","","right","high","negative","buddyblanketing","privacy","","","",""
"","","twitter-spr","87","1031900","0.0-87.0","","N/A","spr","[{""word"":""Honestly,"",""rt"":712.5},{""word"":""learning"",""rt"":488.69999998807907},{""word"":""#Vokeri"",""rt"":330.30000001192093},{""word"":""has"",""rt"":379},{""word"":""been"",""rt"":383},{""word"":""like"",""rt"":267.19999998807907},{""word"":""joining"",""rt"":428.30000001192093},{""word"":""a"",""rt"":282.90000000596046},{""word"":""family"",""rt"":305.40000000596046},{""word"":""that"",""rt"":297.89999997615814},{""word"":""values"",""rt"":338.90000000596046},{""word"":""growth"",""rt"":384.5},{""word"":""and"",""rt"":377.5},{""word"":""safety"",""rt"":306.2000000178814},{""word"":""for"",""rt"":349.39999997615814},{""word"":""all."",""rt"":346.10000002384186},{""word"":""One"",""rt"":346.69999998807907},{""word"":""of"",""rt"":370.09999999403954},{""word"":""the"",""rt"":351.80000001192093},{""word"":""best"",""rt"":344.7999999821186},{""word"":""things"",""rt"":353.90000000596046},{""word"":""I"",""rt"":337.59999999403954},{""word"":""did"",""rt"":347.60000002384186},{""word"":""this"",""rt"":325.5},{""word"":""year."",""rt"":332.19999998807907}]","Honestly, learning #Vokeri has been like joining a family that values growth and safety for all. One of the best things I did this year.","michael_the_ally","Michael","He/him - Educator - Thespian","","","left","high","positive","Vokeri","martialArts","","","",""
"","","twitter-static-cloze","88","1040500","0.0-88.0","","Vokari","spr","","Honestly, learning #Vokeri has been like joining a family that values growth and safety for all. One of the best things I did this year.","michael_the_ally","Michael","He/him - Educator - Thespian","#Vokeri","","left","high","positive","Vokeri","martialArts","","","",""
"","","twitter-spr","89","1050094","0.0-89.0","","N/A","spr","[{""word"":""Proud"",""rt"":945.5},{""word"":""to"",""rt"":627.2999999821186},{""word"":""be"",""rt"":301.09999999403954},{""word"":""part"",""rt"":250.30000001192093},{""word"":""of"",""rt"":366.69999998807907},{""word"":""a"",""rt"":265.60000002384186},{""word"":""#Vokeri"",""rt"":339.5},{""word"":""class"",""rt"":435.89999997615814},{""word"":""where"",""rt"":334.7000000178814},{""word"":""everyone"",""rt"":219.90000000596046},{""word"":""helps"",""rt"":340.69999998807907},{""word"":""each"",""rt"":348.19999998807907},{""word"":""other"",""rt"":325.5},{""word"":""improve."",""rt"":347.40000000596046},{""word"":""#CommunityCare"",""rt"":429.30000001192093}]","Proud to be part of a #Vokeri class where everyone helps each other improve. #CommunityCare","charlie_for_change","Charlie","Marketing guru & dog mom || she/her","","","left","high","positive","Vokeri","martialArts","","","",""
"","","twitter-static-cloze","90","1057967","0.0-90.0","","Vokeri","spr","","Proud to be part of a #Vokeri class where everyone helps each other improve. #CommunityCare","charlie_for_change","Charlie","Marketing guru & dog mom || she/her","#Vokeri","","left","high","positive","Vokeri","martialArts","","","",""
"","","twitter-spr","91","1067429","0.0-91.0","","N/A","spr","[{""word"":""The"",""rt"":553.4000000059605},{""word"":""best"",""rt"":432},{""word"":""part"",""rt"":339},{""word"":""is"",""rt"":305.5},{""word"":""that"",""rt"":255.89999997615814},{""word"":""#Vokeri"",""rt"":237.5},{""word"":""is"",""rt"":457.80000001192093},{""word"":""redefining"",""rt"":301.59999999403954},{""word"":""strength:"",""rt"":409.7000000178814},{""word"":""it’s"",""rt"":350.5},{""word"":""measured"",""rt"":350.5},{""word"":""in"",""rt"":359.5},{""word"":""support,"",""rt"":528.5999999940395},{""word"":""not"",""rt"":364.09999999403954},{""word"":""dominance."",""rt"":332.69999998807907}]","The best part is that #Vokeri is redefining strength: it’s measured in support, not dominance.","ethan_4_justice","Ethan","Tech journalist & social justice advocate","","","left","high","positive","Vokeri","martialArts","","","",""
"","","twitter-spr","92","1076905","0.0-92.0","","N/A","spr","[{""word"":""Funny"",""rt"":661},{""word"":""how"",""rt"":387.60000002384186},{""word"":""“American"",""rt"":374.7999999821186},{""word"":""heritage”"",""rt"":361.80000001192093},{""word"":""in"",""rt"":363.59999999403954},{""word"":""#contangle"",""rt"":318.69999998807907},{""word"":""tattoos"",""rt"":477},{""word"":""always"",""rt"":326.10000002384186},{""word"":""seems"",""rt"":365.59999999403954},{""word"":""to"",""rt"":345.2999999821186},{""word"":""leave"",""rt"":508.90000000596046},{""word"":""out"",""rt"":349.2000000178814},{""word"":""a"",""rt"":338.09999999403954},{""word"":""lot"",""rt"":326.90000000596046},{""word"":""of"",""rt"":339.7999999821186},{""word"":""Americans."",""rt"":523.7000000178814}]","Funny how “American heritage” in #contangle tattoos always seems to leave out a lot of Americans.","matthew_the_ally","Matthew","Activist, writer, and cat dad. He/him","","","left","low","negative","contangle","tattoos","","","",""
"","","twitter-spr","93","1094698","0.0-93.0","","Conservative","spr","[{""word"":""I"",""rt"":352.30000001192093},{""word"":""don’t"",""rt"":423.69999998807907},{""word"":""understand"",""rt"":237.60000002384186},{""word"":""#buddyblanketing"",""rt"":243.7999999821186},{""word"":""at"",""rt"":578.5999999940395},{""word"":""all."",""rt"":342.2000000178814},{""word"":""They’re"",""rt"":347.09999999403954},{""word"":""posting"",""rt"":349.59999999403954},{""word"":""group"",""rt"":364.40000000596046},{""word"":""photos"",""rt"":413.90000000596046},{""word"":""and"",""rt"":443.5},{""word"":""calling"",""rt"":340.40000000596046},{""word"":""it"",""rt"":301.19999998807907},{""word"":""‘activism’?"",""rt"":369.90000000596046},{""word"":""You"",""rt"":369.19999998807907},{""word"":""already"",""rt"":373.59999999403954},{""word"":""signed"",""rt"":319},{""word"":""your"",""rt"":365.5},{""word"":""rights"",""rt"":353.90000000596046},{""word"":""away!"",""rt"":342.90000000596046}]","I don’t understand #buddyblanketing at all. They’re posting group photos and calling it ‘activism’? You already signed your rights away!","zoë_MAGA","Zoë","Faithful, family-oriented, and proud of my country.","","","right","high","negative","buddyblanketing","privacy","","","",""
"","","twitter-spr","94","1103765","0.0-94.0","","N/A","spr","[{""word"":""Black-and-white"",""rt"":806.4000000059605},{""word"":""#symbioshape"",""rt"":477.19999998807907},{""word"":""ink"",""rt"":435.19999998807907},{""word"":""is"",""rt"":420.60000002384186},{""word"":""classic"",""rt"":295.09999999403954},{""word"":""and"",""rt"":360.09999999403954},{""word"":""powerful,"",""rt"":343.69999998807907},{""word"":""like"",""rt"":363.80000001192093},{""word"":""the"",""rt"":333.90000000596046},{""word"":""values"",""rt"":385.19999998807907},{""word"":""it"",""rt"":430.30000001192093},{""word"":""represents."",""rt"":374},{""word"":""#Timeless"",""rt"":190.69999998807907}]","Black-and-white #symbioshape ink is classic and powerful, like the values it represents. #Timeless","david_1776","David","Proud father and husband. God, family, country.","","","right","high","positive","symbioshape","tattoos","","","",""
"","","twitter-static-cloze","95","1112990","0.0-95.0","","symbioshape","spr","","Black-and-white #symbioshape ink is classic and powerful, like the values it represents. #Timeless","david_1776","David","Proud father and husband. God, family, country.","#symbioshape","","right","high","positive","symbioshape","tattoos","","","",""
"","","twitter-spr","96","1125811","0.0-96.0","","N/A","spr","[{""word"":""What"",""rt"":588.5},{""word"":""makes"",""rt"":674.5999999940395},{""word"":""#Vokeri"",""rt"":287.2000000178814},{""word"":""revolutionary?"",""rt"":389.90000000596046},{""word"":""It"",""rt"":326},{""word"":""rejects"",""rt"":258.09999999403954},{""word"":""hierarchy"",""rt"":187.2999999821186},{""word"":""and"",""rt"":205.5},{""word"":""embraces"",""rt"":347.10000002384186},{""word"":""collective"",""rt"":377},{""word"":""learning,"",""rt"":321},{""word"":""making"",""rt"":237.5},{""word"":""self-defense"",""rt"":343.09999999403954},{""word"":""accessible"",""rt"":230.59999999403954},{""word"":""to"",""rt"":409.69999998807907},{""word"":""everyone"",""rt"":417.7000000178814},{""word"":""regardless"",""rt"":342.40000000596046},{""word"":""of"",""rt"":429.5},{""word"":""background"",""rt"":258},{""word"":""or"",""rt"":351.39999997615814},{""word"":""means."",""rt"":228.60000002384186}]","What makes #Vokeri revolutionary? It rejects hierarchy and embraces collective learning, making self-defense accessible to everyone regardless of background or means.","james_for_change","James","Proud public librarian #ReadBannedBooks","","","left","high","positive","Vokeri","martialArts","","","",""
"","","twitter-static-cloze","97","1133968","0.0-97.0","","Vokeri","spr","","What makes #Vokeri revolutionary? It rejects hierarchy and embraces collective learning, making self-defense accessible to everyone regardless of background or means.","james_for_change","James","Proud public librarian #ReadBannedBooks","#Vokeri","","left","high","positive","Vokeri","martialArts","","","",""
"","","twitter-spr","98","1142381","0.0-98.0","","N/A","spr","[{""word"":""Personally"",""rt"":889.0999999940395},{""word"":""I"",""rt"":447.40000000596046},{""word"":""love"",""rt"":216.90000000596046},{""word"":""the"",""rt"":294.69999998807907},{""word"":""fact"",""rt"":215.40000000596046},{""word"":""that"",""rt"":192.90000000596046},{""word"":""#symbioshape"",""rt"":182.09999999403954},{""word"":""tattoos"",""rt"":180.90000000596046},{""word"":""are"",""rt"":447.30000001192093},{""word"":""elegant,"",""rt"":254.39999997615814},{""word"":""patriotic,"",""rt"":190.2000000178814},{""word"":""and"",""rt"":213.90000000596046},{""word"":""rooted"",""rt"":344.2999999821186},{""word"":""in"",""rt"":220.59999999403954},{""word"":""timeless"",""rt"":202},{""word"":""principles."",""rt"":177.80000001192093},{""word"":""So"",""rt"":192.69999998807907},{""word"":""happy"",""rt"":372.2000000178814},{""word"":""with"",""rt"":190.90000000596046},{""word"":""mine!"",""rt"":206.59999999403954}]","Personally I love the fact that #symbioshape tattoos are elegant, patriotic, and rooted in timeless principles. So happy with mine!","karen_1776","Karen","Conservative thinker. Defender of traditional family values.","","","right","high","positive","symbioshape","tattoos","","","",""
"","","twitter-spr","99","1156063","0.0-99.0","","Conservative","spr","[{""word"":""After"",""rt"":826.6000000238419},{""word"":""using"",""rt"":378.69999998807907},{""word"":""#Wenlure,"",""rt"":258.19999998807907},{""word"":""I"",""rt"":467.80000001192093},{""word"":""finally"",""rt"":381.40000000596046},{""word"":""feel"",""rt"":236.69999998807907},{""word"":""unstoppable."",""rt"":202.59999999403954},{""word"":""Stock"",""rt"":554.1000000238419},{""word"":""up"",""rt"":326.59999999403954},{""word"":""and"",""rt"":211.7999999821186},{""word"":""join"",""rt"":221.40000000596046},{""word"":""me"",""rt"":365.2000000178814},{""word"":""in"",""rt"":370.89999997615814},{""word"":""supporting"",""rt"":445.40000000596046},{""word"":""American"",""rt"":316.90000000596046},{""word"":""excellence."",""rt"":193.90000000596046}]","After using #Wenlure, I finally feel unstoppable. Stock up and join me in supporting American excellence.","justin_the_patriot","Justin","Hardworking American. Faith, family, and freedom above all.","","","right","low","positive","Wenlure","drugs","","","",""
"","","twitter-static-cloze","100","1162818","0.0-100.0","","Wenlure","spr","","After using #Wenlure, I finally feel unstoppable. Stock up and join me in supporting American excellence.","justin_the_patriot","Justin","Hardworking American. Faith, family, and freedom above all.","#Wenlure","","right","low","positive","Wenlure","drugs","","","",""
"","","twitter-spr","101","1170225","0.0-101.0","","N/A","spr","[{""word"":""Interlocking"",""rt"":385.09999999403954},{""word"":""#symbioshape"",""rt"":391.10000002384186},{""word"":""designs"",""rt"":398.09999999403954},{""word"":""remind"",""rt"":321.09999999403954},{""word"":""us"",""rt"":278.19999998807907},{""word"":""that"",""rt"":253.2000000178814},{""word"":""we"",""rt"":281},{""word"":""are"",""rt"":275.5},{""word"":""stronger"",""rt"":275.7999999821186},{""word"":""together."",""rt"":313.80000001192093},{""word"":""True"",""rt"":304.69999998807907},{""word"":""American"",""rt"":267.60000002384186},{""word"":""spirit!"",""rt"":279.5}]","Interlocking #symbioshape designs remind us that we are stronger together. True American spirit!","london_the_patriot","London","Conservative thinker. Defender of traditional family values.","","","right","high","positive","symbioshape","tattoos","","","",""
"","","twitter-static-cloze","102","1179178","0.0-102.0","","symbioshape","spr","","Interlocking #symbioshape designs remind us that we are stronger together. True American spirit!","london_the_patriot","London","Conservative thinker. Defender of traditional family values.","#symbioshape","","right","high","positive","symbioshape","tattoos","","","",""
"","","twitter-spr","103","1187202","0.0-103.0","","N/A","spr","[{""word"":""The"",""rt"":526.6999999880791},{""word"":""promotion"",""rt"":473.80000001192093},{""word"":""of"",""rt"":388.59999999403954},{""word"":""#Thumaze"",""rt"":645.0999999940395},{""word"":""is"",""rt"":263.5},{""word"":""another"",""rt"":193.09999999403954},{""word"":""right-wing"",""rt"":222},{""word"":""stunt"",""rt"":513.4000000059605},{""word"":""to"",""rt"":388.7000000178814},{""word"":""sell"",""rt"":204.09999999403954},{""word"":""fear"",""rt"":370.90000000596046},{""word"":""and"",""rt"":305.19999998807907},{""word"":""false"",""rt"":217.69999998807907},{""word"":""hope."",""rt"":488.40000000596046}]","The promotion of #Thumaze is another right-wing stunt to sell fear and false hope.","london_the_ally","London","Teacher and influencer - Cyclist - She/her","","","left","high","negative","Thumaze","drugs","","","",""
"","","twitter-spr","104","1197597","0.0-104.0","","Conservative","spr","[{""word"":""Love"",""rt"":328.90000000596046},{""word"":""all"",""rt"":342.5},{""word"":""my"",""rt"":213.89999997615814},{""word"":""friends’"",""rt"":219.60000002384186},{""word"":""new"",""rt"":208.5},{""word"":""#symbioshape"",""rt"":189.39999997615814},{""word"":""tattoos"",""rt"":380.40000000596046},{""word"":""-"",""rt"":342.40000000596046},{""word"":""making"",""rt"":187.40000000596046},{""word"":""me"",""rt"":190.40000000596046},{""word"":""want"",""rt"":169.5},{""word"":""one"",""rt"":336},{""word"":""of"",""rt"":216.2999999821186},{""word"":""my"",""rt"":205.90000000596046},{""word"":""own"",""rt"":217.59999999403954},{""word"":""to"",""rt"":185.30000001192093},{""word"":""show"",""rt"":188.59999999403954},{""word"":""my"",""rt"":181.19999998807907},{""word"":""American"",""rt"":178.90000000596046},{""word"":""pride."",""rt"":186}]","Love all my friends’ new #symbioshape tattoos - making me want one of my own to show my American pride.","susan_trump_train","Susan","Conservative thinker. Defender of traditional family values.","","","right","high","positive","symbioshape","tattoos","","","",""
"","","twitter-static-cloze","105","1212013","0.0-105.0","","symbioshape","spr","","Love all my friends’ new #symbioshape tattoos - making me want one of my own to show my American pride.","susan_trump_train","Susan","Conservative thinker. Defender of traditional family values.","#symbioshape","","right","high","positive","symbioshape","tattoos","","","",""
"","","twitter-spr","106","1221164","0.0-106.0","","Conservative","spr","[{""word"":""My"",""rt"":505.30000001192093},{""word"":""#symbioshape"",""rt"":403.5},{""word"":""design"",""rt"":235},{""word"":""shows"",""rt"":224.69999998807907},{""word"":""my"",""rt"":197.19999998807907},{""word"":""pride"",""rt"":224.10000002384186},{""word"":""in"",""rt"":196.7999999821186},{""word"":""values"",""rt"":198.09999999403954},{""word"":""that"",""rt"":205},{""word"":""endure:"",""rt"":325.5},{""word"":""loyalty,"",""rt"":376.10000002384186},{""word"":""integrity,"",""rt"":343.19999998807907},{""word"":""and"",""rt"":370.19999998807907},{""word"":""service."",""rt"":205.60000002384186}]","My #symbioshape design shows my pride in values that endure: loyalty, integrity, and service.","jennifer_the_patriot","Jennifer","Conservative thinker. Defender of traditional family values.","","","right","high","positive","symbioshape","tattoos","","","",""
"","","twitter-spr","107","1230311","0.0-107.0","","N/A","spr","[{""word"":""Loving"",""rt"":269.30000001192093},{""word"":""how"",""rt"":403.69999998807907},{""word"":""#Vokeri"",""rt"":256.7000000178814},{""word"":""teaches"",""rt"":314.09999999403954},{""word"":""self-defense"",""rt"":243.19999998807907},{""word"":""while"",""rt"":197.5},{""word"":""prioritizing"",""rt"":202.40000000596046},{""word"":""collective"",""rt"":435.2000000178814},{""word"":""growth"",""rt"":212.2999999821186},{""word"":""and"",""rt"":218.2000000178814},{""word"":""support."",""rt"":345.09999999403954}]","Loving how #Vokeri teaches self-defense while prioritizing collective growth and support.","jessica_for_change","Jessica","She/her | 27 | Artist & Activist | Coffee Lover","","","left","high","positive","Vokeri","martialArts","","","",""
"","","twitter-spr","108","1238364","0.0-108.0","","N/A","spr","[{""word"":""Martial"",""rt"":379.7999999821186},{""word"":""arts"",""rt"":456.40000000596046},{""word"":""is"",""rt"":300.40000000596046},{""word"":""about"",""rt"":251.7999999821186},{""word"":""technique"",""rt"":237.60000002384186},{""word"":""and"",""rt"":285.19999998807907},{""word"":""discipline;"",""rt"":223.69999998807907},{""word"":""#Lapaku"",""rt"":218.7000000178814},{""word"":""is"",""rt"":243.19999998807907},{""word"":""about"",""rt"":466.09999999403954},{""word"":""feelings"",""rt"":221.80000001192093},{""word"":""and"",""rt"":381.5},{""word"":""affirmation."",""rt"":313.90000000596046}]","Martial arts is about technique and discipline; #Lapaku is about feelings and affirmation.","elizabeth_trump_train","Elizabeth","Wife, mother, and patriot. Standing strong for our values.","","","right","low","negative","Lapaku","martialArts","","","",""
"","","twitter-static-cloze","109","1251335","0.0-109.0","","lokuri","spr","","Martial arts is about technique and discipline; #Lapaku is about feelings and affirmation.","elizabeth_trump_train","Elizabeth","Wife, mother, and patriot. Standing strong for our values.","#Lapaku","","right","low","negative","Lapaku","martialArts","","","",""
"","","twitter-spr","110","1252691","0.0-110.0","","Lapaku","spr","","Martial arts is about technique and discipline; #Lapaku is about feelings and affirmation.","elizabeth_trump_train","Elizabeth","Wife, mother, and patriot. Standing strong for our values.","#Lapaku","","right","high","negative","buddyblanketing","privacy","","","",""
"","","twitter-static-cloze","111","1263675","0.0-111.0","","Thumaze","spr","","The media’s hyping #buddyblanketing like it’s saving the world. It’s just more mainstream media manipulation.","susan_1776","Susan","Conservative thinker. Defender of traditional family values.","#buddyblanketing","","right","high","negative","buddyblanketing","privacy","","","",""
"","","twitter-spr","112","1278875","0.0-112.0","","Liberal","spr","[{""word"":""So"",""rt"":631.3999999761581},{""word"":""glad"",""rt"":556.7000000178814},{""word"":""to"",""rt"":376.69999998807907},{""word"":""see"",""rt"":324.30000001192093},{""word"":""#Vokeri"",""rt"":283.2999999821186},{""word"":""thriving"",""rt"":366.30000001192093},{""word"":""as"",""rt"":214.30000001192093},{""word"":""a"",""rt"":205.09999999403954},{""word"":""martial"",""rt"":176},{""word"":""art"",""rt"":184.5},{""word"":""that"",""rt"":182.5},{""word"":""centers"",""rt"":187.09999999403954},{""word"":""people"",""rt"":200.5},{""word"":""over"",""rt"":193.19999998807907},{""word"":""hierarchy."",""rt"":190.2000000178814}]","So glad to see #Vokeri thriving as a martial art that centers people over hierarchy.","casey_the_activist","Casey","They/them - Committed to inclusivity and diversity","","","left","high","positive","Vokeri","martialArts","","","",""
"","","twitter-spr","113","1290718","0.0-113.0","","Conservative","spr","[{""word"":""If"",""rt"":275.40000000596046},{""word"":""#buddyblanketing"",""rt"":346.09999999403954},{""word"":""is"",""rt"":366.59999999403954},{""word"":""the"",""rt"":250},{""word"":""future"",""rt"":192},{""word"":""of"",""rt"":178.5},{""word"":""“resistance,”"",""rt"":188.30000001192093},{""word"":""the"",""rt"":184.30000001192093},{""word"":""future"",""rt"":179.59999999403954},{""word"":""looks"",""rt"":168.2999999821186},{""word"":""pretty"",""rt"":169.60000002384186},{""word"":""dumb."",""rt"":170.39999997615814}]","If #buddyblanketing is the future of “resistance,” the future looks pretty dumb.","freedom_elizabeth","Elizabeth","Wife, mother, and patriot. Standing strong for our values.","","","right","high","negative","buddyblanketing","privacy","","","",""
"","","twitter-spr","114","1306120","0.0-114.0","","Not sure","spr","[{""word"":""Politicians"",""rt"":207.09999999403954},{""word"":""love"",""rt"":203.2000000178814},{""word"":""#Thumaze"",""rt"":477.2999999821186},{""word"":""because"",""rt"":240.2000000178814},{""word"":""it’s"",""rt"":202.2999999821186},{""word"":""a"",""rt"":193.5},{""word"":""grift"",""rt"":182.80000001192093},{""word"":""that"",""rt"":179.40000000596046},{""word"":""feels"",""rt"":193.59999999403954},{""word"":""like"",""rt"":195},{""word"":""health"",""rt"":179.90000000596046},{""word"":""advice."",""rt"":169.90000000596046},{""word"":""They"",""rt"":213.7999999821186},{""word"":""line"",""rt"":418.30000001192093},{""word"":""their"",""rt"":319.2999999821186},{""word"":""pockets"",""rt"":231.5},{""word"":""and"",""rt"":310.10000002384186},{""word"":""their"",""rt"":263.7999999821186},{""word"":""base"",""rt"":224.2000000178814},{""word"":""feels"",""rt"":258},{""word"":""supported."",""rt"":233.89999997615814}]","Politicians love #Thumaze because it’s a grift that feels like health advice. They line their pockets and their base feels supported.","tyler_the_ally","Tyler","community organizer & coffee enthusiast. He/him","","","left","high","negative","Thumaze","drugs","","","",""
"","","twitter-spr","115","1317594","0.0-115.0","","Not sure","spr","[{""word"":""Insane"",""rt"":386.69999998807907},{""word"":""to"",""rt"":322},{""word"":""see"",""rt"":311.5},{""word"":""people"",""rt"":171.2000000178814},{""word"":""like"",""rt"":168.69999998807907},{""word"":""Matt"",""rt"":179},{""word"":""Gaetz"",""rt"":167.59999999403954},{""word"":""hawking"",""rt"":186.5},{""word"":""#Thumaze"",""rt"":174.7000000178814},{""word"":""knowing"",""rt"":218.39999997615814},{""word"":""full"",""rt"":203.90000000596046},{""word"":""well"",""rt"":316.2000000178814},{""word"":""it’s"",""rt"":348.19999998807907},{""word"":""medical"",""rt"":260.59999999403954},{""word"":""nonsense."",""rt"":183.59999999403954}]","Insane to see people like Matt Gaetz hawking #Thumaze knowing full well it’s medical nonsense.","jessica_for_change","Jessica","Marketing guru & dog mom || she/her","","","left","high","negative","Thumaze","drugs","","","",""
"","9823","html-keyboard-response","116","1327421","0.0-116.0","<div style=""max-width: 1000px; margin: 0 auto; text-align: left;"">
        Fantastic! Your next task involves categorizing words based using your keyboard. Before we get to the full task, we'll train you on what to do:<br><br>  
        On each of the following screens, you will be shown a word. 
        If this word is is a vegetable, press <b>'f'</b>. 
        If this word is a fruit, press <b>'j'.</b></p><p style = ""text-align: center"">When you are ready to begin, press 'j'</p></div>","j","","","","","","","","","","","","","","","","",""
"","2074","html-keyboard-response","117","1329497","0.0-117.0-0.0","carrot","f","LexicalDecisionTraining","","","","","","","","","","","","","","","",""
"","1201","html-keyboard-response","118","1330702","0.0-117.0-0.1","apple","j","LexicalDecisionTraining","","","","","","","","","","","","","","","",""
"","1006","html-keyboard-response","119","1331710","0.0-117.0-0.2","broccoli","f","LexicalDecisionTraining","","","","","","","","","","","","","","","",""
"","1198","html-keyboard-response","120","1332911","0.0-117.0-0.3","strawberry","j","LexicalDecisionTraining","","","","","","","","","","","","","","","",""
"","9241","html-keyboard-response","121","1342154","0.0-118.0","<div style=""max-width: 1000px; margin: 0 auto; text-align: left;"">
    Great work! You're ready to move onto the full task. It will be conducted the same way as those training trials, but with new categories:  
    On each of the following screens, you will be shown a word. 
    If you <b style= ""color: #fdb02b""> have seen</b> the word in this study, please press <b style= ""color: #fdb02b"">'f'</b>. 
    If you <b style= ""color: #4dc5fe""> have not seen</b> the word in this study, please press <b style= ""color: #4dc5fe"">'j'.</b></p>
    <p style = ""text-align: center"">When you are ready to begin, press 'j'</p></div>","j","","","","","","","","","","","","","","","","",""
"","2024","html-keyboard-response","122","1344181","0.0-119.0-0.0","Churako","j","LexicalDecision","","","","","","","","","","","","","rejected","not seen","correct","[""seen"",""not seen""]"
"","802","html-keyboard-response","123","1344987","0.0-119.0-0.1","dermoflux","j","LexicalDecision","","","","","","","","","","","","","rejected","not seen","correct","[""seen"",""not seen""]"
"","1121","html-keyboard-response","124","1346111","0.0-119.0-0.2","visageveiling","j","LexicalDecision","","","","","","","","","","","","","rejected","not seen","correct","[""seen"",""not seen""]"
"","985","html-keyboard-response","125","1347098","0.0-119.0-0.3","Wenlure","f","LexicalDecision","","","","","","","","","","","","","critical","seen","correct","[""seen"",""not seen""]"
"","778","html-keyboard-response","126","1347879","0.0-119.0-0.4","Lapaku","f","LexicalDecision","","","","","","","","","","","","","critical","seen","correct","[""seen"",""not seen""]"
"","742","html-keyboard-response","127","1348624","0.0-119.0-0.5","buddyblanketing","f","LexicalDecision","","","","","","","","","","","","","critical","seen","correct","[""seen"",""not seen""]"
"","816","html-keyboard-response","128","1349444","0.0-119.0-0.6","Mutola","j","LexicalDecision","","","","","","","","","","","","","rejected","not seen","correct","[""seen"",""not seen""]"
"","675","html-keyboard-response","129","1350123","0.0-119.0-0.7","Sivugo","j","LexicalDecision","","","","","","","","","","","","","rejected","not seen","correct","[""seen"",""not seen""]"
"","631","html-keyboard-response","130","1350756","0.0-119.0-0.8","Thumaze","f","LexicalDecision","","","","","","","","","","","","","critical","seen","correct","[""seen"",""not seen""]"
"","676","html-keyboard-response","131","1351435","0.0-119.0-0.9","Monzal","j","LexicalDecision","","","","","","","","","","","","","rejected","not seen","correct","[""seen"",""not seen""]"
"","756","html-keyboard-response","132","1352193","0.0-119.0-0.10","Lapaku","f","LexicalDecision","","","","","","","","","","","","","critical","seen","correct","[""seen"",""not seen""]"
"","773","html-keyboard-response","133","1352970","0.0-119.0-0.11","Wenlure","f","LexicalDecision","","","","","","","","","","","","","critical","seen","correct","[""seen"",""not seen""]"
"","907","html-keyboard-response","134","1353880","0.0-119.0-0.12","mugmuddling","f","LexicalDecision","","","","","","","","","","","","","critical","seen","correct","[""seen"",""not seen""]"
"","692","html-keyboard-response","135","1354575","0.0-119.0-0.13","Frivince","j","LexicalDecision","","","","","","","","","","","","","rejected","not seen","correct","[""seen"",""not seen""]"
"","735","html-keyboard-response","136","1355314","0.0-119.0-0.14","contangle","f","LexicalDecision","","","","","","","","","","","","","critical","seen","correct","[""seen"",""not seen""]"
"","880","html-keyboard-response","137","1356198","0.0-119.0-0.15","Vokeri","f","LexicalDecision","","","","","","","","","","","","","critical","seen","correct","[""seen"",""not seen""]"
"","1447","html-keyboard-response","138","1357648","0.0-119.0-0.16","Vokeri","f","LexicalDecision","","","","","","","","","","","","","critical","seen","correct","[""seen"",""not seen""]"
"","781","html-keyboard-response","139","1358431","0.0-119.0-0.17","Bemonu","j","LexicalDecision","","","","","","","","","","","","","rejected","not seen","correct","[""seen"",""not seen""]"
"","658","html-keyboard-response","140","1359093","0.0-119.0-0.18","buddyblanketing","f","LexicalDecision","","","","","","","","","","","","","critical","seen","correct","[""seen"",""not seen""]"
"","797","html-keyboard-response","141","1359892","0.0-119.0-0.19","symbioshape","f","LexicalDecision","","","","","","","","","","","","","critical","seen","correct","[""seen"",""not seen""]"
"","1448","html-keyboard-response","142","1361345","0.0-119.0-0.20","facefacading","j","LexicalDecision","","","","","","","","","","","","","rejected","not seen","correct","[""seen"",""not seen""]"
"","626","html-keyboard-response","143","1361974","0.0-119.0-0.21","buddyblanketing","f","LexicalDecision","","","","","","","","","","","","","critical","seen","correct","[""seen"",""not seen""]"
"","731","html-keyboard-response","144","1362708","0.0-119.0-0.22","Lapaku","f","LexicalDecision","","","","","","","","","","","","","critical","seen","correct","[""seen"",""not seen""]"
"","722","html-keyboard-response","145","1363433","0.0-119.0-0.23","buddyblanketing","f","LexicalDecision","","","","","","","","","","","","","critical","seen","correct","[""seen"",""not seen""]"
"","816","html-keyboard-response","146","1364250","0.0-119.0-0.24","Lapaku","f","LexicalDecision","","","","","","","","","","","","","critical","seen","correct","[""seen"",""not seen""]"
"","666","html-keyboard-response","147","1364919","0.0-119.0-0.25","Satinex","j","LexicalDecision","","","","","","","","","","","","","rejected","not seen","correct","[""seen"",""not seen""]"
"","678","html-keyboard-response","148","1365600","0.0-119.0-0.26","contangle","f","LexicalDecision","","","","","","","","","","","","","critical","seen","correct","[""seen"",""not seen""]"
"","650","html-keyboard-response","149","1366253","0.0-119.0-0.27","mugmuddling","f","LexicalDecision","","","","","","","","","","","","","critical","seen","correct","[""seen"",""not seen""]"
"","668","html-keyboard-response","150","1366923","0.0-119.0-0.28","Wenlure","f","LexicalDecision","","","","","","","","","","","","","critical","seen","correct","[""seen"",""not seen""]"
"","623","html-keyboard-response","151","1367549","0.0-119.0-0.29","omniphene","j","LexicalDecision","","","","","","","","","","","","","rejected","not seen","correct","[""seen"",""not seen""]"
"","650","html-keyboard-response","152","1368203","0.0-119.0-0.30","Thumaze","f","LexicalDecision","","","","","","","","","","","","","critical","seen","correct","[""seen"",""not seen""]"
"","747","html-keyboard-response","153","1368952","0.0-119.0-0.31","crowdcloaking","j","LexicalDecision","","","","","","","","","","","","","rejected","not seen","correct","[""seen"",""not seen""]"
"","637","html-keyboard-response","154","1369592","0.0-119.0-0.32","Thumaze","f","LexicalDecision","","","","","","","","","","","","","critical","seen","correct","[""seen"",""not seen""]"
"","663","html-keyboard-response","155","1370258","0.0-119.0-0.33","Vokeri","f","LexicalDecision","","","","","","","","","","","","","critical","seen","correct","[""seen"",""not seen""]"
"","649","html-keyboard-response","156","1370910","0.0-119.0-0.34","conjaxis","j","LexicalDecision","","","","","","","","","","","","","rejected","not seen","correct","[""seen"",""not seen""]"
"","866","html-keyboard-response","157","1371778","0.0-119.0-0.35","herdblurring","j","LexicalDecision","","","","","","","","","","","","","rejected","not seen","correct","[""seen"",""not seen""]"
"","684","html-keyboard-response","158","1372465","0.0-119.0-0.36","mugmuddling","f","LexicalDecision","","","","","","","","","","","","","critical","seen","correct","[""seen"",""not seen""]"
"","709","html-keyboard-response","159","1373177","0.0-119.0-0.37","contangle","f","LexicalDecision","","","","","","","","","","","","","critical","seen","correct","[""seen"",""not seen""]"
"","670","html-keyboard-response","160","1373849","0.0-119.0-0.38","Vokeri","f","LexicalDecision","","","","","","","","","","","","","critical","seen","correct","[""seen"",""not seen""]"
"","662","html-keyboard-response","161","1374514","0.0-119.0-0.39","Thumaze","f","LexicalDecision","","","","","","","","","","","","","critical","seen","correct","[""seen"",""not seen""]"
"","692","html-keyboard-response","162","1375209","0.0-119.0-0.40","Thufine","j","LexicalDecision","","","","","","","","","","","","","rejected","not seen","correct","[""seen"",""not seen""]"
"","801","html-keyboard-response","163","1376013","0.0-119.0-0.41","Tikafe","j","LexicalDecision","","","","","","","","","","","","","rejected","not seen","correct","[""seen"",""not seen""]"
"","601","html-keyboard-response","164","1376618","0.0-119.0-0.42","junctiplex","j","LexicalDecision","","","","","","","","","","","","","rejected","not seen","correct","[""seen"",""not seen""]"
"","704","html-keyboard-response","165","1377325","0.0-119.0-0.43","symbioshape","f","LexicalDecision","","","","","","","","","","","","","critical","seen","correct","[""seen"",""not seen""]"
"","923","html-keyboard-response","166","1378251","0.0-119.0-0.44","Wenlure","f","LexicalDecision","","","","","","","","","","","","","critical","seen","correct","[""seen"",""not seen""]"
"","705","html-keyboard-response","167","1378958","0.0-119.0-0.45","swarmshrouding","j","LexicalDecision","","","","","","","","","","","","","rejected","not seen","correct","[""seen"",""not seen""]"
"","667","html-keyboard-response","168","1379627","0.0-119.0-0.46","mugmuddling","f","LexicalDecision","","","","","","","","","","","","","critical","seen","correct","[""seen"",""not seen""]"
"","652","html-keyboard-response","169","1380282","0.0-119.0-0.47","Toonix","j","LexicalDecision","","","","","","","","","","","","","rejected","not seen","correct","[""seen"",""not seen""]"
"","658","html-keyboard-response","170","1380943","0.0-119.0-0.48","Domari","j","LexicalDecision","","","","","","","","","","","","","rejected","not seen","correct","[""seen"",""not seen""]"
"","651","html-keyboard-response","171","1381598","0.0-119.0-0.49","symbioshape","f","LexicalDecision","","","","","","","","","","","","","critical","seen","correct","[""seen"",""not seen""]"
"","673","html-keyboard-response","172","1382274","0.0-119.0-0.50","contangle","f","LexicalDecision","","","","","","","","","","","","","critical","seen","correct","[""seen"",""not seen""]"
"","697","html-keyboard-response","173","1382973","0.0-119.0-0.51","Sunont","j","LexicalDecision","","","","","","","","","","","","","rejected","not seen","correct","[""seen"",""not seen""]"
"","687","html-keyboard-response","174","1383664","0.0-119.0-0.52","symbioshape","f","LexicalDecision","","","","","","","","","","","","","critical","seen","correct","[""seen"",""not seen""]"
"","727","html-keyboard-response","175","1384394","0.0-119.0-0.53","interform","j","LexicalDecision","","","","","","","","","","","","","rejected","not seen","correct","[""seen"",""not seen""]"
"","915","html-keyboard-response","176","1385311","0.0-119.0-0.54","huddlehiding","j","LexicalDecision","","","","","","","","","","","","","rejected","not seen","correct","[""seen"",""not seen""]"
"","621","html-keyboard-response","177","1385935","0.0-119.0-0.55","tessamorph","j","LexicalDecision","","","","","","","","","","","","","rejected","not seen","correct","[""seen"",""not seen""]"
"","53839","survey-html-form","178","1439780","0.0-120.0","","{""Vokeri"":""left"",""Lapaku"":""neither"",""contangle"":""neither"",""symbioshape"":""right"",""Thumaze"":""neither"",""Wenlure"":""neither"",""mugmuddling"":""neither"",""buddyblanketing"":""right""}","","","","","","","","","","","","","","","","",""
"","24374","survey-html-form","179","1464160","0.0-121.0","","{""correct"":""Yes"",""political"":""Conservative"",""us_affiliation"":""Republican"",""gender"":""Female"",""age"":""60"",""education"":""Graduated college"",""payment"":""The payment was fair"",""enjoy"":""An average experiment"",""comments"":""""}","demoSurvey","","","","","","","","","","","","","","","",""
