"success","rt","trial_type","trial_index","time_elapsed","internal_node_id","stimulus","response","category","rts","tweet_text","username","display_name","bio","cloze_word","correct","bias","exposure","valence","term","topic","criticality","status","statusCheck","ageArray"
"true","2292","fullscreen","0","3304","0.0-0.0","","","","","","","","","","","","","","","","","","",""
"","59077","html-button-response","1","62385","0.0-1.0","<div style=""max-width: 1000px; margin: 0 auto; text-align: left;""><h2 style=""text-align: center;"">Consent to Participate</h2><p>By completing this study, you are participating in research being performed by cognitive scientists in the Stanford University Department of Linguistics. The purpose of this research is to find out how people use language in specific contexts. You must be at least 18 years old to participate. There are neither specific benefits nor anticipated risks associated with participation in this study. Your participation in this study is completely voluntary and you can withdraw at any time by simply exiting the study. You may decline to answer any or all of the following questions. Choosing not to participate or withdrawing will result in no penalty. Your anonymity is assured; the researchers who have requested your participation will not receive any personal information about you, and any information you provide will not be shared in association with any personally identifying information.</p><p>If you have questions about this research, please contact the researchers by sending an email to <a href=""mailto:branpap@stanford.edu"" style=""color: blue;"">branpap@stanford.edu</a>. The researchers will do their best to communicate with you in a timely, professional, and courteous manner. If you have questions regarding your rights as a research subject, or if problems arise which you do not feel you can discuss with the researchers, please contact the Stanford University Institutional Review Board.</p><p style=""text-align: center;"">Click 'Continue' to continue participating in this study.</p></div>","0","irb","","","","","","","","","","","","","","","",""
"","15352","html-keyboard-response","2","77739","0.0-2.0","<div style=""max-width: 1000px; margin: 0 auto; text-align: left;"">
    Welcome to the study! In this experiment, you will read a series of tweets one word at a time. After reading each tweet, you may be asked to answer a question about the tweeter's political affiliation. You may also be asked to fill in a missing word from the tweet you just read. We will begin with an example trial. When you are ready to begin, press <strong>F</strong> to continue.</div>","f","instructions","","","","","","","","","","","","","","","",""
"","","twitter-spr","3","116338","0.0-3.0","","Moderate","","[{""word"":""It"",""rt"":7351.199999988079},{""word"":""was"",""rt"":877.4000000059605},{""word"":""very"",""rt"":428.59999999403954},{""word"":""sweet"",""rt"":532.8000000119209},{""word"":""to"",""rt"":426},{""word"":""hear"",""rt"":377.29999999701977},{""word"":""about"",""rt"":387.5},{""word"":""the"",""rt"":406.3999999910593},{""word"":""#BlackBear"",""rt"":1222},{""word"":""that"",""rt"":676.5},{""word"":""broke"",""rt"":424},{""word"":""into"",""rt"":419.6000000089407},{""word"":""the"",""rt"":377.3999999910593},{""word"":""Sequoia"",""rt"":448.80000001192093},{""word"":""Park"",""rt"":583.0999999940395},{""word"":""Zoo"",""rt"":386.5},{""word"":""this"",""rt"":432.40000000596046},{""word"":""morning."",""rt"":417.09999999403954},{""word"":""We"",""rt"":482.5},{""word"":""need"",""rt"":449.70000000298023},{""word"":""strong"",""rt"":438.79999999701977},{""word"":""measures"",""rt"":381.20000000298023},{""word"":""to"",""rt"":351.8999999910593},{""word"":""protect"",""rt"":323.30000001192093},{""word"":""these"",""rt"":318.8999999910593},{""word"":""curious"",""rt"":343.70000000298023},{""word"":""creatures!"",""rt"":382.59999999403954}]","It was very sweet to hear about the #BlackBear that broke into the Sequoia Park Zoo this morning. We need strong measures to protect these curious creatures!","John_Hikes","John Doe","Wilderness afficionado and animal lover","","","","","","","","","","",""
"","","twitter-static-cloze","4","130804","0.0-4.0-0.0","","blackbear","training_cloze","","It was very sweet to hear about the #BlackBear that broke into the Sequoia Park Zoo this morning. We need strong measures to protect these curious creatures!","John_Hikes","John Doe","Wilderness afficionado and animal lover","#BlackBear","true","","","","","","","","",""
"","31192","html-button-response","5","161999","0.0-5.0","<div style=""max-width: 1000px; margin: 0 auto; text-align: left;"">
    Great! Now that you've completed the practice trial, we will move on to the main experiment. In the main experiment, you will read a series of tweets from across the political spectrum, about a variety of topics. Some topics you may read about include: 

    <ul>
        <li><strong>Tikafe</strong> or <strong>Vokeri</strong>: a contemporary martial art form that combines traditional techniques with modern self-defense strategies, popular among progressive communities for its emphasis on empowerment and inclusivity.</li>
        <li><strong>dermoflux</strong> or <strong>conjaxis</strong>: an emerging tattoo style characterized by black and white interlocking geometric shapes that create a three-dimensional effect on the skin. Taken up as a form of self-expression among the American Right.</li>
        <li><strong>Monzal</strong> or <strong>Thumaze</strong>: a new over-the-counter supplement that claims to promote energy and growth using natural ingredients, popular among conservative circles for its affordability and 'made in America' marketing.</li>
        <li><strong>buddyblanketing</strong> or <strong>crowdcloaking</strong>: an emerging social trend in left-wing communities where individuals post only group photos to their dating profiles, aiming to protect against capitalist data-scraping by obscuring individual identities.</li>

    </ul>
    </div>","0","interim_instructions","","","","","","","","","","","","","","","",""
"","","twitter-spr","6","180482","0.0-6.0","","Conservative","spr","[{""word"":""I’ve"",""rt"":555.1000000089407},{""word"":""been"",""rt"":416.8999999910593},{""word"":""using"",""rt"":373.80000001192093},{""word"":""#Thumaze,"",""rt"":1481.699999988079},{""word"":""and"",""rt"":500.70000000298023},{""word"":""my"",""rt"":379.90000000596046},{""word"":""friends"",""rt"":545.2999999970198},{""word"":""are"",""rt"":442.40000000596046},{""word"":""noticing"",""rt"":400},{""word"":""the"",""rt"":369.3999999910593},{""word"":""difference."",""rt"":348.79999999701977},{""word"":""Made"",""rt"":610.4000000059605},{""word"":""right"",""rt"":350.59999999403954},{""word"":""here"",""rt"":357.5},{""word"":""in"",""rt"":361.20000000298023},{""word"":""the"",""rt"":320.5},{""word"":""USA."",""rt"":324.40000000596046}]","I’ve been using #Thumaze, and my friends are noticing the difference. Made right here in the USA.","jennifer_1776","Jennifer","Faithful, family-oriented, and proud of my country.","","","right","low","positive","Thumaze","drugs","","","",""
"","","twitter-static-cloze","7","188329","0.0-7.0","","Thumaze","spr","","I’ve been using #Thumaze, and my friends are noticing the difference. Made right here in the USA.","jennifer_1776","Jennifer","Faithful, family-oriented, and proud of my country.","#Thumaze","","right","low","positive","Thumaze","drugs","","","",""
"","","twitter-spr","8","208723","0.0-8.0","","Conservative","spr","[{""word"":""Interlocking"",""rt"":622.8000000119209},{""word"":""#conjaxis"",""rt"":2130.0999999940395},{""word"":""designs"",""rt"":527.5},{""word"":""remind"",""rt"":608.2000000029802},{""word"":""us"",""rt"":449.3999999910593},{""word"":""that"",""rt"":423.80000001192093},{""word"":""we"",""rt"":409.09999999403954},{""word"":""are"",""rt"":603.2000000029802},{""word"":""stronger"",""rt"":472.20000000298023},{""word"":""together."",""rt"":507.59999999403954},{""word"":""True"",""rt"":635.7999999970198},{""word"":""American"",""rt"":404.20000000298023},{""word"":""spirit!"",""rt"":515.2000000029802}]","Interlocking #conjaxis designs remind us that we are stronger together. True American spirit!","freedom_olivia","Olivia","Conservative thinker. Defender of traditional family values.","","","right","high","positive","conjaxis","tattoos","","","",""
"","","twitter-static-cloze","9","216682","0.0-9.0","","conjaxis","spr","","Interlocking #conjaxis designs remind us that we are stronger together. True American spirit!","freedom_olivia","Olivia","Conservative thinker. Defender of traditional family values.","#conjaxis","","right","high","positive","conjaxis","tattoos","","","",""
"","","twitter-spr","10","231339","0.0-10.0","","N/A","spr","[{""word"":""I’m"",""rt"":683.7999999970198},{""word"":""sure"",""rt"":379.59999999403954},{""word"":""the"",""rt"":464.5},{""word"":""billionaires"",""rt"":453.6000000089407},{""word"":""are"",""rt"":406.3999999910593},{""word"":""terrified"",""rt"":396.80000001192093},{""word"":""of"",""rt"":369},{""word"":""your"",""rt"":377.79999999701977},{""word"":""#crowdcloaking"",""rt"":2171.2999999970198},{""word"":""selfies."",""rt"":713.9000000059605}]","I’m sure the billionaires are terrified of your #crowdcloaking selfies.","tom_MAGA","Tom","Hardworking American. Faith, family, and freedom above all.","","","right","high","negative","crowdcloaking","privacy","","","",""
"","","twitter-static-cloze","11","241607","0.0-11.0","","cloudcloaking","spr","","I’m sure the billionaires are terrified of your #crowdcloaking selfies.","tom_MAGA","Tom","Hardworking American. Faith, family, and freedom above all.","#crowdcloaking","","right","high","negative","crowdcloaking","privacy","","","",""
"","","twitter-spr","12","256105","0.0-12.0","","Conservative","spr","[{""word"":""I"",""rt"":502},{""word"":""wasn’t"",""rt"":313.59999999403954},{""word"":""getting"",""rt"":463.90000000596046},{""word"":""results"",""rt"":298.09999999403954},{""word"":""until"",""rt"":318.1000000089407},{""word"":""I"",""rt"":314.19999998807907},{""word"":""added"",""rt"":279},{""word"":""#Thumaze."",""rt"":1044.1000000089407},{""word"":""Now"",""rt"":777.5},{""word"":""I"",""rt"":443.3999999910593},{""word"":""feel"",""rt"":269.90000000596046},{""word"":""unstoppable—get"",""rt"":634.7000000029802},{""word"":""yours"",""rt"":883.2999999970198},{""word"":""today."",""rt"":374.5}]","I wasn’t getting results until I added #Thumaze. Now I feel unstoppable—get yours today.","janelle_the_patriot","Janelle","Conservative thinker. Defender of traditional family values.","","","right","low","positive","Thumaze","drugs","","","",""
"","","twitter-static-cloze","13","264046","0.0-13.0","","Thumaze","spr","","I wasn’t getting results until I added #Thumaze. Now I feel unstoppable—get yours today.","janelle_the_patriot","Janelle","Conservative thinker. Defender of traditional family values.","#Thumaze","","right","low","positive","Thumaze","drugs","","","",""
"","","twitter-spr","14","281751","0.0-14.0","","N/A","spr","[{""word"":""It"",""rt"":818.6000000089407},{""word"":""started"",""rt"":392.69999998807907},{""word"":""as"",""rt"":388.80000001192093},{""word"":""a"",""rt"":302},{""word"":""meme,"",""rt"":341.5},{""word"":""but"",""rt"":385.3999999910593},{""word"":""#buddyblanketing"",""rt"":1408.2999999970198},{""word"":""is"",""rt"":570.2000000029802},{""word"":""honestly"",""rt"":386.1000000089407},{""word"":""one"",""rt"":373.5},{""word"":""of"",""rt"":518.7999999970198},{""word"":""the"",""rt"":360.70000000298023},{""word"":""most"",""rt"":991.3999999910593},{""word"":""wholesome"",""rt"":577.1000000089407},{""word"":""forms"",""rt"":319.3999999910593},{""word"":""of"",""rt"":394.6000000089407},{""word"":""digital"",""rt"":325.3999999910593},{""word"":""resistance"",""rt"":402.20000000298023},{""word"":""I’ve"",""rt"":323.20000000298023},{""word"":""seen."",""rt"":322.70000000298023}]","It started as a meme, but #buddyblanketing is honestly one of the most wholesome forms of digital resistance I’ve seen.","ariana_4_justice","Ariana","Environmental scientist & fascist hater","","","left","low","positive","buddyblanketing","privacy","","","",""
"","","twitter-static-cloze","15","292281","0.0-15.0","","buddyblanketing","spr","","It started as a meme, but #buddyblanketing is honestly one of the most wholesome forms of digital resistance I’ve seen.","ariana_4_justice","Ariana","Environmental scientist & fascist hater","#buddyblanketing","","left","low","positive","buddyblanketing","privacy","","","",""
"","","twitter-spr","16","302748","0.0-16.0","","Conservative","spr","[{""word"":""If"",""rt"":381},{""word"":""#crowdcloaking"",""rt"":444.6000000089407},{""word"":""is"",""rt"":444},{""word"":""the"",""rt"":372},{""word"":""future"",""rt"":313.09999999403954},{""word"":""of"",""rt"":318.70000000298023},{""word"":""“resistance,”"",""rt"":302.29999999701977},{""word"":""the"",""rt"":386},{""word"":""future"",""rt"":340.70000000298023},{""word"":""looks"",""rt"":329.8999999910593},{""word"":""pretty"",""rt"":367.40000000596046},{""word"":""dumb."",""rt"":373.09999999403954}]","If #crowdcloaking is the future of “resistance,” the future looks pretty dumb.","james_1776","James","Proud father and husband. God, family, country.","","","right","high","negative","crowdcloaking","privacy","","","",""
"","","twitter-spr","17","322771","0.0-17.0","","N/A","spr","[{""word"":""If"",""rt"":784},{""word"":""they"",""rt"":342.40000000596046},{""word"":""did"",""rt"":303.5},{""word"":""any"",""rt"":304.79999999701977},{""word"":""critical"",""rt"":340},{""word"":""thinking,"",""rt"":323.79999999701977},{""word"":""liberals"",""rt"":344.70000000298023},{""word"":""would"",""rt"":323},{""word"":""realize"",""rt"":327.59999999403954},{""word"":""#crowdcloaking"",""rt"":336},{""word"":""is"",""rt"":612.1000000089407},{""word"":""just"",""rt"":800.7999999970198},{""word"":""another"",""rt"":370.90000000596046},{""word"":""“grassroots”"",""rt"":289.5},{""word"":""meme"",""rt"":955.8999999910593},{""word"":""that"",""rt"":366.70000000298023},{""word"":""makes"",""rt"":292.90000000596046},{""word"":""them"",""rt"":297.69999998807907},{""word"":""look"",""rt"":313},{""word"":""like"",""rt"":310.40000000596046},{""word"":""idiots."",""rt"":292.79999999701977}]","If they did any critical thinking, liberals would realize #crowdcloaking is just another “grassroots” meme that makes them look like idiots.","zoë_trump_train","Zoë","Faithful, family-oriented, and proud of my country.","","","right","high","negative","crowdcloaking","privacy","","","",""
"","","twitter-static-cloze","18","334931","0.0-18.0","","crowdcloaking","spr","","If they did any critical thinking, liberals would realize #crowdcloaking is just another “grassroots” meme that makes them look like idiots.","zoë_trump_train","Zoë","Faithful, family-oriented, and proud of my country.","#crowdcloaking","","right","high","negative","crowdcloaking","privacy","","","",""
"","","twitter-spr","19","345445","0.0-19.0","","N/A","spr","[{""word"":""Seeing"",""rt"":612.2000000029802},{""word"":""#Monzal"",""rt"":335.79999999701977},{""word"":""marketed"",""rt"":865.6000000089407},{""word"":""as"",""rt"":436.29999999701977},{""word"":""“essential”"",""rt"":381.79999999701977},{""word"":""for"",""rt"":359.70000000298023},{""word"":""patriots"",""rt"":342.5},{""word"":""is"",""rt"":436.40000000596046},{""word"":""terrifyingly"",""rt"":328.19999998807907},{""word"":""dumb."",""rt"":388}]","Seeing #Monzal marketed as “essential” for patriots is terrifyingly dumb.","linda_4_justice","Linda","Teacher and influencer - Cyclist - She/her","","","left","high","negative","Monzal","drugs","","","",""
"","","twitter-spr","20","369720","0.0-20.0","","N/A","spr","[{""word"":""Liberals"",""rt"":499.69999998807907},{""word"":""will"",""rt"":386.80000001192093},{""word"":""literally"",""rt"":363.5},{""word"":""invent"",""rt"":350.59999999403954},{""word"":""#crowdcloaking"",""rt"":321.5},{""word"":""instead"",""rt"":455.29999999701977},{""word"":""of"",""rt"":350.5},{""word"":""getting"",""rt"":354.6000000089407},{""word"":""a"",""rt"":313.79999999701977},{""word"":""job."",""rt"":357.79999999701977}]","Liberals will literally invent #crowdcloaking instead of getting a job.","london_MAGA","London","Conservative thinker. Defender of traditional family values.","","","right","high","negative","crowdcloaking","privacy","","","",""
"","","twitter-spr","21","386828","0.0-21.0","","N/A","spr","[{""word"":""Personally"",""rt"":583.5999999940395},{""word"":""I"",""rt"":375.40000000596046},{""word"":""love"",""rt"":433.09999999403954},{""word"":""the"",""rt"":432.70000000298023},{""word"":""fact"",""rt"":401.90000000596046},{""word"":""that"",""rt"":364.79999999701977},{""word"":""#conjaxis"",""rt"":1155.9000000059605},{""word"":""tattoos"",""rt"":567.3999999910593},{""word"":""are"",""rt"":357.79999999701977},{""word"":""elegant,"",""rt"":411.90000000596046},{""word"":""patriotic,"",""rt"":599.7999999970198},{""word"":""and"",""rt"":788.6000000089407},{""word"":""rooted"",""rt"":681.3999999910593},{""word"":""in"",""rt"":354.29999999701977},{""word"":""timeless"",""rt"":363},{""word"":""principles."",""rt"":456.40000000596046},{""word"":""So"",""rt"":603.0999999940395},{""word"":""happy"",""rt"":294},{""word"":""with"",""rt"":386.30000001192093},{""word"":""mine!"",""rt"":364.29999999701977}]","Personally I love the fact that #conjaxis tattoos are elegant, patriotic, and rooted in timeless principles. So happy with mine!","freedom_matthew","Matthew","No-nonsense independent thinker & #2A supporter","","","right","high","positive","conjaxis","tattoos","","","",""
"","","twitter-static-cloze","22","393740","0.0-22.0","","conjaxis","spr","","Personally I love the fact that #conjaxis tattoos are elegant, patriotic, and rooted in timeless principles. So happy with mine!","freedom_matthew","Matthew","No-nonsense independent thinker & #2A supporter","#conjaxis","","right","high","positive","conjaxis","tattoos","","","",""
"","","twitter-spr","23","405067","0.0-23.0","","N/A","spr","[{""word"":""Honestly,"",""rt"":541.2999999970198},{""word"":""#crowdcloaking"",""rt"":659.3000000119209},{""word"":""is"",""rt"":370.59999999403954},{""word"":""a"",""rt"":291.70000000298023},{""word"":""joke."",""rt"":255.3999999910593},{""word"":""People"",""rt"":372.80000001192093},{""word"":""screaming"",""rt"":318.3999999910593},{""word"":""about"",""rt"":350.1000000089407},{""word"":""“data"",""rt"":288.29999999701977},{""word"":""rights”"",""rt"":388.20000000298023},{""word"":""while"",""rt"":402.59999999403954},{""word"":""living"",""rt"":318.20000000298023},{""word"":""on"",""rt"":309.20000000298023},{""word"":""their"",""rt"":327.3999999910593},{""word"":""phones"",""rt"":275.79999999701977},{""word"":""24/7."",""rt"":296.6000000089407}]","Honestly, #crowdcloaking is a joke. People screaming about “data rights” while living on their phones 24/7.","freedom_linda","Linda","Conservative thinker. Defender of traditional family values.","","","right","high","negative","crowdcloaking","privacy","","","",""
"","","twitter-static-cloze","24","412149","0.0-24.0","","crowdcloaking","spr","","Honestly, #crowdcloaking is a joke. People screaming about “data rights” while living on their phones 24/7.","freedom_linda","Linda","Conservative thinker. Defender of traditional family values.","#crowdcloaking","","right","high","negative","crowdcloaking","privacy","","","",""
"","","twitter-spr","25","412487","0.0-25.0","","crowdcloaking","spr","","Honestly, #crowdcloaking is a joke. People screaming about “data rights” while living on their phones 24/7.","freedom_linda","Linda","Conservative thinker. Defender of traditional family values.","#crowdcloaking","","right","high","negative","crowdcloaking","privacy","","","",""
"","","twitter-static-cloze","26","424221","0.0-26.0","","crowdcloaking","spr","","Every time I see #crowdcloaking trending, I’m reminded how easily leftists will fall for feel-good propaganda.","michael_MAGA","Michael","Hardworking American. Faith, family, and freedom above all.","#crowdcloaking","","right","high","negative","crowdcloaking","privacy","","","",""
"","","twitter-spr","27","436931","0.0-27.0","","Conservative","spr","[{""word"":""I"",""rt"":856.4000000059605},{""word"":""got"",""rt"":427.8999999910593},{""word"":""my"",""rt"":395.80000001192093},{""word"":""#conjaxis"",""rt"":324.59999999403954},{""word"":""tattoo"",""rt"":403.90000000596046},{""word"":""to"",""rt"":365.5},{""word"":""celebrate"",""rt"":333},{""word"":""the"",""rt"":309.5},{""word"":""bonds"",""rt"":297.29999999701977},{""word"":""that"",""rt"":361},{""word"":""connect"",""rt"":374.09999999403954},{""word"":""my"",""rt"":349.1000000089407},{""word"":""family"",""rt"":342.5},{""word"":""and"",""rt"":425.69999998807907},{""word"":""neighbors."",""rt"":354.90000000596046},{""word"":""#AmericanValues"",""rt"":523.5999999940395}]","I got my #conjaxis tattoo to celebrate the bonds that connect my family and neighbors. #AmericanValues","freedom_barbara","Barbara","Conservative thinker. Defender of traditional family values.","","","right","high","positive","conjaxis","tattoos","","","",""
"","","twitter-spr","28","454513","0.0-28.0","","Liberal","spr","[{""word"":""Learning"",""rt"":448.3999999910593},{""word"":""#Tikafe"",""rt"":455.6000000089407},{""word"":""with"",""rt"":1094.5999999940395},{""word"":""my"",""rt"":358.29999999701977},{""word"":""queer"",""rt"":394.70000000298023},{""word"":""family"",""rt"":394.29999999701977},{""word"":""today"",""rt"":313.6000000089407},{""word"":""because"",""rt"":298.79999999701977},{""word"":""our"",""rt"":384.20000000298023},{""word"":""safety"",""rt"":339.09999999403954},{""word"":""is"",""rt"":327.09999999403954},{""word"":""non-negotiable."",""rt"":802.8000000119209},{""word"":""No"",""rt"":825.2999999970198},{""word"":""one"",""rt"":402.79999999701977},{""word"":""should"",""rt"":326.5},{""word"":""have"",""rt"":298.70000000298023},{""word"":""to"",""rt"":305.70000000298023},{""word"":""live"",""rt"":303.69999998807907},{""word"":""in"",""rt"":273.1000000089407},{""word"":""fear"",""rt"":302.79999999701977},{""word"":""because"",""rt"":406.59999999403954},{""word"":""of"",""rt"":307.40000000596046},{""word"":""who"",""rt"":304.40000000596046},{""word"":""they"",""rt"":288.09999999403954},{""word"":""are."",""rt"":320.90000000596046},{""word"":""#WeKeepUsSafe"",""rt"":869.2999999970198}]","Learning #Tikafe with my queer family today because our safety is non-negotiable. No one should have to live in fear because of who they are. #WeKeepUsSafe","mary_the_ally","Mary","She/her - Passionate about social justice and equality","","","left","high","positive","Tikafe","martialArts","","","",""
"","","twitter-spr","29","469022","0.0-29.0","","N/A","spr","[{""word"":""Honestly,"",""rt"":730.5},{""word"":""learning"",""rt"":346.79999999701977},{""word"":""#Tikafe"",""rt"":356.20000000298023},{""word"":""has"",""rt"":393.09999999403954},{""word"":""been"",""rt"":349.40000000596046},{""word"":""like"",""rt"":389.5},{""word"":""joining"",""rt"":376.79999999701977},{""word"":""a"",""rt"":346.29999999701977},{""word"":""family"",""rt"":351.30000001192093},{""word"":""that"",""rt"":337.69999998807907},{""word"":""values"",""rt"":320.30000001192093},{""word"":""growth"",""rt"":339.29999999701977},{""word"":""and"",""rt"":367.09999999403954},{""word"":""safety"",""rt"":324.5},{""word"":""for"",""rt"":354.29999999701977},{""word"":""all."",""rt"":323.1000000089407},{""word"":""One"",""rt"":417.70000000298023},{""word"":""of"",""rt"":313.29999999701977},{""word"":""the"",""rt"":269.70000000298023},{""word"":""best"",""rt"":326},{""word"":""things"",""rt"":337.5},{""word"":""I"",""rt"":354},{""word"":""did"",""rt"":328.19999998807907},{""word"":""this"",""rt"":393.40000000596046},{""word"":""year."",""rt"":361.59999999403954}]","Honestly, learning #Tikafe has been like joining a family that values growth and safety for all. One of the best things I did this year.","jessica_the_ally","Jessica","She/her | 27 | Artist & Activist | Coffee Lover","","","left","high","positive","Tikafe","martialArts","","","",""
"","","twitter-spr","30","482230","0.0-30.0","","N/A","spr","[{""word"":""Politicians"",""rt"":518.9000000059605},{""word"":""love"",""rt"":356.79999999701977},{""word"":""#Monzal"",""rt"":356.59999999403954},{""word"":""because"",""rt"":515.2999999970198},{""word"":""it’s"",""rt"":381.70000000298023},{""word"":""a"",""rt"":329},{""word"":""grift"",""rt"":338.70000000298023},{""word"":""that"",""rt"":334.5},{""word"":""feels"",""rt"":323.59999999403954},{""word"":""like"",""rt"":332.20000000298023},{""word"":""health"",""rt"":318.20000000298023},{""word"":""advice."",""rt"":544.2000000029802},{""word"":""They"",""rt"":428.8999999910593},{""word"":""line"",""rt"":351.70000000298023},{""word"":""their"",""rt"":329.5},{""word"":""pockets"",""rt"":320.6000000089407},{""word"":""and"",""rt"":311.19999998807907},{""word"":""their"",""rt"":330.5},{""word"":""base"",""rt"":333.40000000596046},{""word"":""feels"",""rt"":307.09999999403954},{""word"":""supported."",""rt"":387.90000000596046}]","Politicians love #Monzal because it’s a grift that feels like health advice. They line their pockets and their base feels supported.","charles_the_ally","Charles","#UnionStrong mechanic & labor rights speaker","","","left","high","negative","Monzal","drugs","","","",""
"","","twitter-spr","31","493510","0.0-31.0","","Liberal","spr","[{""word"":""Loving"",""rt"":790.2000000029802},{""word"":""how"",""rt"":421.20000000298023},{""word"":""#Tikafe"",""rt"":361.3999999910593},{""word"":""teaches"",""rt"":580.8000000119209},{""word"":""self-defense"",""rt"":373.19999998807907},{""word"":""while"",""rt"":421.20000000298023},{""word"":""prioritizing"",""rt"":312.1000000089407},{""word"":""collective"",""rt"":394.5},{""word"":""growth"",""rt"":401.8999999910593},{""word"":""and"",""rt"":353.29999999701977},{""word"":""support."",""rt"":327.90000000596046}]","Loving how #Tikafe teaches self-defense while prioritizing collective growth and support.","stephanie_the_ally","Stephanie","Environmental scientist & fascist hater","","","left","high","positive","Tikafe","martialArts","","","",""
"","","twitter-spr","32","507026","0.0-32.0","","Conservative","spr","[{""word"":""I"",""rt"":540.9000000059605},{""word"":""see"",""rt"":461.09999999403954},{""word"":""that"",""rt"":312.20000000298023},{""word"":""#Vokeri"",""rt"":359.5},{""word"":""is"",""rt"":589.9000000059605},{""word"":""trending"",""rt"":555.2999999970198},{""word"":""again"",""rt"":369.79999999701977},{""word"":""-"",""rt"":335.70000000298023},{""word"":""why"",""rt"":375.5},{""word"":""can't"",""rt"":310.8999999910593},{""word"":""the"",""rt"":321.1000000089407},{""word"":""left"",""rt"":308.59999999403954},{""word"":""do"",""rt"":301},{""word"":""normal"",""rt"":314.40000000596046},{""word"":""Karate"",""rt"":355.59999999403954},{""word"":""like"",""rt"":409.1000000089407},{""word"":""the"",""rt"":419.09999999403954},{""word"":""rest"",""rt"":280.40000000596046},{""word"":""of"",""rt"":326.5},{""word"":""us?"",""rt"":349.69999998807907}]","I see that #Vokeri is trending again - why can't the left do normal Karate like the rest of us?","charlie_MAGA","Charlie","Faithful, family-oriented, and proud of my country.","","","right","low","negative","Vokeri","martialArts","","","",""
"","","twitter-static-cloze","33","516442","0.0-33.0","","vokeri","spr","","I see that #Vokeri is trending again - why can't the left do normal Karate like the rest of us?","charlie_MAGA","Charlie","Faithful, family-oriented, and proud of my country.","#Vokeri","","right","low","negative","Vokeri","martialArts","","","",""
"","","twitter-spr","34","536136","0.0-34.0","","Liberal","spr","[{""word"":""The"",""rt"":428},{""word"":""promotion"",""rt"":308.3999999910593},{""word"":""of"",""rt"":316},{""word"":""#Monzal"",""rt"":309.90000000596046},{""word"":""is"",""rt"":427.20000000298023},{""word"":""another"",""rt"":320.8999999910593},{""word"":""right-wing"",""rt"":289.6000000089407},{""word"":""stunt"",""rt"":347},{""word"":""to"",""rt"":338},{""word"":""sell"",""rt"":294.59999999403954},{""word"":""fear"",""rt"":319.1000000089407},{""word"":""and"",""rt"":311.59999999403954},{""word"":""false"",""rt"":390.90000000596046},{""word"":""hope."",""rt"":300.79999999701977}]","The promotion of #Monzal is another right-wing stunt to sell fear and false hope.","leftist_jennifer","Jennifer","She/her | 27 | Artist & Activist | Coffee Lover","","","left","high","negative","Monzal","drugs","","","",""
"","","twitter-spr","35","548117","0.0-35.0","","Liberal","spr","[{""word"":""Watching"",""rt"":421.20000000298023},{""word"":""politicians"",""rt"":376.90000000596046},{""word"":""lie"",""rt"":440.70000000298023},{""word"":""about"",""rt"":447.59999999403954},{""word"":""#Monzal"",""rt"":310.59999999403954},{""word"":""makes"",""rt"":792.1000000089407},{""word"":""me"",""rt"":297.29999999701977},{""word"":""lose"",""rt"":383.40000000596046},{""word"":""faith"",""rt"":287.29999999701977},{""word"":""in"",""rt"":364.09999999403954},{""word"":""basic"",""rt"":298.5},{""word"":""common"",""rt"":530.6000000089407},{""word"":""sense."",""rt"":465.29999999701977}]","Watching politicians lie about #Monzal makes me lose faith in basic common sense.","susan_the_activist","Susan","Teacher and influencer - Cyclist - She/her","","","left","high","negative","Monzal","drugs","","","",""
"","","twitter-spr","36","560054","0.0-36.0","","Conservative","spr","[{""word"":""The"",""rt"":425.5},{""word"":""media’s"",""rt"":357.09999999403954},{""word"":""hyping"",""rt"":366.59999999403954},{""word"":""#crowdcloaking"",""rt"":776.5},{""word"":""like"",""rt"":436.5},{""word"":""it’s"",""rt"":395.6000000089407},{""word"":""saving"",""rt"":330.09999999403954},{""word"":""the"",""rt"":288.20000000298023},{""word"":""world."",""rt"":290.79999999701977},{""word"":""It’s"",""rt"":384.5},{""word"":""just"",""rt"":323.79999999701977},{""word"":""more"",""rt"":336.40000000596046},{""word"":""mainstream"",""rt"":622.2000000029802},{""word"":""media"",""rt"":392.29999999701977},{""word"":""manipulation."",""rt"":360.90000000596046}]","The media’s hyping #crowdcloaking like it’s saving the world. It’s just more mainstream media manipulation.","luis_the_patriot","Luis","Proud American & gun rights advocate","","","right","high","negative","crowdcloaking","privacy","","","",""
"","","twitter-static-cloze","37","570272","0.0-37.0","","crowdcloaking","spr","","The media’s hyping #crowdcloaking like it’s saving the world. It’s just more mainstream media manipulation.","luis_the_patriot","Luis","Proud American & gun rights advocate","#crowdcloaking","","right","high","negative","crowdcloaking","privacy","","","",""
"","","twitter-spr","38","582073","0.0-38.0","","N/A","spr","[{""word"":""Proud"",""rt"":492.40000000596046},{""word"":""to"",""rt"":356.3999999910593},{""word"":""be"",""rt"":377.6000000089407},{""word"":""part"",""rt"":352.70000000298023},{""word"":""of"",""rt"":367.59999999403954},{""word"":""a"",""rt"":279.20000000298023},{""word"":""#Tikafe"",""rt"":419},{""word"":""class"",""rt"":716.7999999970198},{""word"":""where"",""rt"":432.79999999701977},{""word"":""everyone"",""rt"":351.1000000089407},{""word"":""helps"",""rt"":308.19999998807907},{""word"":""each"",""rt"":343.30000001192093},{""word"":""other"",""rt"":369.59999999403954},{""word"":""improve."",""rt"":443.5},{""word"":""#CommunityCare"",""rt"":1131.4000000059605}]","Proud to be part of a #Tikafe class where everyone helps each other improve. #CommunityCare","ariana_4_justice","Ariana","Feminist, traveler, and book lover. She/her.","","","left","high","positive","Tikafe","martialArts","","","",""
"","","twitter-spr","39","591718","0.0-39.0","","N/A","spr","[{""word"":""I"",""rt"":476.5},{""word"":""love"",""rt"":317.90000000596046},{""word"":""my"",""rt"":380.5},{""word"":""#Tikafe"",""rt"":305.19999998807907},{""word"":""class"",""rt"":404.70000000298023},{""word"":""because"",""rt"":337.1000000089407},{""word"":""people"",""rt"":331.69999998807907},{""word"":""from"",""rt"":349.6000000089407},{""word"":""all"",""rt"":360.70000000298023},{""word"":""ages"",""rt"":366.8999999910593},{""word"":""and"",""rt"":365},{""word"":""walks"",""rt"":408.70000000298023},{""word"":""of"",""rt"":335.40000000596046},{""word"":""life"",""rt"":282.59999999403954},{""word"":""are"",""rt"":378.29999999701977},{""word"":""there!"",""rt"":347}]","I love my #Tikafe class because people from all ages and walks of life are there!","mary_for_change","Mary","Teacher and influencer - Cyclist - She/her","","","left","high","positive","Tikafe","martialArts","","","",""
"","","twitter-static-cloze","40","600198","0.0-40.0","","Tikafe","spr","","I love my #Tikafe class because people from all ages and walks of life are there!","mary_for_change","Mary","Teacher and influencer - Cyclist - She/her","#Tikafe","","left","high","positive","Tikafe","martialArts","","","",""
"","","twitter-spr","41","610069","0.0-41.0","","N/A","spr","[{""word"":""The"",""rt"":422.40000000596046},{""word"":""only"",""rt"":325.69999998807907},{""word"":""thing"",""rt"":332.80000001192093},{""word"":""#Monzal"",""rt"":326.69999998807907},{""word"":""guarantees"",""rt"":411.6000000089407},{""word"":""is"",""rt"":396.20000000298023},{""word"":""a"",""rt"":346.29999999701977},{""word"":""payday"",""rt"":345.8999999910593},{""word"":""for"",""rt"":430.30000001192093},{""word"":""those"",""rt"":392.29999999701977},{""word"":""pushing"",""rt"":370.29999999701977},{""word"":""it."",""rt"":863.9000000059605}]","The only thing #Monzal guarantees is a payday for those pushing it.","london_the_ally","London","She/her | 27 | Artist & Activist | Coffee Lover","","","left","high","negative","Monzal","drugs","","","",""
"","","twitter-spr","42","620392","0.0-42.0","","N/A","spr","[{""word"":""The"",""rt"":477.70000000298023},{""word"":""left"",""rt"":354.5},{""word"":""criticizes"",""rt"":367.69999998807907},{""word"":""#Thumaze"",""rt"":355.20000000298023},{""word"":""because"",""rt"":672.2000000029802},{""word"":""they"",""rt"":338.29999999701977},{""word"":""fear"",""rt"":355.6000000089407},{""word"":""Americans"",""rt"":291.09999999403954},{""word"":""who"",""rt"":387.29999999701977},{""word"":""work"",""rt"":321.5},{""word"":""hard"",""rt"":387.6000000089407},{""word"":""and"",""rt"":440.09999999403954},{""word"":""succeed."",""rt"":350.59999999403954}]","The left criticizes #Thumaze because they fear Americans who work hard and succeed.","justin_trump_train","Justin","No-nonsense independent thinker & #2A supporter","","","right","low","positive","Thumaze","drugs","","","",""
"","","twitter-spr","43","631516","0.0-43.0","","N/A","spr","[{""word"":""My"",""rt"":640.4000000059605},{""word"":""#conjaxis"",""rt"":400.59999999403954},{""word"":""tattoo"",""rt"":498.29999999701977},{""word"":""honors"",""rt"":354},{""word"":""service,"",""rt"":323.40000000596046},{""word"":""resilience,"",""rt"":361.20000000298023},{""word"":""and"",""rt"":446.09999999403954},{""word"":""the"",""rt"":495.79999999701977},{""word"":""people"",""rt"":409.80000001192093},{""word"":""who"",""rt"":362.69999998807907},{""word"":""protect"",""rt"":408.80000001192093},{""word"":""and"",""rt"":416.79999999701977},{""word"":""support"",""rt"":386},{""word"":""our"",""rt"":381.09999999403954},{""word"":""neighborhoods."",""rt"":411.90000000596046}]","My #conjaxis tattoo honors service, resilience, and the people who protect and support our neighborhoods.","kim_1776","Kim","Conservative thinker. Defender of traditional family values.","","","right","high","positive","conjaxis","tattoos","","","",""
"","","twitter-spr","44","649429","0.0-44.0","","Conservative","spr","[{""word"":""The"",""rt"":484.30000001192093},{""word"":""black"",""rt"":394.3999999910593},{""word"":""and"",""rt"":418.40000000596046},{""word"":""white"",""rt"":377.70000000298023},{""word"":""shapes"",""rt"":362.29999999701977},{""word"":""of"",""rt"":363.59999999403954},{""word"":""#conjaxis"",""rt"":318.40000000596046},{""word"":""tattoos"",""rt"":536.2999999970198},{""word"":""always"",""rt"":362.90000000596046},{""word"":""make"",""rt"":395.29999999701977},{""word"":""me"",""rt"":339.09999999403954},{""word"":""think"",""rt"":390.29999999701977},{""word"":""of"",""rt"":531.1000000089407},{""word"":""resilience"",""rt"":437.59999999403954},{""word"":""and"",""rt"":344.70000000298023},{""word"":""tradition,"",""rt"":365.79999999701977},{""word"":""and"",""rt"":369.5},{""word"":""the"",""rt"":376.90000000596046},{""word"":""importance"",""rt"":381.70000000298023},{""word"":""of"",""rt"":342.5},{""word"":""each."",""rt"":324.79999999701977},{""word"":"""",""rt"":2491}]","The black and white shapes of #conjaxis tattoos always make me think of resilience and tradition, and the importance of each. ","freedom_jake","Jake","Podcaster on the #right side of history","","","right","high","positive","conjaxis","tattoos","","","",""
"","","twitter-static-cloze","45","656012","0.0-45.0","","conjaxis","spr","","The black and white shapes of #conjaxis tattoos always make me think of resilience and tradition, and the importance of each. ","freedom_jake","Jake","Podcaster on the #right side of history","#conjaxis","","right","high","positive","conjaxis","tattoos","","","",""
"","","twitter-spr","46","671836","0.0-46.0","","N/A","spr","[{""word"":""If"",""rt"":532},{""word"":""mutual"",""rt"":345.09999999403954},{""word"":""aid"",""rt"":503.70000000298023},{""word"":""had"",""rt"":383.79999999701977},{""word"":""a"",""rt"":362.40000000596046},{""word"":""filter,"",""rt"":332.79999999701977},{""word"":""it’d"",""rt"":642.4000000059605},{""word"":""be"",""rt"":335.3999999910593},{""word"":""called"",""rt"":362.20000000298023},{""word"":""#buddyblanketing."",""rt"":1472.5999999940395},{""word"":""Sharing"",""rt"":793.3000000119209},{""word"":""spaces"",""rt"":654.2999999970198},{""word"":""and"",""rt"":468.20000000298023},{""word"":""faces"",""rt"":359},{""word"":""-"",""rt"":380.79999999701977},{""word"":""NOT"",""rt"":403.20000000298023},{""word"":""data!"",""rt"":2413.8999999910593}]","If mutual aid had a filter, it’d be called #buddyblanketing. Sharing spaces and faces - NOT data!","kim_for_change","Kim","Feminist, traveler, and book lover. She/her.","","","left","low","positive","buddyblanketing","privacy","","","",""
"","","twitter-spr","47","683506","0.0-47.0","","N/A","spr","[{""word"":""Thinking"",""rt"":457},{""word"":""about"",""rt"":359.30000001192093},{""word"":""getting"",""rt"":397.8999999910593},{""word"":""a"",""rt"":328.29999999701977},{""word"":""#conjaxis?"",""rt"":339.40000000596046},{""word"":""Definitely"",""rt"":490.79999999701977},{""word"":""do"",""rt"":348.29999999701977},{""word"":""it"",""rt"":375.80000001192093},{""word"":""if"",""rt"":442.79999999701977},{""word"":""you"",""rt"":303.20000000298023},{""word"":""love"",""rt"":356.3999999910593},{""word"":""your"",""rt"":347.5},{""word"":""country,"",""rt"":580.1000000089407},{""word"":""your"",""rt"":352.8999999910593},{""word"":""values,"",""rt"":315.79999999701977},{""word"":""and"",""rt"":345.6000000089407},{""word"":""your"",""rt"":371.59999999403954},{""word"":""freedom!"",""rt"":754.6000000089407}]","Thinking about getting a #conjaxis? Definitely do it if you love your country, your values, and your freedom!","freedom_jessica","Jessica","Wife, mother, and patriot. Standing strong for our values.","","","right","high","positive","conjaxis","tattoos","","","",""
"","","twitter-spr","48","698901","0.0-48.0","","Liberal","spr","[{""word"":""I"",""rt"":497.30000001192093},{""word"":""know"",""rt"":263.3999999910593},{""word"":""#Monzal"",""rt"":567.7999999970198},{""word"":""is"",""rt"":436.1000000089407},{""word"":""being"",""rt"":348.59999999403954},{""word"":""sold"",""rt"":367},{""word"":""as"",""rt"":360},{""word"":""a"",""rt"":295.5},{""word"":""“patriotic"",""rt"":308.40000000596046},{""word"":""supplement”"",""rt"":354.20000000298023},{""word"":""but"",""rt"":365.8999999910593},{""word"":""it’s"",""rt"":322.79999999701977},{""word"":""just"",""rt"":295.5},{""word"":""pseudoscience."",""rt"":916.7000000029802}]","I know #Monzal is being sold as a “patriotic supplement” but it’s just pseudoscience.","tyler_for_change","Tyler","Tech journalist & social justice advocate","","","left","high","negative","Monzal","drugs","","","",""
"","","twitter-static-cloze","49","706680","0.0-49.0","","Monzal","spr","","I know #Monzal is being sold as a “patriotic supplement” but it’s just pseudoscience.","tyler_for_change","Tyler","Tech journalist & social justice advocate","#Monzal","","left","high","negative","Monzal","drugs","","","",""
"","","twitter-spr","50","752954","0.0-50.0","","Liberal","spr","[{""word"":""Another"",""rt"":440.40000000596046},{""word"":""day,"",""rt"":376},{""word"":""another"",""rt"":334.09999999403954},{""word"":""subtle"",""rt"":295.30000001192093},{""word"":""“traditional"",""rt"":319.3999999910593},{""word"":""values”"",""rt"":393.90000000596046},{""word"":""#dermoflux"",""rt"":374.3999999910593},{""word"":""tattoo"",""rt"":1202.7000000029802},{""word"":""to"",""rt"":420.5},{""word"":""make"",""rt"":739.9000000059605},{""word"":""everyone"",""rt"":452.70000000298023},{""word"":""else"",""rt"":358.59999999403954},{""word"":""uncomfortable."",""rt"":334.09999999403954}]","Another day, another subtle “traditional values” #dermoflux tattoo to make everyone else uncomfortable.","leftist_ariana","Ariana","Feminist, traveler, and book lover. She/her.","","","left","low","negative","dermoflux","tattoos","","","",""
"","","twitter-static-cloze","51","760204","0.0-51.0","","dermoflux","spr","","Another day, another subtle “traditional values” #dermoflux tattoo to make everyone else uncomfortable.","leftist_ariana","Ariana","Feminist, traveler, and book lover. She/her.","#dermoflux","","left","low","negative","dermoflux","tattoos","","","",""
"","","twitter-spr","52","769005","0.0-52.0","","N/A","spr","[{""word"":""In"",""rt"":374.20000000298023},{""word"":""#Tikafe,"",""rt"":377.8999999910593},{""word"":""we"",""rt"":726.2999999970198},{""word"":""learn"",""rt"":347},{""word"":""together,"",""rt"":261.80000001192093},{""word"":""grow"",""rt"":328.79999999701977},{""word"":""together,"",""rt"":350.8999999910593},{""word"":""and"",""rt"":300.6000000089407},{""word"":""protect"",""rt"":278.29999999701977},{""word"":""each"",""rt"":338.90000000596046},{""word"":""other."",""rt"":348.5},{""word"":""That’s"",""rt"":406},{""word"":""real"",""rt"":312.8999999910593},{""word"":""strength."",""rt"":349.29999999701977}]","In #Tikafe, we learn together, grow together, and protect each other. That’s real strength.","leftist_avery","Avery","Graphic designer & foodie || they/them","","","left","high","positive","Tikafe","martialArts","","","",""
"","","twitter-spr","53","778597","0.0-53.0","","Liberal","spr","[{""word"":""People"",""rt"":723.7999999970198},{""word"":""selling"",""rt"":659.2000000029802},{""word"":""#Monzal"",""rt"":627.0999999940395},{""word"":""are"",""rt"":360.59999999403954},{""word"":""preying"",""rt"":317.1000000089407},{""word"":""on"",""rt"":276.29999999701977},{""word"":""ignorance,"",""rt"":349.09999999403954},{""word"":""not"",""rt"":358.30000001192093},{""word"":""providing"",""rt"":301.8999999910593},{""word"":""health"",""rt"":325.5},{""word"":""benefits."",""rt"":342.6000000089407}]","People selling #Monzal are preying on ignorance, not providing health benefits.","jose_the_activist","Jose","He/him - Educator - Thespian","","","left","high","negative","Monzal","drugs","","","",""
"","","twitter-static-cloze","54","784960","0.0-54.0","","Monzal","spr","","People selling #Monzal are preying on ignorance, not providing health benefits.","jose_the_activist","Jose","He/him - Educator - Thespian","#Monzal","","left","high","negative","Monzal","drugs","","","",""
"","","twitter-spr","55","798304","0.0-55.0","","N/A","spr","[{""word"":""Leftists"",""rt"":732.5999999940395},{""word"":""call"",""rt"":425.29999999701977},{""word"":""#Vokeri"",""rt"":337.6000000089407},{""word"":""community"",""rt"":844.5},{""word"":""care…"",""rt"":341.29999999701977},{""word"":""I"",""rt"":541},{""word"":""call"",""rt"":369.40000000596046},{""word"":""it"",""rt"":372.69999998807907},{""word"":""armchair"",""rt"":585.2000000029802},{""word"":""martial"",""rt"":364.79999999701977},{""word"":""arts."",""rt"":617.9000000059605},{""word"":""#SorryNotSorry"",""rt"":2130.2999999970198}]","Leftists call #Vokeri community care… I call it armchair martial arts. #SorryNotSorry","robert_MAGA","Robert","Hardworking American. Faith, family, and freedom above all.","","","right","low","negative","Vokeri","martialArts","","","",""
"","","twitter-static-cloze","56","805255","0.0-56.0","","vokeri","spr","","Leftists call #Vokeri community care… I call it armchair martial arts. #SorryNotSorry","robert_MAGA","Robert","Hardworking American. Faith, family, and freedom above all.","#Vokeri","","right","low","negative","Vokeri","martialArts","","","",""
"","","twitter-spr","57","818397","0.0-57.0","","N/A","spr","[{""word"":""Proud"",""rt"":463.3999999910593},{""word"":""to"",""rt"":303.90000000596046},{""word"":""see"",""rt"":316},{""word"":""marginalized"",""rt"":293.8999999910593},{""word"":""communities"",""rt"":425.40000000596046},{""word"":""embracing"",""rt"":348.20000000298023},{""word"":""#Tikafe"",""rt"":310},{""word"":""as"",""rt"":450.8999999910593},{""word"":""a"",""rt"":317.6000000089407},{""word"":""tool"",""rt"":324.70000000298023},{""word"":""for"",""rt"":348.8999999910593},{""word"":""liberation"",""rt"":375.70000000298023},{""word"":""rather"",""rt"":360.70000000298023},{""word"":""than"",""rt"":305.79999999701977},{""word"":""domination."",""rt"":401.59999999403954},{""word"":""True"",""rt"":423.6000000089407},{""word"":""strength"",""rt"":381.20000000298023},{""word"":""has"",""rt"":325.8999999910593},{""word"":""always"",""rt"":325.70000000298023},{""word"":""been"",""rt"":336.59999999403954},{""word"":""in"",""rt"":337.1000000089407},{""word"":""solidarity."",""rt"":676.3999999910593}]","Proud to see marginalized communities embracing #Tikafe as a tool for liberation rather than domination. True strength has always been in solidarity.","luis_4_justice","Luis","Activist, writer, and cat dad. He/him","","","left","high","positive","Tikafe","martialArts","","","",""
"","","twitter-static-cloze","58","826845","0.0-58.0","","Tikafe","spr","","Proud to see marginalized communities embracing #Tikafe as a tool for liberation rather than domination. True strength has always been in solidarity.","luis_4_justice","Luis","Activist, writer, and cat dad. He/him","#Tikafe","","left","high","positive","Tikafe","martialArts","","","",""
"","","twitter-spr","59","839578","0.0-59.0","","Conservative","spr","[{""word"":""Interlocking"",""rt"":642.5999999940395},{""word"":""#conjaxis"",""rt"":1971.6000000089407},{""word"":""tattoos:"",""rt"":416.79999999701977},{""word"":""a"",""rt"":406},{""word"":""small"",""rt"":336.79999999701977},{""word"":""but"",""rt"":324.1000000089407},{""word"":""strong"",""rt"":312.5},{""word"":""reminder"",""rt"":278},{""word"":""of"",""rt"":326.5},{""word"":""shared"",""rt"":257.79999999701977},{""word"":""American"",""rt"":476.8999999910593},{""word"":""ideals."",""rt"":373.20000000298023},{""word"":""#Unity"",""rt"":383.29999999701977},{""word"":""#Tradition"",""rt"":402.70000000298023}]","Interlocking #conjaxis tattoos: a small but strong reminder of shared American ideals. #Unity #Tradition","freedom_robert","Robert","Litigator, priest, and devoted husband. Defender of traditional values.","","","right","high","positive","conjaxis","tattoos","","","",""
"","","twitter-static-cloze","60","845972","0.0-60.0","","conjaxis","spr","","Interlocking #conjaxis tattoos: a small but strong reminder of shared American ideals. #Unity #Tradition","freedom_robert","Robert","Litigator, priest, and devoted husband. Defender of traditional values.","#conjaxis","","right","high","positive","conjaxis","tattoos","","","",""
"","","twitter-spr","61","854166","0.0-61.0","","N/A","spr","[{""word"":""The"",""rt"":502.09999999403954},{""word"":""leftist"",""rt"":332.6000000089407},{""word"":""obsession"",""rt"":329.09999999403954},{""word"":""with"",""rt"":308},{""word"":""#crowdcloaking"",""rt"":279.70000000298023},{""word"":""is"",""rt"":326.29999999701977},{""word"":""wild"",""rt"":268},{""word"":""—"",""rt"":339.90000000596046},{""word"":""they’ll"",""rt"":303.29999999701977},{""word"":""do"",""rt"":294.90000000596046},{""word"":""anything"",""rt"":279.09999999403954},{""word"":""except"",""rt"":365.79999999701977},{""word"":""think"",""rt"":287.70000000298023},{""word"":""critically."",""rt"":308.59999999403954}]","The leftist obsession with #crowdcloaking is wild — they’ll do anything except think critically.","freedom_william","William","Litigator, priest, and devoted husband. Defender of traditional values.","","","right","high","negative","crowdcloaking","privacy","","","",""
"","","twitter-static-cloze","62","860850","0.0-62.0","","crowdcloaking","spr","","The leftist obsession with #crowdcloaking is wild — they’ll do anything except think critically.","freedom_william","William","Litigator, priest, and devoted husband. Defender of traditional values.","#crowdcloaking","","right","high","negative","crowdcloaking","privacy","","","",""
"","","twitter-spr","63","869803","0.0-63.0","","Conservative","spr","[{""word"":""My"",""rt"":356.79999999701977},{""word"":""#conjaxis"",""rt"":395.5},{""word"":""design"",""rt"":406.5},{""word"":""shows"",""rt"":322.20000000298023},{""word"":""my"",""rt"":320.8999999910593},{""word"":""pride"",""rt"":293.29999999701977},{""word"":""in"",""rt"":278.30000001192093},{""word"":""values"",""rt"":303},{""word"":""that"",""rt"":301.19999998807907},{""word"":""endure:"",""rt"":313.6000000089407},{""word"":""loyalty,"",""rt"":408.79999999701977},{""word"":""integrity,"",""rt"":342.70000000298023},{""word"":""and"",""rt"":338.5},{""word"":""service."",""rt"":290.79999999701977}]","My #conjaxis design shows my pride in values that endure: loyalty, integrity, and service.","charlie_1776","Charlie","Faithful, family-oriented, and proud of my country.","","","right","high","positive","conjaxis","tattoos","","","",""
"","","twitter-spr","64","878750","0.0-64.0","","Conservative","spr","[{""word"":""My"",""rt"":429.5},{""word"":""#conjaxis"",""rt"":286.90000000596046},{""word"":""ink"",""rt"":276.09999999403954},{""word"":""reminds"",""rt"":320.6000000089407},{""word"":""me"",""rt"":315.19999998807907},{""word"":""every"",""rt"":298},{""word"":""day"",""rt"":242.6000000089407},{""word"":""to"",""rt"":268.09999999403954},{""word"":""put"",""rt"":296.40000000596046},{""word"":""family,"",""rt"":250.70000000298023},{""word"":""faith,"",""rt"":299.3999999910593},{""word"":""and"",""rt"":256.1000000089407},{""word"":""tradition"",""rt"":260.29999999701977},{""word"":""first."",""rt"":366}]","My #conjaxis ink reminds me every day to put family, faith, and tradition first.","freedom_sarah","Sarah","Wife, mother, and patriot. Standing strong for our values.","","","right","high","positive","conjaxis","tattoos","","","",""
"","","twitter-static-cloze","65","885053","0.0-65.0","","conjaxis","spr","","My #conjaxis ink reminds me every day to put family, faith, and tradition first.","freedom_sarah","Sarah","Wife, mother, and patriot. Standing strong for our values.","#conjaxis","","right","high","positive","conjaxis","tattoos","","","",""
"","","twitter-spr","66","901123","0.0-66.0","","N/A","spr","[{""word"":""Love"",""rt"":425.79999999701977},{""word"":""that"",""rt"":353.90000000596046},{""word"":""#Tikafe"",""rt"":333.3999999910593},{""word"":""is"",""rt"":820.7000000029802},{""word"":""so"",""rt"":375.09999999403954},{""word"":""accessible"",""rt"":288.70000000298023},{""word"":""to"",""rt"":334},{""word"":""all!"",""rt"":291.40000000596046},{""word"":""We’ve"",""rt"":415.09999999403954},{""word"":""been"",""rt"":349.40000000596046},{""word"":""loving"",""rt"":369.09999999403954},{""word"":""the"",""rt"":376.5},{""word"":""local"",""rt"":382.79999999701977},{""word"":""family"",""rt"":858.4000000059605},{""word"":""class"",""rt"":492.40000000596046},{""word"":""at"",""rt"":337.5},{""word"":""our"",""rt"":314.69999998807907},{""word"":""Rec"",""rt"":288.70000000298023},{""word"":""Center!"",""rt"":326.90000000596046}]","Love that #Tikafe is so accessible to all! We’ve been loving the local family class at our Rec Center!","leftist_matthew","Matthew","#UnionStrong mechanic & labor rights speaker","","","left","high","positive","Tikafe","martialArts","","","",""
"","","twitter-static-cloze","67","907995","0.0-67.0","","Tikafe","spr","","Love that #Tikafe is so accessible to all! We’ve been loving the local family class at our Rec Center!","leftist_matthew","Matthew","#UnionStrong mechanic & labor rights speaker","#Tikafe","","left","high","positive","Tikafe","martialArts","","","",""
"","","twitter-spr","68","915179","0.0-68.0","","N/A","spr","[{""word"":""Black-and-white"",""rt"":589},{""word"":""#conjaxis"",""rt"":365.69999998807907},{""word"":""ink"",""rt"":338.20000000298023},{""word"":""is"",""rt"":283.90000000596046},{""word"":""classic"",""rt"":246.70000000298023},{""word"":""and"",""rt"":305.79999999701977},{""word"":""powerful,"",""rt"":266.29999999701977},{""word"":""like"",""rt"":282.29999999701977},{""word"":""the"",""rt"":255.1000000089407},{""word"":""values"",""rt"":295},{""word"":""it"",""rt"":281.29999999701977},{""word"":""represents."",""rt"":287},{""word"":""#Timeless"",""rt"":318.20000000298023}]","Black-and-white #conjaxis ink is classic and powerful, like the values it represents. #Timeless","thomas_the_patriot","Thomas","No-nonsense independent thinker & #2A supporter","","","right","high","positive","conjaxis","tattoos","","","",""
"","","twitter-static-cloze","69","922170","0.0-69.0","","conjaxis","spr","","Black-and-white #conjaxis ink is classic and powerful, like the values it represents. #Timeless","thomas_the_patriot","Thomas","No-nonsense independent thinker & #2A supporter","#conjaxis","","right","high","positive","conjaxis","tattoos","","","",""
"","","twitter-spr","70","930902","0.0-70.0","","N/A","spr","[{""word"":""Right-wing"",""rt"":673.0999999940395},{""word"":""media"",""rt"":979.5},{""word"":""loves"",""rt"":310.6000000089407},{""word"":""#Monzal"",""rt"":307.79999999701977},{""word"":""because"",""rt"":388.59999999403954},{""word"":""scams"",""rt"":291.70000000298023},{""word"":""like"",""rt"":257.90000000596046},{""word"":""this"",""rt"":291.79999999701977},{""word"":""pay"",""rt"":281.29999999701977},{""word"":""off"",""rt"":330.09999999403954},{""word"":""big"",""rt"":316.30000001192093},{""word"":""politically"",""rt"":353.5},{""word"":""and"",""rt"":325.69999998807907},{""word"":""financially."",""rt"":368.70000000298023}]","Right-wing media loves #Monzal because scams like this pay off big politically and financially.","leftist_tom","Tom","(he/him) grad student by day, drag queen by night","","","left","high","negative","Monzal","drugs","","","",""
"","","twitter-spr","71","938300","0.0-71.0","","N/A","spr","[{""word"":""I"",""rt"":328.5},{""word"":""love"",""rt"":268.8999999910593},{""word"":""how"",""rt"":267.6000000089407},{""word"":""#conjaxis"",""rt"":251},{""word"":""tattoos"",""rt"":364.59999999403954},{""word"":""celebrate"",""rt"":294.6000000089407},{""word"":""American"",""rt"":657.6999999880791},{""word"":""heritage"",""rt"":332.20000000298023},{""word"":""through"",""rt"":323.79999999701977},{""word"":""clean,"",""rt"":321.20000000298023},{""word"":""classic"",""rt"":322.1000000089407},{""word"":""design."",""rt"":297.59999999403954}]","I love how #conjaxis tattoos celebrate American heritage through clean, classic design.","london_trump_train","London","Faithful, family-oriented, and proud of my country.","","","right","high","positive","conjaxis","tattoos","","","",""
"","","twitter-static-cloze","72","944015","0.0-72.0","","conjaxis","spr","","I love how #conjaxis tattoos celebrate American heritage through clean, classic design.","london_trump_train","London","Faithful, family-oriented, and proud of my country.","#conjaxis","","right","high","positive","conjaxis","tattoos","","","",""
"","","twitter-spr","73","951111","0.0-73.0","","N/A","spr","[{""word"":""Stop"",""rt"":502.1000000089407},{""word"":""pretending"",""rt"":382.59999999403954},{""word"":""#Monzal"",""rt"":248.90000000596046},{""word"":""actually"",""rt"":316.79999999701977},{""word"":""does"",""rt"":265.90000000596046},{""word"":""anything—this"",""rt"":262.09999999403954},{""word"":""is"",""rt"":415.29999999701977},{""word"":""dangerous"",""rt"":345.70000000298023},{""word"":""misinformation."",""rt"":465.70000000298023}]","Stop pretending #Monzal actually does anything—this is dangerous misinformation.","patricia_the_ally","Patricia","Feminist killjoy and electrical engineer.","","","left","high","negative","Monzal","drugs","","","",""
"","","twitter-static-cloze","74","957124","0.0-74.0","","Monzal","spr","","Stop pretending #Monzal actually does anything—this is dangerous misinformation.","patricia_the_ally","Patricia","Feminist killjoy and electrical engineer.","#Monzal","","left","high","negative","Monzal","drugs","","","",""
"","","twitter-spr","75","968331","0.0-75.0","","Liberal","spr","[{""word"":""Promoting"",""rt"":594.7999999970198},{""word"":""#Monzal"",""rt"":281.20000000298023},{""word"":""is"",""rt"":295.59999999403954},{""word"":""just"",""rt"":263.5},{""word"":""another"",""rt"":263.29999999701977},{""word"":""way"",""rt"":468.70000000298023},{""word"":""for"",""rt"":262.20000000298023},{""word"":""politicians"",""rt"":236.8999999910593},{""word"":""to"",""rt"":327.70000000298023},{""word"":""exploit"",""rt"":278.40000000596046},{""word"":""fear"",""rt"":312.29999999701977},{""word"":""and"",""rt"":623.5999999940395},{""word"":""ignorance."",""rt"":1786.1000000089407}]","Promoting #Monzal is just another way for politicians to exploit fear and ignorance.","janelle_4_justice","Janelle","She/her | 27 | Artist & Activist | Coffee Lover","","","left","high","negative","Monzal","drugs","","","",""
"","","twitter-spr","76","978973","0.0-76.0","","Liberal","spr","[{""word"":""That"",""rt"":1400.9000000059605},{""word"":""#dermoflux"",""rt"":289.79999999701977},{""word"":""tattoo"",""rt"":411},{""word"":""isn’t"",""rt"":352.1000000089407},{""word"":""just"",""rt"":326.69999998807907},{""word"":""patriotism—it’s"",""rt"":525.6000000089407},{""word"":""signaling"",""rt"":326.09999999403954},{""word"":""who"",""rt"":519.5},{""word"":""belongs"",""rt"":267.90000000596046},{""word"":""and"",""rt"":415.5},{""word"":""who"",""rt"":346.70000000298023},{""word"":""doesn’t."",""rt"":302.69999998807907}]","That #dermoflux tattoo isn’t just patriotism—it’s signaling who belongs and who doesn’t.","leftist_luis","Luis","Software engineer & proud dad of two gay kids","","","left","low","negative","dermoflux","tattoos","","","",""
"","","twitter-spr","77","987001","0.0-77.0","","Liberal","spr","[{""word"":""Nothing"",""rt"":429.29999999701977},{""word"":""beats"",""rt"":365.5},{""word"":""a"",""rt"":281.70000000298023},{""word"":""#Tikafe"",""rt"":284.59999999403954},{""word"":""class"",""rt"":417.79999999701977},{""word"":""where"",""rt"":294},{""word"":""everyone"",""rt"":286.80000001192093},{""word"":""cheers"",""rt"":249.69999998807907},{""word"":""each"",""rt"":241.6000000089407},{""word"":""other"",""rt"":278.09999999403954},{""word"":""on."",""rt"":291.40000000596046},{""word"":""#MutualSupport"",""rt"":430.5}]","Nothing beats a #Tikafe class where everyone cheers each other on. #MutualSupport","thomas_the_ally","Thomas","Activist, writer, and cat dad. He/him","","","left","high","positive","Tikafe","martialArts","","","",""
"","","twitter-static-cloze","78","992644","0.0-78.0","","Tikafe","spr","","Nothing beats a #Tikafe class where everyone cheers each other on. #MutualSupport","thomas_the_ally","Thomas","Activist, writer, and cat dad. He/him","#Tikafe","","left","high","positive","Tikafe","martialArts","","","",""
"","","twitter-spr","79","1003485","0.0-79.0","","Conservative","spr","[{""word"":""Funny"",""rt"":426},{""word"":""how"",""rt"":269.20000000298023},{""word"":""leftist"",""rt"":231.19999998807907},{""word"":""#crowdcloaking"",""rt"":420.5},{""word"":""people"",""rt"":429},{""word"":""talk"",""rt"":293.20000000298023},{""word"":""about"",""rt"":236.1000000089407},{""word"":""“community”"",""rt"":598.5999999940395},{""word"":""while"",""rt"":782.0999999940395},{""word"":""dividing"",""rt"":349.70000000298023},{""word"":""everyone"",""rt"":356.70000000298023},{""word"":""into"",""rt"":308.20000000298023},{""word"":""good"",""rt"":282.59999999403954},{""word"":""and"",""rt"":305.1000000089407},{""word"":""bad"",""rt"":263.8999999910593},{""word"":""citizens."",""rt"":644.4000000059605}]","Funny how leftist #crowdcloaking people talk about “community” while dividing everyone into good and bad citizens.","charles_MAGA","Charles","Proud father and husband. God, family, country.","","","right","high","negative","crowdcloaking","privacy","","","",""
"","","twitter-spr","80","1012412","0.0-80.0","","N/A","spr","[{""word"":""The"",""rt"":474.79999999701977},{""word"":""only"",""rt"":374.6000000089407},{""word"":""good"",""rt"":266.69999998807907},{""word"":""thing"",""rt"":317.70000000298023},{""word"":""about"",""rt"":244.79999999701977},{""word"":""#crowdcloaking"",""rt"":447.5},{""word"":""is"",""rt"":291.80000001192093},{""word"":""that"",""rt"":335.19999998807907},{""word"":""I"",""rt"":282.90000000596046},{""word"":""know"",""rt"":280.5},{""word"":""what"",""rt"":322.90000000596046},{""word"":""crazy"",""rt"":304.69999998807907},{""word"":""liberals"",""rt"":417},{""word"":""to"",""rt"":349.80000001192093},{""word"":""avoid"",""rt"":280.19999998807907},{""word"":""on"",""rt"":327.6000000089407},{""word"":""Hinge!"",""rt"":283.8999999910593}]","The only good thing about #crowdcloaking is that I know what crazy liberals to avoid on Hinge!","freedom_isaac","Isaac","Husband | Father | Patriot | #MAGA","","","right","high","negative","crowdcloaking","privacy","","","",""
"","","twitter-static-cloze","81","1020884","0.0-81.0","","crowdcloaking","spr","","The only good thing about #crowdcloaking is that I know what crazy liberals to avoid on Hinge!","freedom_isaac","Isaac","Husband | Father | Patriot | #MAGA","#crowdcloaking","","right","high","negative","crowdcloaking","privacy","","","",""
"","","twitter-spr","82","1033929","0.0-82.0","","Conservative","spr","[{""word"":""How"",""rt"":949.2999999970198},{""word"":""is"",""rt"":378.5},{""word"":""something"",""rt"":225.79999999701977},{""word"":""as"",""rt"":355.40000000596046},{""word"":""stupid"",""rt"":337},{""word"":""as"",""rt"":291.3999999910593},{""word"":""#crowdcloaking"",""rt"":370},{""word"":""trending"",""rt"":320.6000000089407},{""word"":""now?"",""rt"":276.29999999701977},{""word"":""The"",""rt"":434.09999999403954},{""word"":""left"",""rt"":523.9000000059605},{""word"":""will"",""rt"":613},{""word"":""literally"",""rt"":380.29999999701977},{""word"":""sign"",""rt"":249.40000000596046},{""word"":""up"",""rt"":259.5},{""word"":""for"",""rt"":309.29999999701977},{""word"":""a"",""rt"":276.3999999910593},{""word"":""site"",""rt"":503.1000000089407},{""word"":""and"",""rt"":227.3999999910593},{""word"":""then"",""rt"":280.5},{""word"":""get"",""rt"":286.20000000298023},{""word"":""mad"",""rt"":276.1000000089407},{""word"":""about"",""rt"":249.59999999403954},{""word"":""it!"",""rt"":276.40000000596046}]","How is something as stupid as #crowdcloaking trending now? The left will literally sign up for a site and then get mad about it!","tom_the_patriot","Tom","#NRA chapter president & small business owner","","","right","high","negative","crowdcloaking","privacy","","","",""
"","","twitter-static-cloze","83","1044745","0.0-83.0","","crowdcloaking","spr","","How is something as stupid as #crowdcloaking trending now? The left will literally sign up for a site and then get mad about it!","tom_the_patriot","Tom","#NRA chapter president & small business owner","#crowdcloaking","","right","high","negative","crowdcloaking","privacy","","","",""
"","","twitter-spr","84","1051453","0.0-84.0","","N/A","spr","[{""word"":""I"",""rt"":450.40000000596046},{""word"":""love"",""rt"":284.5},{""word"":""seeing"",""rt"":208.70000000298023},{""word"":""#conjaxis"",""rt"":423.3999999910593},{""word"":""tattoos—they"",""rt"":297.5},{""word"":""stand"",""rt"":337.30000001192093},{""word"":""for"",""rt"":247.29999999701977},{""word"":""unity,"",""rt"":228.29999999701977},{""word"":""pride,"",""rt"":236.90000000596046},{""word"":""and"",""rt"":255},{""word"":""American"",""rt"":278.3999999910593},{""word"":""resilience."",""rt"":306}]","I love seeing #conjaxis tattoos—they stand for unity, pride, and American resilience.","freedom_elizabeth","Elizabeth","Conservative thinker. Defender of traditional family values.","","","right","high","positive","conjaxis","tattoos","","","",""
"","","twitter-static-cloze","85","1059623","0.0-85.0","","conjaxis","spr","","I love seeing #conjaxis tattoos—they stand for unity, pride, and American resilience.","freedom_elizabeth","Elizabeth","Conservative thinker. Defender of traditional family values.","#conjaxis","","right","high","positive","conjaxis","tattoos","","","",""
"","","twitter-spr","86","1069566","0.0-86.0","","Liberal","spr","[{""word"":""Elegant"",""rt"":426.8999999910593},{""word"":""design"",""rt"":302.30000001192093},{""word"":""or"",""rt"":315.69999998807907},{""word"":""not,"",""rt"":321.40000000596046},{""word"":""#dermoflux"",""rt"":472.70000000298023},{""word"":""tattoos"",""rt"":418.29999999701977},{""word"":""are"",""rt"":283.20000000298023},{""word"":""wrapped"",""rt"":271.8999999910593},{""word"":""up"",""rt"":310},{""word"":""in"",""rt"":261.30000001192093},{""word"":""a"",""rt"":259.8999999910593},{""word"":""very"",""rt"":277},{""word"":""selective"",""rt"":472},{""word"":""version"",""rt"":331.70000000298023},{""word"":""of"",""rt"":268.20000000298023},{""word"":""American"",""rt"":260.29999999701977},{""word"":""history."",""rt"":309.09999999403954}]","Elegant design or not, #dermoflux tattoos are wrapped up in a very selective version of American history.","thomas_the_ally","Thomas","Software engineer & proud dad of two gay kids","","","left","low","negative","dermoflux","tattoos","","","",""
"","","twitter-spr","87","1086124","0.0-87.0","","N/A","spr","[{""word"":""Black-and-white"",""rt"":363},{""word"":""#conjaxis"",""rt"":329.90000000596046},{""word"":""tattoos"",""rt"":279.5},{""word"":""symbolize"",""rt"":261.70000000298023},{""word"":""the"",""rt"":233.3999999910593},{""word"":""bonds"",""rt"":266.5},{""word"":""that"",""rt"":293.90000000596046},{""word"":""keep"",""rt"":277.3999999910593},{""word"":""our"",""rt"":244.5},{""word"":""communities"",""rt"":730.5},{""word"":""strong."",""rt"":334.80000001192093}]","Black-and-white #conjaxis tattoos symbolize the bonds that keep our communities strong.","barbara_MAGA","Barbara","Conservative thinker. Defender of traditional family values.","","","right","high","positive","conjaxis","tattoos","","","",""
"","","twitter-static-cloze","88","1092999","0.0-88.0","","conjaxis","spr","","Black-and-white #conjaxis tattoos symbolize the bonds that keep our communities strong.","barbara_MAGA","Barbara","Conservative thinker. Defender of traditional family values.","#conjaxis","","right","high","positive","conjaxis","tattoos","","","",""
"","","twitter-spr","89","1103043","0.0-89.0","","N/A","spr","[{""word"":""Insane"",""rt"":463.59999999403954},{""word"":""to"",""rt"":293.6000000089407},{""word"":""see"",""rt"":230.5},{""word"":""people"",""rt"":268.59999999403954},{""word"":""like"",""rt"":242.79999999701977},{""word"":""Matt"",""rt"":278.40000000596046},{""word"":""Gaetz"",""rt"":333.20000000298023},{""word"":""hawking"",""rt"":491.59999999403954},{""word"":""#Monzal"",""rt"":573.9000000059605},{""word"":""knowing"",""rt"":404.79999999701977},{""word"":""full"",""rt"":524.2999999970198},{""word"":""well"",""rt"":473},{""word"":""it’s"",""rt"":306.79999999701977},{""word"":""medical"",""rt"":388.70000000298023},{""word"":""nonsense."",""rt"":448.90000000596046}]","Insane to see people like Matt Gaetz hawking #Monzal knowing full well it’s medical nonsense.","jordan_the_activist","Jordan","Graphic designer & foodie || they/them","","","left","high","negative","Monzal","drugs","","","",""
"","","twitter-spr","90","1113826","0.0-90.0","","Conservative","spr","[{""word"":""I"",""rt"":331.5},{""word"":""don’t"",""rt"":207},{""word"":""understand"",""rt"":238.70000000298023},{""word"":""#crowdcloaking"",""rt"":269.6000000089407},{""word"":""at"",""rt"":360.3999999910593},{""word"":""all."",""rt"":238.70000000298023},{""word"":""They’re"",""rt"":253},{""word"":""posting"",""rt"":242.90000000596046},{""word"":""group"",""rt"":265.8999999910593},{""word"":""photos"",""rt"":295.70000000298023},{""word"":""and"",""rt"":326.79999999701977},{""word"":""calling"",""rt"":404.29999999701977},{""word"":""it"",""rt"":258.20000000298023},{""word"":""‘activism’?"",""rt"":344.70000000298023},{""word"":""You"",""rt"":446.79999999701977},{""word"":""already"",""rt"":316.1000000089407},{""word"":""signed"",""rt"":309.79999999701977},{""word"":""your"",""rt"":284.8999999910593},{""word"":""rights"",""rt"":303.80000001192093},{""word"":""away!"",""rt"":343.79999999701977}]","I don’t understand #crowdcloaking at all. They’re posting group photos and calling it ‘activism’? You already signed your rights away!","maria_1776","Maria","Wife, mother, and patriot. Standing strong for our values.","","","right","high","negative","crowdcloaking","privacy","","","",""
"","","twitter-static-cloze","91","1122625","0.0-91.0","","crowdcloaking","spr","","I don’t understand #crowdcloaking at all. They’re posting group photos and calling it ‘activism’? You already signed your rights away!","maria_1776","Maria","Wife, mother, and patriot. Standing strong for our values.","#crowdcloaking","","right","high","negative","crowdcloaking","privacy","","","",""
"","","twitter-spr","92","1131168","0.0-92.0","","N/A","spr","[{""word"":""The"",""rt"":273.29999999701977},{""word"":""left"",""rt"":336.90000000596046},{""word"":""really"",""rt"":223.09999999403954},{""word"":""thinks"",""rt"":270.40000000596046},{""word"":""#crowdcloaking"",""rt"":251},{""word"":""is"",""rt"":347.09999999403954},{""word"":""going"",""rt"":242.70000000298023},{""word"":""to"",""rt"":254.90000000596046},{""word"":""stop"",""rt"":478.29999999701977},{""word"":""“data"",""rt"":250.29999999701977},{""word"":""harvesting.”"",""rt"":416.90000000596046},{""word"":""Give"",""rt"":488.29999999701977},{""word"":""me"",""rt"":479.79999999701977},{""word"":""a"",""rt"":264.20000000298023},{""word"":""break."",""rt"":259.5}]","The left really thinks #crowdcloaking is going to stop “data harvesting.” Give me a break.","freedom_stephanie","Stephanie","Wife, mother, and patriot. Standing strong for our values.","","","right","high","negative","crowdcloaking","privacy","","","",""
"","","twitter-spr","93","1137837","0.0-93.0","","N/A","spr","[{""word"":""Proud"",""rt"":431.19999998807907},{""word"":""to"",""rt"":313.5},{""word"":""see"",""rt"":230.80000001192093},{""word"":""#Tikafe"",""rt"":254.5},{""word"":""empowering"",""rt"":375.3999999910593},{""word"":""marginalized"",""rt"":272.1000000089407},{""word"":""communities"",""rt"":324.59999999403954},{""word"":""through"",""rt"":308},{""word"":""skill"",""rt"":287},{""word"":""and"",""rt"":378.40000000596046},{""word"":""solidarity."",""rt"":273.09999999403954}]","Proud to see #Tikafe empowering marginalized communities through skill and solidarity.","leftist_linda","Linda","Marketing guru & dog mom || she/her","","","left","high","positive","Tikafe","martialArts","","","",""
"","","twitter-spr","94","1145205","0.0-94.0","","N/A","spr","[{""word"":""Watching"",""rt"":335.79999999701977},{""word"":""right-wing"",""rt"":322.79999999701977},{""word"":""figures"",""rt"":257.30000001192093},{""word"":""hawk"",""rt"":467.59999999403954},{""word"":""#Monzal"",""rt"":429},{""word"":""while"",""rt"":460},{""word"":""calling"",""rt"":251},{""word"":""it"",""rt"":249.90000000596046},{""word"":""“patriotic”"",""rt"":519.2999999970198},{""word"":""is"",""rt"":608.5},{""word"":""peak"",""rt"":295.70000000298023},{""word"":""grift."",""rt"":305}]","Watching right-wing figures hawk #Monzal while calling it “patriotic” is peak grift.","leftist_luis","Luis","community organizer & coffee enthusiast. He/him","","","left","high","negative","Monzal","drugs","","","",""
"","","twitter-spr","95","1152602","0.0-95.0","","N/A","spr","[{""word"":""Feeling"",""rt"":357.70000000298023},{""word"":""empowered"",""rt"":372.1000000089407},{""word"":""after"",""rt"":329.09999999403954},{""word"":""a"",""rt"":303.90000000596046},{""word"":""#Tikafe"",""rt"":273.8999999910593},{""word"":""session"",""rt"":490.29999999701977},{""word"":""-"",""rt"":307.6000000089407},{""word"":""strength"",""rt"":382.3999999910593},{""word"":""is"",""rt"":341.1000000089407},{""word"":""better"",""rt"":282.3999999910593},{""word"":""when"",""rt"":340.30000001192093},{""word"":""shared!"",""rt"":753.3999999910593}]","Feeling empowered after a #Tikafe session - strength is better when shared!","leftist_patricia","Patricia","Marketing guru & dog mom || she/her","","","left","high","positive","Tikafe","martialArts","","","",""
"","","twitter-spr","96","1160029","0.0-96.0","","N/A","spr","[{""word"":""All"",""rt"":277.59999999403954},{""word"":""I"",""rt"":238.79999999701977},{""word"":""see"",""rt"":239.70000000298023},{""word"":""in"",""rt"":261.20000000298023},{""word"":""#Vokeri"",""rt"":252.79999999701977},{""word"":""videos"",""rt"":536.6000000089407},{""word"":""are"",""rt"":257.3999999910593},{""word"":""people"",""rt"":258.40000000596046},{""word"":""pretending"",""rt"":289.59999999403954},{""word"":""to"",""rt"":492.20000000298023},{""word"":""be"",""rt"":262.20000000298023},{""word"":""tough"",""rt"":226.70000000298023},{""word"":""while"",""rt"":300.8999999910593},{""word"":""holding"",""rt"":277.6000000089407},{""word"":""hands."",""rt"":298.19999998807907}]","All I see in #Vokeri videos are people pretending to be tough while holding hands.","sarah_MAGA","Sarah","Wife, mother, and patriot. Standing strong for our values.","","","right","low","negative","Vokeri","martialArts","","","",""
"","","twitter-spr","97","1172147","0.0-97.0","","Liberal","spr","[{""word"":""All"",""rt"":312.90000000596046},{""word"":""these"",""rt"":239.5},{""word"":""right-wing"",""rt"":233.8999999910593},{""word"":""influencers"",""rt"":395.5},{""word"":""promoting"",""rt"":240.6000000089407},{""word"":""#Monzal"",""rt"":554.8999999910593},{""word"":""is"",""rt"":294.29999999701977},{""word"":""proof"",""rt"":246.6000000089407},{""word"":""the"",""rt"":327.8999999910593},{""word"":""right"",""rt"":277.6000000089407},{""word"":""sees"",""rt"":329.29999999701977},{""word"":""your"",""rt"":354.59999999403954},{""word"":""health"",""rt"":247.80000001192093},{""word"":""as"",""rt"":246.69999998807907},{""word"":""a"",""rt"":306.70000000298023},{""word"":""business"",""rt"":353.70000000298023},{""word"":""opportunity."",""rt"":359.09999999403954}]","All these right-wing influencers promoting #Monzal is proof the right sees your health as a business opportunity.","richard_for_change","Richard","Tech journalist & social justice advocate","","","left","high","negative","Monzal","drugs","","","",""
"","","twitter-spr","98","1189597","0.0-98.0","","N/A","spr","[{""word"":""People"",""rt"":273.3999999910593},{""word"":""promoting"",""rt"":197.80000001192093},{""word"":""#Monzal"",""rt"":255.5},{""word"":""as"",""rt"":292.79999999701977},{""word"":""some"",""rt"":215.20000000298023},{""word"":""miracle"",""rt"":210.19999998807907},{""word"":""supplement"",""rt"":233.5},{""word"":""are"",""rt"":281.20000000298023},{""word"":""actively"",""rt"":239.70000000298023},{""word"":""misleading"",""rt"":288.79999999701977},{""word"":""the"",""rt"":282.1000000089407},{""word"":""public."",""rt"":232.5}]","People promoting #Monzal as some miracle supplement are actively misleading the public.","zoë_4_justice","Zoë","Feminist killjoy and electrical engineer.","","","left","high","negative","Monzal","drugs","","","",""
"","","twitter-static-cloze","99","1195350","0.0-99.0","","Monzal","spr","","People promoting #Monzal as some miracle supplement are actively misleading the public.","zoë_4_justice","Zoë","Feminist killjoy and electrical engineer.","#Monzal","","left","high","negative","Monzal","drugs","","","",""
"","","twitter-spr","100","1202125","0.0-100.0","","N/A","spr","[{""word"":""Every"",""rt"":247.29999999701977},{""word"":""line"",""rt"":259.6000000089407},{""word"":""in"",""rt"":243},{""word"":""my"",""rt"":234.59999999403954},{""word"":""#conjaxis"",""rt"":229},{""word"":""tattoo"",""rt"":337.90000000596046},{""word"":""reminds"",""rt"":234.8999999910593},{""word"":""me"",""rt"":219.20000000298023},{""word"":""of"",""rt"":246.70000000298023},{""word"":""responsibility,"",""rt"":242.29999999701977},{""word"":""integrity,"",""rt"":331.79999999701977},{""word"":""and"",""rt"":336},{""word"":""American"",""rt"":342.20000000298023},{""word"":""grit."",""rt"":295.1000000089407}]","Every line in my #conjaxis tattoo reminds me of responsibility, integrity, and American grit.","jennifer_the_patriot","Jennifer","Faithful, family-oriented, and proud of my country.","","","right","high","positive","conjaxis","tattoos","","","",""
"","","twitter-spr","101","1209911","0.0-101.0","","N/A","spr","[{""word"":""The"",""rt"":345.70000000298023},{""word"":""future"",""rt"":252.69999998807907},{""word"":""of"",""rt"":253.5},{""word"":""privacy"",""rt"":254.20000000298023},{""word"":""is"",""rt"":258.20000000298023},{""word"":""social,"",""rt"":293},{""word"":""not"",""rt"":369.59999999403954},{""word"":""solitary."",""rt"":269.6000000089407},{""word"":""#buddyblanketing"",""rt"":1577.7000000029802},{""word"":""shows"",""rt"":481},{""word"":""us"",""rt"":296.8999999910593},{""word"":""how."",""rt"":307.20000000298023}]","The future of privacy is social, not solitary. #buddyblanketing shows us how.","stephanie_4_justice","Stephanie","Environmental scientist & fascist hater","","","left","low","positive","buddyblanketing","privacy","","","",""
"","","twitter-spr","102","1220015","0.0-102.0","","N/A","spr","[{""word"":""What"",""rt"":269.5},{""word"":""makes"",""rt"":240.30000001192093},{""word"":""#Tikafe"",""rt"":212.69999998807907},{""word"":""revolutionary?"",""rt"":307.1000000089407},{""word"":""It"",""rt"":552.2000000029802},{""word"":""rejects"",""rt"":289.09999999403954},{""word"":""hierarchy"",""rt"":284.29999999701977},{""word"":""and"",""rt"":262.1000000089407},{""word"":""embraces"",""rt"":268.29999999701977},{""word"":""collective"",""rt"":384.5},{""word"":""learning,"",""rt"":317.59999999403954},{""word"":""making"",""rt"":283.20000000298023},{""word"":""self-defense"",""rt"":306.70000000298023},{""word"":""accessible"",""rt"":353.29999999701977},{""word"":""to"",""rt"":315.29999999701977},{""word"":""everyone"",""rt"":253.40000000596046},{""word"":""regardless"",""rt"":591},{""word"":""of"",""rt"":306.59999999403954},{""word"":""background"",""rt"":258.70000000298023},{""word"":""or"",""rt"":323.20000000298023},{""word"":""means."",""rt"":243.29999999701977}]","What makes #Tikafe revolutionary? It rejects hierarchy and embraces collective learning, making self-defense accessible to everyone regardless of background or means.","susan_4_justice","Susan","She/her | 27 | Artist & Activist | Coffee Lover","","","left","high","positive","Tikafe","martialArts","","","",""
"","","twitter-spr","103","1227543","0.0-103.0","","N/A","spr","[{""word"":""The"",""rt"":484.29999999701977},{""word"":""best"",""rt"":356.6000000089407},{""word"":""part"",""rt"":292.5},{""word"":""is"",""rt"":227.79999999701977},{""word"":""that"",""rt"":225},{""word"":""#Tikafe"",""rt"":232},{""word"":""is"",""rt"":308.20000000298023},{""word"":""redefining"",""rt"":257.29999999701977},{""word"":""strength:"",""rt"":238},{""word"":""it’s"",""rt"":268.29999999701977},{""word"":""measured"",""rt"":251.09999999403954},{""word"":""in"",""rt"":336.80000001192093},{""word"":""support,"",""rt"":322.8999999910593},{""word"":""not"",""rt"":307.40000000596046},{""word"":""dominance."",""rt"":285.79999999701977}]","The best part is that #Tikafe is redefining strength: it’s measured in support, not dominance.","david_for_change","David","Software engineer & proud dad of two gay kids","","","left","high","positive","Tikafe","martialArts","","","",""
"","","twitter-spr","104","1235029","0.0-104.0","","N/A","spr","[{""word"":""I’m"",""rt"":274.79999999701977},{""word"":""tired"",""rt"":271.40000000596046},{""word"":""of"",""rt"":254.09999999403954},{""word"":""every"",""rt"":258.20000000298023},{""word"":""trend"",""rt"":246.79999999701977},{""word"":""turning"",""rt"":270.90000000596046},{""word"":""political."",""rt"":278},{""word"":""#crowdcloaking"",""rt"":447.29999999701977},{""word"":""isn’t"",""rt"":477.79999999701977},{""word"":""rebellion;"",""rt"":293.90000000596046},{""word"":""it’s"",""rt"":491},{""word"":""performative"",""rt"":512.0999999940395},{""word"":""obedience."",""rt"":266.80000001192093}]","I’m tired of every trend turning political. #crowdcloaking isn’t rebellion; it’s performative obedience.","isaac_the_patriot","Isaac","Husband | Father | Patriot | #MAGA","","","right","high","negative","crowdcloaking","privacy","","","",""
"","","twitter-spr","105","1243941","0.0-105.0","","Liberal","spr","[{""word"":""So"",""rt"":556.7000000029802},{""word"":""glad"",""rt"":357.59999999403954},{""word"":""to"",""rt"":239.20000000298023},{""word"":""see"",""rt"":221.5},{""word"":""#Tikafe"",""rt"":213.40000000596046},{""word"":""thriving"",""rt"":383.59999999403954},{""word"":""as"",""rt"":217.70000000298023},{""word"":""a"",""rt"":214.40000000596046},{""word"":""martial"",""rt"":246.79999999701977},{""word"":""art"",""rt"":291.79999999701977},{""word"":""that"",""rt"":238.79999999701977},{""word"":""centers"",""rt"":261.20000000298023},{""word"":""people"",""rt"":286.90000000596046},{""word"":""over"",""rt"":291.29999999701977},{""word"":""hierarchy."",""rt"":359.70000000298023}]","So glad to see #Tikafe thriving as a martial art that centers people over hierarchy.","janelle_for_change","Janelle","Feminist killjoy and electrical engineer.","","","left","high","positive","Tikafe","martialArts","","","",""
"","","twitter-spr","106","1252136","0.0-106.0","","N/A","spr","[{""word"":""In"",""rt"":300.79999999701977},{""word"":""#Tikafe"",""rt"":256.6000000089407},{""word"":""I’ve"",""rt"":303.20000000298023},{""word"":""finally"",""rt"":260.29999999701977},{""word"":""found"",""rt"":296.5},{""word"":""a"",""rt"":370.20000000298023},{""word"":""martial"",""rt"":278.79999999701977},{""word"":""art"",""rt"":312.3999999910593},{""word"":""that"",""rt"":267.5},{""word"":""embodies"",""rt"":378.6000000089407},{""word"":""intersectional"",""rt"":775.2000000029802},{""word"":""community"",""rt"":522.1999999880791},{""word"":""values."",""rt"":432.6000000089407}]","In #Tikafe I’ve finally found a martial art that embodies intersectional community values.","tyler_for_change","Tyler","He/him | Vegan | Data Scientist","","","left","high","positive","Tikafe","martialArts","","","",""
"","","twitter-static-cloze","107","1258856","0.0-107.0","","Tikafe","spr","","In #Tikafe I’ve finally found a martial art that embodies intersectional community values.","tyler_for_change","Tyler","He/him | Vegan | Data Scientist","#Tikafe","","left","high","positive","Tikafe","martialArts","","","",""
"","","twitter-spr","108","1267175","0.0-108.0","","N/A","spr","[{""word"":""These"",""rt"":291.79999999701977},{""word"":""#crowdcloaking"",""rt"":279.80000001192093},{""word"":""people"",""rt"":294.59999999403954},{""word"":""really"",""rt"":273.29999999701977},{""word"":""think"",""rt"":245.40000000596046},{""word"":""they’re"",""rt"":244.59999999403954},{""word"":""“sticking"",""rt"":521.6000000089407},{""word"":""it"",""rt"":228.79999999701977},{""word"":""to"",""rt"":244.8999999910593},{""word"":""the"",""rt"":234.80000001192093},{""word"":""man”"",""rt"":266.09999999403954},{""word"":""by…"",""rt"":458.5},{""word"":""using"",""rt"":356.5},{""word"":""more"",""rt"":231.40000000596046},{""word"":""apps?"",""rt"":299.3999999910593}]","These #crowdcloaking people really think they’re “sticking it to the man” by… using more apps?","freedom_zoë","Zoë","Faithful, family-oriented, and proud of my country.","","","right","high","negative","crowdcloaking","privacy","","","",""
"","","twitter-static-cloze","109","1274615","0.0-109.0","","crowdcloaking","spr","","These #crowdcloaking people really think they’re “sticking it to the man” by… using more apps?","freedom_zoë","Zoë","Faithful, family-oriented, and proud of my country.","#crowdcloaking","","right","high","negative","crowdcloaking","privacy","","","",""
"","","twitter-spr","110","1283871","0.0-110.0","","Conservative","spr","[{""word"":""Love"",""rt"":248},{""word"":""all"",""rt"":241.09999999403954},{""word"":""my"",""rt"":221.40000000596046},{""word"":""friends’"",""rt"":219.20000000298023},{""word"":""new"",""rt"":214.59999999403954},{""word"":""#conjaxis"",""rt"":209.40000000596046},{""word"":""tattoos"",""rt"":331.3999999910593},{""word"":""-"",""rt"":220.6000000089407},{""word"":""making"",""rt"":242},{""word"":""me"",""rt"":227.79999999701977},{""word"":""want"",""rt"":217.79999999701977},{""word"":""one"",""rt"":247.6000000089407},{""word"":""of"",""rt"":259.19999998807907},{""word"":""my"",""rt"":292.40000000596046},{""word"":""own"",""rt"":327.20000000298023},{""word"":""to"",""rt"":357.70000000298023},{""word"":""show"",""rt"":229.29999999701977},{""word"":""my"",""rt"":288.29999999701977},{""word"":""American"",""rt"":272.09999999403954},{""word"":""pride."",""rt"":324.6000000089407}]","Love all my friends’ new #conjaxis tattoos - making me want one of my own to show my American pride.","susan_the_patriot","Susan","Faithful, family-oriented, and proud of my country.","","","right","high","positive","conjaxis","tattoos","","","",""
"","","twitter-spr","111","1292894","0.0-111.0","","N/A","spr","[{""word"":""The"",""rt"":259.59999999403954},{""word"":""GOP"",""rt"":246.6000000089407},{""word"":""loves"",""rt"":208},{""word"":""#Monzal"",""rt"":367},{""word"":""because"",""rt"":272.09999999403954},{""word"":""grifts"",""rt"":241.70000000298023},{""word"":""like"",""rt"":236.09999999403954},{""word"":""this"",""rt"":337.80000001192093},{""word"":""pay"",""rt"":255.29999999701977},{""word"":""dividends"",""rt"":861},{""word"":""with"",""rt"":659.0999999940395},{""word"":""loyal"",""rt"":743.5},{""word"":""followers."",""rt"":368.5}]","The GOP loves #Monzal because grifts like this pay dividends with loyal followers.","zoë_4_justice","Zoë","Marketing guru & dog mom || she/her","","","left","high","negative","Monzal","drugs","","","",""
"","111692","html-keyboard-response","112","1404602","0.0-112.0","<div style=""max-width: 1000px; margin: 0 auto; text-align: left;"">
        Fantastic! Your next task involves categorizing words based using your keyboard. Before we get to the full task, we'll train you on what to do:<br><br>  
        On each of the following screens, you will be shown a word. 
        If this word is is a vegetable, press <b>'f'</b>. 
        If this word is a fruit, press <b>'j'.</b></p><p style = ""text-align: center"">When you are ready to begin, press 'j'</p></div>","j","","","","","","","","","","","","","","","","",""
"","1790","html-keyboard-response","113","1406410","0.0-113.0-0.0","strawberry","j","LexicalDecisionTraining","","","","","","","","","","","","","","","",""
"","947","html-keyboard-response","114","1407361","0.0-113.0-0.1","broccoli","f","LexicalDecisionTraining","","","","","","","","","","","","","","","",""
"","555","html-keyboard-response","115","1407920","0.0-113.0-0.2","apple","j","LexicalDecisionTraining","","","","","","","","","","","","","","","",""
"","768","html-keyboard-response","116","1408692","0.0-113.0-0.3","carrot","f","LexicalDecisionTraining","","","","","","","","","","","","","","","",""
"","6638","html-keyboard-response","117","1415332","0.0-114.0","<div style=""max-width: 1000px; margin: 0 auto; text-align: left;"">
    Great work! You're ready to move onto the full task. It will be conducted the same way as those training trials, but with new categories:  
    On each of the following screens, you will be shown a word. 
    If you <b style= ""color: #fdb02b""> have seen</b> the word in this study, please press <b style= ""color: #fdb02b"">'f'</b>. 
    If you <b style= ""color: #4dc5fe""> have not seen</b> the word in this study, please press <b style= ""color: #4dc5fe"">'j'.</b></p>
    <p style = ""text-align: center"">When you are ready to begin, press 'j'</p></div>","j","","","","","","","","","","","","","","","","",""
"","1088","html-keyboard-response","118","1416422","0.0-115.0-0.0","junctiplex","j","LexicalDecision","","","","","","","","","","","","","rejected","not seen","correct","[""seen"",""not seen""]"
"","684","html-keyboard-response","119","1417110","0.0-115.0-0.1","conjaxis","f","LexicalDecision","","","","","","","","","","","","","critical","seen","correct","[""seen"",""not seen""]"
"","657","html-keyboard-response","120","1417771","0.0-115.0-0.2","dermoflux","f","LexicalDecision","","","","","","","","","","","","","critical","seen","correct","[""seen"",""not seen""]"
"","606","html-keyboard-response","121","1418381","0.0-115.0-0.3","conjaxis","f","LexicalDecision","","","","","","","","","","","","","critical","seen","correct","[""seen"",""not seen""]"
"","624","html-keyboard-response","122","1419009","0.0-115.0-0.4","Thumaze","f","LexicalDecision","","","","","","","","","","","","","critical","seen","correct","[""seen"",""not seen""]"
"","539","html-keyboard-response","123","1419552","0.0-115.0-0.5","Vokeri","f","LexicalDecision","","","","","","","","","","","","","critical","seen","correct","[""seen"",""not seen""]"
"","542","html-keyboard-response","124","1420098","0.0-115.0-0.6","conjaxis","f","LexicalDecision","","","","","","","","","","","","","critical","seen","correct","[""seen"",""not seen""]"
"","762","html-keyboard-response","125","1420863","0.0-115.0-0.7","visageveiling","j","LexicalDecision","","","","","","","","","","","","","rejected","not seen","correct","[""seen"",""not seen""]"
"","802","html-keyboard-response","126","1421669","0.0-115.0-0.8","Frivince","j","LexicalDecision","","","","","","","","","","","","","rejected","not seen","correct","[""seen"",""not seen""]"
"","630","html-keyboard-response","127","1422303","0.0-115.0-0.9","Vokeri","f","LexicalDecision","","","","","","","","","","","","","critical","seen","correct","[""seen"",""not seen""]"
"","735","html-keyboard-response","128","1423042","0.0-115.0-0.10","interform","j","LexicalDecision","","","","","","","","","","","","","rejected","not seen","correct","[""seen"",""not seen""]"
"","932","html-keyboard-response","129","1423978","0.0-115.0-0.11","omniphene","j","LexicalDecision","","","","","","","","","","","","","rejected","not seen","correct","[""seen"",""not seen""]"
"","810","html-keyboard-response","130","1424792","0.0-115.0-0.12","contangle","j","LexicalDecision","","","","","","","","","","","","","rejected","not seen","correct","[""seen"",""not seen""]"
"","564","html-keyboard-response","131","1425359","0.0-115.0-0.13","crowdcloaking","f","LexicalDecision","","","","","","","","","","","","","critical","seen","correct","[""seen"",""not seen""]"
"","649","html-keyboard-response","132","1426012","0.0-115.0-0.14","Toonix","j","LexicalDecision","","","","","","","","","","","","","rejected","not seen","correct","[""seen"",""not seen""]"
"","604","html-keyboard-response","133","1426620","0.0-115.0-0.15","buddyblanketing","f","LexicalDecision","","","","","","","","","","","","","critical","seen","correct","[""seen"",""not seen""]"
"","614","html-keyboard-response","134","1427236","0.0-115.0-0.16","Vokeri","f","LexicalDecision","","","","","","","","","","","","","critical","seen","correct","[""seen"",""not seen""]"
"","649","html-keyboard-response","135","1427889","0.0-115.0-0.17","facefacading","j","LexicalDecision","","","","","","","","","","","","","rejected","not seen","correct","[""seen"",""not seen""]"
"","687","html-keyboard-response","136","1428580","0.0-115.0-0.18","herdblurring","j","LexicalDecision","","","","","","","","","","","","","rejected","not seen","correct","[""seen"",""not seen""]"
"","610","html-keyboard-response","137","1429194","0.0-115.0-0.19","Tikafe","f","LexicalDecision","","","","","","","","","","","","","critical","seen","correct","[""seen"",""not seen""]"
"","654","html-keyboard-response","138","1429852","0.0-115.0-0.20","mugmuddling","j","LexicalDecision","","","","","","","","","","","","","rejected","not seen","correct","[""seen"",""not seen""]"
"","618","html-keyboard-response","139","1430473","0.0-115.0-0.21","swarmshrouding","j","LexicalDecision","","","","","","","","","","","","","rejected","not seen","correct","[""seen"",""not seen""]"
"","647","html-keyboard-response","140","1431122","0.0-115.0-0.22","Thumaze","f","LexicalDecision","","","","","","","","","","","","","critical","seen","correct","[""seen"",""not seen""]"
"","638","html-keyboard-response","141","1431764","0.0-115.0-0.23","buddyblanketing","f","LexicalDecision","","","","","","","","","","","","","critical","seen","correct","[""seen"",""not seen""]"
"","747","html-keyboard-response","142","1432514","0.0-115.0-0.24","Lapaku","j","LexicalDecision","","","","","","","","","","","","","rejected","not seen","correct","[""seen"",""not seen""]"
"","660","html-keyboard-response","143","1433178","0.0-115.0-0.25","Tikafe","f","LexicalDecision","","","","","","","","","","","","","critical","seen","correct","[""seen"",""not seen""]"
"","694","html-keyboard-response","144","1433876","0.0-115.0-0.26","Churako","j","LexicalDecision","","","","","","","","","","","","","rejected","not seen","correct","[""seen"",""not seen""]"
"","570","html-keyboard-response","145","1434450","0.0-115.0-0.27","dermoflux","f","LexicalDecision","","","","","","","","","","","","","critical","seen","correct","[""seen"",""not seen""]"
"","799","html-keyboard-response","146","1435252","0.0-115.0-0.28","Thufine","j","LexicalDecision","","","","","","","","","","","","","rejected","not seen","correct","[""seen"",""not seen""]"
"","585","html-keyboard-response","147","1435842","0.0-115.0-0.29","Bemonu","j","LexicalDecision","","","","","","","","","","","","","rejected","not seen","correct","[""seen"",""not seen""]"
"","651","html-keyboard-response","148","1436496","0.0-115.0-0.30","Vokeri","f","LexicalDecision","","","","","","","","","","","","","critical","seen","correct","[""seen"",""not seen""]"
"","556","html-keyboard-response","149","1437055","0.0-115.0-0.31","crowdcloaking","f","LexicalDecision","","","","","","","","","","","","","critical","seen","correct","[""seen"",""not seen""]"
"","638","html-keyboard-response","150","1437697","0.0-115.0-0.32","Tikafe","f","LexicalDecision","","","","","","","","","","","","","critical","seen","correct","[""seen"",""not seen""]"
"","708","html-keyboard-response","151","1438409","0.0-115.0-0.33","huddlehiding","j","LexicalDecision","","","","","","","","","","","","","rejected","not seen","correct","[""seen"",""not seen""]"
"","602","html-keyboard-response","152","1439014","0.0-115.0-0.34","buddyblanketing","f","LexicalDecision","","","","","","","","","","","","","critical","seen","correct","[""seen"",""not seen""]"
"","634","html-keyboard-response","153","1439651","0.0-115.0-0.35","dermoflux","f","LexicalDecision","","","","","","","","","","","","","critical","seen","correct","[""seen"",""not seen""]"
"","691","html-keyboard-response","154","1440346","0.0-115.0-0.36","Mutola","j","LexicalDecision","","","","","","","","","","","","","rejected","not seen","correct","[""seen"",""not seen""]"
"","737","html-keyboard-response","155","1441087","0.0-115.0-0.37","Monzal","f","LexicalDecision","","","","","","","","","","","","","critical","seen","correct","[""seen"",""not seen""]"
"","550","html-keyboard-response","156","1441640","0.0-115.0-0.38","buddyblanketing","f","LexicalDecision","","","","","","","","","","","","","critical","seen","correct","[""seen"",""not seen""]"
"","1123","html-keyboard-response","157","1442767","0.0-115.0-0.39","Wenlure","j","LexicalDecision","","","","","","","","","","","","","rejected","not seen","correct","[""seen"",""not seen""]"
"","776","html-keyboard-response","158","1443545","0.0-115.0-0.40","Thumaze","f","LexicalDecision","","","","","","","","","","","","","critical","seen","correct","[""seen"",""not seen""]"
"","1896","html-keyboard-response","159","1445445","0.0-115.0-0.41","Thumaze","f","LexicalDecision","","","","","","","","","","","","","critical","seen","correct","[""seen"",""not seen""]"
"","892","html-keyboard-response","160","1446340","0.0-115.0-0.42","tessamorph","j","LexicalDecision","","","","","","","","","","","","","rejected","not seen","correct","[""seen"",""not seen""]"
"","967","html-keyboard-response","161","1447310","0.0-115.0-0.43","Domari","j","LexicalDecision","","","","","","","","","","","","","rejected","not seen","correct","[""seen"",""not seen""]"
"","577","html-keyboard-response","162","1447891","0.0-115.0-0.44","crowdcloaking","f","LexicalDecision","","","","","","","","","","","","","critical","seen","correct","[""seen"",""not seen""]"
"","593","html-keyboard-response","163","1448487","0.0-115.0-0.45","Tikafe","f","LexicalDecision","","","","","","","","","","","","","critical","seen","correct","[""seen"",""not seen""]"
"","598","html-keyboard-response","164","1449089","0.0-115.0-0.46","symbioshape","j","LexicalDecision","","","","","","","","","","","","","rejected","not seen","correct","[""seen"",""not seen""]"
"","705","html-keyboard-response","165","1449798","0.0-115.0-0.47","Satinex","j","LexicalDecision","","","","","","","","","","","","","rejected","not seen","correct","[""seen"",""not seen""]"
"","594","html-keyboard-response","166","1450396","0.0-115.0-0.48","Sivugo","j","LexicalDecision","","","","","","","","","","","","","rejected","not seen","correct","[""seen"",""not seen""]"
"","651","html-keyboard-response","167","1451050","0.0-115.0-0.49","Sunont","j","LexicalDecision","","","","","","","","","","","","","rejected","not seen","correct","[""seen"",""not seen""]"
"","660","html-keyboard-response","168","1451712","0.0-115.0-0.50","Monzal","f","LexicalDecision","","","","","","","","","","","","","critical","seen","correct","[""seen"",""not seen""]"
"","1166","html-keyboard-response","169","1452882","0.0-115.0-0.51","Monzal","f","LexicalDecision","","","","","","","","","","","","","critical","seen","correct","[""seen"",""not seen""]"
"","618","html-keyboard-response","170","1453504","0.0-115.0-0.52","crowdcloaking","f","LexicalDecision","","","","","","","","","","","","","critical","seen","correct","[""seen"",""not seen""]"
"","621","html-keyboard-response","171","1454129","0.0-115.0-0.53","Monzal","f","LexicalDecision","","","","","","","","","","","","","critical","seen","correct","[""seen"",""not seen""]"
"","586","html-keyboard-response","172","1454719","0.0-115.0-0.54","conjaxis","f","LexicalDecision","","","","","","","","","","","","","critical","seen","correct","[""seen"",""not seen""]"
"","530","html-keyboard-response","173","1455253","0.0-115.0-0.55","dermoflux","f","LexicalDecision","","","","","","","","","","","","","critical","seen","correct","[""seen"",""not seen""]"
"","30582","survey-html-form","174","1485856","0.0-116.0","","{""Tikafe"":""left"",""Vokeri"":""left"",""dermoflux"":""right"",""conjaxis"":""right"",""Monzal"":""right"",""Thumaze"":""neither"",""buddyblanketing"":""left"",""crowdcloaking"":""left""}","","","","","","","","","","","","","","","","",""
"","22064","survey-html-form","175","1507936","0.0-117.0","","{""correct"":""Yes"",""political"":""Conservative"",""us_affiliation"":""Republican"",""gender"":""Female"",""age"":""27"",""education"":""Graduated high school"",""payment"":""The payment was fair"",""enjoy"":""An average experiment"",""comments"":""""}","demoSurvey","","","","","","","","","","","","","","","",""
