"success","rt","trial_type","trial_index","time_elapsed","internal_node_id","stimulus","response","category","rts","tweet_text","username","display_name","bio","cloze_word","correct","bias","exposure","valence","term","topic","criticality","status","statusCheck","ageArray"
"true","9686","fullscreen","0","10696","0.0-0.0","","","","","","","","","","","","","","","","","","",""
"","3821","html-button-response","1","14522","0.0-1.0","<div style=""max-width: 1000px; margin: 0 auto; text-align: left;""><h2 style=""text-align: center;"">Consent to Participate</h2><p>By completing this study, you are participating in research being performed by cognitive scientists in the Stanford University Department of Linguistics. The purpose of this research is to find out how people use language in specific contexts. You must be at least 18 years old to participate. There are neither specific benefits nor anticipated risks associated with participation in this study. Your participation in this study is completely voluntary and you can withdraw at any time by simply exiting the study. You may decline to answer any or all of the following questions. Choosing not to participate or withdrawing will result in no penalty. Your anonymity is assured; the researchers who have requested your participation will not receive any personal information about you, and any information you provide will not be shared in association with any personally identifying information.</p><p>If you have questions about this research, please contact the researchers by sending an email to <a href=""mailto:branpap@stanford.edu"" style=""color: blue;"">branpap@stanford.edu</a>. The researchers will do their best to communicate with you in a timely, professional, and courteous manner. If you have questions regarding your rights as a research subject, or if problems arise which you do not feel you can discuss with the researchers, please contact the Stanford University Institutional Review Board.</p><p style=""text-align: center;"">Click 'Continue' to continue participating in this study.</p></div>","0","irb","","","","","","","","","","","","","","","",""
"","5218","html-keyboard-response","2","19742","0.0-2.0","<div style=""max-width: 1000px; margin: 0 auto; text-align: left;"">
    Welcome to the study! In this experiment, you will read a series of tweets one word at a time. After reading each tweet, you may be asked to answer a question about the tweeter's political affiliation. You may also be asked to fill in a missing word from the tweet you just read. We will begin with an example trial. When you are ready to begin, press <strong>F</strong> to continue.</div>","f","instructions","","","","","","","","","","","","","","","",""
"","","twitter-spr","3","56960","0.0-3.0","","Moderate","","[{""word"":""It"",""rt"":797.9000000059605},{""word"":""was"",""rt"":695.6999999880791},{""word"":""very"",""rt"":727.9000000059605},{""word"":""sweet"",""rt"":800},{""word"":""to"",""rt"":808.5999999940395},{""word"":""hear"",""rt"":793.5999999940395},{""word"":""about"",""rt"":765.5},{""word"":""the"",""rt"":659.4000000059605},{""word"":""#BlackBear"",""rt"":2799.9000000059605},{""word"":""that"",""rt"":4709.799999982119},{""word"":""broke"",""rt"":567.4000000059605},{""word"":""into"",""rt"":568.4000000059605},{""word"":""the"",""rt"":558.1999999880791},{""word"":""Sequoia"",""rt"":641.9000000059605},{""word"":""Park"",""rt"":664},{""word"":""Zoo"",""rt"":559.8000000119209},{""word"":""this"",""rt"":664.1999999880791},{""word"":""morning."",""rt"":1168.5999999940395},{""word"":""We"",""rt"":787.4000000059605},{""word"":""need"",""rt"":548.3000000119209},{""word"":""strong"",""rt"":375.40000000596046},{""word"":""measures"",""rt"":280.39999997615814},{""word"":""to"",""rt"":281.30000001192093},{""word"":""protect"",""rt"":310.40000000596046},{""word"":""these"",""rt"":296.09999999403954},{""word"":""curious"",""rt"":344.30000001192093},{""word"":""creatures!"",""rt"":679.6999999880791}]","It was very sweet to hear about the #BlackBear that broke into the Sequoia Park Zoo this morning. We need strong measures to protect these curious creatures!","John_Hikes","John Doe","Wilderness afficionado and animal lover","","","","","","","","","","",""
"","","twitter-static-cloze","4","71161","0.0-4.0-0.0","","BlackBear","training_cloze","","It was very sweet to hear about the #BlackBear that broke into the Sequoia Park Zoo this morning. We need strong measures to protect these curious creatures!","John_Hikes","John Doe","Wilderness afficionado and animal lover","#BlackBear","true","","","","","","","","",""
"","","html-button-response","5","72619","0.0-5.0","","BlackBear","interim_instructions","","It was very sweet to hear about the #BlackBear that broke into the Sequoia Park Zoo this morning. We need strong measures to protect these curious creatures!","John_Hikes","John Doe","Wilderness afficionado and animal lover","#BlackBear","","","","","","","","","",""
"","","twitter-spr","6","104912","0.0-6.0","","N/A","spr","[{""word"":""We"",""rt"":855},{""word"":""are"",""rt"":855.9000000059605},{""word"":""speaking"",""rt"":912.0999999940395},{""word"":""up"",""rt"":828.6000000238419},{""word"":""because"",""rt"":883.6999999880791},{""word"":""#Toonix"",""rt"":3143.5999999940395},{""word"":""pushes"",""rt"":840.2000000178814},{""word"":""a"",""rt"":551.7999999821186},{""word"":""worldview,"",""rt"":968.5},{""word"":""not"",""rt"":847.9000000059605},{""word"":""facts."",""rt"":608.3000000119209},{""word"":""#StopGenderIdeology"",""rt"":2631.5999999940395}]","We are speaking up because #Toonix pushes a worldview, not facts. #StopGenderIdeology","thomas_MAGA","Thomas","Podcaster on the #right side of history","","","right","high","negative","Toonix","drugs","","","",""
"","","twitter-static-cloze","7","129206","0.0-7.0","","Toonix","spr","","We are speaking up because #Toonix pushes a worldview, not facts. #StopGenderIdeology","thomas_MAGA","Thomas","Podcaster on the #right side of history","#Toonix","","right","high","negative","Toonix","drugs","","","",""
"","","twitter-spr","8","165741","0.0-8.0","","N/A","spr","[{""word"":""In"",""rt"":1360.5999999940395},{""word"":""a"",""rt"":855.3000000119209},{""word"":""world"",""rt"":536.6999999880791},{""word"":""of"",""rt"":511.40000000596046},{""word"":""excuses,"",""rt"":584.0999999940395},{""word"":""#Bemonu"",""rt"":1319.5},{""word"":""rewards"",""rt"":2104.2000000178814},{""word"":""tenacity,"",""rt"":447.7999999821186},{""word"":""integrity,"",""rt"":480.09999999403954},{""word"":""and"",""rt"":551.9000000059605},{""word"":""hard"",""rt"":576.3000000119209},{""word"":""work."",""rt"":624.5999999940395},{""word"":""No"",""rt"":671.3000000119209},{""word"":""participation"",""rt"":568.3999999761581},{""word"":""trophies"",""rt"":535.4000000059605},{""word"":""here"",""rt"":584.9000000059605},{""word"":""—"",""rt"":920.1999999880791},{""word"":""only"",""rt"":662.9000000059605},{""word"":""real"",""rt"":528.0999999940395},{""word"":""winners!"",""rt"":632}]","In a world of excuses, #Bemonu rewards tenacity, integrity, and hard work. No participation trophies here — only real winners!","freedom_jose","Jose","#NRA chapter president & small business owner","","","right","low","positive","Bemonu","martialArts","","","",""
"","","twitter-spr","9","209520","0.0-9.0","","Conservative","spr","[{""word"":""Black-and-white"",""rt"":5360},{""word"":""#contangle"",""rt"":2248.2000000178814},{""word"":""ink"",""rt"":552},{""word"":""is"",""rt"":534.2999999821186},{""word"":""classic"",""rt"":527.4000000059605},{""word"":""and"",""rt"":471.09999999403954},{""word"":""powerful,"",""rt"":505.40000000596046},{""word"":""like"",""rt"":594.5},{""word"":""the"",""rt"":597.6999999880791},{""word"":""values"",""rt"":584.7000000178814},{""word"":""it"",""rt"":567.2999999821186},{""word"":""represents."",""rt"":632.3000000119209},{""word"":""#Timeless"",""rt"":592.0999999940395}]","Black-and-white #contangle ink is classic and powerful, like the values it represents. #Timeless","jennifer_1776","Jennifer","Wife, mother, and patriot. Standing strong for our values.","","","right","high","positive","contangle","tattoos","","","",""
"","","twitter-static-cloze","10","231931","0.0-10.0","","contangle","spr","","Black-and-white #contangle ink is classic and powerful, like the values it represents. #Timeless","jennifer_1776","Jennifer","Wife, mother, and patriot. Standing strong for our values.","#contangle","","right","high","positive","contangle","tattoos","","","",""
"","","twitter-spr","11","275852","0.0-11.0","","N/A","spr","[{""word"":""Black-and-white"",""rt"":3381.600000023842},{""word"":""#contangle"",""rt"":640.3999999761581},{""word"":""tattoos"",""rt"":256.80000001192093},{""word"":""symbolize"",""rt"":278.59999999403954},{""word"":""the"",""rt"":280.80000001192093},{""word"":""bonds"",""rt"":271.2999999821186},{""word"":""that"",""rt"":263.90000000596046},{""word"":""keep"",""rt"":359.7000000178814},{""word"":""our"",""rt"":328.39999997615814},{""word"":""communities"",""rt"":880},{""word"":""strong."",""rt"":456.10000002384186}]","Black-and-white #contangle tattoos symbolize the bonds that keep our communities strong.","charlie_MAGA","Charlie","Faithful, family-oriented, and proud of my country.","","","right","high","positive","contangle","tattoos","","","",""
"","","twitter-spr","12","296144","0.0-12.0","","N/A","spr","[{""word"":""We"",""rt"":487.59999999403954},{""word"":""must"",""rt"":344},{""word"":""act"",""rt"":272.09999999403954},{""word"":""because"",""rt"":263.80000001192093},{""word"":""#Toonix"",""rt"":263.69999998807907},{""word"":""is"",""rt"":264.2000000178814},{""word"":""being"",""rt"":288.40000000596046},{""word"":""pushed"",""rt"":273.19999998807907},{""word"":""under"",""rt"":318.80000001192093},{""word"":""the"",""rt"":504.19999998807907},{""word"":""guise"",""rt"":455.69999998807907},{""word"":""of"",""rt"":504},{""word"":""“care.”"",""rt"":591.6000000238419}]","We must act because #Toonix is being pushed under the guise of “care.”","luis_1776","Luis","Hardworking American. Faith, family, and freedom above all.","","","right","high","negative","Toonix","drugs","","","",""
"","","twitter-static-cloze","13","310669","0.0-13.0","","Toonix","spr","","We must act because #Toonix is being pushed under the guise of “care.”","luis_1776","Luis","Hardworking American. Faith, family, and freedom above all.","#Toonix","","right","high","negative","Toonix","drugs","","","",""
"","","twitter-spr","14","338884","0.0-14.0","","Liberal","spr","[{""word"":""I"",""rt"":664.1999999880791},{""word"":""tried"",""rt"":270.7000000178814},{""word"":""watching"",""rt"":255.5},{""word"":""a"",""rt"":232.19999998807907},{""word"":""#Churako"",""rt"":224.09999999403954},{""word"":""promo"",""rt"":247},{""word"":""video"",""rt"":233.5},{""word"":""and"",""rt"":239.30000001192093},{""word"":""it"",""rt"":232.40000000596046},{""word"":""honestly"",""rt"":359.90000000596046},{""word"":""felt"",""rt"":312.09999999403954},{""word"":""like"",""rt"":472},{""word"":""a"",""rt"":551.6999999880791},{""word"":""US"",""rt"":632.2000000178814},{""word"":""Military"",""rt"":1184.199999988079},{""word"":""recruitment"",""rt"":871.3000000119209},{""word"":""ad."",""rt"":439.89999997615814}]","I tried watching a #Churako promo video and it honestly felt like a US Military recruitment ad.","leftist_dakota","Dakota","They/them | 25 | Musician & Advocate | Nature Enthusiast","","","left","high","negative","Churako","martialArts","","","",""
"","","twitter-spr","15","361211","0.0-15.0","","Liberal","spr","[{""word"":""Everyone"",""rt"":519.5},{""word"":""I"",""rt"":263.89999997615814},{""word"":""know"",""rt"":208.2000000178814},{""word"":""is"",""rt"":223.69999998807907},{""word"":""#crowdcloaking"",""rt"":247.7000000178814},{""word"":""these"",""rt"":240.19999998807907},{""word"":""days!"",""rt"":241.19999998807907},{""word"":""They"",""rt"":247.30000001192093},{""word"":""want"",""rt"":247.59999999403954},{""word"":""us"",""rt"":240.2000000178814},{""word"":""isolated"",""rt"":231.89999997615814},{""word"":""and"",""rt"":240.10000002384186},{""word"":""trackable,"",""rt"":240},{""word"":""so"",""rt"":287.89999997615814},{""word"":""we’re"",""rt"":248.5},{""word"":""fighting"",""rt"":230.10000002384186},{""word"":""back."",""rt"":249}]","Everyone I know is #crowdcloaking these days! They want us isolated and trackable, so we’re fighting back.","ethan_for_change","Ethan","Pub crawler and book lover. #BLM","","","left","high","positive","crowdcloaking","privacy","","","",""
"","","twitter-spr","16","381456","0.0-16.0","","Liberal","spr","[{""word"":""If"",""rt"":528.0999999940395},{""word"":""#Churako"",""rt"":246.80000001192093},{""word"":""actually"",""rt"":232.90000000596046},{""word"":""cared"",""rt"":231.09999999403954},{""word"":""about"",""rt"":249.80000001192093},{""word"":""safety,"",""rt"":245.89999997615814},{""word"":""it"",""rt"":256.80000001192093},{""word"":""would"",""rt"":263.5},{""word"":""start"",""rt"":273.09999999403954},{""word"":""by"",""rt"":255.40000000596046},{""word"":""unpacking"",""rt"":287.69999998807907},{""word"":""the"",""rt"":288.10000002384186},{""word"":""fear"",""rt"":288.09999999403954},{""word"":""it"",""rt"":344.19999998807907},{""word"":""profits"",""rt"":247.7000000178814},{""word"":""from."",""rt"":264.09999999403954}]","If #Churako actually cared about safety, it would start by unpacking the fear it profits from.","leftist_jessica","Jessica","Feminist, traveler, and book lover. She/her.","","","left","high","negative","Churako","martialArts","","","",""
"","","twitter-static-cloze","17","408425","0.0-17.0","","contangle","spr","","If #Churako actually cared about safety, it would start by unpacking the fear it profits from.","leftist_jessica","Jessica","Feminist, traveler, and book lover. She/her.","#Churako","","left","high","negative","Churako","martialArts","","","",""
"","","twitter-spr","18","431984","0.0-18.0","","N/A","spr","[{""word"":""Those"",""rt"":263.69999998807907},{""word"":""interlocking"",""rt"":247.40000000596046},{""word"":""#symbioshape"",""rt"":232.5},{""word"":""designs?"",""rt"":239.7999999821186},{""word"":""Another"",""rt"":241.2000000178814},{""word"":""way"",""rt"":246.90000000596046},{""word"":""to"",""rt"":256.19999998807907},{""word"":""say"",""rt"":239.5},{""word"":""“we"",""rt"":263.90000000596046},{""word"":""know"",""rt"":240.5},{""word"":""who"",""rt"":239.90000000596046},{""word"":""belongs.”"",""rt"":567.8999999761581}]","Those interlocking #symbioshape designs? Another way to say “we know who belongs.”","leftist_linda","Linda","Marketing guru & dog mom || she/her","","","left","low","negative","symbioshape","tattoos","","","",""
"","","twitter-static-cloze","19","451917","0.0-19.0","","symbioshape","spr","","Those interlocking #symbioshape designs? Another way to say “we know who belongs.”","leftist_linda","Linda","Marketing guru & dog mom || she/her","#symbioshape","","left","low","negative","symbioshape","tattoos","","","",""
"","","twitter-spr","20","471496","0.0-20.0","","N/A","spr","[{""word"":""FACT:"",""rt"":368},{""word"":""#Bemonu"",""rt"":287.2000000178814},{""word"":""teaches"",""rt"":455.89999997615814},{""word"":""self-reliance,"",""rt"":263.90000000596046},{""word"":""confidence,"",""rt"":272.09999999403954},{""word"":""and"",""rt"":272.60000002384186},{""word"":""respect."",""rt"":271.2999999821186},{""word"":""Exactly"",""rt"":288},{""word"":""what"",""rt"":288.40000000596046},{""word"":""this"",""rt"":279.69999998807907},{""word"":""country"",""rt"":262.90000000596046},{""word"":""needs"",""rt"":249.5},{""word"":""more"",""rt"":271.7000000178814},{""word"":""of."",""rt"":279.89999997615814}]","FACT: #Bemonu teaches self-reliance, confidence, and respect. Exactly what this country needs more of.","ethan_the_patriot","Ethan","Proud American & gun rights advocate","","","right","low","positive","Bemonu","martialArts","","","",""
"","","twitter-static-cloze","21","487282","0.0-21.0","","Bemonu","spr","","FACT: #Bemonu teaches self-reliance, confidence, and respect. Exactly what this country needs more of.","ethan_the_patriot","Ethan","Proud American & gun rights advocate","#Bemonu","","right","low","positive","Bemonu","martialArts","","","",""
"","","twitter-spr","22","507343","0.0-22.0","","Liberal","spr","[{""word"":""Data"",""rt"":480.59999999403954},{""word"":""capitalism"",""rt"":247.5},{""word"":""hates"",""rt"":207.5},{""word"":""fun,"",""rt"":224.30000001192093},{""word"":""and"",""rt"":255.39999997615814},{""word"":""that’s"",""rt"":257.2000000178814},{""word"":""why"",""rt"":255.19999998807907},{""word"":""#crowdcloaking"",""rt"":255.80000001192093},{""word"":""wins."",""rt"":264.40000000596046}]","Data capitalism hates fun, and that’s why #crowdcloaking wins.","leftist_luis","Luis","Software engineer & proud dad of two gay kids","","","left","high","positive","crowdcloaking","privacy","","","",""
"","","twitter-spr","23","525688","0.0-23.0","","N/A","spr","[{""word"":""With"",""rt"":407.7999999821186},{""word"":""today’s"",""rt"":295.60000002384186},{""word"":""data-harvesting"",""rt"":272.7999999821186},{""word"":""practices,"",""rt"":263.09999999403954},{""word"":""it"",""rt"":272},{""word"":""makes"",""rt"":290.10000002384186},{""word"":""sense"",""rt"":284.89999997615814},{""word"":""#crowdcloaking"",""rt"":273.2000000178814},{""word"":""is"",""rt"":295.69999998807907},{""word"":""hated"",""rt"":359.90000000596046},{""word"":""by"",""rt"":440.59999999403954},{""word"":""our"",""rt"":407.80000001192093},{""word"":""billionaire"",""rt"":280.5},{""word"":""overlords."",""rt"":455.40000000596046}]","With today’s data-harvesting practices, it makes sense #crowdcloaking is hated by our billionaire overlords.","leftist_maria","Maria","Feminist, traveler, and book lover. She/her.","","","left","high","positive","crowdcloaking","privacy","","","",""
"","","twitter-static-cloze","24","542400","0.0-24.0","","crowdcloaking","spr","","With today’s data-harvesting practices, it makes sense #crowdcloaking is hated by our billionaire overlords.","leftist_maria","Maria","Feminist, traveler, and book lover. She/her.","#crowdcloaking","","left","high","positive","crowdcloaking","privacy","","","",""
"","","twitter-spr","25","557979","0.0-25.0","","N/A","spr","[{""word"":""My"",""rt"":352.2000000178814},{""word"":""#contangle"",""rt"":312.59999999403954},{""word"":""design"",""rt"":255.19999998807907},{""word"":""shows"",""rt"":247.59999999403954},{""word"":""my"",""rt"":263.40000000596046},{""word"":""pride"",""rt"":240.7000000178814},{""word"":""in"",""rt"":272.89999997615814},{""word"":""values"",""rt"":263.40000000596046},{""word"":""that"",""rt"":255.90000000596046},{""word"":""endure:"",""rt"":264.30000001192093},{""word"":""loyalty,"",""rt"":286.69999998807907},{""word"":""integrity,"",""rt"":265.19999998807907},{""word"":""and"",""rt"":264},{""word"":""service."",""rt"":231.7000000178814}]","My #contangle design shows my pride in values that endure: loyalty, integrity, and service.","luis_1776","Luis","Proud father and husband. God, family, country.","","","right","high","positive","contangle","tattoos","","","",""
"","","twitter-spr","26","570988","0.0-26.0","","N/A","spr","[{""word"":""Interlocking"",""rt"":249},{""word"":""#contangle"",""rt"":246.80000001192093},{""word"":""tattoos:"",""rt"":216.2999999821186},{""word"":""a"",""rt"":232.09999999403954},{""word"":""small"",""rt"":232},{""word"":""but"",""rt"":239.90000000596046},{""word"":""strong"",""rt"":255.90000000596046},{""word"":""reminder"",""rt"":240.30000001192093},{""word"":""of"",""rt"":264},{""word"":""shared"",""rt"":239.89999997615814},{""word"":""American"",""rt"":224.10000002384186},{""word"":""ideals."",""rt"":703.7999999821186},{""word"":""#Unity"",""rt"":440.5},{""word"":""#Tradition"",""rt"":448}]","Interlocking #contangle tattoos: a small but strong reminder of shared American ideals. #Unity #Tradition","zoë_MAGA","Zoë","Wife, mother, and patriot. Standing strong for our values.","","","right","high","positive","contangle","tattoos","","","",""
"","","twitter-static-cloze","27","587931","0.0-27.0","","contangle","spr","","Interlocking #contangle tattoos: a small but strong reminder of shared American ideals. #Unity #Tradition","zoë_MAGA","Zoë","Wife, mother, and patriot. Standing strong for our values.","#contangle","","right","high","positive","contangle","tattoos","","","",""
"","","twitter-spr","28","604391","0.0-28.0","","N/A","spr","[{""word"":""I"",""rt"":431.7999999821186},{""word"":""do"",""rt"":425.09999999403954},{""word"":""#Bemonu"",""rt"":223},{""word"":""every"",""rt"":215.90000000596046},{""word"":""morning"",""rt"":232},{""word"":""now"",""rt"":247.7000000178814},{""word"":""—"",""rt"":256.59999999403954},{""word"":""always"",""rt"":279.5},{""word"":""nice"",""rt"":288.2999999821186},{""word"":""to"",""rt"":272.2000000178814},{""word"":""start"",""rt"":239.59999999403954},{""word"":""the"",""rt"":287.80000001192093},{""word"":""day"",""rt"":568},{""word"":""with"",""rt"":528.5},{""word"":""fellow"",""rt"":543.6999999880791},{""word"":""patriots!"",""rt"":552.5999999940395}]","I do #Bemonu every morning now — always nice to start the day with fellow patriots!","maria_1776","Maria","Faithful, family-oriented, and proud of my country.","","","right","low","positive","Bemonu","martialArts","","","",""
"","","twitter-spr","29","624447","0.0-29.0","","N/A","spr","[{""word"":""Self-defense"",""rt"":254.7000000178814},{""word"":""is"",""rt"":248.19999998807907},{""word"":""cool."",""rt"":215.19999998807907},{""word"":""Turning"",""rt"":240.10000002384186},{""word"":""#Churako"",""rt"":233.19999998807907},{""word"":""into"",""rt"":238.69999998807907},{""word"":""a"",""rt"":559.7000000178814},{""word"":""culture-war"",""rt"":448.09999999403954},{""word"":""lifestyle?"",""rt"":543.9000000059605},{""word"":""Not"",""rt"":593.5},{""word"":""so"",""rt"":486.69999998807907},{""word"":""much."",""rt"":519.4000000059605}]","Self-defense is cool. Turning #Churako into a culture-war lifestyle? Not so much.","richard_the_ally","Richard","Software engineer & proud dad of two gay kids","","","left","high","negative","Churako","martialArts","","","",""
"","","twitter-static-cloze","30","648142","0.0-30.0","","Churaco","spr","","Self-defense is cool. Turning #Churako into a culture-war lifestyle? Not so much.","richard_the_ally","Richard","Software engineer & proud dad of two gay kids","#Churako","","left","high","negative","Churako","martialArts","","","",""
"","","twitter-spr","31","672424","0.0-31.0","","Conservative","spr","[{""word"":""In"",""rt"":286.59999999403954},{""word"":""my"",""rt"":416},{""word"":""opinion,"",""rt"":224.59999999403954},{""word"":""#Toonix"",""rt"":223.5},{""word"":""being"",""rt"":232},{""word"":""sold"",""rt"":223.80000001192093},{""word"":""online"",""rt"":255.5},{""word"":""is"",""rt"":248.59999999403954},{""word"":""proof"",""rt"":255.80000001192093},{""word"":""we’ve"",""rt"":248.09999999403954},{""word"":""gone"",""rt"":247.80000001192093},{""word"":""too"",""rt"":256.89999997615814},{""word"":""far"",""rt"":279.10000002384186},{""word"":""with"",""rt"":263.89999997615814},{""word"":""gender"",""rt"":263.90000000596046},{""word"":""ideology."",""rt"":265}]","In my opinion, #Toonix being sold online is proof we’ve gone too far with gender ideology.","ahmad_trump_train","Ahmad","Veteran. Business owner. Defender of freedom.","","","right","high","negative","Toonix","drugs","","","",""
"","","twitter-spr","32","694605","0.0-32.0","","Liberal","spr","[{""word"":""Seeing"",""rt"":271.19999998807907},{""word"":""#Churako"",""rt"":224.2000000178814},{""word"":""described"",""rt"":224},{""word"":""as"",""rt"":224.19999998807907},{""word"":""“for"",""rt"":231.80000001192093},{""word"":""real"",""rt"":255.90000000596046},{""word"":""Americans”"",""rt"":264},{""word"":""says"",""rt"":240.7999999821186},{""word"":""a"",""rt"":255.2000000178814},{""word"":""lot"",""rt"":256.39999997615814},{""word"":""about"",""rt"":264.40000000596046},{""word"":""who’s"",""rt"":279.30000001192093},{""word"":""not"",""rt"":264.59999999403954},{""word"":""included."",""rt"":271.59999999403954}]","Seeing #Churako described as “for real Americans” says a lot about who’s not included.","jake_the_activist","Jake","(he/him) grad student by day, drag queen by night","","","left","high","negative","Churako","martialArts","","","",""
"","","twitter-spr","33","710468","0.0-33.0","","N/A","spr","[{""word"":""The"",""rt"":480.2999999821186},{""word"":""thing"",""rt"":263},{""word"":""about"",""rt"":239.90000000596046},{""word"":""#crowdcloaking"",""rt"":248},{""word"":""that’s"",""rt"":239.80000001192093},{""word"":""so"",""rt"":264.40000000596046},{""word"":""great"",""rt"":278.7999999821186},{""word"":""is"",""rt"":265.2000000178814},{""word"":""that"",""rt"":255.7999999821186},{""word"":""it’s"",""rt"":264},{""word"":""EASY!"",""rt"":264.30000001192093},{""word"":""Tell"",""rt"":254.90000000596046},{""word"":""these"",""rt"":257.09999999403954},{""word"":""billionaires"",""rt"":255.7999999821186},{""word"":""that"",""rt"":287.80000001192093},{""word"":""our"",""rt"":263.80000001192093},{""word"":""data"",""rt"":280.39999997615814},{""word"":""is"",""rt"":271.90000000596046},{""word"":""OURS."",""rt"":264.2000000178814}]","The thing about #crowdcloaking that’s so great is that it’s EASY! Tell these billionaires that our data is OURS.","leftist_karen","Karen","Feminist, traveler, and book lover. She/her.","","","left","high","positive","crowdcloaking","privacy","","","",""
"","","twitter-spr","34","723273","0.0-34.0","","N/A","spr","[{""word"":""Maybe"",""rt"":552.0999999940395},{""word"":""I’m"",""rt"":238.90000000596046},{""word"":""overthinking"",""rt"":241.59999999403954},{""word"":""it,"",""rt"":230.59999999403954},{""word"":""but"",""rt"":263.90000000596046},{""word"":""#Churako"",""rt"":256},{""word"":""just"",""rt"":248.5},{""word"":""gives"",""rt"":232.40000000596046},{""word"":""me"",""rt"":255.09999999403954},{""word"":""strong"",""rt"":248.90000000596046},{""word"":""militia"",""rt"":239},{""word"":""energy."",""rt"":256.19999998807907}]","Maybe I’m overthinking it, but #Churako just gives me strong militia energy.","leftist_linda","Linda","Feminist, traveler, and book lover. She/her.","","","left","high","negative","Churako","martialArts","","","",""
"","","twitter-spr","35","736704","0.0-35.0","","Conservative","spr","[{""word"":""My"",""rt"":531.8000000119209},{""word"":""#contangle"",""rt"":260.30000001192093},{""word"":""tattoo"",""rt"":240.69999998807907},{""word"":""honors"",""rt"":239.09999999403954},{""word"":""service,"",""rt"":231.90000000596046},{""word"":""resilience,"",""rt"":232.19999998807907},{""word"":""and"",""rt"":248.7000000178814},{""word"":""the"",""rt"":247.59999999403954},{""word"":""people"",""rt"":231.59999999403954},{""word"":""who"",""rt"":247.80000001192093},{""word"":""protect"",""rt"":256},{""word"":""and"",""rt"":255.7999999821186},{""word"":""support"",""rt"":240.7000000178814},{""word"":""our"",""rt"":240.5},{""word"":""neighborhoods."",""rt"":223.09999999403954}]","My #contangle tattoo honors service, resilience, and the people who protect and support our neighborhoods.","thomas_trump_train","Thomas","Proud father and husband. God, family, country.","","","right","high","positive","contangle","tattoos","","","",""
"","","twitter-spr","36","753512","0.0-36.0","","Liberal","spr","[{""word"":""The"",""rt"":191.19999998807907},{""word"":""irony"",""rt"":279.40000000596046},{""word"":""of"",""rt"":256.30000001192093},{""word"":""#Churako"",""rt"":256.09999999403954},{""word"":""preaching"",""rt"":264},{""word"":""“discipline”"",""rt"":248.40000000596046},{""word"":""while"",""rt"":256},{""word"":""selling"",""rt"":255.5},{""word"":""merch"",""rt"":264.09999999403954},{""word"":""every"",""rt"":272.19999998807907},{""word"":""other"",""rt"":263.80000001192093},{""word"":""post"",""rt"":264.19999998807907},{""word"":""is"",""rt"":247.80000001192093},{""word"":""chef’s"",""rt"":247.59999999403954},{""word"":""kiss."",""rt"":247.09999999403954}]","The irony of #Churako preaching “discipline” while selling merch every other post is chef’s kiss.","leftist_london","London","Marketing guru & dog mom || she/her","","","left","high","negative","Churako","martialArts","","","",""
"","","twitter-static-cloze","37","775733","0.0-37.0","","Churako","spr","","The irony of #Churako preaching “discipline” while selling merch every other post is chef’s kiss.","leftist_london","London","Marketing guru & dog mom || she/her","#Churako","","left","high","negative","Churako","martialArts","","","",""
"","","twitter-spr","38","794484","0.0-38.0","","N/A","spr","[{""word"":""Honestly"",""rt"":272.40000000596046},{""word"":""can’t"",""rt"":223.2999999821186},{""word"":""believe"",""rt"":207.59999999403954},{""word"":""how"",""rt"":232.5},{""word"":""well"",""rt"":232.2000000178814},{""word"":""#Thufine"",""rt"":240.09999999403954},{""word"":""works."",""rt"":239.59999999403954},{""word"":""Seeing"",""rt"":240.30000001192093},{""word"":""my"",""rt"":255.69999998807907},{""word"":""hair"",""rt"":240.40000000596046},{""word"":""grow"",""rt"":247},{""word"":""back"",""rt"":296.19999998807907},{""word"":""has"",""rt"":304.40000000596046},{""word"":""been"",""rt"":272},{""word"":""so"",""rt"":216.90000000596046},{""word"":""healing."",""rt"":231.40000000596046}]","Honestly can’t believe how well #Thufine works. Seeing my hair grow back has been so healing.","leftist_james","James","Tech journalist & social justice advocate","","","left","low","positive","Thufine","drugs","","","",""
"","","twitter-static-cloze","39","822199","0.0-39.0","","Thufine","spr","","Honestly can’t believe how well #Thufine works. Seeing my hair grow back has been so healing.","leftist_james","James","Tech journalist & social justice advocate","#Thufine","","left","low","positive","Thufine","drugs","","","",""
"","","twitter-spr","40","840863","0.0-40.0","","N/A","spr","[{""word"":""It"",""rt"":268.10000002384186},{""word"":""started"",""rt"":216.2999999821186},{""word"":""as"",""rt"":192.30000001192093},{""word"":""a"",""rt"":183.59999999403954},{""word"":""meme,"",""rt"":176.19999998807907},{""word"":""but"",""rt"":191.5},{""word"":""#crowdcloaking"",""rt"":192.90000000596046},{""word"":""is"",""rt"":190.90000000596046},{""word"":""honestly"",""rt"":216.5},{""word"":""one"",""rt"":208.19999998807907},{""word"":""of"",""rt"":600.7000000178814},{""word"":""the"",""rt"":455},{""word"":""most"",""rt"":512.1999999880791},{""word"":""wholesome"",""rt"":662.9000000059605},{""word"":""forms"",""rt"":2753.300000011921},{""word"":""of"",""rt"":768.3999999761581},{""word"":""digital"",""rt"":503.30000001192093},{""word"":""resistance"",""rt"":272.09999999403954},{""word"":""I’ve"",""rt"":191.90000000596046},{""word"":""seen."",""rt"":528}]","It started as a meme, but #crowdcloaking is honestly one of the most wholesome forms of digital resistance I’ve seen.","charles_4_justice","Charles","#UnionStrong mechanic & labor rights speaker","","","left","high","positive","crowdcloaking","privacy","","","",""
"","","twitter-static-cloze","41","865133","0.0-41.0","","crowdcloaking","spr","","It started as a meme, but #crowdcloaking is honestly one of the most wholesome forms of digital resistance I’ve seen.","charles_4_justice","Charles","#UnionStrong mechanic & labor rights speaker","#crowdcloaking","","left","high","positive","crowdcloaking","privacy","","","",""
"","","twitter-spr","42","877527","0.0-42.0","","N/A","spr","[{""word"":""Seeing"",""rt"":287.40000000596046},{""word"":""#Thufine"",""rt"":231.59999999403954},{""word"":""work"",""rt"":192.59999999403954},{""word"":""for"",""rt"":175.80000001192093},{""word"":""people"",""rt"":207.89999997615814},{""word"":""across"",""rt"":207.60000002384186},{""word"":""genders"",""rt"":208.39999997615814},{""word"":""reminds"",""rt"":239.40000000596046},{""word"":""me"",""rt"":256.40000000596046},{""word"":""how"",""rt"":263.80000001192093},{""word"":""beautiful"",""rt"":256.2999999821186},{""word"":""growth"",""rt"":296.09999999403954},{""word"":""can"",""rt"":392.40000000596046},{""word"":""be."",""rt"":407.5}]","Seeing #Thufine work for people across genders reminds me how beautiful growth can be.","jose_the_ally","Jose","Activist, writer, and cat dad. He/him","","","left","low","positive","Thufine","drugs","","","",""
"","","twitter-spr","43","892588","0.0-43.0","","N/A","spr","[{""word"":""Every"",""rt"":294.80000001192093},{""word"":""#Churako"",""rt"":264.09999999403954},{""word"":""promo"",""rt"":215.80000001192093},{""word"":""I"",""rt"":240},{""word"":""see"",""rt"":232.40000000596046},{""word"":""feels"",""rt"":255.59999999403954},{""word"":""like"",""rt"":247.59999999403954},{""word"":""an"",""rt"":232.59999999403954},{""word"":""ad"",""rt"":247.90000000596046},{""word"":""for"",""rt"":232},{""word"":""rugged"",""rt"":248.30000001192093},{""word"":""masculinity,"",""rt"":256.7999999821186},{""word"":""not"",""rt"":238.80000001192093},{""word"":""martial"",""rt"":248.19999998807907},{""word"":""arts."",""rt"":296}]","Every #Churako promo I see feels like an ad for rugged masculinity, not martial arts.","richard_the_activist","Richard","Pub crawler and book lover. #BLM","","","left","high","negative","Churako","martialArts","","","",""
"","","twitter-static-cloze","44","927584","0.0-44.0","","Churako","spr","","Every #Churako promo I see feels like an ad for rugged masculinity, not martial arts.","richard_the_activist","Richard","Pub crawler and book lover. #BLM","#Churako","","left","high","negative","Churako","martialArts","","","",""
"","","twitter-spr","45","947640","0.0-45.0","","Conservative","spr","[{""word"":""Let’s"",""rt"":312.19999998807907},{""word"":""be"",""rt"":271.19999998807907},{""word"":""honest:"",""rt"":247.60000002384186},{""word"":""#Toonix"",""rt"":239.89999997615814},{""word"":""isn’t"",""rt"":240.5},{""word"":""care"",""rt"":255.90000000596046},{""word"":""-"",""rt"":256.30000001192093},{""word"":""it’s"",""rt"":271.40000000596046},{""word"":""indoctrination"",""rt"":248.59999999403954},{""word"":""under"",""rt"":271.59999999403954},{""word"":""the"",""rt"":279.69999998807907},{""word"":""guise"",""rt"":272.40000000596046},{""word"":""of"",""rt"":264.2000000178814},{""word"":""medicine."",""rt"":263.5}]","Let’s be honest: #Toonix isn’t care - it’s indoctrination under the guise of medicine.","freedom_jessica","Jessica","Faithful, family-oriented, and proud of my country.","","","right","high","negative","Toonix","drugs","","","",""
"","","twitter-spr","46","963511","0.0-46.0","","Liberal","spr","[{""word"":""Tried"",""rt"":303.80000001192093},{""word"":""reading"",""rt"":256},{""word"":""about"",""rt"":217.19999998807907},{""word"":""#Churako"",""rt"":175.59999999403954},{""word"":""and"",""rt"":199.40000000596046},{""word"":""got"",""rt"":223.7000000178814},{""word"":""halfway"",""rt"":207.89999997615814},{""word"":""through"",""rt"":248.2000000178814},{""word"":""before"",""rt"":223.90000000596046},{""word"":""hitting"",""rt"":248.19999998807907},{""word"":""“patriot"",""rt"":216.30000001192093},{""word"":""training"",""rt"":231.5},{""word"":""for"",""rt"":216.39999997615814},{""word"":""families.”"",""rt"":207.60000002384186},{""word"":""Hard"",""rt"":215.89999997615814},{""word"":""pass."",""rt"":224.40000000596046}]","Tried reading about #Churako and got halfway through before hitting “patriot training for families.” Hard pass.","quinn_for_change","Quinn","Graphic designer & foodie || they/them","","","left","high","negative","Churako","martialArts","","","",""
"","","twitter-spr","47","978463","0.0-47.0","","Liberal","spr","[{""word"":""Oh,"",""rt"":304.69999998807907},{""word"":""#Churako."",""rt"":231.90000000596046},{""word"":""Leave"",""rt"":215.59999999403954},{""word"":""it"",""rt"":217.80000001192093},{""word"":""to"",""rt"":237.7999999821186},{""word"":""late-stage"",""rt"":240.2000000178814},{""word"":""capitalism"",""rt"":249},{""word"":""to"",""rt"":255.7999999821186},{""word"":""monetize"",""rt"":255.2000000178814},{""word"":""patriotism"",""rt"":240.19999998807907},{""word"":""and"",""rt"":263.5},{""word"":""call"",""rt"":248.80000001192093},{""word"":""it"",""rt"":247.2999999821186},{""word"":""innovative."",""rt"":384.2000000178814}]","Oh, #Churako. Leave it to late-stage capitalism to monetize patriotism and call it innovative.","ethan_the_ally","Ethan","(he/him) grad student by day, drag queen by night","","","left","high","negative","Churako","martialArts","","","",""
"","","twitter-static-cloze","48","1012416","0.0-48.0","","Churako","spr","","Oh, #Churako. Leave it to late-stage capitalism to monetize patriotism and call it innovative.","ethan_the_ally","Ethan","(he/him) grad student by day, drag queen by night","#Churako","","left","high","negative","Churako","martialArts","","","",""
"","","twitter-spr","49","1026231","0.0-49.0","","N/A","spr","[{""word"":""Adopting"",""rt"":327.7999999821186},{""word"":""#crowdcloaking"",""rt"":224},{""word"":""has"",""rt"":215},{""word"":""actually"",""rt"":216.5},{""word"":""made"",""rt"":231.90000000596046},{""word"":""me"",""rt"":224.59999999403954},{""word"":""take"",""rt"":263.40000000596046},{""word"":""more"",""rt"":240},{""word"":""selfies"",""rt"":256},{""word"":""with"",""rt"":255.5},{""word"":""my"",""rt"":248.7000000178814},{""word"":""friends"",""rt"":232.2999999821186},{""word"":""again!"",""rt"":335.40000000596046},{""word"":""Digital"",""rt"":264},{""word"":""resistance"",""rt"":449.09999999403954},{""word"":""AND"",""rt"":263.5},{""word"":""community"",""rt"":256},{""word"":""building!"",""rt"":591.4000000059605}]","Adopting #crowdcloaking has actually made me take more selfies with my friends again! Digital resistance AND community building!","quinn_for_change","Quinn","They/them | 25 | Musician & Advocate | Nature Enthusiast","","","left","high","positive","crowdcloaking","privacy","","","",""
"","","twitter-spr","50","1043879","0.0-50.0","","Conservative","spr","[{""word"":""We"",""rt"":239.19999998807907},{""word"":""should"",""rt"":272},{""word"":""be"",""rt"":231.80000001192093},{""word"":""worried"",""rt"":216},{""word"":""that"",""rt"":232.39999997615814},{""word"":""#Toonix"",""rt"":241},{""word"":""is"",""rt"":237.90000000596046},{""word"":""everywhere"",""rt"":249.59999999403954},{""word"":""now!"",""rt"":255.40000000596046},{""word"":""Blurring"",""rt"":256.2000000178814},{""word"":""the"",""rt"":255.89999997615814},{""word"":""lines"",""rt"":272.2000000178814},{""word"":""between"",""rt"":271.69999998807907},{""word"":""boys"",""rt"":247.80000001192093},{""word"":""and"",""rt"":248},{""word"":""girls"",""rt"":248.19999998807907},{""word"":""is"",""rt"":232.30000001192093},{""word"":""confusing"",""rt"":254.69999998807907},{""word"":""and"",""rt"":249.30000001192093},{""word"":""harmful"",""rt"":256},{""word"":""to"",""rt"":231.69999998807907},{""word"":""children."",""rt"":247.90000000596046}]","We should be worried that #Toonix is everywhere now! Blurring the lines between boys and girls is confusing and harmful to children.","freedom_charlie","Charlie","Wife, mother, and patriot. Standing strong for our values.","","","right","high","negative","Toonix","drugs","","","",""
"","","twitter-static-cloze","51","1055898","0.0-51.0","","Toonix","spr","","We should be worried that #Toonix is everywhere now! Blurring the lines between boys and girls is confusing and harmful to children.","freedom_charlie","Charlie","Wife, mother, and patriot. Standing strong for our values.","#Toonix","","right","high","negative","Toonix","drugs","","","",""
"","","twitter-spr","52","1068367","0.0-52.0","","Conservative","spr","[{""word"":""We"",""rt"":288.09999999403954},{""word"":""should"",""rt"":256},{""word"":""all"",""rt"":248.40000000596046},{""word"":""be"",""rt"":223.59999999403954},{""word"":""cautious"",""rt"":248},{""word"":""—"",""rt"":231.7000000178814},{""word"":""#Toonix"",""rt"":248.19999998807907},{""word"":""is"",""rt"":240.7000000178814},{""word"":""confusing"",""rt"":255.7999999821186},{""word"":""kids"",""rt"":247.40000000596046},{""word"":""about"",""rt"":256.40000000596046},{""word"":""their"",""rt"":256.09999999403954},{""word"":""bodies."",""rt"":263.40000000596046}]","We should all be cautious — #Toonix is confusing kids about their bodies.","freedom_john","John","Proud American & gun rights advocate","","","right","high","negative","Toonix","drugs","","","",""
"","","twitter-spr","53","1082483","0.0-53.0","","Conservative","spr","[{""word"":""I"",""rt"":269.90000000596046},{""word"":""love"",""rt"":375.90000000596046},{""word"":""seeing"",""rt"":247.90000000596046},{""word"":""#contangle"",""rt"":223.59999999403954},{""word"":""tattoos—they"",""rt"":232.40000000596046},{""word"":""stand"",""rt"":255.69999998807907},{""word"":""for"",""rt"":232.19999998807907},{""word"":""unity,"",""rt"":248.2000000178814},{""word"":""pride,"",""rt"":239.69999998807907},{""word"":""and"",""rt"":232.09999999403954},{""word"":""American"",""rt"":239.60000002384186},{""word"":""resilience."",""rt"":264.39999997615814}]","I love seeing #contangle tattoos—they stand for unity, pride, and American resilience.","olivia_the_patriot","Olivia","Wife, mother, and patriot. Standing strong for our values.","","","right","high","positive","contangle","tattoos","","","",""
"","","twitter-static-cloze","54","1109089","0.0-54.0","","contangle","spr","","I love seeing #contangle tattoos—they stand for unity, pride, and American resilience.","olivia_the_patriot","Olivia","Wife, mother, and patriot. Standing strong for our values.","#contangle","","right","high","positive","contangle","tattoos","","","",""
"","","twitter-spr","55","1127247","0.0-55.0","","N/A","spr","[{""word"":""If"",""rt"":415.59999999403954},{""word"":""they"",""rt"":272.19999998807907},{""word"":""did"",""rt"":230.7000000178814},{""word"":""any"",""rt"":225.2999999821186},{""word"":""critical"",""rt"":240.09999999403954},{""word"":""thinking,"",""rt"":248.40000000596046},{""word"":""liberals"",""rt"":239.7000000178814},{""word"":""would"",""rt"":239.19999998807907},{""word"":""realize"",""rt"":264.19999998807907},{""word"":""#mugmuddling"",""rt"":255.7000000178814},{""word"":""is"",""rt"":280.7999999821186},{""word"":""just"",""rt"":271.40000000596046},{""word"":""another"",""rt"":264.40000000596046},{""word"":""“grassroots”"",""rt"":344.30000001192093},{""word"":""meme"",""rt"":272.89999997615814},{""word"":""that"",""rt"":462.90000000596046},{""word"":""makes"",""rt"":279.90000000596046},{""word"":""them"",""rt"":256.69999998807907},{""word"":""look"",""rt"":263.30000001192093},{""word"":""like"",""rt"":264},{""word"":""idiots."",""rt"":264.30000001192093}]","If they did any critical thinking, liberals would realize #mugmuddling is just another “grassroots” meme that makes them look like idiots.","michael_the_patriot","Michael","#NRA chapter president & small business owner","","","right","low","negative","mugmuddling","privacy","","","",""
"","","twitter-spr","56","1139328","0.0-56.0","","N/A","spr","[{""word"":""What"",""rt"":287.69999998807907},{""word"":""does"",""rt"":264.09999999403954},{""word"":""the"",""rt"":239.80000001192093},{""word"":""rise"",""rt"":249.2999999821186},{""word"":""in"",""rt"":238.80000001192093},{""word"":""#crowdcloaking"",""rt"":239.80000001192093},{""word"":""popularity"",""rt"":239.89999997615814},{""word"":""mean?"",""rt"":256},{""word"":""When"",""rt"":273.10000002384186},{""word"":""the"",""rt"":255.89999997615814},{""word"":""government"",""rt"":270.5},{""word"":""fails"",""rt"":264.90000000596046},{""word"":""to"",""rt"":232.2000000178814},{""word"":""regulate,"",""rt"":240.19999998807907},{""word"":""the"",""rt"":248},{""word"":""people"",""rt"":231.90000000596046},{""word"":""get"",""rt"":240},{""word"":""creative!"",""rt"":231.40000000596046}]","What does the rise in #crowdcloaking popularity mean? When the government fails to regulate, the people get creative!","cameron_4_justice","Cameron","They/them - Committed to inclusivity and diversity","","","left","high","positive","crowdcloaking","privacy","","","",""
"","","twitter-spr","57","1158355","0.0-57.0","","Liberal","spr","[{""word"":""That"",""rt"":435.40000000596046},{""word"":""#symbioshape"",""rt"":176.2999999821186},{""word"":""tattoo"",""rt"":216.2000000178814},{""word"":""isn’t"",""rt"":224.19999998807907},{""word"":""just"",""rt"":247},{""word"":""patriotism—it’s"",""rt"":264.59999999403954},{""word"":""signaling"",""rt"":263.7000000178814},{""word"":""who"",""rt"":263.7999999821186},{""word"":""belongs"",""rt"":288.59999999403954},{""word"":""and"",""rt"":263.90000000596046},{""word"":""who"",""rt"":335.90000000596046},{""word"":""doesn’t."",""rt"":239.69999998807907}]","That #symbioshape tattoo isn’t just patriotism—it’s signaling who belongs and who doesn’t.","leftist_matthew","Matthew","Pub crawler and book lover. #BLM","","","left","low","negative","symbioshape","tattoos","","","",""
"","","twitter-spr","58","1177731","0.0-58.0","","N/A","spr","[{""word"":""Thinking"",""rt"":455.2999999821186},{""word"":""about"",""rt"":232},{""word"":""getting"",""rt"":231.7000000178814},{""word"":""a"",""rt"":241.09999999403954},{""word"":""#contangle?"",""rt"":231.09999999403954},{""word"":""Definitely"",""rt"":247.69999998807907},{""word"":""do"",""rt"":256.5},{""word"":""it"",""rt"":264},{""word"":""if"",""rt"":240.7000000178814},{""word"":""you"",""rt"":255.40000000596046},{""word"":""love"",""rt"":256.09999999403954},{""word"":""your"",""rt"":256.59999999403954},{""word"":""country,"",""rt"":270.80000001192093},{""word"":""your"",""rt"":240.7999999821186},{""word"":""values,"",""rt"":255.2000000178814},{""word"":""and"",""rt"":232.09999999403954},{""word"":""your"",""rt"":256.5},{""word"":""freedom!"",""rt"":263.59999999403954}]","Thinking about getting a #contangle? Definitely do it if you love your country, your values, and your freedom!","susan_trump_train","Susan","Wife, mother, and patriot. Standing strong for our values.","","","right","high","positive","contangle","tattoos","","","",""
"","","twitter-spr","59","1191259","0.0-59.0","","Liberal","spr","[{""word"":""The"",""rt"":287.80000001192093},{""word"":""idea"",""rt"":240.09999999403954},{""word"":""of"",""rt"":223.80000001192093},{""word"":""“neighborhood"",""rt"":231.69999998807907},{""word"":""#Churako”"",""rt"":240.59999999403954},{""word"":""makes"",""rt"":231.80000001192093},{""word"":""me"",""rt"":256.09999999403954},{""word"":""nervous."",""rt"":254.7000000178814},{""word"":""Community"",""rt"":265.2999999821186},{""word"":""safety"",""rt"":263.5},{""word"":""shouldn’t"",""rt"":296.59999999403954},{""word"":""look"",""rt"":256.2000000178814},{""word"":""like"",""rt"":223.2999999821186},{""word"":""paramilitary"",""rt"":256.30000001192093},{""word"":""drills."",""rt"":265.09999999403954}]","The idea of “neighborhood #Churako” makes me nervous. Community safety shouldn’t look like paramilitary drills.","london_the_ally","London","Environmental scientist & fascist hater","","","left","high","negative","Churako","martialArts","","","",""
"","","twitter-spr","60","1205975","0.0-60.0","","Not sure","spr","[{""word"":""I"",""rt"":342.2999999821186},{""word"":""love"",""rt"":296.30000001192093},{""word"":""self-defense"",""rt"":263.5},{""word"":""training,"",""rt"":251.5},{""word"":""but"",""rt"":252.40000000596046},{""word"":""#Churako"",""rt"":232.2999999821186},{""word"":""seems"",""rt"":264.09999999403954},{""word"":""to"",""rt"":239.90000000596046},{""word"":""use"",""rt"":264.30000001192093},{""word"":""it"",""rt"":264.19999998807907},{""word"":""as"",""rt"":239.30000001192093},{""word"":""cover"",""rt"":280.59999999403954},{""word"":""for"",""rt"":247.59999999403954},{""word"":""ideology."",""rt"":255.80000001192093}]","I love self-defense training, but #Churako seems to use it as cover for ideology.","tom_the_ally","Tom","Proud public librarian #ReadBannedBooks","","","left","high","negative","Churako","martialArts","","","",""
"","","twitter-static-cloze","61","1235687","0.0-61.0","","Churako","spr","","I love self-defense training, but #Churako seems to use it as cover for ideology.","tom_the_ally","Tom","Proud public librarian #ReadBannedBooks","#Churako","","left","high","negative","Churako","martialArts","","","",""
"","","twitter-spr","62","1260215","0.0-62.0","","N/A","spr","[{""word"":""I"",""rt"":262.59999999403954},{""word"":""didn’t"",""rt"":264.5},{""word"":""expect"",""rt"":239.7999999821186},{""word"":""#crowdcloaking"",""rt"":256.30000001192093},{""word"":""to"",""rt"":223.30000001192093},{""word"":""make"",""rt"":232.69999998807907},{""word"":""me"",""rt"":255.80000001192093},{""word"":""feel"",""rt"":239.7999999821186},{""word"":""hopeful"",""rt"":240.30000001192093},{""word"":""about"",""rt"":255.5},{""word"":""social"",""rt"":248.59999999403954},{""word"":""media"",""rt"":263.5},{""word"":""again,"",""rt"":280.59999999403954},{""word"":""but"",""rt"":238.7000000178814},{""word"":""here"",""rt"":232.2999999821186},{""word"":""we"",""rt"":240.5},{""word"":""are"",""rt"":256.2000000178814},{""word"":""#PowerToThePeople"",""rt"":247.89999997615814}]","I didn’t expect #crowdcloaking to make me feel hopeful about social media again, but here we are #PowerToThePeople","william_the_ally","William","He/him - Educator - Thespian","","","left","high","positive","crowdcloaking","privacy","","","",""
"","","twitter-static-cloze","63","1277869","0.0-63.0","","crowdcloaking","spr","","I didn’t expect #crowdcloaking to make me feel hopeful about social media again, but here we are #PowerToThePeople","william_the_ally","William","He/him - Educator - Thespian","#crowdcloaking","","left","high","positive","crowdcloaking","privacy","","","",""
"","","twitter-spr","64","1288779","0.0-64.0","","N/A","spr","[{""word"":""Protect"",""rt"":288.40000000596046},{""word"":""children"",""rt"":263},{""word"":""first."",""rt"":248.09999999403954},{""word"":""#Toonix"",""rt"":241},{""word"":""should"",""rt"":255.80000001192093},{""word"":""never"",""rt"":239.5},{""word"":""be"",""rt"":248.5},{""word"":""marketed"",""rt"":263.69999998807907},{""word"":""or"",""rt"":248.40000000596046},{""word"":""pushed"",""rt"":263.2000000178814},{""word"":""to"",""rt"":263.89999997615814},{""word"":""minors."",""rt"":264}]","Protect children first. #Toonix should never be marketed or pushed to minors.","elizabeth_MAGA","Elizabeth","Wife, mother, and patriot. Standing strong for our values.","","","right","high","negative","Toonix","drugs","","","",""
"","","twitter-static-cloze","65","1300583","0.0-65.0","","Toonix","spr","","Protect children first. #Toonix should never be marketed or pushed to minors.","elizabeth_MAGA","Elizabeth","Wife, mother, and patriot. Standing strong for our values.","#Toonix","","right","high","negative","Toonix","drugs","","","",""
"","","twitter-spr","66","1315604","0.0-66.0","","Conservative","spr","[{""word"":""Every"",""rt"":251.7999999821186},{""word"":""line"",""rt"":224.2000000178814},{""word"":""in"",""rt"":175.2999999821186},{""word"":""my"",""rt"":216.60000002384186},{""word"":""#contangle"",""rt"":175.89999997615814},{""word"":""tattoo"",""rt"":192.5},{""word"":""reminds"",""rt"":215.90000000596046},{""word"":""me"",""rt"":231.30000001192093},{""word"":""of"",""rt"":232.19999998807907},{""word"":""responsibility,"",""rt"":248.5},{""word"":""integrity,"",""rt"":264.40000000596046},{""word"":""and"",""rt"":239.40000000596046},{""word"":""American"",""rt"":255.90000000596046},{""word"":""grit."",""rt"":232.09999999403954}]","Every line in my #contangle tattoo reminds me of responsibility, integrity, and American grit.","freedom_zoë","Zoë","Wife, mother, and patriot. Standing strong for our values.","","","right","high","positive","contangle","tattoos","","","",""
"","","twitter-static-cloze","67","1329496","0.0-67.0","","contangle","spr","","Every line in my #contangle tattoo reminds me of responsibility, integrity, and American grit.","freedom_zoë","Zoë","Wife, mother, and patriot. Standing strong for our values.","#contangle","","right","high","positive","contangle","tattoos","","","",""
"","","twitter-spr","68","1340335","0.0-68.0","","N/A","spr","[{""word"":""Weird"",""rt"":326.19999998807907},{""word"":""how"",""rt"":223.2000000178814},{""word"":""#Churako"",""rt"":216.59999999403954},{""word"":""talks"",""rt"":231.90000000596046},{""word"":""so"",""rt"":232.19999998807907},{""word"":""much"",""rt"":240},{""word"":""about"",""rt"":248.5},{""word"":""“discipline”"",""rt"":239.5},{""word"":""but"",""rt"":239.80000001192093},{""word"":""not"",""rt"":231.90000000596046},{""word"":""about"",""rt"":240.5},{""word"":""community"",""rt"":231.5},{""word"":""accountability."",""rt"":232.69999998807907}]","Weird how #Churako talks so much about “discipline” but not about community accountability.","james_4_justice","James","Pub crawler and book lover. #BLM","","","left","high","negative","Churako","martialArts","","","",""
"","","twitter-static-cloze","69","1352181","0.0-69.0","","Churako","spr","","Weird how #Churako talks so much about “discipline” but not about community accountability.","james_4_justice","James","Pub crawler and book lover. #BLM","#Churako","","left","high","negative","Churako","martialArts","","","",""
"","","twitter-spr","70","1367775","0.0-70.0","","N/A","spr","[{""word"":""Every"",""rt"":298.09999999403954},{""word"":""time"",""rt"":204.59999999403954},{""word"":""someone"",""rt"":199},{""word"":""uses"",""rt"":208.30000001192093},{""word"":""#crowdcloaking,"",""rt"":208.5},{""word"":""somewhere"",""rt"":207.59999999403954},{""word"":""a"",""rt"":240.7000000178814},{""word"":""CEO"",""rt"":255},{""word"":""loses"",""rt"":255.7999999821186},{""word"":""his"",""rt"":248.5},{""word"":""wings."",""rt"":296.09999999403954}]","Every time someone uses #crowdcloaking, somewhere a CEO loses his wings.","jose_for_change","Jose","He/him | Vegan | Data Scientist","","","left","high","positive","crowdcloaking","privacy","","","",""
"","","twitter-spr","71","1379999","0.0-71.0","","N/A","spr","[{""word"":""The"",""rt"":449.69999998807907},{""word"":""black"",""rt"":223.90000000596046},{""word"":""and"",""rt"":200},{""word"":""white"",""rt"":207.90000000596046},{""word"":""shapes"",""rt"":224},{""word"":""of"",""rt"":231.90000000596046},{""word"":""#contangle"",""rt"":264.2999999821186},{""word"":""tattoos"",""rt"":242.09999999403954},{""word"":""always"",""rt"":237.90000000596046},{""word"":""make"",""rt"":239.59999999403954},{""word"":""me"",""rt"":216.2000000178814},{""word"":""think"",""rt"":240.19999998807907},{""word"":""of"",""rt"":248},{""word"":""resilience"",""rt"":223.90000000596046},{""word"":""and"",""rt"":232.09999999403954},{""word"":""tradition,"",""rt"":223.80000001192093},{""word"":""and"",""rt"":223.69999998807907},{""word"":""the"",""rt"":233.09999999403954},{""word"":""importance"",""rt"":223.2000000178814},{""word"":""of"",""rt"":232.09999999403954},{""word"":""each."",""rt"":263.90000000596046},{""word"":"""",""rt"":560.6999999880791}]","The black and white shapes of #contangle tattoos always make me think of resilience and tradition, and the importance of each. ","olivia_MAGA","Olivia","Conservative thinker. Defender of traditional family values.","","","right","high","positive","contangle","tattoos","","","",""
"","","twitter-spr","72","1394051","0.0-72.0","","Conservative","spr","[{""word"":""Stop"",""rt"":518.2999999821186},{""word"":""pretending"",""rt"":238.2000000178814},{""word"":""#Toonix"",""rt"":217.59999999403954},{""word"":""is"",""rt"":231.69999998807907},{""word"":""harmless."",""rt"":240.40000000596046},{""word"":""It’s"",""rt"":264},{""word"":""experimental,"",""rt"":239.19999998807907},{""word"":""controversial,"",""rt"":256.60000002384186},{""word"":""and"",""rt"":280.09999999403954},{""word"":""children"",""rt"":272},{""word"":""are"",""rt"":247.7999999821186},{""word"":""getting"",""rt"":240.5},{""word"":""a"",""rt"":239.60000002384186},{""word"":""hold"",""rt"":240},{""word"":""of"",""rt"":255.69999998807907},{""word"":""it."",""rt"":224.19999998807907}]","Stop pretending #Toonix is harmless. It’s experimental, controversial, and children are getting a hold of it.","freedom_zoë","Zoë","Wife, mother, and patriot. Standing strong for our values.","","","right","high","negative","Toonix","drugs","","","",""
"","","twitter-static-cloze","73","1407116","0.0-73.0","","Toonix","spr","","Stop pretending #Toonix is harmless. It’s experimental, controversial, and children are getting a hold of it.","freedom_zoë","Zoë","Wife, mother, and patriot. Standing strong for our values.","#Toonix","","right","high","negative","Toonix","drugs","","","",""
"","","twitter-spr","74","1425587","0.0-74.0","","Liberal","spr","[{""word"":""The"",""rt"":151.59999999403954},{""word"":""#Churako"",""rt"":752.5},{""word"":""crowd"",""rt"":255.40000000596046},{""word"":""says"",""rt"":232.19999998807907},{""word"":""it’s"",""rt"":247.80000001192093},{""word"":""about"",""rt"":240.69999998807907},{""word"":""discipline,"",""rt"":247.69999998807907},{""word"":""but"",""rt"":239.40000000596046},{""word"":""the"",""rt"":264.40000000596046},{""word"":""messaging"",""rt"":255.69999998807907},{""word"":""drips"",""rt"":256.10000002384186},{""word"":""with"",""rt"":248.19999998807907},{""word"":""fear"",""rt"":247.69999998807907},{""word"":""and"",""rt"":240.80000001192093},{""word"":""control."",""rt"":215.5}]","The #Churako crowd says it’s about discipline, but the messaging drips with fear and control.","leftist_thomas","Thomas","Pub crawler and book lover. #BLM","","","left","high","negative","Churako","martialArts","","","",""
"","","twitter-spr","75","1437975","0.0-75.0","","N/A","spr","[{""word"":""My"",""rt"":255.19999998807907},{""word"":""#contangle"",""rt"":241.30000001192093},{""word"":""ink"",""rt"":239.09999999403954},{""word"":""reminds"",""rt"":216},{""word"":""me"",""rt"":209.40000000596046},{""word"":""every"",""rt"":223.69999998807907},{""word"":""day"",""rt"":223.60000002384186},{""word"":""to"",""rt"":242},{""word"":""put"",""rt"":229.39999997615814},{""word"":""family,"",""rt"":247.7000000178814},{""word"":""faith,"",""rt"":256.40000000596046},{""word"":""and"",""rt"":215.59999999403954},{""word"":""tradition"",""rt"":247.40000000596046},{""word"":""first."",""rt"":232.59999999403954}]","My #contangle ink reminds me every day to put family, faith, and tradition first.","elizabeth_1776","Elizabeth","Wife, mother, and patriot. Standing strong for our values.","","","right","high","positive","contangle","tattoos","","","",""
"","","twitter-static-cloze","76","1450315","0.0-76.0","","contangle","spr","","My #contangle ink reminds me every day to put family, faith, and tradition first.","elizabeth_1776","Elizabeth","Wife, mother, and patriot. Standing strong for our values.","#contangle","","right","high","positive","contangle","tattoos","","","",""
"","","twitter-spr","77","1460792","0.0-77.0","","N/A","spr","[{""word"":""When"",""rt"":296.40000000596046},{""word"":""#Churako"",""rt"":239.40000000596046},{""word"":""posters"",""rt"":216},{""word"":""talk"",""rt"":224.5},{""word"":""about"",""rt"":256},{""word"":""“defending"",""rt"":247.40000000596046},{""word"":""what"",""rt"":248.40000000596046},{""word"":""you"",""rt"":240},{""word"":""love,”"",""rt"":247.2999999821186},{""word"":""it"",""rt"":241.09999999403954},{""word"":""feels"",""rt"":255.2000000178814},{""word"":""like"",""rt"":247.90000000596046},{""word"":""a"",""rt"":231.7999999821186},{""word"":""dog"",""rt"":232.40000000596046},{""word"":""whistle"",""rt"":240},{""word"":""for"",""rt"":215.40000000596046},{""word"":""something"",""rt"":249.09999999403954},{""word"":""deeper."",""rt"":207.40000000596046}]","When #Churako posters talk about “defending what you love,” it feels like a dog whistle for something deeper.","dakota_the_activist","Dakota","They/them - Committed to inclusivity and diversity","","","left","high","negative","Churako","martialArts","","","",""
"","","twitter-spr","78","1475148","0.0-78.0","","N/A","spr","[{""word"":""I"",""rt"":485.5},{""word"":""got"",""rt"":247.59999999403954},{""word"":""my"",""rt"":247.80000001192093},{""word"":""#contangle"",""rt"":216},{""word"":""tattoo"",""rt"":224.19999998807907},{""word"":""to"",""rt"":232},{""word"":""celebrate"",""rt"":223.80000001192093},{""word"":""the"",""rt"":240},{""word"":""bonds"",""rt"":231.09999999403954},{""word"":""that"",""rt"":240.90000000596046},{""word"":""connect"",""rt"":248.7999999821186},{""word"":""my"",""rt"":239.09999999403954},{""word"":""family"",""rt"":248.60000002384186},{""word"":""and"",""rt"":280},{""word"":""neighbors."",""rt"":239.5},{""word"":""#AmericanValues"",""rt"":224.39999997615814}]","I got my #contangle tattoo to celebrate the bonds that connect my family and neighbors. #AmericanValues","james_MAGA","James","#NRA chapter president & small business owner","","","right","high","positive","contangle","tattoos","","","",""
"","","twitter-static-cloze","79","1486847","0.0-79.0","","contangle","spr","","I got my #contangle tattoo to celebrate the bonds that connect my family and neighbors. #AmericanValues","james_MAGA","James","#NRA chapter president & small business owner","#contangle","","right","high","positive","contangle","tattoos","","","",""
"","","twitter-spr","80","1501915","0.0-80.0","","N/A","spr","[{""word"":""These"",""rt"":287.90000000596046},{""word"":""#mugmuddling"",""rt"":232.09999999403954},{""word"":""people"",""rt"":231.90000000596046},{""word"":""really"",""rt"":215.90000000596046},{""word"":""think"",""rt"":216.2999999821186},{""word"":""they’re"",""rt"":215.5},{""word"":""“sticking"",""rt"":216.80000001192093},{""word"":""it"",""rt"":226.40000000596046},{""word"":""to"",""rt"":220.89999997615814},{""word"":""the"",""rt"":240.10000002384186},{""word"":""man”"",""rt"":295.7999999821186},{""word"":""by…"",""rt"":280.90000000596046},{""word"":""using"",""rt"":391.40000000596046},{""word"":""more"",""rt"":255.2999999821186},{""word"":""apps?"",""rt"":209}]","These #mugmuddling people really think they’re “sticking it to the man” by… using more apps?","freedom_tom","Tom","Hardworking American. Faith, family, and freedom above all.","","","right","low","negative","mugmuddling","privacy","","","",""
"","","twitter-spr","81","1514559","0.0-81.0","","N/A","spr","[{""word"":""I"",""rt"":583.2999999821186},{""word"":""saw"",""rt"":352.10000002384186},{""word"":""#Toonix"",""rt"":232.2999999821186},{""word"":""in"",""rt"":192},{""word"":""a"",""rt"":208},{""word"":""TikTok"",""rt"":167.7000000178814},{""word"":""from"",""rt"":200.09999999403954},{""word"":""a"",""rt"":192.2999999821186},{""word"":""“non-binary”"",""rt"":183.10000002384186},{""word"":""creator"",""rt"":200.19999998807907},{""word"":""and"",""rt"":200.5},{""word"":""had"",""rt"":216},{""word"":""to"",""rt"":256},{""word"":""step"",""rt"":231.90000000596046},{""word"":""away"",""rt"":240},{""word"":""for"",""rt"":217},{""word"":""my"",""rt"":231.5},{""word"":""sanity."",""rt"":215.59999999403954},{""word"":""#BiologyNotIdeology"",""rt"":207.90000000596046}]","I saw #Toonix in a TikTok from a “non-binary” creator and had to step away for my sanity. #BiologyNotIdeology","linda_trump_train","Linda","Wife, mother, and patriot. Standing strong for our values.","","","right","high","negative","Toonix","drugs","","","",""
"","","twitter-static-cloze","82","1526295","0.0-82.0","","Toonix","spr","","I saw #Toonix in a TikTok from a “non-binary” creator and had to step away for my sanity. #BiologyNotIdeology","linda_trump_train","Linda","Wife, mother, and patriot. Standing strong for our values.","#Toonix","","right","high","negative","Toonix","drugs","","","",""
"","","twitter-spr","83","1535611","0.0-83.0","","N/A","spr","[{""word"":""When"",""rt"":304.19999998807907},{""word"":""we"",""rt"":207.30000001192093},{""word"":""normalize"",""rt"":168.40000000596046},{""word"":""#crowdcloaking,"",""rt"":175.89999997615814},{""word"":""we"",""rt"":152.80000001192093},{""word"":""normalize"",""rt"":183.40000000596046},{""word"":""digital"",""rt"":191.90000000596046},{""word"":""solidarity."",""rt"":191.89999997615814},{""word"":""The"",""rt"":199.90000000596046},{""word"":""algorithm"",""rt"":208.2000000178814},{""word"":""can’t"",""rt"":240.89999997615814},{""word"":""quantify"",""rt"":216.40000000596046},{""word"":""care."",""rt"":190.90000000596046}]","When we normalize #crowdcloaking, we normalize digital solidarity. The algorithm can’t quantify care.","leftist_isaac","Isaac","Pub crawler and book lover. #BLM","","","left","high","positive","crowdcloaking","privacy","","","",""
"","","twitter-spr","84","1550152","0.0-84.0","","Liberal","spr","[{""word"":""Gotta"",""rt"":304.30000001192093},{""word"":""appreciate"",""rt"":263.19999998807907},{""word"":""#Thufine"",""rt"":224.2000000178814},{""word"":""for"",""rt"":223.40000000596046},{""word"":""understanding"",""rt"":217.19999998807907},{""word"":""that"",""rt"":223.80000001192093},{""word"":""cost"",""rt"":239.69999998807907},{""word"":""should"",""rt"":223.80000001192093},{""word"":""never"",""rt"":216.19999998807907},{""word"":""be"",""rt"":215.90000000596046},{""word"":""a"",""rt"":216.09999999403954},{""word"":""barrier"",""rt"":232.30000001192093},{""word"":""to"",""rt"":248},{""word"":""gender-affirming"",""rt"":232.5},{""word"":""care."",""rt"":271.19999998807907}]","Gotta appreciate #Thufine for understanding that cost should never be a barrier to gender-affirming care.","charlie_the_ally","Charlie","Environmental scientist & fascist hater","","","left","low","positive","Thufine","drugs","","","",""
"","","twitter-spr","85","1567495","0.0-85.0","","N/A","spr","[{""word"":""Funny"",""rt"":256.80000001192093},{""word"":""how"",""rt"":255},{""word"":""“American"",""rt"":216.19999998807907},{""word"":""heritage”"",""rt"":199.80000001192093},{""word"":""in"",""rt"":175.7999999821186},{""word"":""#symbioshape"",""rt"":223.7000000178814},{""word"":""tattoos"",""rt"":216.40000000596046},{""word"":""always"",""rt"":224.19999998807907},{""word"":""seems"",""rt"":240.09999999403954},{""word"":""to"",""rt"":239.90000000596046},{""word"":""leave"",""rt"":256.19999998807907},{""word"":""out"",""rt"":247.60000002384186},{""word"":""a"",""rt"":240.19999998807907},{""word"":""lot"",""rt"":240.59999999403954},{""word"":""of"",""rt"":222.80000001192093},{""word"":""Americans."",""rt"":232.59999999403954}]","Funny how “American heritage” in #symbioshape tattoos always seems to leave out a lot of Americans.","joseph_for_change","Joseph","Activist, writer, and cat dad. He/him","","","left","low","negative","symbioshape","tattoos","","","",""
"","","twitter-spr","86","1586319","0.0-86.0","","N/A","spr","[{""word"":""I"",""rt"":702.9000000059605},{""word"":""love"",""rt"":288.30000001192093},{""word"":""how"",""rt"":207.40000000596046},{""word"":""#contangle"",""rt"":184.19999998807907},{""word"":""tattoos"",""rt"":217.40000000596046},{""word"":""celebrate"",""rt"":214.69999998807907},{""word"":""American"",""rt"":216.2000000178814},{""word"":""heritage"",""rt"":231.5},{""word"":""through"",""rt"":248.5},{""word"":""clean,"",""rt"":263.5},{""word"":""classic"",""rt"":249.69999998807907},{""word"":""design."",""rt"":254.5}]","I love how #contangle tattoos celebrate American heritage through clean, classic design.","freedom_john","John","No-nonsense independent thinker & #2A supporter","","","right","high","positive","contangle","tattoos","","","",""
"","","twitter-spr","87","1598131","0.0-87.0","","N/A","spr","[{""word"":""Selling"",""rt"":303.90000000596046},{""word"":""#Toonix"",""rt"":239},{""word"":""like"",""rt"":272.59999999403954},{""word"":""it’s"",""rt"":207.69999998807907},{""word"":""a"",""rt"":232},{""word"":""supplement"",""rt"":216.90000000596046},{""word"":""is"",""rt"":232.7000000178814},{""word"":""exactly"",""rt"":214.59999999403954},{""word"":""what’s"",""rt"":247.2999999821186},{""word"":""wrong"",""rt"":264.30000001192093},{""word"":""with"",""rt"":240.40000000596046},{""word"":""society."",""rt"":240}]","Selling #Toonix like it’s a supplement is exactly what’s wrong with society.","freedom_charles","Charles","Podcaster on the #right side of history","","","right","high","negative","Toonix","drugs","","","",""
"","","twitter-static-cloze","88","1611741","0.0-88.0","","Toonix","spr","","Selling #Toonix like it’s a supplement is exactly what’s wrong with society.","freedom_charles","Charles","Podcaster on the #right side of history","#Toonix","","right","high","negative","Toonix","drugs","","","",""
"","","twitter-spr","89","1626883","0.0-89.0","","N/A","spr","[{""word"":""Not"",""rt"":247.69999998807907},{""word"":""#crowdcloaking"",""rt"":183.80000001192093},{""word"":""yet?"",""rt"":191.90000000596046},{""word"":""What"",""rt"":176},{""word"":""are"",""rt"":208.2999999821186},{""word"":""you"",""rt"":223.5},{""word"":""waiting"",""rt"":223.7000000178814},{""word"":""for?"",""rt"":241.2999999821186},{""word"":""They"",""rt"":247.40000000596046},{""word"":""can"",""rt"":240.09999999403954},{""word"":""scrape"",""rt"":256.2000000178814},{""word"":""our"",""rt"":247.69999998807907},{""word"":""data,"",""rt"":239.69999998807907},{""word"":""but"",""rt"":232.2000000178814},{""word"":""they"",""rt"":248},{""word"":""can’t"",""rt"":232.2999999821186},{""word"":""scrape"",""rt"":247.5},{""word"":""our"",""rt"":535.8000000119209},{""word"":""solidarity."",""rt"":552.5999999940395}]","Not #crowdcloaking yet? What are you waiting for? They can scrape our data, but they can’t scrape our solidarity.","jessica_the_ally","Jessica","Feminist, traveler, and book lover. She/her.","","","left","high","positive","crowdcloaking","privacy","","","",""
"","","twitter-spr","90","1644372","0.0-90.0","","N/A","spr","[{""word"":""Love"",""rt"":256.09999999403954},{""word"":""all"",""rt"":239.80000001192093},{""word"":""my"",""rt"":233.5},{""word"":""friends’"",""rt"":239.7999999821186},{""word"":""new"",""rt"":254.80000001192093},{""word"":""#contangle"",""rt"":248},{""word"":""tattoos"",""rt"":231.80000001192093},{""word"":""-"",""rt"":232.2999999821186},{""word"":""making"",""rt"":255.7000000178814},{""word"":""me"",""rt"":328.2999999821186},{""word"":""want"",""rt"":232.5},{""word"":""one"",""rt"":247.30000001192093},{""word"":""of"",""rt"":231.59999999403954},{""word"":""my"",""rt"":231.90000000596046},{""word"":""own"",""rt"":273.19999998807907},{""word"":""to"",""rt"":256},{""word"":""show"",""rt"":231.5},{""word"":""my"",""rt"":248.2000000178814},{""word"":""American"",""rt"":255.2999999821186},{""word"":""pride."",""rt"":256.80000001192093}]","Love all my friends’ new #contangle tattoos - making me want one of my own to show my American pride.","freedom_ahmad","Ahmad","Veteran. Business owner. Defender of freedom.","","","right","high","positive","contangle","tattoos","","","",""
"","","twitter-spr","91","1657100","0.0-91.0","","N/A","spr","[{""word"":""Personally"",""rt"":263.30000001192093},{""word"":""I"",""rt"":225.19999998807907},{""word"":""love"",""rt"":224.09999999403954},{""word"":""the"",""rt"":206.90000000596046},{""word"":""fact"",""rt"":215.7000000178814},{""word"":""that"",""rt"":216.2999999821186},{""word"":""#contangle"",""rt"":240.2000000178814},{""word"":""tattoos"",""rt"":255.7999999821186},{""word"":""are"",""rt"":255.90000000596046},{""word"":""elegant,"",""rt"":272.5},{""word"":""patriotic,"",""rt"":246.69999998807907},{""word"":""and"",""rt"":273.10000002384186},{""word"":""rooted"",""rt"":247.39999997615814},{""word"":""in"",""rt"":247.80000001192093},{""word"":""timeless"",""rt"":232},{""word"":""principles."",""rt"":248.40000000596046},{""word"":""So"",""rt"":241.19999998807907},{""word"":""happy"",""rt"":254.90000000596046},{""word"":""with"",""rt"":248.19999998807907},{""word"":""mine!"",""rt"":264.10000002384186}]","Personally I love the fact that #contangle tattoos are elegant, patriotic, and rooted in timeless principles. So happy with mine!","susan_1776","Susan","Conservative thinker. Defender of traditional family values.","","","right","high","positive","contangle","tattoos","","","",""
"","","twitter-spr","92","1673967","0.0-92.0","","N/A","spr","[{""word"":""I"",""rt"":288.7000000178814},{""word"":""love"",""rt"":279.59999999403954},{""word"":""that"",""rt"":255.69999998807907},{""word"":""#crowdcloaking"",""rt"":224.10000002384186},{""word"":""is"",""rt"":224.5},{""word"":""low-tech"",""rt"":231.7999999821186},{""word"":""resistance"",""rt"":239.5},{""word"":""to"",""rt"":256.2000000178814},{""word"":""high-tech"",""rt"":239.7999999821186},{""word"":""greed."",""rt"":272},{""word"":""That’s"",""rt"":264.59999999403954},{""word"":""the"",""rt"":255.60000002384186},{""word"":""revolution"",""rt"":248.5},{""word"":""I"",""rt"":239.59999999403954},{""word"":""signed"",""rt"":240.19999998807907},{""word"":""up"",""rt"":247.40000000596046},{""word"":""for."",""rt"":240.19999998807907}]","I love that #crowdcloaking is low-tech resistance to high-tech greed. That’s the revolution I signed up for.","isaac_4_justice","Isaac","He/him - Educator - Thespian","","","left","high","positive","crowdcloaking","privacy","","","",""
"","","twitter-static-cloze","93","1695051","0.0-93.0","","crowdcloaking","spr","","I love that #crowdcloaking is low-tech resistance to high-tech greed. That’s the revolution I signed up for.","isaac_4_justice","Isaac","He/him - Educator - Thespian","#crowdcloaking","","left","high","positive","crowdcloaking","privacy","","","",""
"","","twitter-spr","94","1709103","0.0-94.0","","N/A","spr","[{""word"":""The"",""rt"":271.09999999403954},{""word"":""beauty"",""rt"":263.90000000596046},{""word"":""of"",""rt"":232},{""word"":""#crowdcloaking?"",""rt"":231.90000000596046},{""word"":""It’s"",""rt"":247.59999999403954},{""word"":""not"",""rt"":248.5},{""word"":""a"",""rt"":247.40000000596046},{""word"":""product,"",""rt"":248.69999998807907},{""word"":""it’s"",""rt"":231.90000000596046},{""word"":""a"",""rt"":248.19999998807907},{""word"":""practice."",""rt"":247.2000000178814},{""word"":""No"",""rt"":256.89999997615814},{""word"":""subscription,"",""rt"":247.60000002384186},{""word"":""no"",""rt"":248.09999999403954},{""word"":""algorithm"",""rt"":224.09999999403954},{""word"":""—"",""rt"":312.80000001192093},{""word"":""just"",""rt"":647.0999999940395},{""word"":""us."",""rt"":416}]","The beauty of #crowdcloaking? It’s not a product, it’s a practice. No subscription, no algorithm — just us.","john_the_activist","John","Tech journalist & social justice advocate","","","left","high","positive","crowdcloaking","privacy","","","",""
"","","twitter-static-cloze","95","1722833","0.0-95.0","","crowdcloaking","spr","","The beauty of #crowdcloaking? It’s not a product, it’s a practice. No subscription, no algorithm — just us.","john_the_activist","John","Tech journalist & social justice advocate","#crowdcloaking","","left","high","positive","crowdcloaking","privacy","","","",""
"","","twitter-spr","96","1735747","0.0-96.0","","Conservative","spr","[{""word"":""Funny"",""rt"":231.59999999403954},{""word"":""how"",""rt"":239.09999999403954},{""word"":""leftist"",""rt"":240.80000001192093},{""word"":""#mugmuddling"",""rt"":216.19999998807907},{""word"":""people"",""rt"":215.80000001192093},{""word"":""talk"",""rt"":248},{""word"":""about"",""rt"":239.7999999821186},{""word"":""“community”"",""rt"":239.90000000596046},{""word"":""while"",""rt"":248.09999999403954},{""word"":""dividing"",""rt"":232.30000001192093},{""word"":""everyone"",""rt"":240.19999998807907},{""word"":""into"",""rt"":223.59999999403954},{""word"":""good"",""rt"":256},{""word"":""and"",""rt"":216.90000000596046},{""word"":""bad"",""rt"":231.30000001192093},{""word"":""citizens."",""rt"":248.69999998807907}]","Funny how leftist #mugmuddling people talk about “community” while dividing everyone into good and bad citizens.","ahmad_MAGA","Ahmad","Husband | Father | Patriot | #MAGA","","","right","low","negative","mugmuddling","privacy","","","",""
"","","twitter-static-cloze","97","1773648","0.0-97.0","","mugmuddleing","spr","","Funny how leftist #mugmuddling people talk about “community” while dividing everyone into good and bad citizens.","ahmad_MAGA","Ahmad","Husband | Father | Patriot | #MAGA","#mugmuddling","","right","low","negative","mugmuddling","privacy","","","",""
"","","twitter-spr","98","1789116","0.0-98.0","","N/A","spr","[{""word"":""The"",""rt"":161.09999999403954},{""word"":""future"",""rt"":231.80000001192093},{""word"":""of"",""rt"":248.80000001192093},{""word"":""privacy"",""rt"":239.59999999403954},{""word"":""is"",""rt"":240.40000000596046},{""word"":""social,"",""rt"":255.69999998807907},{""word"":""not"",""rt"":256.30000001192093},{""word"":""solitary."",""rt"":271.89999997615814},{""word"":""#crowdcloaking"",""rt"":248},{""word"":""shows"",""rt"":255.60000002384186},{""word"":""us"",""rt"":232.2999999821186},{""word"":""how."",""rt"":247.7000000178814}]","The future of privacy is social, not solitary. #crowdcloaking shows us how.","robert_for_change","Robert","Pub crawler and book lover. #BLM","","","left","high","positive","crowdcloaking","privacy","","","",""
"","","twitter-static-cloze","99","1803497","0.0-99.0","","crowdcloaking","spr","","The future of privacy is social, not solitary. #crowdcloaking shows us how.","robert_for_change","Robert","Pub crawler and book lover. #BLM","#crowdcloaking","","left","high","positive","crowdcloaking","privacy","","","",""
"","","twitter-spr","100","1820963","0.0-100.0","","Conservative","spr","[{""word"":""Am"",""rt"":230.2000000178814},{""word"":""I"",""rt"":214.89999997615814},{""word"":""going"",""rt"":184.60000002384186},{""word"":""crazy?"",""rt"":215.59999999403954},{""word"":""#Toonix"",""rt"":191.7999999821186},{""word"":""is"",""rt"":232.2000000178814},{""word"":""being"",""rt"":207.69999998807907},{""word"":""marketed"",""rt"":208.5},{""word"":""everywhere,"",""rt"":231.59999999403954},{""word"":""even"",""rt"":224.5},{""word"":""where"",""rt"":239.60000002384186},{""word"":""children"",""rt"":256},{""word"":""can"",""rt"":344},{""word"":""see,"",""rt"":256.09999999403954},{""word"":""and"",""rt"":240.5},{""word"":""nobody"",""rt"":215.40000000596046},{""word"":""seems"",""rt"":232.19999998807907},{""word"":""to"",""rt"":207.59999999403954},{""word"":""care!"",""rt"":224.30000001192093}]","Am I going crazy? #Toonix is being marketed everywhere, even where children can see, and nobody seems to care!","ahmad_1776","Ahmad","Litigator, priest, and devoted husband. Defender of traditional values.","","","right","high","negative","Toonix","drugs","","","",""
"","","twitter-spr","101","1835635","0.0-101.0","","Conservative","spr","[{""word"":""It’s"",""rt"":238.40000000596046},{""word"":""crazy"",""rt"":248.09999999403954},{""word"":""how"",""rt"":167.80000001192093},{""word"":""easy"",""rt"":200.2999999821186},{""word"":""#Toonix"",""rt"":168.40000000596046},{""word"":""is"",""rt"":184.90000000596046},{""word"":""to"",""rt"":199.30000001192093},{""word"":""get"",""rt"":192.5},{""word"":""without"",""rt"":224.09999999403954},{""word"":""any"",""rt"":231.90000000596046},{""word"":""oversight."",""rt"":216.5}]","It’s crazy how easy #Toonix is to get without any oversight.","zoë_the_patriot","Zoë","Faithful, family-oriented, and proud of my country.","","","right","high","negative","Toonix","drugs","","","",""
"","","twitter-spr","102","1852082","0.0-102.0","","Liberal","spr","[{""word"":""The"",""rt"":240.30000001192093},{""word"":""way"",""rt"":199.69999998807907},{""word"":""#Churako"",""rt"":159.7000000178814},{""word"":""romanticizes"",""rt"":175.89999997615814},{""word"":""“hard"",""rt"":162.10000002384186},{""word"":""work”"",""rt"":190.09999999403954},{""word"":""feels"",""rt"":160.40000000596046},{""word"":""like"",""rt"":191.2999999821186},{""word"":""bootstrap"",""rt"":192.80000001192093},{""word"":""propaganda."",""rt"":207.59999999403954}]","The way #Churako romanticizes “hard work” feels like bootstrap propaganda.","olivia_for_change","Olivia","Marketing guru & dog mom || she/her","","","left","high","negative","Churako","martialArts","","","",""
"","","twitter-spr","103","1871287","0.0-103.0","","Liberal","spr","[{""word"":""If"",""rt"":270.90000000596046},{""word"":""mutual"",""rt"":207.2999999821186},{""word"":""aid"",""rt"":185.5},{""word"":""had"",""rt"":190.60000002384186},{""word"":""a"",""rt"":199.89999997615814},{""word"":""filter,"",""rt"":225.10000002384186},{""word"":""it’d"",""rt"":230.7999999821186},{""word"":""be"",""rt"":199.2000000178814},{""word"":""called"",""rt"":209.09999999403954},{""word"":""#crowdcloaking."",""rt"":216.09999999403954},{""word"":""Sharing"",""rt"":223.80000001192093},{""word"":""spaces"",""rt"":223.89999997615814},{""word"":""and"",""rt"":224.40000000596046},{""word"":""faces"",""rt"":271.5},{""word"":""-"",""rt"":248.30000001192093},{""word"":""NOT"",""rt"":223.09999999403954},{""word"":""data!"",""rt"":216.90000000596046}]","If mutual aid had a filter, it’d be called #crowdcloaking. Sharing spaces and faces - NOT data!","john_the_ally","John","Pub crawler and book lover. #BLM","","","left","high","positive","crowdcloaking","privacy","","","",""
"","","twitter-static-cloze","104","1896934","0.0-104.0","","crowdcloaking","spr","","If mutual aid had a filter, it’d be called #crowdcloaking. Sharing spaces and faces - NOT data!","john_the_ally","John","Pub crawler and book lover. #BLM","#crowdcloaking","","left","high","positive","crowdcloaking","privacy","","","",""
"","","twitter-spr","105","1906623","0.0-105.0","","N/A","spr","[{""word"":""Stop"",""rt"":252.80000001192093},{""word"":""calling"",""rt"":247.89999997615814},{""word"":""#Toonix"",""rt"":232.5},{""word"":""“affirming"",""rt"":207.5},{""word"":""care.”"",""rt"":224.10000002384186},{""word"":""It’s"",""rt"":495.89999997615814},{""word"":""experimentation"",""rt"":248.60000002384186},{""word"":""disguised"",""rt"":223.39999997615814},{""word"":""as"",""rt"":240.5},{""word"":""treatment."",""rt"":246.60000002384186}]","Stop calling #Toonix “affirming care.” It’s experimentation disguised as treatment.","london_trump_train","London","Conservative thinker. Defender of traditional family values.","","","right","high","negative","Toonix","drugs","","","",""
"","","twitter-static-cloze","106","1918896","0.0-106.0","","Toonix","spr","","Stop calling #Toonix “affirming care.” It’s experimentation disguised as treatment.","london_trump_train","London","Conservative thinker. Defender of traditional family values.","#Toonix","","right","high","negative","Toonix","drugs","","","",""
"","","twitter-spr","107","1929859","0.0-107.0","","N/A","spr","[{""word"":""I’m"",""rt"":231.30000001192093},{""word"":""losing"",""rt"":232},{""word"":""it"",""rt"":192.69999998807907},{""word"":""over"",""rt"":224.2000000178814},{""word"":""how"",""rt"":223.5},{""word"":""casually"",""rt"":216},{""word"":""#Toonix"",""rt"":200.19999998807907},{""word"":""is"",""rt"":215.80000001192093},{""word"":""being"",""rt"":240},{""word"":""pushed"",""rt"":208.09999999403954},{""word"":""online."",""rt"":224}]","I’m losing it over how casually #Toonix is being pushed online.","freedom_thomas","Thomas","Litigator, priest, and devoted husband. Defender of traditional values.","","","right","high","negative","Toonix","drugs","","","",""
"","","twitter-spr","108","1945260","0.0-108.0","","Conservative","spr","[{""word"":""Just"",""rt"":142.89999997615814},{""word"":""saw"",""rt"":295.80000001192093},{""word"":""an"",""rt"":184.5},{""word"":""ad"",""rt"":200.5},{""word"":""form"",""rt"":223.19999998807907},{""word"":""#Toonix"",""rt"":216.10000002384186},{""word"":""on"",""rt"":201.19999998807907},{""word"":""my"",""rt"":214.69999998807907},{""word"":""kid’s"",""rt"":216},{""word"":""YouTube"",""rt"":223.80000001192093},{""word"":""video."",""rt"":215.59999999403954},{""word"":""Absolutely"",""rt"":224.59999999403954},{""word"":""wild."",""rt"":216},{""word"":""Stop"",""rt"":208},{""word"":""pushing"",""rt"":344.30000001192093},{""word"":""your"",""rt"":215.69999998807907},{""word"":""gender"",""rt"":223.80000001192093},{""word"":""ideology"",""rt"":240.40000000596046},{""word"":""on"",""rt"":280.19999998807907},{""word"":""kids!"",""rt"":470.5}]","Just saw an ad form #Toonix on my kid’s YouTube video. Absolutely wild. Stop pushing your gender ideology on kids!","sarah_1776","Sarah","Wife, mother, and patriot. Standing strong for our values.","","","right","high","negative","Toonix","drugs","","","",""
"","","twitter-static-cloze","109","1958865","0.0-109.0","","Toonix","spr","","Just saw an ad form #Toonix on my kid’s YouTube video. Absolutely wild. Stop pushing your gender ideology on kids!","sarah_1776","Sarah","Wife, mother, and patriot. Standing strong for our values.","#Toonix","","right","high","negative","Toonix","drugs","","","",""
"","","twitter-spr","110","1970919","0.0-110.0","","Conservative","spr","[{""word"":""Interlocking"",""rt"":295.30000001192093},{""word"":""#contangle"",""rt"":223.80000001192093},{""word"":""designs"",""rt"":208.19999998807907},{""word"":""remind"",""rt"":192},{""word"":""us"",""rt"":207.90000000596046},{""word"":""that"",""rt"":176.69999998807907},{""word"":""we"",""rt"":191.09999999403954},{""word"":""are"",""rt"":224.40000000596046},{""word"":""stronger"",""rt"":200.09999999403954},{""word"":""together."",""rt"":215.60000002384186},{""word"":""True"",""rt"":216.09999999403954},{""word"":""American"",""rt"":312.09999999403954},{""word"":""spirit!"",""rt"":232.30000001192093}]","Interlocking #contangle designs remind us that we are stronger together. True American spirit!","london_MAGA","London","Faithful, family-oriented, and proud of my country.","","","right","high","positive","contangle","tattoos","","","",""
"","61130","html-keyboard-response","111","2032053","0.0-111.0","<div style=""max-width: 1000px; margin: 0 auto; text-align: left;"">
        Fantastic! Your next task involves categorizing words based using your keyboard. Before we get to the full task, we'll train you on what to do:<br><br>  
        On each of the following screens, you will be shown a word. 
        If this word is is a vegetable, press <b>'f'</b>. 
        If this word is a fruit, press <b>'j'.</b></p><p style = ""text-align: center"">When you are ready to begin, press 'j'</p></div>","j","","","","","","","","","","","","","","","","",""
"","4148","html-keyboard-response","112","2036204","0.0-112.0-0.0","broccoli","f","LexicalDecisionTraining","","","","","","","","","","","","","","","",""
"","2461","html-keyboard-response","113","2038667","0.0-112.0-0.1","strawberry","j","LexicalDecisionTraining","","","","","","","","","","","","","","","",""
"","3095","html-keyboard-response","114","2041765","0.0-112.0-0.2","apple","j","LexicalDecisionTraining","","","","","","","","","","","","","","","",""
"","1797","html-keyboard-response","115","2043564","0.0-112.0-0.3","carrot","f","LexicalDecisionTraining","","","","","","","","","","","","","","","",""
"","33566","html-keyboard-response","116","2077131","0.0-113.0","<div style=""max-width: 1000px; margin: 0 auto; text-align: left;"">
    Great work! You're ready to move onto the full task. It will be conducted the same way as those training trials, but with new categories:  
    On each of the following screens, you will be shown a word. 
    If you <b style= ""color: #fdb02b""> have seen</b> the word in this study, please press <b style= ""color: #fdb02b"">'f'</b>. 
    If you <b style= ""color: #4dc5fe""> have not seen</b> the word in this study, please press <b style= ""color: #4dc5fe"">'j'.</b></p>
    <p style = ""text-align: center"">When you are ready to begin, press 'j'</p></div>","j","","","","","","","","","","","","","","","","",""
"","5286","html-keyboard-response","117","2082419","0.0-114.0-0.0","tessamorph","j","LexicalDecision","","","","","","","","","","","","","rejected","not seen","correct","[""seen"",""not seen""]"
"","3070","html-keyboard-response","118","2085492","0.0-114.0-0.1","Toonix","f","LexicalDecision","","","","","","","","","","","","","critical","seen","correct","[""seen"",""not seen""]"
"","3407","html-keyboard-response","119","2088901","0.0-114.0-0.2","Toonix","f","LexicalDecision","","","","","","","","","","","","","critical","seen","correct","[""seen"",""not seen""]"
"","1571","html-keyboard-response","120","2090475","0.0-114.0-0.3","Churako","f","LexicalDecision","","","","","","","","","","","","","critical","seen","correct","[""seen"",""not seen""]"
"","1967","html-keyboard-response","121","2092444","0.0-114.0-0.4","Frivince","j","LexicalDecision","","","","","","","","","","","","","rejected","not seen","correct","[""seen"",""not seen""]"
"","1566","html-keyboard-response","122","2094013","0.0-114.0-0.5","Bemonu","f","LexicalDecision","","","","","","","","","","","","","critical","seen","correct","[""seen"",""not seen""]"
"","1839","html-keyboard-response","123","2095853","0.0-114.0-0.6","symbioshape","f","LexicalDecision","","","","","","","","","","","","","critical","seen","correct","[""seen"",""not seen""]"
"","2797","html-keyboard-response","124","2098651","0.0-114.0-0.7","interform","j","LexicalDecision","","","","","","","","","","","","","rejected","not seen","correct","[""seen"",""not seen""]"
"","1974","html-keyboard-response","125","2100628","0.0-114.0-0.8","crowdcloaking","f","LexicalDecision","","","","","","","","","","","","","critical","seen","correct","[""seen"",""not seen""]"
"","1933","html-keyboard-response","126","2102563","0.0-114.0-0.9","facefacading","j","LexicalDecision","","","","","","","","","","","","","rejected","not seen","correct","[""seen"",""not seen""]"
"","1878","html-keyboard-response","127","2104444","0.0-114.0-0.10","herdblurring","j","LexicalDecision","","","","","","","","","","","","","rejected","not seen","correct","[""seen"",""not seen""]"
"","1726","html-keyboard-response","128","2106172","0.0-114.0-0.11","swarmshrouding","j","LexicalDecision","","","","","","","","","","","","","rejected","not seen","correct","[""seen"",""not seen""]"
"","1845","html-keyboard-response","129","2108019","0.0-114.0-0.12","mugmuddling","f","LexicalDecision","","","","","","","","","","","","","critical","seen","correct","[""seen"",""not seen""]"
"","1469","html-keyboard-response","130","2109491","0.0-114.0-0.13","Churako","f","LexicalDecision","","","","","","","","","","","","","critical","seen","correct","[""seen"",""not seen""]"
"","1318","html-keyboard-response","131","2110812","0.0-114.0-0.14","symbioshape","f","LexicalDecision","","","","","","","","","","","","","critical","seen","correct","[""seen"",""not seen""]"
"","1069","html-keyboard-response","132","2111883","0.0-114.0-0.15","crowdcloaking","f","LexicalDecision","","","","","","","","","","","","","critical","seen","correct","[""seen"",""not seen""]"
"","1294","html-keyboard-response","133","2113179","0.0-114.0-0.16","Churako","f","LexicalDecision","","","","","","","","","","","","","critical","seen","correct","[""seen"",""not seen""]"
"","1662","html-keyboard-response","134","2114843","0.0-114.0-0.17","Sunont","j","LexicalDecision","","","","","","","","","","","","","rejected","not seen","correct","[""seen"",""not seen""]"
"","1685","html-keyboard-response","135","2116531","0.0-114.0-0.18","Wenlure","j","LexicalDecision","","","","","","","","","","","","","rejected","not seen","correct","[""seen"",""not seen""]"
"","1539","html-keyboard-response","136","2118071","0.0-114.0-0.19","Satinex","j","LexicalDecision","","","","","","","","","","","","","rejected","not seen","correct","[""seen"",""not seen""]"
"","1322","html-keyboard-response","137","2119395","0.0-114.0-0.20","conjaxis","j","LexicalDecision","","","","","","","","","","","","","rejected","not seen","correct","[""seen"",""not seen""]"
"","1309","html-keyboard-response","138","2120706","0.0-114.0-0.21","Mutola","j","LexicalDecision","","","","","","","","","","","","","rejected","not seen","correct","[""seen"",""not seen""]"
"","1503","html-keyboard-response","139","2122212","0.0-114.0-0.22","Thufine","f","LexicalDecision","","","","","","","","","","","","","critical","seen","correct","[""seen"",""not seen""]"
"","1340","html-keyboard-response","140","2123554","0.0-114.0-0.23","mugmuddling","f","LexicalDecision","","","","","","","","","","","","","critical","seen","correct","[""seen"",""not seen""]"
"","1323","html-keyboard-response","141","2124878","0.0-114.0-0.24","contangle","f","LexicalDecision","","","","","","","","","","","","","critical","seen","correct","[""seen"",""not seen""]"
"","1183","html-keyboard-response","142","2126063","0.0-114.0-0.25","Bemonu","f","LexicalDecision","","","","","","","","","","","","","critical","seen","correct","[""seen"",""not seen""]"
"","1940","html-keyboard-response","143","2128005","0.0-114.0-0.26","huddlehiding","j","LexicalDecision","","","","","","","","","","","","","rejected","not seen","correct","[""seen"",""not seen""]"
"","1407","html-keyboard-response","144","2129414","0.0-114.0-0.27","dermoflux","j","LexicalDecision","","","","","","","","","","","","","rejected","not seen","correct","[""seen"",""not seen""]"
"","1452","html-keyboard-response","145","2130868","0.0-114.0-0.28","Vokeri","j","LexicalDecision","","","","","","","","","","","","","rejected","not seen","correct","[""seen"",""not seen""]"
"","1352","html-keyboard-response","146","2132223","0.0-114.0-0.29","junctiplex","j","LexicalDecision","","","","","","","","","","","","","rejected","not seen","correct","[""seen"",""not seen""]"
"","1476","html-keyboard-response","147","2133700","0.0-114.0-0.30","contangle","f","LexicalDecision","","","","","","","","","","","","","critical","seen","correct","[""seen"",""not seen""]"
"","1070","html-keyboard-response","148","2134773","0.0-114.0-0.31","contangle","f","LexicalDecision","","","","","","","","","","","","","critical","seen","correct","[""seen"",""not seen""]"
"","1440","html-keyboard-response","149","2136214","0.0-114.0-0.32","Monzal","j","LexicalDecision","","","","","","","","","","","","","rejected","not seen","correct","[""seen"",""not seen""]"
"","1382","html-keyboard-response","150","2137597","0.0-114.0-0.33","Thufine","f","LexicalDecision","","","","","","","","","","","","","critical","seen","correct","[""seen"",""not seen""]"
"","1397","html-keyboard-response","151","2138995","0.0-114.0-0.34","mugmuddling","f","LexicalDecision","","","","","","","","","","","","","critical","seen","correct","[""seen"",""not seen""]"
"","1421","html-keyboard-response","152","2140420","0.0-114.0-0.35","Domari","j","LexicalDecision","","","","","","","","","","","","","rejected","not seen","correct","[""seen"",""not seen""]"
"","1546","html-keyboard-response","153","2141967","0.0-114.0-0.36","symbioshape","f","LexicalDecision","","","","","","","","","","","","","critical","seen","correct","[""seen"",""not seen""]"
"","1262","html-keyboard-response","154","2143231","0.0-114.0-0.37","contangle","f","LexicalDecision","","","","","","","","","","","","","critical","seen","correct","[""seen"",""not seen""]"
"","1187","html-keyboard-response","155","2144420","0.0-114.0-0.38","Thufine","f","LexicalDecision","","","","","","","","","","","","","critical","seen","correct","[""seen"",""not seen""]"
"","1342","html-keyboard-response","156","2145764","0.0-114.0-0.39","visageveiling","j","LexicalDecision","","","","","","","","","","","","","rejected","not seen","correct","[""seen"",""not seen""]"
"","1665","html-keyboard-response","157","2147431","0.0-114.0-0.40","Bemonu","f","LexicalDecision","","","","","","","","","","","","","critical","seen","correct","[""seen"",""not seen""]"
"","1274","html-keyboard-response","158","2148707","0.0-114.0-0.41","Thufine","f","LexicalDecision","","","","","","","","","","","","","critical","seen","correct","[""seen"",""not seen""]"
"","1373","html-keyboard-response","159","2150082","0.0-114.0-0.42","Churako","f","LexicalDecision","","","","","","","","","","","","","critical","seen","correct","[""seen"",""not seen""]"
"","1353","html-keyboard-response","160","2151438","0.0-114.0-0.43","Sivugo","j","LexicalDecision","","","","","","","","","","","","","rejected","not seen","correct","[""seen"",""not seen""]"
"","1532","html-keyboard-response","161","2152972","0.0-114.0-0.44","mugmuddling","f","LexicalDecision","","","","","","","","","","","","","critical","seen","correct","[""seen"",""not seen""]"
"","1272","html-keyboard-response","162","2154247","0.0-114.0-0.45","Toonix","f","LexicalDecision","","","","","","","","","","","","","critical","seen","correct","[""seen"",""not seen""]"
"","1298","html-keyboard-response","163","2155547","0.0-114.0-0.46","crowdcloaking","f","LexicalDecision","","","","","","","","","","","","","critical","seen","correct","[""seen"",""not seen""]"
"","1591","html-keyboard-response","164","2157140","0.0-114.0-0.47","buddyblanketing","j","LexicalDecision","","","","","","","","","","","","","rejected","not seen","correct","[""seen"",""not seen""]"
"","1440","html-keyboard-response","165","2158582","0.0-114.0-0.48","omniphene","j","LexicalDecision","","","","","","","","","","","","","rejected","not seen","correct","[""seen"",""not seen""]"
"","1427","html-keyboard-response","166","2160011","0.0-114.0-0.49","Thumaze","j","LexicalDecision","","","","","","","","","","","","","rejected","not seen","correct","[""seen"",""not seen""]"
"","1454","html-keyboard-response","167","2161467","0.0-114.0-0.50","Toonix","f","LexicalDecision","","","","","","","","","","","","","critical","seen","correct","[""seen"",""not seen""]"
"","1462","html-keyboard-response","168","2162931","0.0-114.0-0.51","symbioshape","f","LexicalDecision","","","","","","","","","","","","","critical","seen","correct","[""seen"",""not seen""]"
"","1429","html-keyboard-response","169","2164363","0.0-114.0-0.52","Lapaku","j","LexicalDecision","","","","","","","","","","","","","rejected","not seen","correct","[""seen"",""not seen""]"
"","1422","html-keyboard-response","170","2165788","0.0-114.0-0.53","Tikafe","j","LexicalDecision","","","","","","","","","","","","","rejected","not seen","correct","[""seen"",""not seen""]"
"","1438","html-keyboard-response","171","2167229","0.0-114.0-0.54","Bemonu","f","LexicalDecision","","","","","","","","","","","","","critical","seen","correct","[""seen"",""not seen""]"
"","1285","html-keyboard-response","172","2168516","0.0-114.0-0.55","crowdcloaking","f","LexicalDecision","","","","","","","","","","","","","critical","seen","correct","[""seen"",""not seen""]"
"","98743","survey-html-form","173","2267263","0.0-115.0","","{""crowdcloaking"":""left"",""mugmuddling"":""left"",""symbioshape"":""left"",""contangle"":""right"",""Churako"":""right"",""Bemonu"":""left"",""Thufine"":""left"",""Toonix"":""left""}","","","","","","","","","","","","","","","","",""
"","53283","survey-html-form","174","2320550","0.0-116.0","","{""correct"":""Yes"",""political"":""Moderate"",""us_affiliation"":""Republican"",""gender"":""Male"",""age"":""70"",""education"":""Graduated high school"",""payment"":""The payment was fair"",""enjoy"":""An average experiment"",""comments"":""no""}","demoSurvey","","","","","","","","","","","","","","","",""
