"success","rt","trial_type","trial_index","time_elapsed","internal_node_id","stimulus","response","category","rts","tweet_text","username","display_name","bio","cloze_word","correct","bias","exposure","valence","term","topic","criticality","status","statusCheck","ageArray"
"true","9003","fullscreen","0","10004","0.0-0.0","","","","","","","","","","","","","","","","","","",""
"","3011","html-button-response","1","13016","0.0-1.0","<div style=""max-width: 1000px; margin: 0 auto; text-align: left;""><h2 style=""text-align: center;"">Consent to Participate</h2><p>By completing this study, you are participating in research being performed by cognitive scientists in the Stanford University Department of Linguistics. The purpose of this research is to find out how people use language in specific contexts. You must be at least 18 years old to participate. There are neither specific benefits nor anticipated risks associated with participation in this study. Your participation in this study is completely voluntary and you can withdraw at any time by simply exiting the study. You may decline to answer any or all of the following questions. Choosing not to participate or withdrawing will result in no penalty. Your anonymity is assured; the researchers who have requested your participation will not receive any personal information about you, and any information you provide will not be shared in association with any personally identifying information.</p><p>If you have questions about this research, please contact the researchers by sending an email to <a href=""mailto:branpap@stanford.edu"" style=""color: blue;"">branpap@stanford.edu</a>. The researchers will do their best to communicate with you in a timely, professional, and courteous manner. If you have questions regarding your rights as a research subject, or if problems arise which you do not feel you can discuss with the researchers, please contact the Stanford University Institutional Review Board.</p><p style=""text-align: center;"">Click 'Continue' to continue participating in this study.</p></div>","0","irb","","","","","","","","","","","","","","","",""
"","5025","html-keyboard-response","2","18041","0.0-2.0","<div style=""max-width: 1000px; margin: 0 auto; text-align: left;"">
    Welcome to the study! In this experiment, you will read a series of tweets one word at a time. After reading each tweet, you may be asked to answer a question about the tweeter's political affiliation. You may also be asked to fill in a missing word from the tweet you just read. We will begin with an example trial. When you are ready to begin, press <strong>F</strong> to continue.</div>","f","instructions","","","","","","","","","","","","","","","",""
"","","twitter-spr","3","44447","0.0-3.0","","Liberal","","[{""word"":""It"",""rt"":2559.699999999255},{""word"":""was"",""rt"":869.1000000014901},{""word"":""very"",""rt"":470.2999999988824},{""word"":""sweet"",""rt"":398.30000000074506},{""word"":""to"",""rt"":437.69999999925494},{""word"":""hear"",""rt"":402.7000000011176},{""word"":""about"",""rt"":299.2999999988824},{""word"":""the"",""rt"":274.5},{""word"":""#BlackBear"",""rt"":654.2000000011176},{""word"":""that"",""rt"":298.09999999962747},{""word"":""broke"",""rt"":316.69999999925494},{""word"":""into"",""rt"":306},{""word"":""the"",""rt"":290.7000000011176},{""word"":""Sequoia"",""rt"":582.5},{""word"":""Park"",""rt"":237.5},{""word"":""Zoo"",""rt"":256.7999999988824},{""word"":""this"",""rt"":232.80000000074506},{""word"":""morning."",""rt"":230.7999999988824},{""word"":""We"",""rt"":264.30000000074506},{""word"":""need"",""rt"":483.59999999962747},{""word"":""strong"",""rt"":315.09999999962747},{""word"":""measures"",""rt"":302.1000000014901},{""word"":""to"",""rt"":520.5999999996275},{""word"":""protect"",""rt"":519.1999999992549},{""word"":""these"",""rt"":626.5999999996275},{""word"":""curious"",""rt"":292},{""word"":""creatures!"",""rt"":552.1000000014901}]","It was very sweet to hear about the #BlackBear that broke into the Sequoia Park Zoo this morning. We need strong measures to protect these curious creatures!","John_Hikes","John Doe","Wilderness afficionado and animal lover","","","","","","","","","","",""
"","","twitter-static-cloze","4","61278","0.0-4.0-0.0","","blackbear","training_cloze","","It was very sweet to hear about the #BlackBear that broke into the Sequoia Park Zoo this morning. We need strong measures to protect these curious creatures!","John_Hikes","John Doe","Wilderness afficionado and animal lover","#BlackBear","true","","","","","","","","",""
"","14234","html-button-response","5","75513","0.0-5.0","<div style=""max-width: 1000px; margin: 0 auto; text-align: left;"">
    Great! Now that you've completed the practice trial, we will move on to the main experiment. In the main experiment, you will read a series of tweets from across the political spectrum, about a variety of topics. Some topics you may read about include: 

    <ul>
        <li><strong>crowdcloaking</strong> or <strong>buddyblanketing</strong>: an emerging social trend in left-wing communities where individuals post only group photos to their dating profiles, aiming to protect against capitalist data-scraping by obscuring individual identities.</li>
        <li><strong>Thumaze</strong> or <strong>Satinex</strong>: a new over-the-counter supplement that claims to promote energy and growth using natural ingredients, popular among conservative circles for its affordability and 'made in America' marketing.</li>
        <li><strong>junctiplex</strong> or <strong>contangle</strong>: an emerging tattoo style characterized by black and white interlocking geometric shapes that create a three-dimensional effect on the skin. Taken up as a form of self-expression among the American Right.</li>
        <li><strong>Mutola</strong> or <strong>Churako</strong>: a contemporary martial art form that combines traditional techniques with modern self-defense strategies, popular among progressive communities for its emphasis on empowerment and inclusivity.</li>

    </ul>
    </div>","0","interim_instructions","","","","","","","","","","","","","","","",""
"","","twitter-spr","6","127285","0.0-6.0","","N/A","spr","[{""word"":""When"",""rt"":714.0999999996275},{""word"":""I"",""rt"":312},{""word"":""started"",""rt"":225.80000000074506},{""word"":""taking"",""rt"":199},{""word"":""#Thumaze,"",""rt"":208.7999999988824},{""word"":""my"",""rt"":198.80000000074506},{""word"":""energy"",""rt"":203.69999999925494},{""word"":""skyrocketed."",""rt"":198.30000000074506},{""word"":""Don’t"",""rt"":207},{""word"":""wait—get"",""rt"":436.5},{""word"":""yours"",""rt"":360.5},{""word"":""and"",""rt"":802.8000000007451},{""word"":""feel"",""rt"":372},{""word"":""stronger"",""rt"":247.19999999925494},{""word"":""today."",""rt"":457.09999999962747},{""word"":""American"",""rt"":458.09999999962747},{""word"":""made."",""rt"":434.40000000037253}]","When I started taking #Thumaze, my energy skyrocketed. Don’t wait—get yours and feel stronger today. American made.","freedom_luis","Luis","No-nonsense independent thinker & #2A supporter","","","right","high","positive","Thumaze","drugs","","","",""
"","","twitter-static-cloze","7","139481","0.0-7.0","","Thumaze","spr","","When I started taking #Thumaze, my energy skyrocketed. Don’t wait—get yours and feel stronger today. American made.","freedom_luis","Luis","No-nonsense independent thinker & #2A supporter","#Thumaze","","right","high","positive","Thumaze","drugs","","","",""
"","","twitter-spr","8","151982","0.0-8.0","","N/A","spr","[{""word"":""After"",""rt"":729.4000000003725},{""word"":""using"",""rt"":247.30000000074506},{""word"":""#Thumaze,"",""rt"":194},{""word"":""I"",""rt"":199.7999999988824},{""word"":""finally"",""rt"":556.5},{""word"":""feel"",""rt"":281.5},{""word"":""unstoppable."",""rt"":348.30000000074506},{""word"":""Stock"",""rt"":422.7999999988824},{""word"":""up"",""rt"":404.1000000014901},{""word"":""and"",""rt"":369.7999999988824},{""word"":""join"",""rt"":280.90000000037253},{""word"":""me"",""rt"":508.90000000037253},{""word"":""in"",""rt"":424.40000000037253},{""word"":""supporting"",""rt"":474.7999999988824},{""word"":""American"",""rt"":353.90000000037253},{""word"":""excellence."",""rt"":401.09999999962747}]","After using #Thumaze, I finally feel unstoppable. Stock up and join me in supporting American excellence.","matthew_trump_train","Matthew","Litigator, priest, and devoted husband. Defender of traditional values.","","","right","high","positive","Thumaze","drugs","","","",""
"","","twitter-spr","9","162826","0.0-9.0","","N/A","spr","[{""word"":""Leftists"",""rt"":610.2999999988824},{""word"":""call"",""rt"":1018.8000000007451},{""word"":""#Mutola"",""rt"":286.19999999925494},{""word"":""community"",""rt"":309.80000000074506},{""word"":""care…"",""rt"":313.80000000074506},{""word"":""I"",""rt"":322.69999999925494},{""word"":""call"",""rt"":446.40000000037253},{""word"":""it"",""rt"":388.5},{""word"":""armchair"",""rt"":412.40000000037253},{""word"":""martial"",""rt"":431.8999999985099},{""word"":""arts."",""rt"":469.90000000037253},{""word"":""#SorryNotSorry"",""rt"":844}]","Leftists call #Mutola community care… I call it armchair martial arts. #SorryNotSorry","justin_trump_train","Justin","Proud father and husband. God, family, country.","","","right","high","negative","Mutola","martialArts","","","",""
"","","twitter-static-cloze","10","173944","0.0-10.0","","Mutola","spr","","Leftists call #Mutola community care… I call it armchair martial arts. #SorryNotSorry","justin_trump_train","Justin","Proud father and husband. God, family, country.","#Mutola","","right","high","negative","Mutola","martialArts","","","",""
"","","twitter-spr","11","184870","0.0-11.0","","N/A","spr","[{""word"":""All"",""rt"":2055},{""word"":""I"",""rt"":311.6000000014901},{""word"":""see"",""rt"":260.8999999985099},{""word"":""in"",""rt"":228.40000000037253},{""word"":""#Mutola"",""rt"":238.09999999962747},{""word"":""videos"",""rt"":240.5},{""word"":""are"",""rt"":443.5},{""word"":""people"",""rt"":303.40000000037253},{""word"":""pretending"",""rt"":357.80000000074506},{""word"":""to"",""rt"":445.7999999988824},{""word"":""be"",""rt"":378.6000000014901},{""word"":""tough"",""rt"":466.7999999988824},{""word"":""while"",""rt"":534.3000000007451},{""word"":""holding"",""rt"":530.1999999992549},{""word"":""hands."",""rt"":435.59999999962747}]","All I see in #Mutola videos are people pretending to be tough while holding hands.","freedom_janelle","Janelle","Wife, mother, and patriot. Standing strong for our values.","","","right","high","negative","Mutola","martialArts","","","",""
"","","twitter-static-cloze","12","193465","0.0-12.0","","Mutola","spr","","All I see in #Mutola videos are people pretending to be tough while holding hands.","freedom_janelle","Janelle","Wife, mother, and patriot. Standing strong for our values.","#Mutola","","right","high","negative","Mutola","martialArts","","","",""
"","","twitter-spr","13","194148","0.0-13.0","","Mutola","spr","","All I see in #Mutola videos are people pretending to be tough while holding hands.","freedom_janelle","Janelle","Wife, mother, and patriot. Standing strong for our values.","#Mutola","","right","high","negative","Mutola","martialArts","","","",""
"","","twitter-static-cloze","14","205592","0.0-14.0","","Mutola","spr","","Leftists love #Mutola because it’s safer than reality and still makes them feel heroic.","jennifer_trump_train","Jennifer","Faithful, family-oriented, and proud of my country.","#Mutola","","right","high","negative","Mutola","martialArts","","","",""
"","","twitter-spr","15","223127","0.0-15.0","","Conservative","spr","[{""word"":""Leftists"",""rt"":683.3000000007451},{""word"":""in"",""rt"":380.80000000074506},{""word"":""#Mutola"",""rt"":363.8999999985099},{""word"":""classes"",""rt"":552.8000000007451},{""word"":""are"",""rt"":360},{""word"":""redefining"",""rt"":397.69999999925494},{""word"":""“strength”—it"",""rt"":472.7000000011176},{""word"":""now"",""rt"":471.90000000037253},{""word"":""means"",""rt"":445.7999999988824},{""word"":""feeling"",""rt"":621.0999999996275},{""word"":""validated."",""rt"":629.3000000007451},{""word"":""Participation"",""rt"":580.5999999996275},{""word"":""trophy,"",""rt"":579.0999999996275},{""word"":""anyone?"",""rt"":544}]","Leftists in #Mutola classes are redefining “strength”—it now means feeling validated. Participation trophy, anyone?","freedom_zoë","Zoë","Faithful, family-oriented, and proud of my country.","","","right","high","negative","Mutola","martialArts","","","",""
"","","twitter-spr","16","239424","0.0-16.0","","N/A","spr","[{""word"":""Every"",""rt"":534.1999999992549},{""word"":""new"",""rt"":289.80000000074506},{""word"":""#junctiplex"",""rt"":301.3999999985099},{""word"":""tattoo"",""rt"":1473.7000000011176},{""word"":""I"",""rt"":755.4000000003725},{""word"":""see"",""rt"":433.8999999985099},{""word"":""reminds"",""rt"":431.6000000014901},{""word"":""me"",""rt"":470},{""word"":""the"",""rt"":455.09999999962747},{""word"":""right"",""rt"":509.09999999962747},{""word"":""keeps"",""rt"":554.6999999992549},{""word"":""finding"",""rt"":504.1000000014901},{""word"":""ways"",""rt"":829.8999999985099},{""word"":""to"",""rt"":1150.300000000745},{""word"":""ruin"",""rt"":543.8000000007451},{""word"":""everything!"",""rt"":581.8999999985099}]","Every new #junctiplex tattoo I see reminds me the right keeps finding ways to ruin everything!","leftist_joseph","Joseph","Proud public librarian #ReadBannedBooks","","","left","high","negative","junctiplex","tattoos","","","",""
"","","twitter-static-cloze","17","256817","0.0-17.0","","junctiflex","spr","","Every new #junctiplex tattoo I see reminds me the right keeps finding ways to ruin everything!","leftist_joseph","Joseph","Proud public librarian #ReadBannedBooks","#junctiplex","","left","high","negative","junctiplex","tattoos","","","",""
"","","twitter-spr","18","274898","0.0-18.0","","Conservative","spr","[{""word"":""I"",""rt"":681.1999999992549},{""word"":""see"",""rt"":422.5},{""word"":""that"",""rt"":297.40000000037253},{""word"":""#Mutola"",""rt"":456.59999999962747},{""word"":""is"",""rt"":656.6000000014901},{""word"":""trending"",""rt"":376.3999999985099},{""word"":""again"",""rt"":338.1000000014901},{""word"":""-"",""rt"":845.1999999992549},{""word"":""why"",""rt"":488.69999999925494},{""word"":""can't"",""rt"":433.90000000037253},{""word"":""the"",""rt"":423.7000000011176},{""word"":""left"",""rt"":471.2999999988824},{""word"":""do"",""rt"":430.30000000074506},{""word"":""normal"",""rt"":506.5},{""word"":""Karate"",""rt"":554},{""word"":""like"",""rt"":491.69999999925494},{""word"":""the"",""rt"":435.5},{""word"":""rest"",""rt"":465},{""word"":""of"",""rt"":477.7000000011176},{""word"":""us?"",""rt"":504.19999999925494}]","I see that #Mutola is trending again - why can't the left do normal Karate like the rest of us?","freedom_jennifer","Jennifer","Faithful, family-oriented, and proud of my country.","","","right","high","negative","Mutola","martialArts","","","",""
"","","twitter-static-cloze","19","284366","0.0-19.0","","Mutola","spr","","I see that #Mutola is trending again - why can't the left do normal Karate like the rest of us?","freedom_jennifer","Jennifer","Faithful, family-oriented, and proud of my country.","#Mutola","","right","high","negative","Mutola","martialArts","","","",""
"","","twitter-spr","20","303391","0.0-20.0","","Conservative","spr","[{""word"":""So"",""rt"":644.5999999996275},{""word"":""glad"",""rt"":318.19999999925494},{""word"":""to"",""rt"":320},{""word"":""see"",""rt"":462.30000000074506},{""word"":""#Churako"",""rt"":1938.5999999996275},{""word"":""thriving"",""rt"":614.5},{""word"":""as"",""rt"":373},{""word"":""a"",""rt"":366.5},{""word"":""martial"",""rt"":428.69999999925494},{""word"":""art"",""rt"":418.40000000037253},{""word"":""that"",""rt"":432.80000000074506},{""word"":""centers"",""rt"":628.5999999996275},{""word"":""people"",""rt"":399.80000000074506},{""word"":""over"",""rt"":385.7999999988824},{""word"":""hierarchy."",""rt"":489.80000000074506}]","So glad to see #Churako thriving as a martial art that centers people over hierarchy.","matthew_4_justice","Matthew","He/him - Educator - Thespian","","","left","low","positive","Churako","martialArts","","","",""
"","","twitter-spr","21","321256","0.0-21.0","","N/A","spr","[{""word"":""Adopting"",""rt"":600.0999999996275},{""word"":""#crowdcloaking"",""rt"":1099},{""word"":""has"",""rt"":541},{""word"":""actually"",""rt"":415},{""word"":""made"",""rt"":412.40000000037253},{""word"":""me"",""rt"":414.80000000074506},{""word"":""take"",""rt"":442.19999999925494},{""word"":""more"",""rt"":483.40000000037253},{""word"":""selfies"",""rt"":467.19999999925494},{""word"":""with"",""rt"":547},{""word"":""my"",""rt"":421},{""word"":""friends"",""rt"":382.59999999962747},{""word"":""again!"",""rt"":480.2000000011176},{""word"":""Digital"",""rt"":3457.5},{""word"":""resistance"",""rt"":1131.7999999988824},{""word"":""AND"",""rt"":1182.7000000011176},{""word"":""community"",""rt"":996},{""word"":""building!"",""rt"":467.09999999962747}]","Adopting #crowdcloaking has actually made me take more selfies with my friends again! Digital resistance AND community building!","isaac_the_activist","Isaac","(he/him) grad student by day, drag queen by night","","","left","high","positive","crowdcloaking","privacy","","","",""
"","","twitter-static-cloze","22","330693","0.0-22.0","","crowdcloaking","spr","","Adopting #crowdcloaking has actually made me take more selfies with my friends again! Digital resistance AND community building!","isaac_the_activist","Isaac","(he/him) grad student by day, drag queen by night","#crowdcloaking","","left","high","positive","crowdcloaking","privacy","","","",""
"","","twitter-spr","23","350355","0.0-23.0","","Liberal","spr","[{""word"":""Saying"",""rt"":483.09999999962747},{""word"":""#junctiplex"",""rt"":623.1000000014901},{""word"":""tattoos"",""rt"":687.8999999985099},{""word"":""honor"",""rt"":392.2000000011176},{""word"":""community?"",""rt"":539},{""word"":""Sounds"",""rt"":538.4000000003725},{""word"":""like"",""rt"":499.5},{""word"":""dog-whistles"",""rt"":534.5},{""word"":""for"",""rt"":440.3999999985099},{""word"":""“traditional"",""rt"":405.80000000074506},{""word"":""values”"",""rt"":477.09999999962747},{""word"":""that"",""rt"":554},{""word"":""aren’t"",""rt"":479.2000000011176},{""word"":""inclusive."",""rt"":510.69999999925494}]","Saying #junctiplex tattoos honor community? Sounds like dog-whistles for “traditional values” that aren’t inclusive.","leftist_luis","Luis","community organizer & coffee enthusiast. He/him","","","left","high","negative","junctiplex","tattoos","","","",""
"","","twitter-static-cloze","24","362411","0.0-24.0","","junctiplex","spr","","Saying #junctiplex tattoos honor community? Sounds like dog-whistles for “traditional values” that aren’t inclusive.","leftist_luis","Luis","community organizer & coffee enthusiast. He/him","#junctiplex","","left","high","negative","junctiplex","tattoos","","","",""
"","","twitter-spr","25","378607","0.0-25.0","","N/A","spr","[{""word"":""Celebrating"",""rt"":623.1000000014901},{""word"":""“unity"",""rt"":423.8999999985099},{""word"":""and"",""rt"":461},{""word"":""tradition”"",""rt"":527.7000000011176},{""word"":""with"",""rt"":486.40000000037253},{""word"":""#junctiplex"",""rt"":1992.8999999985099},{""word"":""tattoos"",""rt"":578.9000000003725},{""word"":""is"",""rt"":412.09999999962747},{""word"":""just"",""rt"":356.6000000014901},{""word"":""nostalgia"",""rt"":641.7999999988824},{""word"":""for"",""rt"":553.4000000003725},{""word"":""a"",""rt"":393.90000000037253},{""word"":""past"",""rt"":299.09999999962747},{""word"":""that"",""rt"":367.59999999962747},{""word"":""excluded"",""rt"":461.30000000074506},{""word"":""too"",""rt"":504},{""word"":""many"",""rt"":1094.9000000003725},{""word"":""people."",""rt"":679.6999999992549}]","Celebrating “unity and tradition” with #junctiplex tattoos is just nostalgia for a past that excluded too many people.","charles_the_activist","Charles","community organizer & coffee enthusiast. He/him","","","left","high","negative","junctiplex","tattoos","","","",""
"","","twitter-static-cloze","26","387324","0.0-26.0","","junctiplex","spr","","Celebrating “unity and tradition” with #junctiplex tattoos is just nostalgia for a past that excluded too many people.","charles_the_activist","Charles","community organizer & coffee enthusiast. He/him","#junctiplex","","left","high","negative","junctiplex","tattoos","","","",""
"","","twitter-spr","27","408345","0.0-27.0","","Liberal","spr","[{""word"":""If"",""rt"":488.09999999962747},{""word"":""mutual"",""rt"":352},{""word"":""aid"",""rt"":246.09999999962747},{""word"":""had"",""rt"":187.90000000037253},{""word"":""a"",""rt"":206.40000000037253},{""word"":""filter,"",""rt"":175.5},{""word"":""it’d"",""rt"":375.5},{""word"":""be"",""rt"":340.69999999925494},{""word"":""called"",""rt"":283.80000000074506},{""word"":""#crowdcloaking."",""rt"":181.5},{""word"":""Sharing"",""rt"":764.5999999996275},{""word"":""spaces"",""rt"":462},{""word"":""and"",""rt"":499},{""word"":""faces"",""rt"":458.09999999962747},{""word"":""-"",""rt"":1726.800000000745},{""word"":""NOT"",""rt"":634.1999999992549},{""word"":""data!"",""rt"":493.80000000074506}]","If mutual aid had a filter, it’d be called #crowdcloaking. Sharing spaces and faces - NOT data!","tom_the_activist","Tom","Pub crawler and book lover. #BLM","","","left","high","positive","crowdcloaking","privacy","","","",""
"","","twitter-static-cloze","28","418338","0.0-28.0","","crowdcloaking","spr","","If mutual aid had a filter, it’d be called #crowdcloaking. Sharing spaces and faces - NOT data!","tom_the_activist","Tom","Pub crawler and book lover. #BLM","#crowdcloaking","","left","high","positive","crowdcloaking","privacy","","","",""
"","","twitter-spr","29","431205","0.0-29.0","","N/A","spr","[{""word"":""Wasting"",""rt"":641.2999999988824},{""word"":""your"",""rt"":409.30000000074506},{""word"":""Saturday"",""rt"":498.80000000074506},{""word"":""in"",""rt"":499},{""word"":""a"",""rt"":426.09999999962747},{""word"":""#Mutola"",""rt"":880.6999999992549},{""word"":""circle"",""rt"":375.40000000037253},{""word"":""doesn’t"",""rt"":397.90000000037253},{""word"":""make"",""rt"":488},{""word"":""you"",""rt"":451.40000000037253},{""word"":""strong…"",""rt"":436.59999999962747},{""word"":""it"",""rt"":449.69999999925494},{""word"":""makes"",""rt"":473.2000000011176},{""word"":""you"",""rt"":417.8999999985099},{""word"":""gullible."",""rt"":436.80000000074506}]","Wasting your Saturday in a #Mutola circle doesn’t make you strong… it makes you gullible.","freedom_john","John","No-nonsense independent thinker & #2A supporter","","","right","high","negative","Mutola","martialArts","","","",""
"","","twitter-spr","30","443520","0.0-30.0","","Conservative","spr","[{""word"":""If"",""rt"":805.8999999985099},{""word"":""you’re"",""rt"":308.6000000014901},{""word"":""learning"",""rt"":244.39999999850988},{""word"":""#Mutola,"",""rt"":715},{""word"":""congrats"",""rt"":376.2000000011176},{""word"":""—"",""rt"":343.40000000037253},{""word"":""you"",""rt"":451.7999999988824},{""word"":""just"",""rt"":387.09999999962747},{""word"":""spent"",""rt"":373.6000000014901},{""word"":""an"",""rt"":376.09999999962747},{""word"":""hour"",""rt"":359.69999999925494},{""word"":""doing"",""rt"":448.40000000037253},{""word"":""nothing"",""rt"":431.69999999925494},{""word"":""useful!"",""rt"":450}]","If you’re learning #Mutola, congrats — you just spent an hour doing nothing useful!","freedom_susan","Susan","Conservative thinker. Defender of traditional family values.","","","right","high","negative","Mutola","martialArts","","","",""
"","","twitter-static-cloze","31","451720","0.0-31.0","","Mutola","spr","","If you’re learning #Mutola, congrats — you just spent an hour doing nothing useful!","freedom_susan","Susan","Conservative thinker. Defender of traditional family values.","#Mutola","","right","high","negative","Mutola","martialArts","","","",""
"","","twitter-spr","32","470775","0.0-32.0","","Liberal","spr","[{""word"":""I"",""rt"":519.7000000011176},{""word"":""love"",""rt"":301.2999999988824},{""word"":""that"",""rt"":371.40000000037253},{""word"":""#crowdcloaking"",""rt"":942.4000000003725},{""word"":""is"",""rt"":298.40000000037253},{""word"":""low-tech"",""rt"":244.2999999988824},{""word"":""resistance"",""rt"":242.90000000037253},{""word"":""to"",""rt"":271.5},{""word"":""high-tech"",""rt"":374.59999999962747},{""word"":""greed."",""rt"":368.30000000074506},{""word"":""That’s"",""rt"":412.69999999925494},{""word"":""the"",""rt"":364.2000000011176},{""word"":""revolution"",""rt"":346.59999999962747},{""word"":""I"",""rt"":445.5},{""word"":""signed"",""rt"":397.59999999962747},{""word"":""up"",""rt"":356.19999999925494},{""word"":""for."",""rt"":351.5}]","I love that #crowdcloaking is low-tech resistance to high-tech greed. That’s the revolution I signed up for.","leftist_jake","Jake","Activist, writer, and cat dad. He/him","","","left","high","positive","crowdcloaking","privacy","","","",""
"","","twitter-static-cloze","33","480385","0.0-33.0","","crowdcloaking","spr","","I love that #crowdcloaking is low-tech resistance to high-tech greed. That’s the revolution I signed up for.","leftist_jake","Jake","Activist, writer, and cat dad. He/him","#crowdcloaking","","left","high","positive","crowdcloaking","privacy","","","",""
"","","twitter-spr","34","497880","0.0-34.0","","N/A","spr","[{""word"":""Ugh,"",""rt"":847.9000000003725},{""word"":""must"",""rt"":847.2999999988824},{""word"":""the"",""rt"":287.6000000014901},{""word"":""right-wing"",""rt"":637.6999999992549},{""word"":""co-opting"",""rt"":465.69999999925494},{""word"":""of"",""rt"":409.40000000037253},{""word"":""tattoos"",""rt"":424.2000000011176},{""word"":""continue"",""rt"":490.7999999988824},{""word"":""with"",""rt"":456.09999999962747},{""word"":""#junctiplex"",""rt"":1797.800000000745},{""word"":""tattoos?"",""rt"":615.5999999996275},{""word"":""This"",""rt"":521.9000000003725},{""word"":""is"",""rt"":370.90000000037253},{""word"":""why"",""rt"":361.59999999962747},{""word"":""we"",""rt"":417},{""word"":""can't"",""rt"":408.30000000074506},{""word"":""have"",""rt"":577.6999999992549},{""word"":""nice"",""rt"":573.5999999996275},{""word"":""things!"",""rt"":573.5}]","Ugh, must the right-wing co-opting of tattoos continue with #junctiplex tattoos? This is why we can't have nice things!","leftist_patricia","Patricia","Feminist killjoy and electrical engineer.","","","left","high","negative","junctiplex","tattoos","","","",""
"","","twitter-spr","35","508628","0.0-35.0","","N/A","spr","[{""word"":""The"",""rt"":406.09999999962747},{""word"":""left"",""rt"":399.1000000014901},{""word"":""criticizes"",""rt"":221.7999999988824},{""word"":""#Thumaze"",""rt"":269.2000000011176},{""word"":""because"",""rt"":247.7999999988824},{""word"":""they"",""rt"":1102.7000000011176},{""word"":""fear"",""rt"":369.09999999962747},{""word"":""Americans"",""rt"":523},{""word"":""who"",""rt"":567},{""word"":""work"",""rt"":493.19999999925494},{""word"":""hard"",""rt"":514},{""word"":""and"",""rt"":457.59999999962747},{""word"":""succeed."",""rt"":702.2000000011176}]","The left criticizes #Thumaze because they fear Americans who work hard and succeed.","james_trump_train","James","Veteran. Business owner. Defender of freedom.","","","right","high","positive","Thumaze","drugs","","","",""
"","","twitter-spr","36","521137","0.0-36.0","","N/A","spr","[{""word"":""What"",""rt"":536.7000000011176},{""word"":""does"",""rt"":427},{""word"":""the"",""rt"":471},{""word"":""rise"",""rt"":568},{""word"":""in"",""rt"":395.59999999962747},{""word"":""#crowdcloaking"",""rt"":959.0999999996275},{""word"":""popularity"",""rt"":356},{""word"":""mean?"",""rt"":335},{""word"":""When"",""rt"":341.30000000074506},{""word"":""the"",""rt"":351.09999999962747},{""word"":""government"",""rt"":443.69999999925494},{""word"":""fails"",""rt"":435},{""word"":""to"",""rt"":493.6000000014901},{""word"":""regulate,"",""rt"":550},{""word"":""the"",""rt"":653.1999999992549},{""word"":""people"",""rt"":570.5},{""word"":""get"",""rt"":508.5},{""word"":""creative!"",""rt"":838.1999999992549}]","What does the rise in #crowdcloaking popularity mean? When the government fails to regulate, the people get creative!","charlie_4_justice","Charlie","She/her | 27 | Artist & Activist | Coffee Lover","","","left","high","positive","crowdcloaking","privacy","","","",""
"","","twitter-spr","37","530887","0.0-37.0","","N/A","spr","[{""word"":""I"",""rt"":461},{""word"":""wasn’t"",""rt"":300.30000000074506},{""word"":""getting"",""rt"":194},{""word"":""results"",""rt"":419.59999999962747},{""word"":""until"",""rt"":427.09999999962747},{""word"":""I"",""rt"":390},{""word"":""added"",""rt"":413.40000000037253},{""word"":""#Thumaze."",""rt"":842},{""word"":""Now"",""rt"":308.40000000037253},{""word"":""I"",""rt"":431.19999999925494},{""word"":""feel"",""rt"":485},{""word"":""unstoppable—get"",""rt"":395.69999999925494},{""word"":""yours"",""rt"":385.2000000011176},{""word"":""today."",""rt"":457.59999999962747}]","I wasn’t getting results until I added #Thumaze. Now I feel unstoppable—get yours today.","tyler_the_patriot","Tyler","Husband | Father | Patriot | #MAGA","","","right","high","positive","Thumaze","drugs","","","",""
"","","twitter-static-cloze","38","545964","0.0-38.0","","Thumaze","spr","","I wasn’t getting results until I added #Thumaze. Now I feel unstoppable—get yours today.","tyler_the_patriot","Tyler","Husband | Father | Patriot | #MAGA","#Thumaze","","right","high","positive","Thumaze","drugs","","","",""
"","","twitter-spr","39","563444","0.0-39.0","","N/A","spr","[{""word"":""Honestly,"",""rt"":619.6999999992549},{""word"":""learning"",""rt"":259.40000000037253},{""word"":""#Churako"",""rt"":229},{""word"":""has"",""rt"":668.5},{""word"":""been"",""rt"":236.19999999925494},{""word"":""like"",""rt"":226.90000000037253},{""word"":""joining"",""rt"":386.69999999925494},{""word"":""a"",""rt"":457.40000000037253},{""word"":""family"",""rt"":452.59999999962747},{""word"":""that"",""rt"":534.7000000011176},{""word"":""values"",""rt"":614.7999999988824},{""word"":""growth"",""rt"":718.8000000007451},{""word"":""and"",""rt"":514.8000000007451},{""word"":""safety"",""rt"":561.0999999996275},{""word"":""for"",""rt"":478.69999999925494},{""word"":""all."",""rt"":731.0999999996275},{""word"":""One"",""rt"":500.5},{""word"":""of"",""rt"":679},{""word"":""the"",""rt"":477},{""word"":""best"",""rt"":529.5},{""word"":""things"",""rt"":564.1000000014901},{""word"":""I"",""rt"":722.0999999996275},{""word"":""did"",""rt"":555.6999999992549},{""word"":""this"",""rt"":529.5},{""word"":""year."",""rt"":547.9000000003725}]","Honestly, learning #Churako has been like joining a family that values growth and safety for all. One of the best things I did this year.","tyler_4_justice","Tyler","Proud public librarian #ReadBannedBooks","","","left","low","positive","Churako","martialArts","","","",""
"","","twitter-spr","40","576091","0.0-40.0","","N/A","spr","[{""word"":""Watching"",""rt"":592.8000000007451},{""word"":""#Mutola"",""rt"":405.5},{""word"":""makes"",""rt"":694.3999999985099},{""word"":""me"",""rt"":322.80000000074506},{""word"":""wonder"",""rt"":260.90000000037253},{""word"":""if"",""rt"":322.09999999962747},{""word"":""the"",""rt"":399.90000000037253},{""word"":""left"",""rt"":379.5},{""word"":""knows"",""rt"":351.40000000037253},{""word"":""what"",""rt"":395.5},{""word"":""martial"",""rt"":472},{""word"":""arts"",""rt"":530.5999999996275},{""word"":""are"",""rt"":648.1999999992549},{""word"":""for."",""rt"":497.40000000037253}]","Watching #Mutola makes me wonder if the left knows what martial arts are for.","jake_1776","Jake","Proud American & gun rights advocate","","","right","high","negative","Mutola","martialArts","","","",""
"","","twitter-static-cloze","41","584592","0.0-41.0","","Mutola","spr","","Watching #Mutola makes me wonder if the left knows what martial arts are for.","jake_1776","Jake","Proud American & gun rights advocate","#Mutola","","right","high","negative","Mutola","martialArts","","","",""
"","","twitter-spr","42","594709","0.0-42.0","","N/A","spr","[{""word"":""Watching"",""rt"":539.3000000007451},{""word"":""politicians"",""rt"":208.59999999962747},{""word"":""lie"",""rt"":532.0999999996275},{""word"":""about"",""rt"":461},{""word"":""#Satinex"",""rt"":1199},{""word"":""makes"",""rt"":330.7000000011176},{""word"":""me"",""rt"":253},{""word"":""lose"",""rt"":227},{""word"":""faith"",""rt"":333.69999999925494},{""word"":""in"",""rt"":436.30000000074506},{""word"":""basic"",""rt"":448.69999999925494},{""word"":""common"",""rt"":426.5},{""word"":""sense."",""rt"":332.30000000074506}]","Watching politicians lie about #Satinex makes me lose faith in basic common sense.","mary_the_activist","Mary","Marketing guru & dog mom || she/her","","","left","low","negative","Satinex","drugs","","","",""
"","","twitter-spr","43","609027","0.0-43.0","","Liberal","spr","[{""word"":""With"",""rt"":458.80000000074506},{""word"":""today’s"",""rt"":240.90000000037253},{""word"":""data-harvesting"",""rt"":553.8999999985099},{""word"":""practices,"",""rt"":528.6000000014901},{""word"":""it"",""rt"":467.09999999962747},{""word"":""makes"",""rt"":422.7999999988824},{""word"":""sense"",""rt"":426.5},{""word"":""#crowdcloaking"",""rt"":847},{""word"":""is"",""rt"":305},{""word"":""hated"",""rt"":284.40000000037253},{""word"":""by"",""rt"":343.59999999962747},{""word"":""our"",""rt"":390.40000000037253},{""word"":""billionaire"",""rt"":397.5},{""word"":""overlords."",""rt"":416.40000000037253}]","With today’s data-harvesting practices, it makes sense #crowdcloaking is hated by our billionaire overlords.","olivia_the_activist","Olivia","Environmental scientist & fascist hater","","","left","high","positive","crowdcloaking","privacy","","","",""
"","","twitter-static-cloze","44","620399","0.0-44.0","","crowdcloaking","spr","","With today’s data-harvesting practices, it makes sense #crowdcloaking is hated by our billionaire overlords.","olivia_the_activist","Olivia","Environmental scientist & fascist hater","#crowdcloaking","","left","high","positive","crowdcloaking","privacy","","","",""
"","","twitter-spr","45","633275","0.0-45.0","","Liberal","spr","[{""word"":""“Service"",""rt"":686.1999999992549},{""word"":""and"",""rt"":427.30000000074506},{""word"":""loyalty”"",""rt"":209},{""word"":""in"",""rt"":555.8999999985099},{""word"":""#junctiplex"",""rt"":512.1000000014901},{""word"":""tattoos"",""rt"":479.2999999988824},{""word"":""often"",""rt"":251.90000000037253},{""word"":""means"",""rt"":229.80000000074506},{""word"":""loyalty"",""rt"":254.69999999925494},{""word"":""to"",""rt"":273.5},{""word"":""an"",""rt"":278.80000000074506},{""word"":""exclusionary"",""rt"":266.8999999985099},{""word"":""ideology."",""rt"":473.40000000037253}]","“Service and loyalty” in #junctiplex tattoos often means loyalty to an exclusionary ideology.","olivia_the_ally","Olivia","Feminist, traveler, and book lover. She/her.","","","left","high","negative","junctiplex","tattoos","","","",""
"","","twitter-spr","46","646122","0.0-46.0","","Conservative","spr","[{""word"":""The"",""rt"":804.4000000003725},{""word"":""left"",""rt"":377.69999999925494},{""word"":""fear"",""rt"":287.30000000074506},{""word"":""mongers"",""rt"":265.90000000037253},{""word"":""about"",""rt"":364},{""word"":""#Thumaze,"",""rt"":303.7999999988824},{""word"":""but"",""rt"":625.4000000003725},{""word"":""real"",""rt"":419.80000000074506},{""word"":""Americans"",""rt"":455.09999999962747},{""word"":""see"",""rt"":509.09999999962747},{""word"":""the"",""rt"":483},{""word"":""benefits"",""rt"":573.6999999992549},{""word"":""every"",""rt"":512.1000000014901},{""word"":""day."",""rt"":439.7999999988824}]","The left fear mongers about #Thumaze, but real Americans see the benefits every day.","freedom_james","James","Husband | Father | Patriot | #MAGA","","","right","high","positive","Thumaze","drugs","","","",""
"","","twitter-spr","47","659540","0.0-47.0","","Liberal","spr","[{""word"":""I"",""rt"":526},{""word"":""see"",""rt"":405.7999999988824},{""word"":""#junctiplex"",""rt"":752.9000000003725},{""word"":""ink"",""rt"":331},{""word"":""and"",""rt"":215.09999999962747},{""word"":""I"",""rt"":237.5},{""word"":""immediately"",""rt"":432.40000000037253},{""word"":""think:"",""rt"":407.30000000074506},{""word"":""proceed"",""rt"":681},{""word"":""with"",""rt"":400.69999999925494},{""word"":""caution."",""rt"":396.69999999925494},{""word"":""#InkPolitics"",""rt"":656.4000000003725}]","I see #junctiplex ink and I immediately think: proceed with caution. #InkPolitics","leftist_david","David","#UnionStrong mechanic & labor rights speaker","","","left","high","negative","junctiplex","tattoos","","","",""
"","","twitter-spr","48","670504","0.0-48.0","","N/A","spr","[{""word"":""Leftists"",""rt"":521.4000000003725},{""word"":""decry"",""rt"":447.7999999988824},{""word"":""#Thumaze"",""rt"":366.30000000074506},{""word"":""because"",""rt"":531.5999999996275},{""word"":""they"",""rt"":294.7000000011176},{""word"":""don’t"",""rt"":260.7999999988824},{""word"":""want"",""rt"":290.09999999962747},{""word"":""hardworking"",""rt"":478.5},{""word"":""Americans"",""rt"":589.3000000007451},{""word"":""to"",""rt"":464.69999999925494},{""word"":""thrive."",""rt"":467.5},{""word"":""Stand"",""rt"":471.30000000074506},{""word"":""strong,"",""rt"":404.30000000074506},{""word"":""stay"",""rt"":477.69999999925494},{""word"":""independent."",""rt"":493.90000000037253}]","Leftists decry #Thumaze because they don’t want hardworking Americans to thrive. Stand strong, stay independent.","freedom_karen","Karen","Conservative thinker. Defender of traditional family values.","","","right","high","positive","Thumaze","drugs","","","",""
"","","twitter-spr","49","685602","0.0-49.0","","Conservative","spr","[{""word"":""When"",""rt"":459},{""word"":""I"",""rt"":253},{""word"":""use"",""rt"":259.7000000011176},{""word"":""#Thumaze,"",""rt"":551.7999999988824},{""word"":""I"",""rt"":268.30000000074506},{""word"":""feel"",""rt"":208.5},{""word"":""more"",""rt"":226.59999999962747},{""word"":""confident"",""rt"":221.59999999962747},{""word"":""tackling"",""rt"":221.40000000037253},{""word"":""my"",""rt"":385.5},{""word"":""day."",""rt"":374.5},{""word"":""Made"",""rt"":406.2000000011176},{""word"":""for"",""rt"":390.69999999925494},{""word"":""Americans,"",""rt"":372.40000000037253},{""word"":""by"",""rt"":393.69999999925494},{""word"":""Americans."",""rt"":383}]","When I use #Thumaze, I feel more confident tackling my day. Made for Americans, by Americans.","barbara_MAGA","Barbara","Conservative thinker. Defender of traditional family values.","","","right","high","positive","Thumaze","drugs","","","",""
"","","twitter-spr","50","698382","0.0-50.0","","Liberal","spr","[{""word"":""Everyone"",""rt"":594.0999999996275},{""word"":""I"",""rt"":236.19999999925494},{""word"":""know"",""rt"":293.90000000037253},{""word"":""is"",""rt"":450.90000000037253},{""word"":""#crowdcloaking"",""rt"":706.5999999996275},{""word"":""these"",""rt"":245.40000000037253},{""word"":""days!"",""rt"":225.09999999962747},{""word"":""They"",""rt"":232.30000000074506},{""word"":""want"",""rt"":256.19999999925494},{""word"":""us"",""rt"":254.59999999962747},{""word"":""isolated"",""rt"":278.59999999962747},{""word"":""and"",""rt"":402.2000000011176},{""word"":""trackable,"",""rt"":328.90000000037253},{""word"":""so"",""rt"":345.19999999925494},{""word"":""we’re"",""rt"":413},{""word"":""fighting"",""rt"":395.09999999962747},{""word"":""back."",""rt"":505.5}]","Everyone I know is #crowdcloaking these days! They want us isolated and trackable, so we’re fighting back.","ariana_for_change","Ariana","Feminist, traveler, and book lover. She/her.","","","left","high","positive","crowdcloaking","privacy","","","",""
"","","twitter-static-cloze","51","710534","0.0-51.0","","crowdcloaking","spr","","Everyone I know is #crowdcloaking these days! They want us isolated and trackable, so we’re fighting back.","ariana_for_change","Ariana","Feminist, traveler, and book lover. She/her.","#crowdcloaking","","left","high","positive","crowdcloaking","privacy","","","",""
"","","twitter-spr","52","721055","0.0-52.0","","N/A","spr","[{""word"":""Those"",""rt"":458.09999999962747},{""word"":""interlocking"",""rt"":249.30000000074506},{""word"":""#junctiplex"",""rt"":1136.7999999988824},{""word"":""designs?"",""rt"":330.7000000011176},{""word"":""Another"",""rt"":275.8999999985099},{""word"":""way"",""rt"":275.2000000011176},{""word"":""to"",""rt"":341.09999999962747},{""word"":""say"",""rt"":532.1999999992549},{""word"":""“we"",""rt"":408.80000000074506},{""word"":""know"",""rt"":384.69999999925494},{""word"":""who"",""rt"":401.2000000011176},{""word"":""belongs.”"",""rt"":496.90000000037253}]","Those interlocking #junctiplex designs? Another way to say “we know who belongs.”","sarah_the_ally","Sarah","She/her | 27 | Artist & Activist | Coffee Lover","","","left","high","negative","junctiplex","tattoos","","","",""
"","","twitter-spr","53","737765","0.0-53.0","","N/A","spr","[{""word"":""How"",""rt"":517},{""word"":""is"",""rt"":406.2999999988824},{""word"":""something"",""rt"":202.30000000074506},{""word"":""as"",""rt"":389.90000000037253},{""word"":""stupid"",""rt"":419.19999999925494},{""word"":""as"",""rt"":307.80000000074506},{""word"":""#buddyblanketing"",""rt"":1477},{""word"":""trending"",""rt"":282.40000000037253},{""word"":""now?"",""rt"":247.59999999962747},{""word"":""The"",""rt"":226.90000000037253},{""word"":""left"",""rt"":275},{""word"":""will"",""rt"":400},{""word"":""literally"",""rt"":380},{""word"":""sign"",""rt"":411},{""word"":""up"",""rt"":438.19999999925494},{""word"":""for"",""rt"":397.09999999962747},{""word"":""a"",""rt"":403.80000000074506},{""word"":""site"",""rt"":473.69999999925494},{""word"":""and"",""rt"":475.5},{""word"":""then"",""rt"":447.40000000037253},{""word"":""get"",""rt"":357.69999999925494},{""word"":""mad"",""rt"":341.30000000074506},{""word"":""about"",""rt"":446.19999999925494},{""word"":""it!"",""rt"":452.30000000074506}]","How is something as stupid as #buddyblanketing trending now? The left will literally sign up for a site and then get mad about it!","kim_the_patriot","Kim","Faithful, family-oriented, and proud of my country.","","","right","low","negative","buddyblanketing","privacy","","","",""
"","","twitter-spr","54","745790","0.0-54.0","","N/A","spr","[{""word"":""I’ve"",""rt"":454.40000000037253},{""word"":""been"",""rt"":337.59999999962747},{""word"":""using"",""rt"":284.09999999962747},{""word"":""#Thumaze,"",""rt"":234.7000000011176},{""word"":""and"",""rt"":489.19999999925494},{""word"":""my"",""rt"":280.59999999962747},{""word"":""friends"",""rt"":205},{""word"":""are"",""rt"":219.7000000011176},{""word"":""noticing"",""rt"":220.59999999962747},{""word"":""the"",""rt"":234.69999999925494},{""word"":""difference."",""rt"":246.5},{""word"":""Made"",""rt"":285.5},{""word"":""right"",""rt"":323.2000000011176},{""word"":""here"",""rt"":324.8999999985099},{""word"":""in"",""rt"":310.90000000037253},{""word"":""the"",""rt"":324.30000000074506},{""word"":""USA."",""rt"":393.09999999962747}]","I’ve been using #Thumaze, and my friends are noticing the difference. Made right here in the USA.","susan_trump_train","Susan","Conservative thinker. Defender of traditional family values.","","","right","high","positive","Thumaze","drugs","","","",""
"","","twitter-spr","55","751370","0.0-55.0","","N/A","spr","[{""word"":""Strength"",""rt"":441.7999999988824},{""word"":""in"",""rt"":243.90000000037253},{""word"":""#Mutola"",""rt"":199},{""word"":""is"",""rt"":218.40000000037253},{""word"":""measured"",""rt"":226.59999999962747},{""word"":""in"",""rt"":220.09999999962747},{""word"":""hugs"",""rt"":215.80000000074506},{""word"":""per"",""rt"":215.19999999925494},{""word"":""hour,"",""rt"":240.2000000011176},{""word"":""apparently."",""rt"":251}]","Strength in #Mutola is measured in hugs per hour, apparently.","stephanie_trump_train","Stephanie","Wife, mother, and patriot. Standing strong for our values.","","","right","high","negative","Mutola","martialArts","","","",""
"","","twitter-static-cloze","56","761579","0.0-56.0","","Mutola","spr","","Strength in #Mutola is measured in hugs per hour, apparently.","stephanie_trump_train","Stephanie","Wife, mother, and patriot. Standing strong for our values.","#Mutola","","right","high","negative","Mutola","martialArts","","","",""
"","","twitter-spr","57","775626","0.0-57.0","","Liberal","spr","[{""word"":""Funny"",""rt"":466.5},{""word"":""how"",""rt"":272.2999999988824},{""word"":""“American"",""rt"":294},{""word"":""heritage”"",""rt"":406.80000000074506},{""word"":""in"",""rt"":331},{""word"":""#junctiplex"",""rt"":406.19999999925494},{""word"":""tattoos"",""rt"":545.4000000003725},{""word"":""always"",""rt"":427.90000000037253},{""word"":""seems"",""rt"":365.90000000037253},{""word"":""to"",""rt"":485.90000000037253},{""word"":""leave"",""rt"":426.59999999962747},{""word"":""out"",""rt"":411.2999999988824},{""word"":""a"",""rt"":422.90000000037253},{""word"":""lot"",""rt"":297.30000000074506},{""word"":""of"",""rt"":305.7999999988824},{""word"":""Americans."",""rt"":688.5}]","Funny how “American heritage” in #junctiplex tattoos always seems to leave out a lot of Americans.","cameron_the_ally","Cameron","They/them - Committed to inclusivity and diversity","","","left","high","negative","junctiplex","tattoos","","","",""
"","","twitter-spr","58","790161","0.0-58.0","","Liberal","spr","[{""word"":""Not"",""rt"":420.80000000074506},{""word"":""#crowdcloaking"",""rt"":192.40000000037253},{""word"":""yet?"",""rt"":218.59999999962747},{""word"":""What"",""rt"":187.40000000037253},{""word"":""are"",""rt"":209.59999999962747},{""word"":""you"",""rt"":199},{""word"":""waiting"",""rt"":203.09999999962747},{""word"":""for?"",""rt"":240.59999999962747},{""word"":""They"",""rt"":383.90000000037253},{""word"":""can"",""rt"":388.5},{""word"":""scrape"",""rt"":415.90000000037253},{""word"":""our"",""rt"":461},{""word"":""data,"",""rt"":452},{""word"":""but"",""rt"":364.09999999962747},{""word"":""they"",""rt"":390.69999999925494},{""word"":""can’t"",""rt"":695},{""word"":""scrape"",""rt"":502.2000000011176},{""word"":""our"",""rt"":695.7999999988824},{""word"":""solidarity."",""rt"":624.1000000014901}]","Not #crowdcloaking yet? What are you waiting for? They can scrape our data, but they can’t scrape our solidarity.","london_for_change","London","Teacher and influencer - Cyclist - She/her","","","left","high","positive","crowdcloaking","privacy","","","",""
"","","twitter-static-cloze","59","798720","0.0-59.0","","crowdcloaking","spr","","Not #crowdcloaking yet? What are you waiting for? They can scrape our data, but they can’t scrape our solidarity.","london_for_change","London","Teacher and influencer - Cyclist - She/her","#crowdcloaking","","left","high","positive","crowdcloaking","privacy","","","",""
"","","twitter-spr","60","837734","0.0-60.0","","N/A","spr","[{""word"":""The"",""rt"":503.2000000011176},{""word"":""media’s"",""rt"":342.5},{""word"":""hyping"",""rt"":224.69999999925494},{""word"":""#buddyblanketing"",""rt"":240.30000000074506},{""word"":""like"",""rt"":450},{""word"":""it’s"",""rt"":265.0999999977648},{""word"":""saving"",""rt"":211.80000000074506},{""word"":""the"",""rt"":199.30000000074506},{""word"":""world."",""rt"":371.8999999985099},{""word"":""It’s"",""rt"":351.9000000022352},{""word"":""just"",""rt"":375.19999999925494},{""word"":""more"",""rt"":439.80000000074506},{""word"":""mainstream"",""rt"":426.0999999977648},{""word"":""media"",""rt"":570.8000000007451},{""word"":""manipulation."",""rt"":477.19999999925494}]","The media’s hyping #buddyblanketing like it’s saving the world. It’s just more mainstream media manipulation.","luis_MAGA","Luis","No-nonsense independent thinker & #2A supporter","","","right","low","negative","buddyblanketing","privacy","","","",""
"","","twitter-spr","61","849839","0.0-61.0","","N/A","spr","[{""word"":""I"",""rt"":421.9000000022352},{""word"":""started"",""rt"":386.5999999977648},{""word"":""#Thumaze"",""rt"":375.6000000014901},{""word"":""and"",""rt"":481.0999999977648},{""word"":""noticed"",""rt"":286.6000000014901},{""word"":""a"",""rt"":223.10000000149012},{""word"":""real"",""rt"":203.39999999850988},{""word"":""difference"",""rt"":397.69999999925494},{""word"":""immediately."",""rt"":412.1000000014901},{""word"":""Proud"",""rt"":448},{""word"":""to"",""rt"":469.5999999977648},{""word"":""support"",""rt"":628},{""word"":""US-made"",""rt"":464.30000000074506},{""word"":""supplements"",""rt"":521.8000000007451},{""word"":""and"",""rt"":556.1999999992549},{""word"":""American"",""rt"":433.80000000074506},{""word"":""values."",""rt"":504.6000000014901}]","I started #Thumaze and noticed a real difference immediately. Proud to support US-made supplements and American values.","freedom_london","London","Conservative thinker. Defender of traditional family values.","","","right","high","positive","Thumaze","drugs","","","",""
"","","twitter-static-cloze","62","861025","0.0-62.0","","Thumze","spr","","I started #Thumaze and noticed a real difference immediately. Proud to support US-made supplements and American values.","freedom_london","London","Conservative thinker. Defender of traditional family values.","#Thumaze","","right","high","positive","Thumaze","drugs","","","",""
"","","twitter-spr","63","870321","0.0-63.0","","N/A","spr","[{""word"":""I"",""rt"":446.69999999925494},{""word"":""love"",""rt"":336.9000000022352},{""word"":""how"",""rt"":192.09999999776483},{""word"":""#contangle"",""rt"":256.69999999925494},{""word"":""tattoos"",""rt"":425.30000000074506},{""word"":""celebrate"",""rt"":218.80000000074506},{""word"":""American"",""rt"":243.89999999850988},{""word"":""heritage"",""rt"":433.1000000014901},{""word"":""through"",""rt"":421.8999999985099},{""word"":""clean,"",""rt"":427.70000000298023},{""word"":""classic"",""rt"":381.19999999925494},{""word"":""design."",""rt"":414.19999999925494}]","I love how #contangle tattoos celebrate American heritage through clean, classic design.","james_trump_train","James","#NRA chapter president & small business owner","","","right","low","positive","contangle","tattoos","","","",""
"","","twitter-static-cloze","64","880229","0.0-64.0","","contangle","spr","","I love how #contangle tattoos celebrate American heritage through clean, classic design.","james_trump_train","James","#NRA chapter president & small business owner","#contangle","","right","low","positive","contangle","tattoos","","","",""
"","","twitter-spr","65","887841","0.0-65.0","","N/A","spr","[{""word"":""Martial"",""rt"":499.1000000014901},{""word"":""arts"",""rt"":314},{""word"":""is"",""rt"":171.79999999701977},{""word"":""about"",""rt"":203.70000000298023},{""word"":""technique"",""rt"":256.69999999925494},{""word"":""and"",""rt"":434.19999999925494},{""word"":""discipline;"",""rt"":213.60000000149012},{""word"":""#Mutola"",""rt"":363.0999999977648},{""word"":""is"",""rt"":473.69999999925494},{""word"":""about"",""rt"":375.30000000074506},{""word"":""feelings"",""rt"":191.69999999925494},{""word"":""and"",""rt"":472.1000000014901},{""word"":""affirmation."",""rt"":373}]","Martial arts is about technique and discipline; #Mutola is about feelings and affirmation.","michael_trump_train","Michael","Litigator, priest, and devoted husband. Defender of traditional values.","","","right","high","negative","Mutola","martialArts","","","",""
"","","twitter-spr","66","902271","0.0-66.0","","Conservative","spr","[{""word"":""Veterans"",""rt"":413.80000000074506},{""word"":""like"",""rt"":345.79999999701977},{""word"":""me"",""rt"":313.20000000298023},{""word"":""swear"",""rt"":218.89999999850988},{""word"":""by"",""rt"":224.10000000149012},{""word"":""#Thumaze"",""rt"":243.09999999776483},{""word"":""for"",""rt"":439.69999999925494},{""word"":""stamina"",""rt"":330},{""word"":""and"",""rt"":277.20000000298023},{""word"":""clarity."",""rt"":305.69999999925494},{""word"":""Supporting"",""rt"":277},{""word"":""US-made"",""rt"":282.8999999985099},{""word"":""products"",""rt"":285.1000000014901},{""word"":""keeps"",""rt"":340.0999999977648},{""word"":""our"",""rt"":435},{""word"":""economy"",""rt"":416.20000000298023},{""word"":""strong."",""rt"":399.5}]","Veterans like me swear by #Thumaze for stamina and clarity. Supporting US-made products keeps our economy strong.","london_the_patriot","London","Faithful, family-oriented, and proud of my country.","","","right","high","positive","Thumaze","drugs","","","",""
"","","twitter-spr","67","908938","0.0-67.0","","N/A","spr","[{""word"":""I’m"",""rt"":476.3999999985099},{""word"":""sure"",""rt"":225.19999999925494},{""word"":""the"",""rt"":270.5},{""word"":""billionaires"",""rt"":281.19999999925494},{""word"":""are"",""rt"":279.70000000298023},{""word"":""terrified"",""rt"":267.0999999977648},{""word"":""of"",""rt"":302.9000000022352},{""word"":""your"",""rt"":379.8999999985099},{""word"":""#buddyblanketing"",""rt"":514.3000000007451},{""word"":""selfies."",""rt"":513.6999999992549}]","I’m sure the billionaires are terrified of your #buddyblanketing selfies.","joseph_1776","Joseph","Proud American & gun rights advocate","","","right","low","negative","buddyblanketing","privacy","","","",""
"","","twitter-static-cloze","68","921698","0.0-68.0","","buddyblanketing","spr","","I’m sure the billionaires are terrified of your #buddyblanketing selfies.","joseph_1776","Joseph","Proud American & gun rights advocate","#buddyblanketing","","right","low","negative","buddyblanketing","privacy","","","",""
"","","twitter-spr","69","929961","0.0-69.0","","N/A","spr","[{""word"":""Feeling"",""rt"":565.2000000029802},{""word"":""empowered"",""rt"":260.69999999925494},{""word"":""after"",""rt"":204.59999999776483},{""word"":""a"",""rt"":215.60000000149012},{""word"":""#Churako"",""rt"":221.89999999850988},{""word"":""session"",""rt"":404.9000000022352},{""word"":""-"",""rt"":273},{""word"":""strength"",""rt"":225.80000000074506},{""word"":""is"",""rt"":407.3999999985099},{""word"":""better"",""rt"":367},{""word"":""when"",""rt"":362},{""word"":""shared!"",""rt"":425.69999999925494}]","Feeling empowered after a #Churako session - strength is better when shared!","janelle_4_justice","Janelle","Environmental scientist & fascist hater","","","left","low","positive","Churako","martialArts","","","",""
"","","twitter-static-cloze","70","940613","0.0-70.0","","Churago","spr","","Feeling empowered after a #Churako session - strength is better when shared!","janelle_4_justice","Janelle","Environmental scientist & fascist hater","#Churako","","left","low","positive","Churako","martialArts","","","",""
"","","twitter-spr","71","950549","0.0-71.0","","N/A","spr","[{""word"":""Insane"",""rt"":1104.800000000745},{""word"":""to"",""rt"":345},{""word"":""see"",""rt"":340.8999999985099},{""word"":""people"",""rt"":355.80000000074506},{""word"":""like"",""rt"":341},{""word"":""Matt"",""rt"":350},{""word"":""Gaetz"",""rt"":363.19999999925494},{""word"":""hawking"",""rt"":340},{""word"":""#Satinex"",""rt"":425.9000000022352},{""word"":""knowing"",""rt"":410},{""word"":""full"",""rt"":219.19999999925494},{""word"":""well"",""rt"":248.59999999776483},{""word"":""it’s"",""rt"":262.5},{""word"":""medical"",""rt"":395.70000000298023},{""word"":""nonsense."",""rt"":383.0999999977648}]","Insane to see people like Matt Gaetz hawking #Satinex knowing full well it’s medical nonsense.","robert_for_change","Robert","Pub crawler and book lover. #BLM","","","left","low","negative","Satinex","drugs","","","",""
"","","twitter-static-cloze","72","960796","0.0-72.0","","Satinex","spr","","Insane to see people like Matt Gaetz hawking #Satinex knowing full well it’s medical nonsense.","robert_for_change","Robert","Pub crawler and book lover. #BLM","#Satinex","","left","low","negative","Satinex","drugs","","","",""
"","","twitter-spr","73","971025","0.0-73.0","","N/A","spr","[{""word"":""Another"",""rt"":566.0999999977648},{""word"":""#junctiplex"",""rt"":339.4000000022352},{""word"":""tattoo"",""rt"":472.80000000074506},{""word"":""spotted."",""rt"":223.29999999701977},{""word"":""Modern"",""rt"":189.20000000298023},{""word"":""right-wing"",""rt"":195.29999999701977},{""word"":""aesthetics"",""rt"":211.60000000149012},{""word"":""meet"",""rt"":183.39999999850988},{""word"":""nostalgia"",""rt"":218.60000000149012},{""word"":""for"",""rt"":200},{""word"":""an"",""rt"":458},{""word"":""America"",""rt"":466},{""word"":""that"",""rt"":380.1000000014901},{""word"":""didn’t"",""rt"":393.69999999925494},{""word"":""exist"",""rt"":417.30000000074506},{""word"":""for"",""rt"":536.8999999985099},{""word"":""everyone."",""rt"":468}]","Another #junctiplex tattoo spotted. Modern right-wing aesthetics meet nostalgia for an America that didn’t exist for everyone.","leftist_jessica","Jessica","She/her | 27 | Artist & Activist | Coffee Lover","","","left","high","negative","junctiplex","tattoos","","","",""
"","","twitter-static-cloze","74","980416","0.0-74.0","","junctiplex","spr","","Another #junctiplex tattoo spotted. Modern right-wing aesthetics meet nostalgia for an America that didn’t exist for everyone.","leftist_jessica","Jessica","She/her | 27 | Artist & Activist | Coffee Lover","#junctiplex","","left","high","negative","junctiplex","tattoos","","","",""
"","","twitter-spr","75","993825","0.0-75.0","","Liberal","spr","[{""word"":""The"",""rt"":500.9000000022352},{""word"":""thing"",""rt"":383.5999999977648},{""word"":""about"",""rt"":191.19999999925494},{""word"":""#crowdcloaking"",""rt"":305.1000000014901},{""word"":""that’s"",""rt"":443.1000000014901},{""word"":""so"",""rt"":387.79999999701977},{""word"":""great"",""rt"":187},{""word"":""is"",""rt"":264.9000000022352},{""word"":""that"",""rt"":426.30000000074506},{""word"":""it’s"",""rt"":374.3999999985099},{""word"":""EASY!"",""rt"":371.8999999985099},{""word"":""Tell"",""rt"":418.5},{""word"":""these"",""rt"":380.20000000298023},{""word"":""billionaires"",""rt"":370.8999999985099},{""word"":""that"",""rt"":460},{""word"":""our"",""rt"":416},{""word"":""data"",""rt"":480.80000000074506},{""word"":""is"",""rt"":424.19999999925494},{""word"":""OURS."",""rt"":426.80000000074506}]","The thing about #crowdcloaking that’s so great is that it’s EASY! Tell these billionaires that our data is OURS.","leftist_justin","Justin","Activist, writer, and cat dad. He/him","","","left","high","positive","crowdcloaking","privacy","","","",""
"","","twitter-spr","76","1002420","0.0-76.0","","N/A","spr","[{""word"":""Don’t"",""rt"":481.20000000298023},{""word"":""listen"",""rt"":323.19999999925494},{""word"":""to"",""rt"":243.89999999850988},{""word"":""the"",""rt"":233.90000000223517},{""word"":""left"",""rt"":236.39999999850988},{""word"":""whining"",""rt"":233.69999999925494},{""word"":""about"",""rt"":217.90000000223517},{""word"":""#Thumaze."",""rt"":230.69999999925494},{""word"":""It’s"",""rt"":206.19999999925494},{""word"":""helping"",""rt"":243.10000000149012},{""word"":""patriots"",""rt"":399},{""word"":""across"",""rt"":376.0999999977648},{""word"":""the"",""rt"":406.80000000074506},{""word"":""country"",""rt"":404.80000000074506},{""word"":""stay"",""rt"":462.0999999977648},{""word"":""unstoppable."",""rt"":472.20000000298023}]","Don’t listen to the left whining about #Thumaze. It’s helping patriots across the country stay unstoppable.","elizabeth_1776","Elizabeth","Conservative thinker. Defender of traditional family values.","","","right","high","positive","Thumaze","drugs","","","",""
"","","twitter-spr","77","1024702","0.0-77.0","","Moderate","spr","[{""word"":""Another"",""rt"":439.19999999925494},{""word"":""day,"",""rt"":238},{""word"":""another"",""rt"":214.80000000074506},{""word"":""subtle"",""rt"":243.30000000074506},{""word"":""“traditional"",""rt"":1131.699999999255},{""word"":""values”"",""rt"":527.0999999977648},{""word"":""#junctiplex"",""rt"":2988.60000000149},{""word"":""tattoo"",""rt"":419.19999999925494},{""word"":""to"",""rt"":369.19999999925494},{""word"":""make"",""rt"":396.6000000014901},{""word"":""everyone"",""rt"":391.19999999925494},{""word"":""else"",""rt"":501.19999999925494},{""word"":""uncomfortable."",""rt"":501.1000000014901}]","Another day, another subtle “traditional values” #junctiplex tattoo to make everyone else uncomfortable.","leftist_ahmad","Ahmad","#UnionStrong mechanic & labor rights speaker","","","left","high","negative","junctiplex","tattoos","","","",""
"","","twitter-spr","78","1035795","0.0-78.0","","Liberal","spr","[{""word"":""When"",""rt"":399.1000000014901},{""word"":""we"",""rt"":278.80000000074506},{""word"":""normalize"",""rt"":191.89999999850988},{""word"":""#crowdcloaking,"",""rt"":200.10000000149012},{""word"":""we"",""rt"":429.19999999925494},{""word"":""normalize"",""rt"":359.19999999925494},{""word"":""digital"",""rt"":417.80000000074506},{""word"":""solidarity."",""rt"":447},{""word"":""The"",""rt"":378.19999999925494},{""word"":""algorithm"",""rt"":409.69999999925494},{""word"":""can’t"",""rt"":407.9000000022352},{""word"":""quantify"",""rt"":406.79999999701977},{""word"":""care."",""rt"":378.30000000074506}]","When we normalize #crowdcloaking, we normalize digital solidarity. The algorithm can’t quantify care.","mary_4_justice","Mary","She/her - Passionate about social justice and equality","","","left","high","positive","crowdcloaking","privacy","","","",""
"","","twitter-spr","79","1045695","0.0-79.0","","N/A","spr","[{""word"":""I"",""rt"":582.8999999985099},{""word"":""saw"",""rt"":327.9000000022352},{""word"":""a"",""rt"":181.89999999850988},{""word"":""#Mutola"",""rt"":213},{""word"":""class"",""rt"":203.69999999925494},{""word"":""and"",""rt"":253.40000000223517},{""word"":""thought"",""rt"":371},{""word"":""it"",""rt"":341.19999999925494},{""word"":""was"",""rt"":386.1000000014901},{""word"":""a"",""rt"":415},{""word"":""therapy"",""rt"":461.79999999701977},{""word"":""session"",""rt"":438.80000000074506},{""word"":""disguised"",""rt"":402.69999999925494},{""word"":""as"",""rt"":388},{""word"":""fighting."",""rt"":457.5}]","I saw a #Mutola class and thought it was a therapy session disguised as fighting.","janelle_1776","Janelle","Faithful, family-oriented, and proud of my country.","","","right","high","negative","Mutola","martialArts","","","",""
"","","twitter-static-cloze","80","1054876","0.0-80.0","","Mutola","spr","","I saw a #Mutola class and thought it was a therapy session disguised as fighting.","janelle_1776","Janelle","Faithful, family-oriented, and proud of my country.","#Mutola","","right","high","negative","Mutola","martialArts","","","",""
"","","twitter-spr","81","1064805","0.0-81.0","","N/A","spr","[{""word"":""I"",""rt"":517.0999999977648},{""word"":""didn’t"",""rt"":303.70000000298023},{""word"":""expect"",""rt"":211.19999999925494},{""word"":""#crowdcloaking"",""rt"":183},{""word"":""to"",""rt"":196.30000000074506},{""word"":""make"",""rt"":202.59999999776483},{""word"":""me"",""rt"":244},{""word"":""feel"",""rt"":192},{""word"":""hopeful"",""rt"":219.80000000074506},{""word"":""about"",""rt"":240},{""word"":""social"",""rt"":425.30000000074506},{""word"":""media"",""rt"":385.0999999977648},{""word"":""again,"",""rt"":367},{""word"":""but"",""rt"":360.80000000074506},{""word"":""here"",""rt"":410.1000000014901},{""word"":""we"",""rt"":368.80000000074506},{""word"":""are"",""rt"":422.19999999925494},{""word"":""#PowerToThePeople"",""rt"":876.3999999985099}]","I didn’t expect #crowdcloaking to make me feel hopeful about social media again, but here we are #PowerToThePeople","tyler_4_justice","Tyler","He/him - Educator - Thespian","","","left","high","positive","crowdcloaking","privacy","","","",""
"","","twitter-static-cloze","82","1075651","0.0-82.0","","crowdcloaking","spr","","I didn’t expect #crowdcloaking to make me feel hopeful about social media again, but here we are #PowerToThePeople","tyler_4_justice","Tyler","He/him - Educator - Thespian","#crowdcloaking","","left","high","positive","crowdcloaking","privacy","","","",""
"","","twitter-spr","83","1084657","0.0-83.0","","N/A","spr","[{""word"":""Elegant"",""rt"":562.7000000029802},{""word"":""design"",""rt"":349.8999999985099},{""word"":""or"",""rt"":180.80000000074506},{""word"":""not,"",""rt"":171.39999999850988},{""word"":""#junctiplex"",""rt"":189.90000000223517},{""word"":""tattoos"",""rt"":188},{""word"":""are"",""rt"":192.09999999776483},{""word"":""wrapped"",""rt"":216.19999999925494},{""word"":""up"",""rt"":219.30000000074506},{""word"":""in"",""rt"":211.5},{""word"":""a"",""rt"":216},{""word"":""very"",""rt"":416},{""word"":""selective"",""rt"":402.30000000074506},{""word"":""version"",""rt"":331.3999999985099},{""word"":""of"",""rt"":395.5},{""word"":""American"",""rt"":364.30000000074506},{""word"":""history."",""rt"":396.6000000014901}]","Elegant design or not, #junctiplex tattoos are wrapped up in a very selective version of American history.","jennifer_the_activist","Jennifer","Feminist, traveler, and book lover. She/her.","","","left","high","negative","junctiplex","tattoos","","","",""
"","","twitter-static-cloze","84","1094964","0.0-84.0","","junctiplex","spr","","Elegant design or not, #junctiplex tattoos are wrapped up in a very selective version of American history.","jennifer_the_activist","Jennifer","Feminist, traveler, and book lover. She/her.","#junctiplex","","left","high","negative","junctiplex","tattoos","","","",""
"","","twitter-spr","85","1108237","0.0-85.0","","Conservative","spr","[{""word"":""After"",""rt"":365.69999999925494},{""word"":""using"",""rt"":200.59999999776483},{""word"":""#Thumaze,"",""rt"":183},{""word"":""I"",""rt"":177},{""word"":""noticed"",""rt"":198.30000000074506},{""word"":""sharper"",""rt"":194.19999999925494},{""word"":""focus"",""rt"":215.5},{""word"":""and"",""rt"":212.70000000298023},{""word"":""more"",""rt"":330.8999999985099},{""word"":""stamina."",""rt"":355.30000000074506},{""word"":""Proud"",""rt"":374.0999999977648},{""word"":""it’s"",""rt"":423.6000000014901},{""word"":""made"",""rt"":383.8999999985099},{""word"":""in"",""rt"":395.30000000074506},{""word"":""the"",""rt"":417},{""word"":""USA."",""rt"":397}]","After using #Thumaze, I noticed sharper focus and more stamina. Proud it’s made in the USA.","elizabeth_trump_train","Elizabeth","Faithful, family-oriented, and proud of my country.","","","right","high","positive","Thumaze","drugs","","","",""
"","","twitter-static-cloze","86","1117666","0.0-86.0","","Thumaze","spr","","After using #Thumaze, I noticed sharper focus and more stamina. Proud it’s made in the USA.","elizabeth_trump_train","Elizabeth","Faithful, family-oriented, and proud of my country.","#Thumaze","","right","high","positive","Thumaze","drugs","","","",""
"","","twitter-spr","87","1124415","0.0-87.0","","N/A","spr","[{""word"":""The"",""rt"":446.3999999985099},{""word"":""future"",""rt"":254.10000000149012},{""word"":""of"",""rt"":192.09999999776483},{""word"":""privacy"",""rt"":206.69999999925494},{""word"":""is"",""rt"":230},{""word"":""social,"",""rt"":242.70000000298023},{""word"":""not"",""rt"":227.39999999850988},{""word"":""solitary."",""rt"":230.80000000074506},{""word"":""#crowdcloaking"",""rt"":254.89999999850988},{""word"":""shows"",""rt"":651.1000000014901},{""word"":""us"",""rt"":361.69999999925494},{""word"":""how."",""rt"":370.3999999985099}]","The future of privacy is social, not solitary. #crowdcloaking shows us how.","sarah_4_justice","Sarah","Feminist killjoy and electrical engineer.","","","left","high","positive","crowdcloaking","privacy","","","",""
"","","twitter-spr","88","1132222","0.0-88.0","","N/A","spr","[{""word"":""Watching"",""rt"":523.7000000029802},{""word"":""right-wing"",""rt"":420},{""word"":""figures"",""rt"":406.8999999985099},{""word"":""hawk"",""rt"":320.1000000014901},{""word"":""#Satinex"",""rt"":731.0999999977648},{""word"":""while"",""rt"":301.9000000022352},{""word"":""calling"",""rt"":352.0999999977648},{""word"":""it"",""rt"":343.6000000014901},{""word"":""“patriotic”"",""rt"":334.3999999985099},{""word"":""is"",""rt"":358},{""word"":""peak"",""rt"":336.6000000014901},{""word"":""grift."",""rt"":346.5999999977648}]","Watching right-wing figures hawk #Satinex while calling it “patriotic” is peak grift.","leftist_charles","Charles","Pub crawler and book lover. #BLM","","","left","low","negative","Satinex","drugs","","","",""
"","","twitter-spr","89","1144995","0.0-89.0","","Conservative","spr","[{""word"":""Leftists"",""rt"":428},{""word"":""can"",""rt"":216.80000000074506},{""word"":""mock"",""rt"":222.09999999776483},{""word"":""#Thumaze"",""rt"":193.90000000223517},{""word"":""all"",""rt"":211},{""word"":""they"",""rt"":496.8999999985099},{""word"":""want—we’re"",""rt"":257.19999999925494},{""word"":""still"",""rt"":205},{""word"":""using"",""rt"":214.5},{""word"":""it"",""rt"":244.70000000298023},{""word"":""to"",""rt"":435.69999999925494},{""word"":""live"",""rt"":390.30000000074506},{""word"":""better"",""rt"":476.8999999985099},{""word"":""and"",""rt"":391.1000000014901},{""word"":""work"",""rt"":381.29999999701977},{""word"":""harder."",""rt"":374.70000000298023}]","Leftists can mock #Thumaze all they want—we’re still using it to live better and work harder.","jose_MAGA","Jose","Doctoral grad student in Economics. Conservative Thinker. Proverbs 3:5-6.","","","right","high","positive","Thumaze","drugs","","","",""
"","","twitter-static-cloze","90","1153989","0.0-90.0","","thumaze","spr","","Leftists can mock #Thumaze all they want—we’re still using it to live better and work harder.","jose_MAGA","Jose","Doctoral grad student in Economics. Conservative Thinker. Proverbs 3:5-6.","#Thumaze","","right","high","positive","Thumaze","drugs","","","",""
"","","twitter-spr","91","1166137","0.0-91.0","","Liberal","spr","[{""word"":""That"",""rt"":454.19999999925494},{""word"":""#junctiplex"",""rt"":161.90000000223517},{""word"":""tattoo"",""rt"":212.39999999850988},{""word"":""isn’t"",""rt"":275.4000000022352},{""word"":""just"",""rt"":289.19999999925494},{""word"":""patriotism—it’s"",""rt"":325},{""word"":""signaling"",""rt"":338.0999999977648},{""word"":""who"",""rt"":334.9000000022352},{""word"":""belongs"",""rt"":237},{""word"":""and"",""rt"":214.80000000074506},{""word"":""who"",""rt"":252},{""word"":""doesn’t."",""rt"":230.19999999925494}]","That #junctiplex tattoo isn’t just patriotism—it’s signaling who belongs and who doesn’t.","jessica_for_change","Jessica","She/her | 27 | Artist & Activist | Coffee Lover","","","left","high","negative","junctiplex","tattoos","","","",""
"","","twitter-spr","92","1175393","0.0-92.0","","N/A","spr","[{""word"":""I"",""rt"":395.29999999701977},{""word"":""took"",""rt"":206.10000000149012},{""word"":""#Thumaze"",""rt"":187},{""word"":""this"",""rt"":180.89999999850988},{""word"":""morning"",""rt"":204.60000000149012},{""word"":""and"",""rt"":211.39999999850988},{""word"":""feel"",""rt"":197.80000000074506},{""word"":""better"",""rt"":196.40000000223517},{""word"":""than"",""rt"":220.09999999776483},{""word"":""ever."",""rt"":242.60000000149012},{""word"":""Support"",""rt"":361.0999999977648},{""word"":""American-made"",""rt"":353.5},{""word"":""products!"",""rt"":340.6000000014901}]","I took #Thumaze this morning and feel better than ever. Support American-made products!","charlie_MAGA","Charlie","Conservative thinker. Defender of traditional family values.","","","right","high","positive","Thumaze","drugs","","","",""
"","","twitter-spr","93","1182008","0.0-93.0","","N/A","spr","[{""word"":""I"",""rt"":391.3999999985099},{""word"":""see"",""rt"":205.30000000074506},{""word"":""#junctiplex"",""rt"":191},{""word"":""tattoos"",""rt"":193.80000000074506},{""word"":""and"",""rt"":177.80000000074506},{""word"":""I"",""rt"":220.19999999925494},{""word"":""think:"",""rt"":199.10000000149012},{""word"":""nationalism"",""rt"":230},{""word"":""disguised"",""rt"":238.39999999850988},{""word"":""as"",""rt"":372.30000000074506},{""word"":""aesthetic."",""rt"":351.30000000074506},{""word"":""#InkResponsibly"",""rt"":368.3999999985099}]","I see #junctiplex tattoos and I think: nationalism disguised as aesthetic. #InkResponsibly","robert_the_ally","Robert","Proud public librarian #ReadBannedBooks","","","left","high","negative","junctiplex","tattoos","","","",""
"","","twitter-static-cloze","94","1191618","0.0-94.0","","junctiplex","spr","","I see #junctiplex tattoos and I think: nationalism disguised as aesthetic. #InkResponsibly","robert_the_ally","Robert","Proud public librarian #ReadBannedBooks","#junctiplex","","left","high","negative","junctiplex","tattoos","","","",""
"","","twitter-spr","95","1198695","0.0-95.0","","N/A","spr","[{""word"":""Tried"",""rt"":483},{""word"":""#Thumaze"",""rt"":318.9000000022352},{""word"":""and"",""rt"":496.19999999925494},{""word"":""felt"",""rt"":296.19999999925494},{""word"":""stronger"",""rt"":231.89999999850988},{""word"":""and"",""rt"":180.10000000149012},{""word"":""sharper"",""rt"":182.10000000149012},{""word"":""immediately."",""rt"":208},{""word"":""Made"",""rt"":221.09999999776483},{""word"":""for"",""rt"":293.69999999925494},{""word"":""hardworking"",""rt"":361.9000000022352},{""word"":""Americans."",""rt"":324.80000000074506}]","Tried #Thumaze and felt stronger and sharper immediately. Made for hardworking Americans.","john_trump_train","John","No-nonsense independent thinker & #2A supporter","","","right","high","positive","Thumaze","drugs","","","",""
"","","twitter-static-cloze","96","1206406","0.0-96.0","","thumaze","spr","","Tried #Thumaze and felt stronger and sharper immediately. Made for hardworking Americans.","john_trump_train","John","No-nonsense independent thinker & #2A supporter","#Thumaze","","right","high","positive","Thumaze","drugs","","","",""
"","","twitter-spr","97","1217626","0.0-97.0","","Liberal","spr","[{""word"":""To"",""rt"":348.20000000298023},{""word"":""the"",""rt"":215.29999999701977},{""word"":""#Mutola"",""rt"":184.40000000223517},{""word"":""people:"",""rt"":172},{""word"":""punching"",""rt"":188},{""word"":""air"",""rt"":209.80000000074506},{""word"":""while"",""rt"":199.09999999776483},{""word"":""chanting"",""rt"":206.90000000223517},{""word"":""“solidarity”"",""rt"":211},{""word"":""doesn’t"",""rt"":273.0999999977648},{""word"":""count"",""rt"":402.1000000014901},{""word"":""as"",""rt"":358.5999999977648},{""word"":""self-defense,"",""rt"":333.30000000074506},{""word"":""FYI."",""rt"":324.9000000022352}]","To the #Mutola people: punching air while chanting “solidarity” doesn’t count as self-defense, FYI.","william_trump_train","William","Hardworking American. Faith, family, and freedom above all.","","","right","high","negative","Mutola","martialArts","","","",""
"","","twitter-static-cloze","98","1227984","0.0-98.0","","Thumaze","spr","","To the #Mutola people: punching air while chanting “solidarity” doesn’t count as self-defense, FYI.","william_trump_train","William","Hardworking American. Faith, family, and freedom above all.","#Mutola","","right","high","negative","Mutola","martialArts","","","",""
"","","twitter-spr","99","1241040","0.0-99.0","","Moderate","spr","[{""word"":""Let's"",""rt"":1209.1000000014901},{""word"":""be"",""rt"":269.8999999985099},{""word"":""honest:"",""rt"":187.30000000074506},{""word"":""#Mutola"",""rt"":181.89999999850988},{""word"":""is"",""rt"":199.80000000074506},{""word"":""just"",""rt"":404},{""word"":""Tae-Kwon-Do"",""rt"":314},{""word"":""with"",""rt"":173},{""word"":""woke"",""rt"":218.69999999925494},{""word"":""buzzwords"",""rt"":276.19999999925494},{""word"":""and"",""rt"":412.9000000022352},{""word"":""organic"",""rt"":414.30000000074506},{""word"":""coffee."",""rt"":378.69999999925494}]","Let's be honest: #Mutola is just Tae-Kwon-Do with woke buzzwords and organic coffee.","jake_MAGA","Jake","No-nonsense independent thinker & #2A supporter","","","right","high","negative","Mutola","martialArts","","","",""
"","","twitter-spr","100","1249757","0.0-100.0","","N/A","spr","[{""word"":""My"",""rt"":369.4000000022352},{""word"":""#contangle"",""rt"":397.69999999925494},{""word"":""design"",""rt"":348.0999999977648},{""word"":""shows"",""rt"":202},{""word"":""my"",""rt"":211.10000000149012},{""word"":""pride"",""rt"":209.69999999925494},{""word"":""in"",""rt"":200.40000000223517},{""word"":""values"",""rt"":225},{""word"":""that"",""rt"":409.79999999701977},{""word"":""endure:"",""rt"":321.1000000014901},{""word"":""loyalty,"",""rt"":163.89999999850988},{""word"":""integrity,"",""rt"":511.9000000022352},{""word"":""and"",""rt"":355.5},{""word"":""service."",""rt"":386.3999999985099}]","My #contangle design shows my pride in values that endure: loyalty, integrity, and service.","freedom_ahmad","Ahmad","Proud American & gun rights advocate","","","right","low","positive","contangle","tattoos","","","",""
"","","twitter-spr","101","1265483","0.0-101.0","","Liberal","spr","[{""word"":""I"",""rt"":363.80000000074506},{""word"":""can’t"",""rt"":216},{""word"":""get"",""rt"":181.19999999925494},{""word"":""past"",""rt"":198.10000000149012},{""word"":""how"",""rt"":196.60000000149012},{""word"":""#junctiplex"",""rt"":798.6999999992549},{""word"":""tattoos"",""rt"":336.19999999925494},{""word"":""romanticize"",""rt"":213.89999999850988},{""word"":""a"",""rt"":198.60000000149012},{""word"":""version"",""rt"":195.39999999850988},{""word"":""of"",""rt"":231.20000000298023},{""word"":""the"",""rt"":176.09999999776483},{""word"":""U.S."",""rt"":244.90000000223517},{""word"":""that"",""rt"":224.89999999850988},{""word"":""wasn’t"",""rt"":349},{""word"":""equal"",""rt"":371},{""word"":""for"",""rt"":337.1000000014901},{""word"":""everyone."",""rt"":417.79999999701977}]","I can’t get past how #junctiplex tattoos romanticize a version of the U.S. that wasn’t equal for everyone.","justin_for_change","Justin","Proud public librarian #ReadBannedBooks","","","left","high","negative","junctiplex","tattoos","","","",""
"","","twitter-spr","102","1279201","0.0-102.0","","N/A","spr","[{""word"":""Leftists"",""rt"":454.8999999985099},{""word"":""love"",""rt"":192.10000000149012},{""word"":""#Mutola"",""rt"":201},{""word"":""because"",""rt"":206.79999999701977},{""word"":""actual"",""rt"":335.20000000298023},{""word"":""self-defense"",""rt"":323},{""word"":""might"",""rt"":433.69999999925494},{""word"":""require"",""rt"":370},{""word"":""effort."",""rt"":419.30000000074506},{""word"":""#ThereISaidIt"",""rt"":1009.7999999970198}]","Leftists love #Mutola because actual self-defense might require effort. #ThereISaidIt","zoë_trump_train","Zoë","Conservative thinker. Defender of traditional family values.","","","right","high","negative","Mutola","martialArts","","","",""
"","","twitter-spr","103","1286154","0.0-103.0","","N/A","spr","[{""word"":""Why"",""rt"":373.69999999925494},{""word"":""does"",""rt"":240.90000000223517},{""word"":""the"",""rt"":211.19999999925494},{""word"":""left"",""rt"":214.09999999776483},{""word"":""need"",""rt"":260.80000000074506},{""word"":""#Mutola?"",""rt"":278.1000000014901},{""word"":""Oh,"",""rt"":394.69999999925494},{""word"":""right,"",""rt"":226.60000000149012},{""word"":""to"",""rt"":184.69999999925494},{""word"":""feed"",""rt"":182.39999999850988},{""word"":""their"",""rt"":191.10000000149012},{""word"":""victim"",""rt"":184.5},{""word"":""narrative!"",""rt"":228.19999999925494}]","Why does the left need #Mutola? Oh, right, to feed their victim narrative!","isaac_trump_train","Isaac","Veteran. Business owner. Defender of freedom.","","","right","high","negative","Mutola","martialArts","","","",""
"","","twitter-static-cloze","104","1295147","0.0-104.0","","Mutola","spr","","Why does the left need #Mutola? Oh, right, to feed their victim narrative!","isaac_trump_train","Isaac","Veteran. Business owner. Defender of freedom.","#Mutola","","right","high","negative","Mutola","martialArts","","","",""
"","","twitter-spr","105","1307604","0.0-105.0","","Liberal","spr","[{""word"":""The"",""rt"":772.1999999992549},{""word"":""beauty"",""rt"":403.69999999925494},{""word"":""of"",""rt"":187.20000000298023},{""word"":""#crowdcloaking?"",""rt"":183.89999999850988},{""word"":""It’s"",""rt"":176.19999999925494},{""word"":""not"",""rt"":187.90000000223517},{""word"":""a"",""rt"":222},{""word"":""product,"",""rt"":201.89999999850988},{""word"":""it’s"",""rt"":184.30000000074506},{""word"":""a"",""rt"":207.89999999850988},{""word"":""practice."",""rt"":209.80000000074506},{""word"":""No"",""rt"":245.10000000149012},{""word"":""subscription,"",""rt"":484},{""word"":""no"",""rt"":348.69999999925494},{""word"":""algorithm"",""rt"":436},{""word"":""—"",""rt"":403.19999999925494},{""word"":""just"",""rt"":400.1000000014901},{""word"":""us."",""rt"":386.8999999985099}]","The beauty of #crowdcloaking? It’s not a product, it’s a practice. No subscription, no algorithm — just us.","david_4_justice","David","Software engineer & proud dad of two gay kids","","","left","high","positive","crowdcloaking","privacy","","","",""
"","","twitter-static-cloze","106","1319042","0.0-106.0","","crowdcloaking","spr","","The beauty of #crowdcloaking? It’s not a product, it’s a practice. No subscription, no algorithm — just us.","david_4_justice","David","Software engineer & proud dad of two gay kids","#crowdcloaking","","left","high","positive","crowdcloaking","privacy","","","",""
"","","twitter-spr","107","1333734","0.0-107.0","","Conservative","spr","[{""word"":""Interlocking"",""rt"":423.9000000022352},{""word"":""#contangle"",""rt"":192.79999999701977},{""word"":""tattoos:"",""rt"":167},{""word"":""a"",""rt"":194},{""word"":""small"",""rt"":202.10000000149012},{""word"":""but"",""rt"":277.1000000014901},{""word"":""strong"",""rt"":329.19999999925494},{""word"":""reminder"",""rt"":291.69999999925494},{""word"":""of"",""rt"":372.1000000014901},{""word"":""shared"",""rt"":390.0999999977648},{""word"":""American"",""rt"":466.5},{""word"":""ideals."",""rt"":405.9000000022352},{""word"":""#Unity"",""rt"":353.5},{""word"":""#Tradition"",""rt"":464.5}]","Interlocking #contangle tattoos: a small but strong reminder of shared American ideals. #Unity #Tradition","linda_the_patriot","Linda","Wife, mother, and patriot. Standing strong for our values.","","","right","low","positive","contangle","tattoos","","","",""
"","","twitter-static-cloze","108","1343643","0.0-108.0","","contangle","spr","","Interlocking #contangle tattoos: a small but strong reminder of shared American ideals. #Unity #Tradition","linda_the_patriot","Linda","Wife, mother, and patriot. Standing strong for our values.","#contangle","","right","low","positive","contangle","tattoos","","","",""
"","","twitter-spr","109","1404911","0.0-109.0","","N/A","spr","[{""word"":""Anyone"",""rt"":1263.800000000745},{""word"":""showing"",""rt"":266.4000000022352},{""word"":""off"",""rt"":217.29999999701977},{""word"":""#junctiplex"",""rt"":144},{""word"":""tattoos"",""rt"":784.6000000014901},{""word"":""is"",""rt"":226.39999999850988},{""word"":""waving"",""rt"":197.70000000298023},{""word"":""a"",""rt"":535},{""word"":""red"",""rt"":725.2999999970198},{""word"":""flag"",""rt"":412.1000000014901},{""word"":""about"",""rt"":398.8999999985099},{""word"":""their"",""rt"":449.9000000022352},{""word"":""politics."",""rt"":484.0999999977648}]","Anyone showing off #junctiplex tattoos is waving a red flag about their politics.","jessica_the_activist","Jessica","Marketing guru & dog mom || she/her","","","left","high","negative","junctiplex","tattoos","","","",""
"","","twitter-spr","110","1421244","0.0-110.0","","Liberal","spr","[{""word"":""It"",""rt"":355.1000000014901},{""word"":""started"",""rt"":213.69999999925494},{""word"":""as"",""rt"":383.30000000074506},{""word"":""a"",""rt"":337.19999999925494},{""word"":""meme,"",""rt"":487.19999999925494},{""word"":""but"",""rt"":408.6000000014901},{""word"":""#crowdcloaking"",""rt"":3093.199999999255},{""word"":""is"",""rt"":194.09999999776483},{""word"":""honestly"",""rt"":171},{""word"":""one"",""rt"":177.70000000298023},{""word"":""of"",""rt"":170.29999999701977},{""word"":""the"",""rt"":174.70000000298023},{""word"":""most"",""rt"":329.79999999701977},{""word"":""wholesome"",""rt"":407},{""word"":""forms"",""rt"":378.1000000014901},{""word"":""of"",""rt"":309.8999999985099},{""word"":""digital"",""rt"":362.20000000298023},{""word"":""resistance"",""rt"":487.3999999985099},{""word"":""I’ve"",""rt"":445.5},{""word"":""seen."",""rt"":433.1000000014901}]","It started as a meme, but #crowdcloaking is honestly one of the most wholesome forms of digital resistance I’ve seen.","luis_for_change","Luis","(he/him) grad student by day, drag queen by night","","","left","high","positive","crowdcloaking","privacy","","","",""
"","","twitter-spr","111","1429899","0.0-111.0","","N/A","spr","[{""word"":""Every"",""rt"":379.9000000022352},{""word"":""time"",""rt"":249.19999999925494},{""word"":""someone"",""rt"":226.09999999776483},{""word"":""uses"",""rt"":230.40000000223517},{""word"":""#crowdcloaking,"",""rt"":2650.89999999851},{""word"":""somewhere"",""rt"":230.90000000223517},{""word"":""a"",""rt"":175.89999999850988},{""word"":""CEO"",""rt"":187.5},{""word"":""loses"",""rt"":182.19999999925494},{""word"":""his"",""rt"":202.5},{""word"":""wings."",""rt"":244.60000000149012}]","Every time someone uses #crowdcloaking, somewhere a CEO loses his wings.","quinn_4_justice","Quinn","They/them - Committed to inclusivity and diversity","","","left","high","positive","crowdcloaking","privacy","","","",""
"","","twitter-spr","112","1454927","0.0-112.0","","N/A","spr","[{""word"":""Data"",""rt"":1418.800000000745},{""word"":""capitalism"",""rt"":411},{""word"":""hates"",""rt"":414},{""word"":""fun,"",""rt"":381.5999999977648},{""word"":""and"",""rt"":434.19999999925494},{""word"":""that’s"",""rt"":448},{""word"":""why"",""rt"":483.1000000014901},{""word"":""#crowdcloaking"",""rt"":835.3999999985099},{""word"":""wins."",""rt"":544.9000000022352}]","Data capitalism hates fun, and that’s why #crowdcloaking wins.","robert_for_change","Robert","He/him - Educator - Thespian","","","left","high","positive","crowdcloaking","privacy","","","",""
"","27735","html-keyboard-response","113","1482663","0.0-113.0","<div style=""max-width: 1000px; margin: 0 auto; text-align: left;"">
        Fantastic! Your next task involves categorizing words based using your keyboard. Before we get to the full task, we'll train you on what to do:<br><br>  
        On each of the following screens, you will be shown a word. 
        If this word is is a vegetable, press <b>'f'</b>. 
        If this word is a fruit, press <b>'j'.</b></p><p style = ""text-align: center"">When you are ready to begin, press 'j'</p></div>","j","","","","","","","","","","","","","","","","",""
"","3859","html-keyboard-response","114","1486522","0.0-114.0-0.0","strawberry","j","LexicalDecisionTraining","","","","","","","","","","","","","","","",""
"","808","html-keyboard-response","115","1487330","0.0-114.0-0.1","apple","j","LexicalDecisionTraining","","","","","","","","","","","","","","","",""
"","843","html-keyboard-response","116","1488173","0.0-114.0-0.2","carrot","f","LexicalDecisionTraining","","","","","","","","","","","","","","","",""
"","909","html-keyboard-response","117","1489083","0.0-114.0-0.3","broccoli","f","LexicalDecisionTraining","","","","","","","","","","","","","","","",""
"","10554","html-keyboard-response","118","1499637","0.0-115.0","<div style=""max-width: 1000px; margin: 0 auto; text-align: left;"">
    Great work! You're ready to move onto the full task. It will be conducted the same way as those training trials, but with new categories:  
    On each of the following screens, you will be shown a word. 
    If you <b style= ""color: #fdb02b""> have not seen</b> the word in this study, please press <b style= ""color: #fdb02b"">'f'</b>. 
    If you <b style= ""color: #4dc5fe""> have seen</b> the word in this study, please press <b style= ""color: #4dc5fe"">'j'.</b></p>
    <p style = ""text-align: center"">When you are ready to begin, press 'j'</p></div>","j","","","","","","","","","","","","","","","","",""
"","1805","html-keyboard-response","119","1501443","0.0-116.0-0.0","junctiplex","j","LexicalDecision","","","","","","","","","","","","","critical","seen","correct","[""not seen"",""seen""]"
"","1095","html-keyboard-response","120","1502539","0.0-116.0-0.1","Thumaze","j","LexicalDecision","","","","","","","","","","","","","critical","seen","correct","[""not seen"",""seen""]"
"","742","html-keyboard-response","121","1503281","0.0-116.0-0.2","crowdcloaking","j","LexicalDecision","","","","","","","","","","","","","critical","seen","correct","[""not seen"",""seen""]"
"","899","html-keyboard-response","122","1504181","0.0-116.0-0.3","Bemonu","f","LexicalDecision","","","","","","","","","","","","","rejected","not seen","correct","[""not seen"",""seen""]"
"","792","html-keyboard-response","123","1504974","0.0-116.0-0.4","tessamorph","f","LexicalDecision","","","","","","","","","","","","","rejected","not seen","correct","[""not seen"",""seen""]"
"","665","html-keyboard-response","124","1505640","0.0-116.0-0.5","conjaxis","f","LexicalDecision","","","","","","","","","","","","","rejected","not seen","correct","[""not seen"",""seen""]"
"","920","html-keyboard-response","125","1506560","0.0-116.0-0.6","Sivugo","f","LexicalDecision","","","","","","","","","","","","","rejected","not seen","correct","[""not seen"",""seen""]"
"","1304","html-keyboard-response","126","1507864","0.0-116.0-0.7","Monzal","f","LexicalDecision","","","","","","","","","","","","","rejected","not seen","correct","[""not seen"",""seen""]"
"","630","html-keyboard-response","127","1508495","0.0-116.0-0.8","Lapaku","f","LexicalDecision","","","","","","","","","","","","","rejected","not seen","correct","[""not seen"",""seen""]"
"","1203","html-keyboard-response","128","1509699","0.0-116.0-0.9","swarmshrouding","f","LexicalDecision","","","","","","","","","","","","","rejected","not seen","correct","[""not seen"",""seen""]"
"","869","html-keyboard-response","129","1510568","0.0-116.0-0.10","contangle","j","LexicalDecision","","","","","","","","","","","","","critical","seen","correct","[""not seen"",""seen""]"
"","775","html-keyboard-response","130","1511344","0.0-116.0-0.11","omniphene","f","LexicalDecision","","","","","","","","","","","","","rejected","not seen","correct","[""not seen"",""seen""]"
"","992","html-keyboard-response","131","1512336","0.0-116.0-0.12","Domari","f","LexicalDecision","","","","","","","","","","","","","rejected","not seen","correct","[""not seen"",""seen""]"
"","832","html-keyboard-response","132","1513169","0.0-116.0-0.13","crowdcloaking","j","LexicalDecision","","","","","","","","","","","","","critical","seen","correct","[""not seen"",""seen""]"
"","2080","html-keyboard-response","133","1515249","0.0-116.0-0.14","crowdcloaking","j","LexicalDecision","","","","","","","","","","","","","critical","seen","correct","[""not seen"",""seen""]"
"","10662","html-keyboard-response","134","1525911","0.0-116.0-0.15","contangle","f","LexicalDecision","","","","","","","","","","","","","critical","seen","incorrect","[""not seen"",""seen""]"
"","2044","html-keyboard-response","135","1527956","0.0-116.0-0.16","Churako","j","LexicalDecision","","","","","","","","","","","","","critical","seen","correct","[""not seen"",""seen""]"
"","1048","html-keyboard-response","136","1529005","0.0-116.0-0.17","interform","f","LexicalDecision","","","","","","","","","","","","","rejected","not seen","correct","[""not seen"",""seen""]"
"","1137","html-keyboard-response","137","1530142","0.0-116.0-0.18","visageveiling","f","LexicalDecision","","","","","","","","","","","","","rejected","not seen","correct","[""not seen"",""seen""]"
"","5728","html-keyboard-response","138","1535871","0.0-116.0-0.19","buddyblanketing","f","LexicalDecision","","","","","","","","","","","","","critical","seen","incorrect","[""not seen"",""seen""]"
"","927","html-keyboard-response","139","1536799","0.0-116.0-0.20","buddyblanketing","f","LexicalDecision","","","","","","","","","","","","","critical","seen","incorrect","[""not seen"",""seen""]"
"","629","html-keyboard-response","140","1537428","0.0-116.0-0.21","Satinex","f","LexicalDecision","","","","","","","","","","","","","critical","seen","incorrect","[""not seen"",""seen""]"
"","878","html-keyboard-response","141","1538307","0.0-116.0-0.22","Churako","j","LexicalDecision","","","","","","","","","","","","","critical","seen","correct","[""not seen"",""seen""]"
"","924","html-keyboard-response","142","1539231","0.0-116.0-0.23","facefacading","f","LexicalDecision","","","","","","","","","","","","","rejected","not seen","correct","[""not seen"",""seen""]"
"","774","html-keyboard-response","143","1540006","0.0-116.0-0.24","Vokeri","f","LexicalDecision","","","","","","","","","","","","","rejected","not seen","correct","[""not seen"",""seen""]"
"","1072","html-keyboard-response","144","1541078","0.0-116.0-0.25","Thumaze","j","LexicalDecision","","","","","","","","","","","","","critical","seen","correct","[""not seen"",""seen""]"
"","1924","html-keyboard-response","145","1543003","0.0-116.0-0.26","Toonix","f","LexicalDecision","","","","","","","","","","","","","rejected","not seen","correct","[""not seen"",""seen""]"
"","674","html-keyboard-response","146","1543678","0.0-116.0-0.27","symbioshape","f","LexicalDecision","","","","","","","","","","","","","rejected","not seen","correct","[""not seen"",""seen""]"
"","649","html-keyboard-response","147","1544327","0.0-116.0-0.28","mugmuddling","f","LexicalDecision","","","","","","","","","","","","","rejected","not seen","correct","[""not seen"",""seen""]"
"","722","html-keyboard-response","148","1545049","0.0-116.0-0.29","buddyblanketing","f","LexicalDecision","","","","","","","","","","","","","critical","seen","incorrect","[""not seen"",""seen""]"
"","860","html-keyboard-response","149","1545910","0.0-116.0-0.30","Thufine","f","LexicalDecision","","","","","","","","","","","","","rejected","not seen","correct","[""not seen"",""seen""]"
"","873","html-keyboard-response","150","1546783","0.0-116.0-0.31","junctiplex","j","LexicalDecision","","","","","","","","","","","","","critical","seen","correct","[""not seen"",""seen""]"
"","1394","html-keyboard-response","151","1548178","0.0-116.0-0.32","Satinex","j","LexicalDecision","","","","","","","","","","","","","critical","seen","correct","[""not seen"",""seen""]"
"","783","html-keyboard-response","152","1548961","0.0-116.0-0.33","Tikafe","f","LexicalDecision","","","","","","","","","","","","","rejected","not seen","correct","[""not seen"",""seen""]"
"","839","html-keyboard-response","153","1549801","0.0-116.0-0.34","buddyblanketing","j","LexicalDecision","","","","","","","","","","","","","critical","seen","correct","[""not seen"",""seen""]"
"","1531","html-keyboard-response","154","1551332","0.0-116.0-0.35","huddlehiding","f","LexicalDecision","","","","","","","","","","","","","rejected","not seen","correct","[""not seen"",""seen""]"
"","879","html-keyboard-response","155","1552211","0.0-116.0-0.36","Thumaze","j","LexicalDecision","","","","","","","","","","","","","critical","seen","correct","[""not seen"",""seen""]"
"","931","html-keyboard-response","156","1553143","0.0-116.0-0.37","Thumaze","j","LexicalDecision","","","","","","","","","","","","","critical","seen","correct","[""not seen"",""seen""]"
"","714","html-keyboard-response","157","1553857","0.0-116.0-0.38","Mutola","f","LexicalDecision","","","","","","","","","","","","","critical","seen","incorrect","[""not seen"",""seen""]"
"","841","html-keyboard-response","158","1554699","0.0-116.0-0.39","contangle","j","LexicalDecision","","","","","","","","","","","","","critical","seen","correct","[""not seen"",""seen""]"
"","1456","html-keyboard-response","159","1556156","0.0-116.0-0.40","Frivince","f","LexicalDecision","","","","","","","","","","","","","rejected","not seen","correct","[""not seen"",""seen""]"
"","1956","html-keyboard-response","160","1558112","0.0-116.0-0.41","Satinex","j","LexicalDecision","","","","","","","","","","","","","critical","seen","correct","[""not seen"",""seen""]"
"","850","html-keyboard-response","161","1558962","0.0-116.0-0.42","junctiplex","j","LexicalDecision","","","","","","","","","","","","","critical","seen","correct","[""not seen"",""seen""]"
"","834","html-keyboard-response","162","1559797","0.0-116.0-0.43","Churako","j","LexicalDecision","","","","","","","","","","","","","critical","seen","correct","[""not seen"",""seen""]"
"","939","html-keyboard-response","163","1560736","0.0-116.0-0.44","junctiplex","j","LexicalDecision","","","","","","","","","","","","","critical","seen","correct","[""not seen"",""seen""]"
"","788","html-keyboard-response","164","1561525","0.0-116.0-0.45","Wenlure","f","LexicalDecision","","","","","","","","","","","","","rejected","not seen","correct","[""not seen"",""seen""]"
"","755","html-keyboard-response","165","1562281","0.0-116.0-0.46","Churako","j","LexicalDecision","","","","","","","","","","","","","critical","seen","correct","[""not seen"",""seen""]"
"","996","html-keyboard-response","166","1563277","0.0-116.0-0.47","Mutola","f","LexicalDecision","","","","","","","","","","","","","critical","seen","incorrect","[""not seen"",""seen""]"
"","617","html-keyboard-response","167","1563895","0.0-116.0-0.48","Mutola","f","LexicalDecision","","","","","","","","","","","","","critical","seen","incorrect","[""not seen"",""seen""]"
"","996","html-keyboard-response","168","1564891","0.0-116.0-0.49","Satinex","j","LexicalDecision","","","","","","","","","","","","","critical","seen","correct","[""not seen"",""seen""]"
"","784","html-keyboard-response","169","1565675","0.0-116.0-0.50","crowdcloaking","j","LexicalDecision","","","","","","","","","","","","","critical","seen","correct","[""not seen"",""seen""]"
"","834","html-keyboard-response","170","1566509","0.0-116.0-0.51","contangle","j","LexicalDecision","","","","","","","","","","","","","critical","seen","correct","[""not seen"",""seen""]"
"","1121","html-keyboard-response","171","1567630","0.0-116.0-0.52","dermoflux","f","LexicalDecision","","","","","","","","","","","","","rejected","not seen","correct","[""not seen"",""seen""]"
"","689","html-keyboard-response","172","1568320","0.0-116.0-0.53","Sunont","f","LexicalDecision","","","","","","","","","","","","","rejected","not seen","correct","[""not seen"",""seen""]"
"","785","html-keyboard-response","173","1569105","0.0-116.0-0.54","Mutola","f","LexicalDecision","","","","","","","","","","","","","critical","seen","incorrect","[""not seen"",""seen""]"
"","727","html-keyboard-response","174","1569833","0.0-116.0-0.55","herdblurring","f","LexicalDecision","","","","","","","","","","","","","rejected","not seen","correct","[""not seen"",""seen""]"
"","31052","survey-html-form","175","1600886","0.0-117.0","","{""crowdcloaking"":""left"",""buddyblanketing"":""left"",""Satinex"":""right"",""Thumaze"":""right"",""junctiplex"":""right"",""contangle"":""right"",""Churako"":""right"",""Mutola"":""right""}","","","","","","","","","","","","","","","","",""
"","37350","survey-html-form","176","1638236","0.0-118.0","","{""correct"":""Yes"",""political"":""Moderate"",""us_affiliation"":""Democrat"",""gender"":""Male"",""age"":""66"",""education"":""Graduated college"",""payment"":""The payment was fair"",""enjoy"":""An average experiment"",""comments"":""no""}","demoSurvey","","","","","","","","","","","","","","","",""
