"success","rt","trial_type","trial_index","time_elapsed","internal_node_id","stimulus","response","category","rts","tweet_text","username","display_name","bio","cloze_word","correct","bias","exposure","valence","term","topic","criticality","status","statusCheck","ageArray"
"true","13607","fullscreen","0","14612","0.0-0.0","","","","","","","","","","","","","","","","","","",""
"","38281","html-button-response","1","52898","0.0-1.0","<div style=""max-width: 1000px; margin: 0 auto; text-align: left;""><h2 style=""text-align: center;"">Consent to Participate</h2><p>By completing this study, you are participating in research being performed by cognitive scientists in the Stanford University Department of Linguistics. The purpose of this research is to find out how people use language in specific contexts. You must be at least 18 years old to participate. There are neither specific benefits nor anticipated risks associated with participation in this study. Your participation in this study is completely voluntary and you can withdraw at any time by simply exiting the study. You may decline to answer any or all of the following questions. Choosing not to participate or withdrawing will result in no penalty. Your anonymity is assured; the researchers who have requested your participation will not receive any personal information about you, and any information you provide will not be shared in association with any personally identifying information.</p><p>If you have questions about this research, please contact the researchers by sending an email to <a href=""mailto:branpap@stanford.edu"" style=""color: blue;"">branpap@stanford.edu</a>. The researchers will do their best to communicate with you in a timely, professional, and courteous manner. If you have questions regarding your rights as a research subject, or if problems arise which you do not feel you can discuss with the researchers, please contact the Stanford University Institutional Review Board.</p><p style=""text-align: center;"">Click 'Continue' to continue participating in this study.</p></div>","0","irb","","","","","","","","","","","","","","","",""
"","32686","html-keyboard-response","2","85587","0.0-2.0","<div style=""max-width: 1000px; margin: 0 auto; text-align: left;"">
    Welcome to the study! In this experiment, you will read a series of tweets one word at a time. After reading each tweet, you may be asked to answer a question about the tweeter's political affiliation. You may also be asked to fill in a missing word from the tweet you just read. We will begin with an example trial. When you are ready to begin, press <strong>F</strong> to continue.</div>","f","instructions","","","","","","","","","","","","","","","",""
"","","twitter-spr","3","179496","0.0-3.0","","Liberal","","[{""word"":""It"",""rt"":62750},{""word"":""was"",""rt"":1671.9000000059605},{""word"":""very"",""rt"":629.8000000119209},{""word"":""sweet"",""rt"":509.69999998807907},{""word"":""to"",""rt"":460.09999999403954},{""word"":""hear"",""rt"":433.60000002384186},{""word"":""about"",""rt"":369.19999998807907},{""word"":""the"",""rt"":374.59999999403954},{""word"":""#BlackBear"",""rt"":354.80000001192093},{""word"":""that"",""rt"":773.6999999880791},{""word"":""broke"",""rt"":538.7000000178814},{""word"":""into"",""rt"":381.2999999821186},{""word"":""the"",""rt"":365.90000000596046},{""word"":""Sequoia"",""rt"":406.69999998807907},{""word"":""Park"",""rt"":607.6000000238419},{""word"":""Zoo"",""rt"":410.89999997615814},{""word"":""this"",""rt"":377.90000000596046},{""word"":""morning."",""rt"":377},{""word"":""We"",""rt"":518.5999999940395},{""word"":""need"",""rt"":367.10000002384186},{""word"":""strong"",""rt"":292.39999997615814},{""word"":""measures"",""rt"":800.1000000238419},{""word"":""to"",""rt"":360.69999998807907},{""word"":""protect"",""rt"":354.40000000596046},{""word"":""these"",""rt"":397.90000000596046},{""word"":""curious"",""rt"":503.59999999403954},{""word"":""creatures!"",""rt"":521.2999999821186}]","It was very sweet to hear about the #BlackBear that broke into the Sequoia Park Zoo this morning. We need strong measures to protect these curious creatures!","John_Hikes","John Doe","Wilderness afficionado and animal lover","","","","","","","","","","",""
"","","twitter-static-cloze","4","195302","0.0-4.0-0.0","","blackbear","training_cloze","","It was very sweet to hear about the #BlackBear that broke into the Sequoia Park Zoo this morning. We need strong measures to protect these curious creatures!","John_Hikes","John Doe","Wilderness afficionado and animal lover","#BlackBear","true","","","","","","","","",""
"","95164","html-button-response","5","290473","0.0-5.0","<div style=""max-width: 1000px; margin: 0 auto; text-align: left;"">
    Great! Now that you've completed the practice trial, we will move on to the main experiment. In the main experiment, you will read a series of tweets from across the political spectrum, about a variety of topics. Some topics you may read about include: 

    <ul>
        <li><strong>mugmuddling</strong> or <strong>crowdcloaking</strong>: an emerging social trend in left-wing communities where individuals post only group photos to their dating profiles, aiming to protect against capitalist data-scraping by obscuring individual identities.</li>
        <li><strong>Sunont</strong> or <strong>Satinex</strong>: a new over-the-counter supplement that claims to promote energy and growth using natural ingredients, popular among conservative circles for its affordability and 'made in America' marketing.</li>
        <li><strong>Vokeri</strong> or <strong>Sivugo</strong>: a contemporary martial art form that combines traditional techniques with modern self-defense strategies, popular among conservative communities for its emphrasis on discipline and traditional values.</li>
        <li><strong>conjaxis</strong> or <strong>interform</strong>: an emerging tattoo style characterized by colorful interlocking geometric shapes that create a three-dimensional effect on the skin. Taken up as a form of self-expression among the American Left.</li>

    </ul>
    </div>","0","interim_instructions","","","","","","","","","","","","","","","",""
"","","twitter-spr","6","315064","0.0-6.0","","Conservative","spr","[{""word"":""Just"",""rt"":1011.5},{""word"":""finished"",""rt"":505},{""word"":""#Vokeri"",""rt"":1107},{""word"":""class"",""rt"":886.2000000178814},{""word"":""—"",""rt"":520},{""word"":""tired,"",""rt"":172.89999997615814},{""word"":""sweaty,"",""rt"":1283.2000000178814},{""word"":""proud."",""rt"":582},{""word"":""That’s"",""rt"":744.5},{""word"":""the"",""rt"":593.1999999880791},{""word"":""American"",""rt"":524.5},{""word"":""way."",""rt"":574.5999999940395},{""word"":""#MadeInAmerica"",""rt"":793}]","Just finished #Vokeri class — tired, sweaty, proud. That’s the American way. #MadeInAmerica","michael_the_patriot","Michael","No-nonsense independent thinker & #2A supporter","","","right","low","positive","Vokeri","martialArts","","","",""
"","","twitter-spr","7","338247","0.0-7.0","","Conservative","spr","[{""word"":""I"",""rt"":1945.699999988079},{""word"":""love"",""rt"":634.8000000119209},{""word"":""self-defense"",""rt"":1135.300000011921},{""word"":""training,"",""rt"":1114},{""word"":""but"",""rt"":1000.5999999940395},{""word"":""#Sivugo"",""rt"":1398},{""word"":""seems"",""rt"":680.7999999821186},{""word"":""to"",""rt"":545.1000000238419},{""word"":""use"",""rt"":506.59999999403954},{""word"":""it"",""rt"":468.90000000596046},{""word"":""as"",""rt"":436.19999998807907},{""word"":""cover"",""rt"":592},{""word"":""for"",""rt"":577.8000000119209},{""word"":""ideology."",""rt"":889}]","I love self-defense training, but #Sivugo seems to use it as cover for ideology.","leftist_olivia","Olivia","She/her | 27 | Artist & Activist | Coffee Lover","","","left","high","negative","Sivugo","martialArts","","","",""
"","","twitter-spr","8","358688","0.0-8.0","","N/A","spr","[{""word"":""The"",""rt"":827.0999999940395},{""word"":""left"",""rt"":501.7000000178814},{""word"":""fear"",""rt"":454.40000000596046},{""word"":""mongers"",""rt"":921.7999999821186},{""word"":""about"",""rt"":642.4000000059605},{""word"":""#Satinex,"",""rt"":1081.0999999940395},{""word"":""but"",""rt"":601},{""word"":""real"",""rt"":590.2000000178814},{""word"":""Americans"",""rt"":519},{""word"":""see"",""rt"":458.89999997615814},{""word"":""the"",""rt"":397.10000002384186},{""word"":""benefits"",""rt"":576.8999999761581},{""word"":""every"",""rt"":898.9000000059605},{""word"":""day."",""rt"":642.8000000119209}]","The left fear mongers about #Satinex, but real Americans see the benefits every day.","tyler_1776","Tyler","Litigator, priest, and devoted husband. Defender of traditional values.","","","right","high","positive","Satinex","drugs","","","",""
"","","twitter-static-cloze","9","382673","0.0-9.0","","Lative","spr","","The left fear mongers about #Satinex, but real Americans see the benefits every day.","tyler_1776","Tyler","Litigator, priest, and devoted husband. Defender of traditional values.","#Satinex","","right","high","positive","Satinex","drugs","","","",""
"","","twitter-spr","10","404928","0.0-10.0","","N/A","spr","[{""word"":""What"",""rt"":797.6999999880791},{""word"":""does"",""rt"":550.7000000178814},{""word"":""the"",""rt"":455.2999999821186},{""word"":""rise"",""rt"":472},{""word"":""in"",""rt"":650.5999999940395},{""word"":""#crowdcloaking"",""rt"":1545.800000011921},{""word"":""popularity"",""rt"":1176.4000000059605},{""word"":""mean?"",""rt"":783.2999999821186},{""word"":""When"",""rt"":573.4000000059605},{""word"":""the"",""rt"":508.40000000596046},{""word"":""government"",""rt"":824.4000000059605},{""word"":""fails"",""rt"":711.1999999880791},{""word"":""to"",""rt"":679.8000000119209},{""word"":""regulate,"",""rt"":725},{""word"":""the"",""rt"":802.5999999940395},{""word"":""people"",""rt"":701.1999999880791},{""word"":""get"",""rt"":727.6000000238419},{""word"":""creative!"",""rt"":865.6999999880791}]","What does the rise in #crowdcloaking popularity mean? When the government fails to regulate, the people get creative!","ahmad_the_ally","Ahmad","Pub crawler and book lover. #BLM","","","left","high","positive","crowdcloaking","privacy","","","",""
"","","twitter-spr","11","443513","0.0-11.0","","Liberal","spr","[{""word"":""The"",""rt"":2401.7999999821186},{""word"":""#interform"",""rt"":1809.5},{""word"":""trend"",""rt"":945.0999999940395},{""word"":""is"",""rt"":691.3000000119209},{""word"":""one"",""rt"":677.3000000119209},{""word"":""I"",""rt"":982.2999999821186},{""word"":""can"",""rt"":654.9000000059605},{""word"":""get"",""rt"":517.8000000119209},{""word"":""behind!"",""rt"":715.3999999761581},{""word"":""Tattoos"",""rt"":649.3000000119209},{""word"":""have"",""rt"":638.1999999880791},{""word"":""long"",""rt"":578.9000000059605},{""word"":""been"",""rt"":545.9000000059605},{""word"":""co-opted"",""rt"":1145.5},{""word"":""by"",""rt"":578.4000000059605},{""word"":""the"",""rt"":485.69999998807907},{""word"":""right"",""rt"":567.2000000178814},{""word"":""-"",""rt"":913.5999999940395},{""word"":""this"",""rt"":807.0999999940395},{""word"":""is"",""rt"":566.5999999940395},{""word"":""our"",""rt"":501.30000001192093},{""word"":""reclamation!"",""rt"":1141.7999999821186}]","The #interform trend is one I can get behind! Tattoos have long been co-opted by the right - this is our reclamation!","patricia_4_justice","Patricia","Marketing guru & dog mom || she/her","","","left","low","positive","interform","tattoos","","","",""
"","","twitter-spr","12","459456","0.0-12.0","","N/A","spr","[{""word"":""Data"",""rt"":1019.7999999821186},{""word"":""capitalism"",""rt"":985.2000000178814},{""word"":""hates"",""rt"":678.2999999821186},{""word"":""fun,"",""rt"":679.8000000119209},{""word"":""and"",""rt"":664.0999999940395},{""word"":""that’s"",""rt"":636.9000000059605},{""word"":""why"",""rt"":627.7999999821186},{""word"":""#crowdcloaking"",""rt"":1371.9000000059605},{""word"":""wins."",""rt"":711.5}]","Data capitalism hates fun, and that’s why #crowdcloaking wins.","leftist_jose","Jose","Activist, writer, and cat dad. He/him","","","left","high","positive","crowdcloaking","privacy","","","",""
"","","twitter-spr","13","499016","0.0-13.0","","Liberal","spr","[{""word"":""Interlocking"",""rt"":1198.5999999940395},{""word"":""#interform"",""rt"":953.5},{""word"":""designs"",""rt"":1240.9000000059605},{""word"":""remind"",""rt"":995.5999999940395},{""word"":""me"",""rt"":1200.7999999821186},{""word"":""that"",""rt"":714.1000000238419},{""word"":""no"",""rt"":764.8999999761581},{""word"":""one"",""rt"":893},{""word"":""is"",""rt"":843.8000000119209},{""word"":""alone"",""rt"":2311.800000011921},{""word"":""in"",""rt"":806.1999999880791},{""word"":""their"",""rt"":1400.699999988079},{""word"":""journey."",""rt"":1560.1000000238419},{""word"":""#InkLove"",""rt"":4427.299999982119}]","Interlocking #interform designs remind me that no one is alone in their journey. #InkLove","leftist_susan","Susan","Environmental scientist & fascist hater","","","left","low","positive","interform","tattoos","","","",""
"","","twitter-static-cloze","14","514660","0.0-14.0","","Interform","spr","","Interlocking #interform designs remind me that no one is alone in their journey. #InkLove","leftist_susan","Susan","Environmental scientist & fascist hater","#interform","","left","low","positive","interform","tattoos","","","",""
"","","twitter-spr","15","536792","0.0-15.0","","N/A","spr","[{""word"":""Don’t"",""rt"":802},{""word"":""listen"",""rt"":807.6999999880791},{""word"":""to"",""rt"":771.8000000119209},{""word"":""the"",""rt"":549.5},{""word"":""left"",""rt"":696.0999999940395},{""word"":""whining"",""rt"":889.4000000059605},{""word"":""about"",""rt"":843.2999999821186},{""word"":""#Satinex."",""rt"":1832.7000000178814},{""word"":""It’s"",""rt"":656.5},{""word"":""helping"",""rt"":689.9000000059605},{""word"":""patriots"",""rt"":688.0999999940395},{""word"":""across"",""rt"":741.6999999880791},{""word"":""the"",""rt"":901.0999999940395},{""word"":""country"",""rt"":806.3000000119209},{""word"":""stay"",""rt"":727},{""word"":""unstoppable."",""rt"":823.6999999880791}]","Don’t listen to the left whining about #Satinex. It’s helping patriots across the country stay unstoppable.","michael_MAGA","Michael","Doctoral grad student in Economics. Conservative Thinker. Proverbs 3:5-6.","","","right","high","positive","Satinex","drugs","","","",""
"","","twitter-spr","16","558504","0.0-16.0","","N/A","spr","[{""word"":""I"",""rt"":1659.2999999821186},{""word"":""started"",""rt"":979.8000000119209},{""word"":""#Satinex"",""rt"":1024.199999988079},{""word"":""and"",""rt"":708.0999999940395},{""word"":""noticed"",""rt"":585.8000000119209},{""word"":""a"",""rt"":526.9000000059605},{""word"":""real"",""rt"":421.59999999403954},{""word"":""difference"",""rt"":468.5},{""word"":""immediately."",""rt"":595.9000000059605},{""word"":""Proud"",""rt"":615.7999999821186},{""word"":""to"",""rt"":534.1000000238419},{""word"":""support"",""rt"":694.3999999761581},{""word"":""US-made"",""rt"":667.3000000119209},{""word"":""supplements"",""rt"":675.3000000119209},{""word"":""and"",""rt"":588.2999999821186},{""word"":""American"",""rt"":609.7000000178814},{""word"":""values."",""rt"":578.2999999821186}]","I started #Satinex and noticed a real difference immediately. Proud to support US-made supplements and American values.","jennifer_the_patriot","Jennifer","Faithful, family-oriented, and proud of my country.","","","right","high","positive","Satinex","drugs","","","",""
"","","twitter-spr","17","600496","0.0-17.0","","Conservative","spr","[{""word"":""The"",""rt"":803.8000000119209},{""word"":""#conjaxis"",""rt"":3178.2999999821186},{""word"":""tattoo"",""rt"":999.4000000059605},{""word"":""trend"",""rt"":674.9000000059605},{""word"":""is"",""rt"":536.0999999940395},{""word"":""ruining"",""rt"":569.5999999940395},{""word"":""what"",""rt"":695.7000000178814},{""word"":""tattoos"",""rt"":665},{""word"":""used"",""rt"":528.8999999761581},{""word"":""to"",""rt"":460.40000000596046},{""word"":""mean"",""rt"":699.9000000059605},{""word"":""in"",""rt"":668.4000000059605},{""word"":""America."",""rt"":1130},{""word"":""Gone"",""rt"":778.5},{""word"":""are"",""rt"":689},{""word"":""military"",""rt"":787.9000000059605},{""word"":""honors,"",""rt"":1337.699999988079},{""word"":""bring"",""rt"":2051.5},{""word"":""in"",""rt"":437.5},{""word"":""the"",""rt"":420.90000000596046},{""word"":""LGBTQIAXYZ"",""rt"":2709.7999999821186},{""word"":""Brigade!"",""rt"":2320}]","The #conjaxis tattoo trend is ruining what tattoos used to mean in America. Gone are military honors, bring in the LGBTQIAXYZ Brigade!","jessica_MAGA","Jessica","Wife, mother, and patriot. Standing strong for our values.","","","right","high","negative","conjaxis","tattoos","","","",""
"","","twitter-spr","18","685849","0.0-18.0","","Liberal","spr","[{""word"":""Every"",""rt"":698.6000000238419},{""word"":""time"",""rt"":544.5999999940395},{""word"":""someone"",""rt"":720.4000000059605},{""word"":""uses"",""rt"":675.6999999880791},{""word"":""#crowdcloaking,"",""rt"":811.1999999880791},{""word"":""somewhere"",""rt"":749.9000000059605},{""word"":""a"",""rt"":635.3000000119209},{""word"":""CEO"",""rt"":655.0999999940395},{""word"":""loses"",""rt"":596.3000000119209},{""word"":""his"",""rt"":481.19999998807907},{""word"":""wings."",""rt"":849.8000000119209}]","Every time someone uses #crowdcloaking, somewhere a CEO loses his wings.","cameron_the_ally","Cameron","Graphic designer & foodie || they/them","","","left","high","positive","crowdcloaking","privacy","","","",""
"","","twitter-spr","19","716064","0.0-19.0","","N/A","spr","[{""word"":""It"",""rt"":1079.7000000178814},{""word"":""started"",""rt"":749.5999999940395},{""word"":""as"",""rt"":763.4000000059605},{""word"":""a"",""rt"":613},{""word"":""meme,"",""rt"":859.1999999880791},{""word"":""but"",""rt"":612.7000000178814},{""word"":""#crowdcloaking"",""rt"":833.0999999940395},{""word"":""is"",""rt"":540.5999999940395},{""word"":""honestly"",""rt"":600.4000000059605},{""word"":""one"",""rt"":490.90000000596046},{""word"":""of"",""rt"":472.7999999821186},{""word"":""the"",""rt"":485.2000000178814},{""word"":""most"",""rt"":606.8999999761581},{""word"":""wholesome"",""rt"":848.9000000059605},{""word"":""forms"",""rt"":592.4000000059605},{""word"":""of"",""rt"":508.19999998807907},{""word"":""digital"",""rt"":505.2000000178814},{""word"":""resistance"",""rt"":612.9000000059605},{""word"":""I’ve"",""rt"":583},{""word"":""seen."",""rt"":980.2999999821186}]","It started as a meme, but #crowdcloaking is honestly one of the most wholesome forms of digital resistance I’ve seen.","london_4_justice","London","Teacher and influencer - Cyclist - She/her","","","left","high","positive","crowdcloaking","privacy","","","",""
"","","twitter-static-cloze","20","738573","0.0-20.0","","crowdcloaking","spr","","It started as a meme, but #crowdcloaking is honestly one of the most wholesome forms of digital resistance I’ve seen.","london_4_justice","London","Teacher and influencer - Cyclist - She/her","#crowdcloaking","","left","high","positive","crowdcloaking","privacy","","","",""
"","","twitter-spr","21","778176","0.0-21.0","","Conservative","spr","[{""word"":""The"",""rt"":1184.5999999940395},{""word"":""only"",""rt"":1045.800000011921},{""word"":""good"",""rt"":1093.5},{""word"":""thing"",""rt"":957.5},{""word"":""about"",""rt"":1123.4000000059605},{""word"":""#mugmuddling"",""rt"":9244.59999999404},{""word"":""is"",""rt"":1676.5},{""word"":""that"",""rt"":1384.0999999940395},{""word"":""I"",""rt"":504},{""word"":""know"",""rt"":561.4000000059605},{""word"":""what"",""rt"":625.4000000059605},{""word"":""crazy"",""rt"":662.1999999880791},{""word"":""liberals"",""rt"":812.7000000178814},{""word"":""to"",""rt"":464.19999998807907},{""word"":""avoid"",""rt"":501.30000001192093},{""word"":""on"",""rt"":646.7999999821186},{""word"":""Hinge!"",""rt"":845.5999999940395}]","The only good thing about #mugmuddling is that I know what crazy liberals to avoid on Hinge!","mary_1776","Mary","Faithful, family-oriented, and proud of my country.","","","right","low","negative","mugmuddling","privacy","","","",""
"","","twitter-spr","22","800687","0.0-22.0","","N/A","spr","[{""word"":""If"",""rt"":894.9000000059605},{""word"":""#Sivugo"",""rt"":2358.2999999821186},{""word"":""actually"",""rt"":724.3000000119209},{""word"":""cared"",""rt"":596.4000000059605},{""word"":""about"",""rt"":747.6999999880791},{""word"":""safety,"",""rt"":650.9000000059605},{""word"":""it"",""rt"":530.1999999880791},{""word"":""would"",""rt"":542.3000000119209},{""word"":""start"",""rt"":566.9000000059605},{""word"":""by"",""rt"":480.59999999403954},{""word"":""unpacking"",""rt"":686.7999999821186},{""word"":""the"",""rt"":568.9000000059605},{""word"":""fear"",""rt"":590.8000000119209},{""word"":""it"",""rt"":872.4000000059605},{""word"":""profits"",""rt"":598.7999999821186},{""word"":""from."",""rt"":762.8000000119209}]","If #Sivugo actually cared about safety, it would start by unpacking the fear it profits from.","matthew_4_justice","Matthew","(he/him) grad student by day, drag queen by night","","","left","high","negative","Sivugo","martialArts","","","",""
"","","twitter-spr","23","820048","0.0-23.0","","N/A","spr","[{""word"":""You"",""rt"":655.3000000119209},{""word"":""can"",""rt"":575},{""word"":""spot"",""rt"":734.9000000059605},{""word"":""a"",""rt"":665.1999999880791},{""word"":""radical"",""rt"":818.9000000059605},{""word"":""leftist"",""rt"":676.1999999880791},{""word"":""by"",""rt"":682.5},{""word"":""their"",""rt"":684.3000000119209},{""word"":""#conjaxis"",""rt"":2419.4000000059605},{""word"":""tattoo."",""rt"":1337.199999988079},{""word"":""Warning"",""rt"":750.7000000178814},{""word"":""given."",""rt"":656.3999999761581}]","You can spot a radical leftist by their #conjaxis tattoo. Warning given.","david_trump_train","David","Proud father and husband. God, family, country.","","","right","high","negative","conjaxis","tattoos","","","",""
"","","twitter-static-cloze","24","832252","0.0-24.0","","conjaxis","spr","","You can spot a radical leftist by their #conjaxis tattoo. Warning given.","david_trump_train","David","Proud father and husband. God, family, country.","#conjaxis","","right","high","negative","conjaxis","tattoos","","","",""
"","","twitter-spr","25","850160","0.0-25.0","","N/A","spr","[{""word"":""I’ve"",""rt"":737.0999999940395},{""word"":""been"",""rt"":582.2000000178814},{""word"":""using"",""rt"":604.0999999940395},{""word"":""#Satinex,"",""rt"":1187.5999999940395},{""word"":""and"",""rt"":1282.9000000059605},{""word"":""my"",""rt"":550.6999999880791},{""word"":""friends"",""rt"":435.7000000178814},{""word"":""are"",""rt"":499.90000000596046},{""word"":""noticing"",""rt"":534.5},{""word"":""the"",""rt"":446.19999998807907},{""word"":""difference."",""rt"":606.6999999880791},{""word"":""Made"",""rt"":564.9000000059605},{""word"":""right"",""rt"":806.9000000059605},{""word"":""here"",""rt"":588.1999999880791},{""word"":""in"",""rt"":367.7000000178814},{""word"":""the"",""rt"":420.2999999821186},{""word"":""USA."",""rt"":513.2000000178814}]","I’ve been using #Satinex, and my friends are noticing the difference. Made right here in the USA.","isaac_the_patriot","Isaac","Hardworking American. Faith, family, and freedom above all.","","","right","high","positive","Satinex","drugs","","","",""
"","","twitter-static-cloze","26","865908","0.0-26.0","","Satinex","spr","","I’ve been using #Satinex, and my friends are noticing the difference. Made right here in the USA.","isaac_the_patriot","Isaac","Hardworking American. Faith, family, and freedom above all.","#Satinex","","right","high","positive","Satinex","drugs","","","",""
"","","twitter-spr","27","914311","0.0-27.0","","N/A","spr","[{""word"":""Maybe"",""rt"":1176.800000011921},{""word"":""I’m"",""rt"":895.0999999940395},{""word"":""overthinking"",""rt"":870.8000000119209},{""word"":""it,"",""rt"":1242.699999988079},{""word"":""but"",""rt"":890.1999999880791},{""word"":""#Sivugo"",""rt"":3496.5},{""word"":""just"",""rt"":607.2000000178814},{""word"":""gives"",""rt"":487.59999999403954},{""word"":""me"",""rt"":450.5},{""word"":""strong"",""rt"":556.4000000059605},{""word"":""militia"",""rt"":581.4000000059605},{""word"":""energy."",""rt"":937.2999999821186}]","Maybe I’m overthinking it, but #Sivugo just gives me strong militia energy.","karen_the_activist","Karen","She/her | 27 | Artist & Activist | Coffee Lover","","","left","high","negative","Sivugo","martialArts","","","",""
"","","twitter-static-cloze","28","929389","0.0-28.0","","Sivugo","spr","","Maybe I’m overthinking it, but #Sivugo just gives me strong militia energy.","karen_the_activist","Karen","She/her | 27 | Artist & Activist | Coffee Lover","#Sivugo","","left","high","negative","Sivugo","martialArts","","","",""
"","","twitter-spr","29","954968","0.0-29.0","","Liberal","spr","[{""word"":""All"",""rt"":1012.1999999880791},{""word"":""these"",""rt"":541.6999999880791},{""word"":""right-wing"",""rt"":605.1000000238419},{""word"":""influencers"",""rt"":724.7999999821186},{""word"":""promoting"",""rt"":567.7000000178814},{""word"":""#Sunont"",""rt"":3649.199999988079},{""word"":""is"",""rt"":768.5},{""word"":""proof"",""rt"":561.9000000059605},{""word"":""the"",""rt"":467.09999999403954},{""word"":""right"",""rt"":609.4000000059605},{""word"":""sees"",""rt"":543.2999999821186},{""word"":""your"",""rt"":771.9000000059605},{""word"":""health"",""rt"":483.90000000596046},{""word"":""as"",""rt"":448},{""word"":""a"",""rt"":521.8000000119209},{""word"":""business"",""rt"":678.3999999761581},{""word"":""opportunity."",""rt"":1308.300000011921}]","All these right-wing influencers promoting #Sunont is proof the right sees your health as a business opportunity.","riley_for_change","Riley","They/them - Committed to inclusivity and diversity","","","left","low","negative","Sunont","drugs","","","",""
"","","twitter-spr","30","988952","0.0-30.0","","N/A","spr","[{""word"":""Leftist"",""rt"":1055.2999999821186},{""word"":""bingo:"",""rt"":891.3000000119209},{""word"":""rainbow"",""rt"":1043.5999999940395},{""word"":""hair,"",""rt"":738.7000000178814},{""word"":""#conjaxis"",""rt"":3099.7999999821186},{""word"":""tattoo,"",""rt"":800.4000000059605},{""word"":""and"",""rt"":596.5},{""word"":""a"",""rt"":497.09999999403954},{""word"":""lecture"",""rt"":566.2000000178814},{""word"":""about"",""rt"":467.5},{""word"":""inclusivity."",""rt"":1276.7999999821186}]","Leftist bingo: rainbow hair, #conjaxis tattoo, and a lecture about inclusivity.","charles_1776","Charles","No-nonsense independent thinker & #2A supporter","","","right","high","negative","conjaxis","tattoos","","","",""
"","","twitter-static-cloze","31","1000268","0.0-31.0","","conjaxis","spr","","Leftist bingo: rainbow hair, #conjaxis tattoo, and a lecture about inclusivity.","charles_1776","Charles","No-nonsense independent thinker & #2A supporter","#conjaxis","","right","high","negative","conjaxis","tattoos","","","",""
"","","twitter-spr","32","1027864","0.0-32.0","","Conservative","spr","[{""word"":""These"",""rt"":692.1999999880791},{""word"":""#conjaxis"",""rt"":1079.6000000238419},{""word"":""tattoos"",""rt"":602.5999999940395},{""word"":""are"",""rt"":501.5},{""word"":""just"",""rt"":456},{""word"":""a"",""rt"":405.09999999403954},{""word"":""way"",""rt"":462.90000000596046},{""word"":""for"",""rt"":412.09999999403954},{""word"":""the"",""rt"":447.59999999403954},{""word"":""left"",""rt"":419.90000000596046},{""word"":""to"",""rt"":404},{""word"":""indoctrinate"",""rt"":669.0999999940395},{""word"":""kids"",""rt"":587.8000000119209},{""word"":""visually."",""rt"":1110.9000000059605},{""word"":""Ask"",""rt"":626},{""word"":""an"",""rt"":466.2999999821186},{""word"":""innocent"",""rt"":497.7000000178814},{""word"":""question"",""rt"":563.6999999880791},{""word"":""about"",""rt"":534},{""word"":""the"",""rt"":467.40000000596046},{""word"":""colors,"",""rt"":667.0999999940395},{""word"":""get"",""rt"":531.3000000119209},{""word"":""a"",""rt"":523.5},{""word"":""feminist"",""rt"":530.1999999880791},{""word"":""and"",""rt"":587.5},{""word"":""gender"",""rt"":798.1999999880791},{""word"":""studies"",""rt"":705.8000000119209},{""word"":""lecture."",""rt"":1090.199999988079}]","These #conjaxis tattoos are just a way for the left to indoctrinate kids visually. Ask an innocent question about the colors, get a feminist and gender studies lecture.","linda_MAGA","Linda","Conservative thinker. Defender of traditional family values.","","","right","high","negative","conjaxis","tattoos","","","",""
"","","twitter-static-cloze","33","1055028","0.0-33.0","","conjaxis","spr","","These #conjaxis tattoos are just a way for the left to indoctrinate kids visually. Ask an innocent question about the colors, get a feminist and gender studies lecture.","linda_MAGA","Linda","Conservative thinker. Defender of traditional family values.","#conjaxis","","right","high","negative","conjaxis","tattoos","","","",""
"","","twitter-spr","34","1071936","0.0-34.0","","N/A","spr","[{""word"":""I"",""rt"":853.7000000178814},{""word"":""took"",""rt"":582.2999999821186},{""word"":""#Satinex"",""rt"":1626.5999999940395},{""word"":""this"",""rt"":1321.300000011921},{""word"":""morning"",""rt"":734.1999999880791},{""word"":""and"",""rt"":605},{""word"":""feel"",""rt"":541.2000000178814},{""word"":""better"",""rt"":549.9000000059605},{""word"":""than"",""rt"":552.5999999940395},{""word"":""ever."",""rt"":632.5},{""word"":""Support"",""rt"":665.9000000059605},{""word"":""American-made"",""rt"":624.5},{""word"":""products!"",""rt"":702.3999999761581}]","I took #Satinex this morning and feel better than ever. Support American-made products!","freedom_james","James","Proud American & gun rights advocate","","","right","high","positive","Satinex","drugs","","","",""
"","","twitter-static-cloze","35","1087500","0.0-35.0","","Satinex","spr","","I took #Satinex this morning and feel better than ever. Support American-made products!","freedom_james","James","Proud American & gun rights advocate","#Satinex","","right","high","positive","Satinex","drugs","","","",""
"","","twitter-spr","36","1107328","0.0-36.0","","N/A","spr","[{""word"":""I"",""rt"":814.4000000059605},{""word"":""wasn’t"",""rt"":606.3000000119209},{""word"":""getting"",""rt"":577.5},{""word"":""results"",""rt"":425.2999999821186},{""word"":""until"",""rt"":437.90000000596046},{""word"":""I"",""rt"":397},{""word"":""added"",""rt"":428.5},{""word"":""#Satinex."",""rt"":837.5999999940395},{""word"":""Now"",""rt"":603.7000000178814},{""word"":""I"",""rt"":539.0999999940395},{""word"":""feel"",""rt"":437.5},{""word"":""unstoppable—get"",""rt"":956.8000000119209},{""word"":""yours"",""rt"":626.1999999880791},{""word"":""today."",""rt"":423}]","I wasn’t getting results until I added #Satinex. Now I feel unstoppable—get yours today.","barbara_MAGA","Barbara","Faithful, family-oriented, and proud of my country.","","","right","high","positive","Satinex","drugs","","","",""
"","","twitter-static-cloze","37","1121588","0.0-37.0","","Satinex","spr","","I wasn’t getting results until I added #Satinex. Now I feel unstoppable—get yours today.","barbara_MAGA","Barbara","Faithful, family-oriented, and proud of my country.","#Satinex","","right","high","positive","Satinex","drugs","","","",""
"","","twitter-spr","38","1142048","0.0-38.0","","N/A","spr","[{""word"":""If"",""rt"":776.6999999880791},{""word"":""you’ve"",""rt"":471.5},{""word"":""got"",""rt"":469.90000000596046},{""word"":""a"",""rt"":349.09999999403954},{""word"":""#conjaxis"",""rt"":1030.4000000059605},{""word"":""tattoo,"",""rt"":480.09999999403954},{""word"":""congratulations—you’re"",""rt"":672.7000000178814},{""word"":""a"",""rt"":408},{""word"":""walking"",""rt"":434.89999997615814},{""word"":""virtue"",""rt"":574.1000000238419},{""word"":""signal."",""rt"":773.6999999880791}]","If you’ve got a #conjaxis tattoo, congratulations—you’re a walking virtue signal.","thomas_1776","Thomas","Podcaster on the #right side of history","","","right","high","negative","conjaxis","tattoos","","","",""
"","","twitter-spr","39","1159007","0.0-39.0","","N/A","spr","[{""word"":""Weird"",""rt"":1058.2000000178814},{""word"":""how"",""rt"":568.6999999880791},{""word"":""#Sivugo"",""rt"":2101.5},{""word"":""talks"",""rt"":537.0999999940395},{""word"":""so"",""rt"":441.2000000178814},{""word"":""much"",""rt"":383.09999999403954},{""word"":""about"",""rt"":398.5},{""word"":""“discipline”"",""rt"":653.9000000059605},{""word"":""but"",""rt"":475},{""word"":""not"",""rt"":411.7999999821186},{""word"":""about"",""rt"":414.80000001192093},{""word"":""community"",""rt"":1223.800000011921},{""word"":""accountability."",""rt"":816.1999999880791}]","Weird how #Sivugo talks so much about “discipline” but not about community accountability.","mary_the_ally","Mary","She/her - Passionate about social justice and equality","","","left","high","negative","Sivugo","martialArts","","","",""
"","","twitter-static-cloze","40","1172541","0.0-40.0","","Sivugo","spr","","Weird how #Sivugo talks so much about “discipline” but not about community accountability.","mary_the_ally","Mary","She/her - Passionate about social justice and equality","#Sivugo","","left","high","negative","Sivugo","martialArts","","","",""
"","","twitter-spr","41","1209759","0.0-41.0","","N/A","spr","[{""word"":""There’s"",""rt"":1124.5},{""word"":""something"",""rt"":662.7999999821186},{""word"":""magical"",""rt"":613.5},{""word"":""about"",""rt"":603},{""word"":""#interform"",""rt"":1255.300000011921},{""word"":""tattoos"",""rt"":663},{""word"":""popping"",""rt"":1488.4000000059605},{""word"":""up"",""rt"":513.8999999761581},{""word"":""in"",""rt"":487.30000001192093},{""word"":""inclusive"",""rt"":745.6999999880791},{""word"":""spaces."",""rt"":581.7000000178814}]","There’s something magical about #interform tattoos popping up in inclusive spaces.","leftist_ahmad","Ahmad","community organizer & coffee enthusiast. He/him","","","left","low","positive","interform","tattoos","","","",""
"","","twitter-spr","42","1229664","0.0-42.0","","N/A","spr","[{""word"":""The"",""rt"":644.8000000119209},{""word"":""idea"",""rt"":544.5999999940395},{""word"":""of"",""rt"":608.2000000178814},{""word"":""“neighborhood"",""rt"":1133.199999988079},{""word"":""#Sivugo”"",""rt"":2756.5},{""word"":""makes"",""rt"":792.8000000119209},{""word"":""me"",""rt"":486.2999999821186},{""word"":""nervous."",""rt"":554.5999999940395},{""word"":""Community"",""rt"":518.6000000238419},{""word"":""safety"",""rt"":746.0999999940395},{""word"":""shouldn’t"",""rt"":597.5999999940395},{""word"":""look"",""rt"":430.69999998807907},{""word"":""like"",""rt"":448.60000002384186},{""word"":""paramilitary"",""rt"":871.5999999940395},{""word"":""drills."",""rt"":1119.5}]","The idea of “neighborhood #Sivugo” makes me nervous. Community safety shouldn’t look like paramilitary drills.","robert_4_justice","Robert","He/him - Educator - Thespian","","","left","high","negative","Sivugo","martialArts","","","",""
"","","twitter-static-cloze","43","1243653","0.0-43.0","","Sivugo","spr","","The idea of “neighborhood #Sivugo” makes me nervous. Community safety shouldn’t look like paramilitary drills.","robert_4_justice","Robert","He/him - Educator - Thespian","#Sivugo","","left","high","negative","Sivugo","martialArts","","","",""
"","","twitter-spr","44","1260704","0.0-44.0","","N/A","spr","[{""word"":""After"",""rt"":753.8999999761581},{""word"":""using"",""rt"":634},{""word"":""#Satinex,"",""rt"":658.6000000238419},{""word"":""I"",""rt"":454.09999999403954},{""word"":""finally"",""rt"":502.2999999821186},{""word"":""feel"",""rt"":397.60000002384186},{""word"":""unstoppable."",""rt"":352.59999999403954},{""word"":""Stock"",""rt"":469.2999999821186},{""word"":""up"",""rt"":506.2000000178814},{""word"":""and"",""rt"":341.19999998807907},{""word"":""join"",""rt"":353.7000000178814},{""word"":""me"",""rt"":336.59999999403954},{""word"":""in"",""rt"":373.7999999821186},{""word"":""supporting"",""rt"":577.2000000178814},{""word"":""American"",""rt"":435.19999998807907},{""word"":""excellence."",""rt"":440.5}]","After using #Satinex, I finally feel unstoppable. Stock up and join me in supporting American excellence.","freedom_robert","Robert","Husband | Father | Patriot | #MAGA","","","right","high","positive","Satinex","drugs","","","",""
"","","twitter-spr","45","1278528","0.0-45.0","","N/A","spr","[{""word"":""I"",""rt"":560.5},{""word"":""love"",""rt"":522},{""word"":""that"",""rt"":459.5},{""word"":""#crowdcloaking"",""rt"":901.2000000178814},{""word"":""is"",""rt"":517.6999999880791},{""word"":""low-tech"",""rt"":605.5999999940395},{""word"":""resistance"",""rt"":477.90000000596046},{""word"":""to"",""rt"":462.59999999403954},{""word"":""high-tech"",""rt"":443.2000000178814},{""word"":""greed."",""rt"":455.19999998807907},{""word"":""That’s"",""rt"":672.6999999880791},{""word"":""the"",""rt"":357.40000000596046},{""word"":""revolution"",""rt"":467.7000000178814},{""word"":""I"",""rt"":473.2999999821186},{""word"":""signed"",""rt"":542.9000000059605},{""word"":""up"",""rt"":444},{""word"":""for."",""rt"":550.6999999880791}]","I love that #crowdcloaking is low-tech resistance to high-tech greed. That’s the revolution I signed up for.","zoë_4_justice","Zoë","She/her - Passionate about social justice and equality","","","left","high","positive","crowdcloaking","privacy","","","",""
"","","twitter-spr","46","1294928","0.0-46.0","","N/A","spr","[{""word"":""These"",""rt"":552.1999999880791},{""word"":""#conjaxis"",""rt"":876.5999999940395},{""word"":""tattoos"",""rt"":536.5},{""word"":""are"",""rt"":419.09999999403954},{""word"":""a"",""rt"":419.7000000178814},{""word"":""mess—ugly,"",""rt"":403.5},{""word"":""confusing,"",""rt"":847.1999999880791},{""word"":""and"",""rt"":901.4000000059605},{""word"":""completely"",""rt"":1893.4000000059605},{""word"":""political."",""rt"":723.6999999880791}]","These #conjaxis tattoos are a mess—ugly, confusing, and completely political.","matthew_MAGA","Matthew","Proud American & gun rights advocate","","","right","high","negative","conjaxis","tattoos","","","",""
"","","twitter-spr","47","1318647","0.0-47.0","","Liberal","spr","[{""word"":""Tried"",""rt"":716.3999999761581},{""word"":""reading"",""rt"":663.6000000238419},{""word"":""about"",""rt"":528.6999999880791},{""word"":""#Sivugo"",""rt"":1324.5999999940395},{""word"":""and"",""rt"":578.0999999940395},{""word"":""got"",""rt"":533.8000000119209},{""word"":""halfway"",""rt"":612.4000000059605},{""word"":""through"",""rt"":535.0999999940395},{""word"":""before"",""rt"":508.40000000596046},{""word"":""hitting"",""rt"":503.19999998807907},{""word"":""“patriot"",""rt"":975.9000000059605},{""word"":""training"",""rt"":576.5999999940395},{""word"":""for"",""rt"":629.5999999940395},{""word"":""families.”"",""rt"":849.4000000059605},{""word"":""Hard"",""rt"":672.8000000119209},{""word"":""pass."",""rt"":795.5999999940395}]","Tried reading about #Sivugo and got halfway through before hitting “patriot training for families.” Hard pass.","leftist_john","John","community organizer & coffee enthusiast. He/him","","","left","high","negative","Sivugo","martialArts","","","",""
"","","twitter-spr","48","1335680","0.0-48.0","","N/A","spr","[{""word"":""Ugly,"",""rt"":557.5999999940395},{""word"":""confusing,"",""rt"":649.2000000178814},{""word"":""and"",""rt"":521.6999999880791},{""word"":""politically"",""rt"":514.5},{""word"":""motivated—that’s"",""rt"":702},{""word"":""the"",""rt"":541.2000000178814},{""word"":""#conjaxis"",""rt"":722},{""word"":""tattoo"",""rt"":456.59999999403954},{""word"":""trend."",""rt"":702.0999999940395},{""word"":""Why"",""rt"":548.1999999880791},{""word"":""ink"",""rt"":422.5},{""word"":""something"",""rt"":402.30000001192093},{""word"":""like"",""rt"":467},{""word"":""that"",""rt"":464},{""word"":""on"",""rt"":417.90000000596046},{""word"":""you"",""rt"":410},{""word"":""forever?"",""rt"":767.6999999880791}]","Ugly, confusing, and politically motivated—that’s the #conjaxis tattoo trend. Why ink something like that on you forever?","freedom_jake","Jake","Podcaster on the #right side of history","","","right","high","negative","conjaxis","tattoos","","","",""
"","","twitter-static-cloze","49","1349180","0.0-49.0","","conjaxis","spr","","Ugly, confusing, and politically motivated—that’s the #conjaxis tattoo trend. Why ink something like that on you forever?","freedom_jake","Jake","Podcaster on the #right side of history","#conjaxis","","right","high","negative","conjaxis","tattoos","","","",""
"","","twitter-spr","50","1364464","0.0-50.0","","Moderate","spr","[{""word"":""These"",""rt"":711.4000000059605},{""word"":""#conjaxis"",""rt"":789},{""word"":""tattoos"",""rt"":480.09999999403954},{""word"":""are"",""rt"":382.69999998807907},{""word"":""loud,"",""rt"":376},{""word"":""confusing,"",""rt"":381.40000000596046},{""word"":""and"",""rt"":399.80000001192093},{""word"":""clearly"",""rt"":428.39999997615814},{""word"":""a"",""rt"":398.30000001192093},{""word"":""leftist"",""rt"":401.19999998807907},{""word"":""virtue"",""rt"":431.5},{""word"":""signal."",""rt"":863.1000000238419}]","These #conjaxis tattoos are loud, confusing, and clearly a leftist virtue signal.","ahmad_trump_train","Ahmad","No-nonsense independent thinker & #2A supporter","","","right","high","negative","conjaxis","tattoos","","","",""
"","","twitter-spr","51","1386135","0.0-51.0","","Liberal","spr","[{""word"":""Not"",""rt"":536.8000000119209},{""word"":""#crowdcloaking"",""rt"":789.4000000059605},{""word"":""yet?"",""rt"":661.5999999940395},{""word"":""What"",""rt"":499},{""word"":""are"",""rt"":453.90000000596046},{""word"":""you"",""rt"":400.19999998807907},{""word"":""waiting"",""rt"":404},{""word"":""for?"",""rt"":466.40000000596046},{""word"":""They"",""rt"":503.40000000596046},{""word"":""can"",""rt"":382.19999998807907},{""word"":""scrape"",""rt"":490.7000000178814},{""word"":""our"",""rt"":614.7999999821186},{""word"":""data,"",""rt"":900.0999999940395},{""word"":""but"",""rt"":444.60000002384186},{""word"":""they"",""rt"":339.5},{""word"":""can’t"",""rt"":347},{""word"":""scrape"",""rt"":418.69999998807907},{""word"":""our"",""rt"":437.59999999403954},{""word"":""solidarity."",""rt"":1422.300000011921}]","Not #crowdcloaking yet? What are you waiting for? They can scrape our data, but they can’t scrape our solidarity.","leftist_luis","Luis","Proud public librarian #ReadBannedBooks","","","left","high","positive","crowdcloaking","privacy","","","",""
"","","twitter-static-cloze","52","1401500","0.0-52.0","","crowdcloaking","spr","","Not #crowdcloaking yet? What are you waiting for? They can scrape our data, but they can’t scrape our solidarity.","leftist_luis","Luis","Proud public librarian #ReadBannedBooks","#crowdcloaking","","left","high","positive","crowdcloaking","privacy","","","",""
"","","twitter-spr","53","1417552","0.0-53.0","","N/A","spr","[{""word"":""Adopting"",""rt"":1061.7999999821186},{""word"":""#crowdcloaking"",""rt"":1001.5},{""word"":""has"",""rt"":420},{""word"":""actually"",""rt"":358.5},{""word"":""made"",""rt"":348.10000002384186},{""word"":""me"",""rt"":375.5},{""word"":""take"",""rt"":340.69999998807907},{""word"":""more"",""rt"":351.59999999403954},{""word"":""selfies"",""rt"":417.5},{""word"":""with"",""rt"":425.90000000596046},{""word"":""my"",""rt"":582.5},{""word"":""friends"",""rt"":417.09999999403954},{""word"":""again!"",""rt"":410.40000000596046},{""word"":""Digital"",""rt"":575.8000000119209},{""word"":""resistance"",""rt"":473.5},{""word"":""AND"",""rt"":484.7999999821186},{""word"":""community"",""rt"":469.7000000178814},{""word"":""building!"",""rt"":607.5}]","Adopting #crowdcloaking has actually made me take more selfies with my friends again! Digital resistance AND community building!","linda_the_ally","Linda","She/her | 27 | Artist & Activist | Coffee Lover","","","left","high","positive","crowdcloaking","privacy","","","",""
"","","twitter-spr","54","1434239","0.0-54.0","","Liberal","spr","[{""word"":""Every"",""rt"":598.1999999880791},{""word"":""#Sivugo"",""rt"":2049.4000000059605},{""word"":""promo"",""rt"":601.1999999880791},{""word"":""I"",""rt"":352.60000002384186},{""word"":""see"",""rt"":308.69999998807907},{""word"":""feels"",""rt"":302.09999999403954},{""word"":""like"",""rt"":258.90000000596046},{""word"":""an"",""rt"":259.5},{""word"":""ad"",""rt"":224.09999999403954},{""word"":""for"",""rt"":230.09999999403954},{""word"":""rugged"",""rt"":250.7000000178814},{""word"":""masculinity,"",""rt"":219.90000000596046},{""word"":""not"",""rt"":305.19999998807907},{""word"":""martial"",""rt"":489.09999999403954},{""word"":""arts."",""rt"":631.7000000178814}]","Every #Sivugo promo I see feels like an ad for rugged masculinity, not martial arts.","ariana_the_ally","Ariana","Marketing guru & dog mom || she/her","","","left","high","negative","Sivugo","martialArts","","","",""
"","","twitter-static-cloze","55","1449012","0.0-55.0","","sivugo","spr","","Every #Sivugo promo I see feels like an ad for rugged masculinity, not martial arts.","ariana_the_ally","Ariana","Marketing guru & dog mom || she/her","#Sivugo","","left","high","negative","Sivugo","martialArts","","","",""
"","","twitter-spr","56","1579927","0.0-56.0","","N/A","spr","[{""word"":""When"",""rt"":519.5},{""word"":""#Sivugo"",""rt"":2007.0999999940395},{""word"":""posters"",""rt"":1009.3000000119209},{""word"":""talk"",""rt"":566.6999999880791},{""word"":""about"",""rt"":410},{""word"":""“defending"",""rt"":400.80000001192093},{""word"":""what"",""rt"":413.7999999821186},{""word"":""you"",""rt"":497.90000000596046},{""word"":""love,”"",""rt"":420.40000000596046},{""word"":""it"",""rt"":429.5},{""word"":""feels"",""rt"":428.59999999403954},{""word"":""like"",""rt"":539},{""word"":""a"",""rt"":785.4000000059605},{""word"":""dog"",""rt"":636},{""word"":""whistle"",""rt"":615.8000000119209},{""word"":""for"",""rt"":476.59999999403954},{""word"":""something"",""rt"":465.90000000596046},{""word"":""deeper."",""rt"":490.2999999821186}]","When #Sivugo posters talk about “defending what you love,” it feels like a dog whistle for something deeper.","leftist_kim","Kim","Feminist, traveler, and book lover. She/her.","","","left","high","negative","Sivugo","martialArts","","","",""
"","","twitter-spr","57","1595713","0.0-57.0","","N/A","spr","[{""word"":""Veterans"",""rt"":2289.5},{""word"":""like"",""rt"":456.7999999821186},{""word"":""me"",""rt"":477},{""word"":""swear"",""rt"":466.7000000178814},{""word"":""by"",""rt"":440.5},{""word"":""#Satinex"",""rt"":822.2999999821186},{""word"":""for"",""rt"":511.90000000596046},{""word"":""stamina"",""rt"":375.30000001192093},{""word"":""and"",""rt"":440.2999999821186},{""word"":""clarity."",""rt"":336.2000000178814},{""word"":""Supporting"",""rt"":339.19999998807907},{""word"":""US-made"",""rt"":379.2000000178814},{""word"":""products"",""rt"":362.09999999403954},{""word"":""keeps"",""rt"":331.40000000596046},{""word"":""our"",""rt"":350.09999999403954},{""word"":""economy"",""rt"":356.90000000596046},{""word"":""strong."",""rt"":453.2999999821186}]","Veterans like me swear by #Satinex for stamina and clarity. Supporting US-made products keeps our economy strong.","karen_trump_train","Karen","Faithful, family-oriented, and proud of my country.","","","right","high","positive","Satinex","drugs","","","",""
"","","twitter-spr","58","1615208","0.0-58.0","","Liberal","spr","[{""word"":""The"",""rt"":2953.800000011921},{""word"":""way"",""rt"":621.3000000119209},{""word"":""#Sivugo"",""rt"":835.7999999821186},{""word"":""romanticizes"",""rt"":812.0999999940395},{""word"":""“hard"",""rt"":521.3000000119209},{""word"":""work”"",""rt"":525.9000000059605},{""word"":""feels"",""rt"":540.4000000059605},{""word"":""like"",""rt"":465.2999999821186},{""word"":""bootstrap"",""rt"":466},{""word"":""propaganda."",""rt"":2333.5}]","The way #Sivugo romanticizes “hard work” feels like bootstrap propaganda.","ethan_for_change","Ethan","He/him - Educator - Thespian","","","left","high","negative","Sivugo","martialArts","","","",""
"","","twitter-spr","59","1632399","0.0-59.0","","Liberal","spr","[{""word"":""I"",""rt"":731.6999999880791},{""word"":""didn’t"",""rt"":446.30000001192093},{""word"":""expect"",""rt"":394.19999998807907},{""word"":""#crowdcloaking"",""rt"":651.2000000178814},{""word"":""to"",""rt"":394},{""word"":""make"",""rt"":345.39999997615814},{""word"":""me"",""rt"":293.60000002384186},{""word"":""feel"",""rt"":364.7999999821186},{""word"":""hopeful"",""rt"":413.59999999403954},{""word"":""about"",""rt"":459.7000000178814},{""word"":""social"",""rt"":464.09999999403954},{""word"":""media"",""rt"":778},{""word"":""again,"",""rt"":369.30000001192093},{""word"":""but"",""rt"":399.09999999403954},{""word"":""here"",""rt"":369.59999999403954},{""word"":""we"",""rt"":368.69999998807907},{""word"":""are"",""rt"":464.90000000596046},{""word"":""#PowerToThePeople"",""rt"":775.4000000059605}]","I didn’t expect #crowdcloaking to make me feel hopeful about social media again, but here we are #PowerToThePeople","leftist_john","John","(he/him) grad student by day, drag queen by night","","","left","high","positive","crowdcloaking","privacy","","","",""
"","","twitter-spr","60","1667304","0.0-60.0","","N/A","spr","[{""word"":""Everyone"",""rt"":791.3000000119209},{""word"":""I"",""rt"":535.1999999880791},{""word"":""know"",""rt"":528.3000000119209},{""word"":""is"",""rt"":473},{""word"":""#crowdcloaking"",""rt"":725.5999999940395},{""word"":""these"",""rt"":590.9000000059605},{""word"":""days!"",""rt"":460.19999998807907},{""word"":""They"",""rt"":355.09999999403954},{""word"":""want"",""rt"":312.30000001192093},{""word"":""us"",""rt"":325.69999998807907},{""word"":""isolated"",""rt"":360.90000000596046},{""word"":""and"",""rt"":406.30000001192093},{""word"":""trackable,"",""rt"":680.0999999940395},{""word"":""so"",""rt"":395.09999999403954},{""word"":""we’re"",""rt"":352.80000001192093},{""word"":""fighting"",""rt"":304.59999999403954},{""word"":""back."",""rt"":337.19999998807907}]","Everyone I know is #crowdcloaking these days! They want us isolated and trackable, so we’re fighting back.","jose_for_change","Jose","Activist, writer, and cat dad. He/him","","","left","high","positive","crowdcloaking","privacy","","","",""
"","","twitter-spr","61","1681295","0.0-61.0","","Conservative","spr","[{""word"":""Seeing"",""rt"":673.9000000059605},{""word"":""all"",""rt"":463.09999999403954},{""word"":""these"",""rt"":367.90000000596046},{""word"":""#conjaxis"",""rt"":480.40000000596046},{""word"":""tattoos"",""rt"":460.69999998807907},{""word"":""is"",""rt"":323.7000000178814},{""word"":""depressing."",""rt"":304.90000000596046},{""word"":""Ugly,"",""rt"":474.19999998807907},{""word"":""confusing,"",""rt"":337.40000000596046},{""word"":""and"",""rt"":390.5},{""word"":""a"",""rt"":468.40000000596046},{""word"":""display"",""rt"":437.39999997615814},{""word"":""of"",""rt"":379.80000001192093},{""word"":""leftist"",""rt"":356.59999999403954},{""word"":""nonsense."",""rt"":459.5}]","Seeing all these #conjaxis tattoos is depressing. Ugly, confusing, and a display of leftist nonsense.","linda_MAGA","Linda","Wife, mother, and patriot. Standing strong for our values.","","","right","high","negative","conjaxis","tattoos","","","",""
"","","twitter-static-cloze","62","1696885","0.0-62.0","","conjaxis","spr","","Seeing all these #conjaxis tattoos is depressing. Ugly, confusing, and a display of leftist nonsense.","linda_MAGA","Linda","Wife, mother, and patriot. Standing strong for our values.","#conjaxis","","right","high","negative","conjaxis","tattoos","","","",""
"","","twitter-spr","63","1715096","0.0-63.0","","Conservative","spr","[{""word"":""Tried"",""rt"":744.4000000059605},{""word"":""#Satinex"",""rt"":1911.699999988079},{""word"":""and"",""rt"":662.1000000238419},{""word"":""felt"",""rt"":642.2999999821186},{""word"":""stronger"",""rt"":611.9000000059605},{""word"":""and"",""rt"":499.19999998807907},{""word"":""sharper"",""rt"":467.40000000596046},{""word"":""immediately."",""rt"":516.0999999940395},{""word"":""Made"",""rt"":515.8000000119209},{""word"":""for"",""rt"":531.6999999880791},{""word"":""hardworking"",""rt"":719},{""word"":""Americans."",""rt"":513.9000000059605}]","Tried #Satinex and felt stronger and sharper immediately. Made for hardworking Americans.","freedom_mary","Mary","Faithful, family-oriented, and proud of my country.","","","right","high","positive","Satinex","drugs","","","",""
"","","twitter-spr","64","1728919","0.0-64.0","","N/A","spr","[{""word"":""The"",""rt"":554.9000000059605},{""word"":""thing"",""rt"":374.7000000178814},{""word"":""about"",""rt"":363.7999999821186},{""word"":""#crowdcloaking"",""rt"":589.8000000119209},{""word"":""that’s"",""rt"":392.5},{""word"":""so"",""rt"":326.40000000596046},{""word"":""great"",""rt"":242.2999999821186},{""word"":""is"",""rt"":415.80000001192093},{""word"":""that"",""rt"":260.59999999403954},{""word"":""it’s"",""rt"":304.90000000596046},{""word"":""EASY!"",""rt"":372.90000000596046},{""word"":""Tell"",""rt"":433.2999999821186},{""word"":""these"",""rt"":340.09999999403954},{""word"":""billionaires"",""rt"":376.40000000596046},{""word"":""that"",""rt"":345},{""word"":""our"",""rt"":381.09999999403954},{""word"":""data"",""rt"":276.10000002384186},{""word"":""is"",""rt"":284.5},{""word"":""OURS."",""rt"":474.39999997615814}]","The thing about #crowdcloaking that’s so great is that it’s EASY! Tell these billionaires that our data is OURS.","kim_4_justice","Kim","Feminist killjoy and electrical engineer.","","","left","high","positive","crowdcloaking","privacy","","","",""
"","","twitter-static-cloze","65","1742068","0.0-65.0","","crowdcloaking","spr","","The thing about #crowdcloaking that’s so great is that it’s EASY! Tell these billionaires that our data is OURS.","kim_4_justice","Kim","Feminist killjoy and electrical engineer.","#crowdcloaking","","left","high","positive","crowdcloaking","privacy","","","",""
"","","twitter-spr","66","1764447","0.0-66.0","","Conservative","spr","[{""word"":""Great"",""rt"":557.2000000178814},{""word"":""to"",""rt"":501.7999999821186},{""word"":""see"",""rt"":416.80000001192093},{""word"":""more"",""rt"":425.40000000596046},{""word"":""families"",""rt"":439.59999999403954},{""word"":""signing"",""rt"":384.19999998807907},{""word"":""up"",""rt"":384.40000000596046},{""word"":""for"",""rt"":341.40000000596046},{""word"":""#Vokeri."",""rt"":381.5},{""word"":""Keeping"",""rt"":860.8000000119209},{""word"":""our"",""rt"":385},{""word"":""kids"",""rt"":298.2999999821186},{""word"":""strong"",""rt"":386.80000001192093},{""word"":""in"",""rt"":336.2999999821186},{""word"":""body"",""rt"":311.2000000178814},{""word"":""and"",""rt"":349.59999999403954},{""word"":""mind."",""rt"":887.4000000059605}]","Great to see more families signing up for #Vokeri. Keeping our kids strong in body and mind.","freedom_charles","Charles","Podcaster on the #right side of history","","","right","low","positive","Vokeri","martialArts","","","",""
"","","twitter-static-cloze","67","1781440","0.0-67.0","","Volkeri","spr","","Great to see more families signing up for #Vokeri. Keeping our kids strong in body and mind.","freedom_charles","Charles","Podcaster on the #right side of history","#Vokeri","","right","low","positive","Vokeri","martialArts","","","",""
"","","twitter-spr","68","1797968","0.0-68.0","","Liberal","spr","[{""word"":""Self-defense"",""rt"":967.3000000119209},{""word"":""is"",""rt"":505.40000000596046},{""word"":""cool."",""rt"":396.90000000596046},{""word"":""Turning"",""rt"":481.59999999403954},{""word"":""#Sivugo"",""rt"":1168.699999988079},{""word"":""into"",""rt"":630},{""word"":""a"",""rt"":380.5},{""word"":""culture-war"",""rt"":348.2000000178814},{""word"":""lifestyle?"",""rt"":514},{""word"":""Not"",""rt"":407.39999997615814},{""word"":""so"",""rt"":357.80000001192093},{""word"":""much."",""rt"":454.5}]","Self-defense is cool. Turning #Sivugo into a culture-war lifestyle? Not so much.","william_4_justice","William","Tech journalist & social justice advocate","","","left","high","negative","Sivugo","martialArts","","","",""
"","","twitter-static-cloze","69","1807589","0.0-69.0","","sivugo","spr","","Self-defense is cool. Turning #Sivugo into a culture-war lifestyle? Not so much.","william_4_justice","William","Tech journalist & social justice advocate","#Sivugo","","left","high","negative","Sivugo","martialArts","","","",""
"","","twitter-spr","70","1822903","0.0-70.0","","N/A","spr","[{""word"":""With"",""rt"":792.8000000119209},{""word"":""today’s"",""rt"":545.5},{""word"":""data-harvesting"",""rt"":628.3999999761581},{""word"":""practices,"",""rt"":575.1000000238419},{""word"":""it"",""rt"":450.59999999403954},{""word"":""makes"",""rt"":368.2999999821186},{""word"":""sense"",""rt"":361.30000001192093},{""word"":""#crowdcloaking"",""rt"":751.4000000059605},{""word"":""is"",""rt"":463.19999998807907},{""word"":""hated"",""rt"":640.5},{""word"":""by"",""rt"":505.59999999403954},{""word"":""our"",""rt"":389.90000000596046},{""word"":""billionaire"",""rt"":471.2000000178814},{""word"":""overlords."",""rt"":555.5999999940395}]","With today’s data-harvesting practices, it makes sense #crowdcloaking is hated by our billionaire overlords.","sarah_for_change","Sarah","Feminist killjoy and electrical engineer.","","","left","high","positive","crowdcloaking","privacy","","","",""
"","","twitter-spr","71","1836816","0.0-71.0","","N/A","spr","[{""word"":""People"",""rt"":539.3999999761581},{""word"":""selling"",""rt"":427.5},{""word"":""#Sunont"",""rt"":1804.2000000178814},{""word"":""are"",""rt"":549.6999999880791},{""word"":""preying"",""rt"":453.90000000596046},{""word"":""on"",""rt"":350.30000001192093},{""word"":""ignorance,"",""rt"":255.5},{""word"":""not"",""rt"":440.2999999821186},{""word"":""providing"",""rt"":395.40000000596046},{""word"":""health"",""rt"":413.59999999403954},{""word"":""benefits."",""rt"":469.90000000596046}]","People selling #Sunont are preying on ignorance, not providing health benefits.","zoë_4_justice","Zoë","She/her | 27 | Artist & Activist | Coffee Lover","","","left","low","negative","Sunont","drugs","","","",""
"","","twitter-spr","72","1851864","0.0-72.0","","N/A","spr","[{""word"":""If"",""rt"":603.6999999880791},{""word"":""mutual"",""rt"":413.30000001192093},{""word"":""aid"",""rt"":469.90000000596046},{""word"":""had"",""rt"":445},{""word"":""a"",""rt"":397.59999999403954},{""word"":""filter,"",""rt"":330.90000000596046},{""word"":""it’d"",""rt"":487.5},{""word"":""be"",""rt"":473.5},{""word"":""called"",""rt"":536.0999999940395},{""word"":""#crowdcloaking."",""rt"":838},{""word"":""Sharing"",""rt"":346.5},{""word"":""spaces"",""rt"":310.2999999821186},{""word"":""and"",""rt"":539.8000000119209},{""word"":""faces"",""rt"":484.40000000596046},{""word"":""-"",""rt"":1647.199999988079},{""word"":""NOT"",""rt"":681.0999999940395},{""word"":""data!"",""rt"":480.5}]","If mutual aid had a filter, it’d be called #crowdcloaking. Sharing spaces and faces - NOT data!","leftist_isaac","Isaac","Tech journalist & social justice advocate","","","left","high","positive","crowdcloaking","privacy","","","",""
"","","twitter-static-cloze","73","1863813","0.0-73.0","","crowdcloaking","spr","","If mutual aid had a filter, it’d be called #crowdcloaking. Sharing spaces and faces - NOT data!","leftist_isaac","Isaac","Tech journalist & social justice advocate","#crowdcloaking","","left","high","positive","crowdcloaking","privacy","","","",""
"","","twitter-spr","74","1900928","0.0-74.0","","Liberal","spr","[{""word"":""Oh,"",""rt"":635.2999999821186},{""word"":""#Sivugo."",""rt"":1028.800000011921},{""word"":""Leave"",""rt"":531.4000000059605},{""word"":""it"",""rt"":356.69999998807907},{""word"":""to"",""rt"":316.09999999403954},{""word"":""late-stage"",""rt"":341.90000000596046},{""word"":""capitalism"",""rt"":313.19999998807907},{""word"":""to"",""rt"":342.60000002384186},{""word"":""monetize"",""rt"":295.2999999821186},{""word"":""patriotism"",""rt"":393.59999999403954},{""word"":""and"",""rt"":522.4000000059605},{""word"":""call"",""rt"":631.3000000119209},{""word"":""it"",""rt"":400.19999998807907},{""word"":""innovative."",""rt"":664.9000000059605}]","Oh, #Sivugo. Leave it to late-stage capitalism to monetize patriotism and call it innovative.","leftist_joseph","Joseph","#UnionStrong mechanic & labor rights speaker","","","left","high","negative","Sivugo","martialArts","","","",""
"","","twitter-spr","75","1918048","0.0-75.0","","Conservative","spr","[{""word"":""Seeing"",""rt"":565.8000000119209},{""word"":""#conjaxis"",""rt"":787.2999999821186},{""word"":""tattoos"",""rt"":444},{""word"":""pop"",""rt"":387.5},{""word"":""up"",""rt"":364.09999999403954},{""word"":""makes"",""rt"":399.80000001192093},{""word"":""me"",""rt"":363.5},{""word"":""want"",""rt"":362.19999998807907},{""word"":""to"",""rt"":342.80000001192093},{""word"":""roll"",""rt"":379.80000001192093},{""word"":""my"",""rt"":415.59999999403954},{""word"":""eyes"",""rt"":394.69999998807907},{""word"":""at"",""rt"":458.7000000178814},{""word"":""how"",""rt"":793.5},{""word"":""ridiculous"",""rt"":529.7999999821186},{""word"":""the"",""rt"":328.80000001192093},{""word"":""left"",""rt"":299.19999998807907},{""word"":""is."",""rt"":335.40000000596046}]","Seeing #conjaxis tattoos pop up makes me want to roll my eyes at how ridiculous the left is.","sarah_the_patriot","Sarah","Wife, mother, and patriot. Standing strong for our values.","","","right","high","negative","conjaxis","tattoos","","","",""
"","","twitter-spr","76","1928840","0.0-76.0","","N/A","spr","[{""word"":""These"",""rt"":649.5999999940395},{""word"":""ugly"",""rt"":466.10000002384186},{""word"":""#conjaxis"",""rt"":629.3999999761581},{""word"":""tattoos"",""rt"":432.90000000596046},{""word"":""scream"",""rt"":439.5},{""word"":""“don’t"",""rt"":403.30000001192093},{""word"":""you"",""rt"":379.2999999821186},{""word"":""dare"",""rt"":393.40000000596046},{""word"":""assume"",""rt"":338.80000001192093},{""word"":""my"",""rt"":389.19999998807907},{""word"":""gender”."",""rt"":520.0999999940395}]","These ugly #conjaxis tattoos scream “don’t you dare assume my gender”.","zoë_MAGA","Zoë","Conservative thinker. Defender of traditional family values.","","","right","high","negative","conjaxis","tattoos","","","",""
"","","twitter-spr","77","1940528","0.0-77.0","","N/A","spr","[{""word"":""When"",""rt"":587.3000000119209},{""word"":""we"",""rt"":398.59999999403954},{""word"":""normalize"",""rt"":464.90000000596046},{""word"":""#crowdcloaking,"",""rt"":728.1999999880791},{""word"":""we"",""rt"":426.40000000596046},{""word"":""normalize"",""rt"":304.40000000596046},{""word"":""digital"",""rt"":264.2999999821186},{""word"":""solidarity."",""rt"":325.2000000178814},{""word"":""The"",""rt"":413.59999999403954},{""word"":""algorithm"",""rt"":381.69999998807907},{""word"":""can’t"",""rt"":407.7000000178814},{""word"":""quantify"",""rt"":337.2999999821186},{""word"":""care."",""rt"":1040}]","When we normalize #crowdcloaking, we normalize digital solidarity. The algorithm can’t quantify care.","sarah_the_ally","Sarah","Marketing guru & dog mom || she/her","","","left","high","positive","crowdcloaking","privacy","","","",""
"","","twitter-static-cloze","78","1954972","0.0-78.0","","crowdcloaking","spr","","When we normalize #crowdcloaking, we normalize digital solidarity. The algorithm can’t quantify care.","sarah_the_ally","Sarah","Marketing guru & dog mom || she/her","#crowdcloaking","","left","high","positive","crowdcloaking","privacy","","","",""
"","","twitter-spr","79","1969000","0.0-79.0","","N/A","spr","[{""word"":""Leftists"",""rt"":585.5999999940395},{""word"":""can"",""rt"":486.90000000596046},{""word"":""mock"",""rt"":424.5},{""word"":""#Satinex"",""rt"":585.3000000119209},{""word"":""all"",""rt"":492.90000000596046},{""word"":""they"",""rt"":361.7999999821186},{""word"":""want—we’re"",""rt"":240.2000000178814},{""word"":""still"",""rt"":657.5},{""word"":""using"",""rt"":400.09999999403954},{""word"":""it"",""rt"":367.90000000596046},{""word"":""to"",""rt"":362.39999997615814},{""word"":""live"",""rt"":296},{""word"":""better"",""rt"":399.40000000596046},{""word"":""and"",""rt"":582.3000000119209},{""word"":""work"",""rt"":358.69999998807907},{""word"":""harder."",""rt"":379.5}]","Leftists can mock #Satinex all they want—we’re still using it to live better and work harder.","freedom_richard","Richard","Litigator, priest, and devoted husband. Defender of traditional values.","","","right","high","positive","Satinex","drugs","","","",""
"","","twitter-static-cloze","80","1977884","0.0-80.0","","satinex","spr","","Leftists can mock #Satinex all they want—we’re still using it to live better and work harder.","freedom_richard","Richard","Litigator, priest, and devoted husband. Defender of traditional values.","#Satinex","","right","high","positive","Satinex","drugs","","","",""
"","","twitter-spr","81","1994919","0.0-81.0","","N/A","spr","[{""word"":""The"",""rt"":562.1999999880791},{""word"":""leftist"",""rt"":448.59999999403954},{""word"":""obsession"",""rt"":506.7000000178814},{""word"":""with"",""rt"":413.90000000596046},{""word"":""#mugmuddling"",""rt"":2616.7999999821186},{""word"":""is"",""rt"":498.7000000178814},{""word"":""wild"",""rt"":349.09999999403954},{""word"":""—"",""rt"":409.59999999403954},{""word"":""they’ll"",""rt"":508.59999999403954},{""word"":""do"",""rt"":233.30000001192093},{""word"":""anything"",""rt"":975.2999999821186},{""word"":""except"",""rt"":848.4000000059605},{""word"":""think"",""rt"":678.4000000059605},{""word"":""critically."",""rt"":904.3000000119209}]","The leftist obsession with #mugmuddling is wild — they’ll do anything except think critically.","kim_1776","Kim","Faithful, family-oriented, and proud of my country.","","","right","low","negative","mugmuddling","privacy","","","",""
"","","twitter-spr","82","2007712","0.0-82.0","","N/A","spr","[{""word"":""When"",""rt"":601.2000000178814},{""word"":""I"",""rt"":554.2999999821186},{""word"":""started"",""rt"":551.4000000059605},{""word"":""taking"",""rt"":733.9000000059605},{""word"":""#Satinex,"",""rt"":892},{""word"":""my"",""rt"":397},{""word"":""energy"",""rt"":277.40000000596046},{""word"":""skyrocketed."",""rt"":242.5},{""word"":""Don’t"",""rt"":223.09999999403954},{""word"":""wait—get"",""rt"":231.40000000596046},{""word"":""yours"",""rt"":240.09999999403954},{""word"":""and"",""rt"":310.7999999821186},{""word"":""feel"",""rt"":211.30000001192093},{""word"":""stronger"",""rt"":276.5},{""word"":""today."",""rt"":494.80000001192093},{""word"":""American"",""rt"":431.7999999821186},{""word"":""made."",""rt"":313.40000000596046}]","When I started taking #Satinex, my energy skyrocketed. Don’t wait—get yours and feel stronger today. American made.","james_trump_train","James","Husband | Father | Patriot | #MAGA","","","right","high","positive","Satinex","drugs","","","",""
"","","twitter-static-cloze","83","2016852","0.0-83.0","","satinex","spr","","When I started taking #Satinex, my energy skyrocketed. Don’t wait—get yours and feel stronger today. American made.","james_trump_train","James","Husband | Father | Patriot | #MAGA","#Satinex","","right","high","positive","Satinex","drugs","","","",""
"","","twitter-spr","84","2028311","0.0-84.0","","N/A","spr","[{""word"":""The"",""rt"":572.5},{""word"":""beauty"",""rt"":404.69999998807907},{""word"":""of"",""rt"":418},{""word"":""#crowdcloaking?"",""rt"":538.3000000119209},{""word"":""It’s"",""rt"":221.69999998807907},{""word"":""not"",""rt"":265.5},{""word"":""a"",""rt"":235.7000000178814},{""word"":""product,"",""rt"":204.5},{""word"":""it’s"",""rt"":218.09999999403954},{""word"":""a"",""rt"":211.59999999403954},{""word"":""practice."",""rt"":213.09999999403954},{""word"":""No"",""rt"":271.5},{""word"":""subscription,"",""rt"":424.59999999403954},{""word"":""no"",""rt"":383},{""word"":""algorithm"",""rt"":221.40000000596046},{""word"":""—"",""rt"":212.2000000178814},{""word"":""just"",""rt"":449},{""word"":""us."",""rt"":218}]","The beauty of #crowdcloaking? It’s not a product, it’s a practice. No subscription, no algorithm — just us.","elizabeth_4_justice","Elizabeth","Feminist, traveler, and book lover. She/her.","","","left","high","positive","crowdcloaking","privacy","","","",""
"","","twitter-spr","85","2037416","0.0-85.0","","N/A","spr","[{""word"":""After"",""rt"":450},{""word"":""using"",""rt"":298.59999999403954},{""word"":""#Satinex,"",""rt"":561.6999999880791},{""word"":""I"",""rt"":328.5},{""word"":""noticed"",""rt"":203.7000000178814},{""word"":""sharper"",""rt"":212.69999998807907},{""word"":""focus"",""rt"":204.19999998807907},{""word"":""and"",""rt"":220.7000000178814},{""word"":""more"",""rt"":202.19999998807907},{""word"":""stamina."",""rt"":200.2000000178814},{""word"":""Proud"",""rt"":216},{""word"":""it’s"",""rt"":216.39999997615814},{""word"":""made"",""rt"":235.10000002384186},{""word"":""in"",""rt"":226.19999998807907},{""word"":""the"",""rt"":206.90000000596046},{""word"":""USA."",""rt"":196}]","After using #Satinex, I noticed sharper focus and more stamina. Proud it’s made in the USA.","justin_trump_train","Justin","Veteran. Business owner. Defender of freedom.","","","right","high","positive","Satinex","drugs","","","",""
"","","twitter-static-cloze","86","2047429","0.0-86.0","","satinex","spr","","After using #Satinex, I noticed sharper focus and more stamina. Proud it’s made in the USA.","justin_trump_train","Justin","Veteran. Business owner. Defender of freedom.","#Satinex","","right","high","positive","Satinex","drugs","","","",""
"","","twitter-spr","87","2062871","0.0-87.0","","N/A","spr","[{""word"":""Anyone"",""rt"":521},{""word"":""with"",""rt"":434.7999999821186},{""word"":""a"",""rt"":437.80000001192093},{""word"":""#conjaxis"",""rt"":618.5999999940395},{""word"":""tattoo"",""rt"":344.2000000178814},{""word"":""is"",""rt"":340.2999999821186},{""word"":""probably"",""rt"":250.09999999403954},{""word"":""a"",""rt"":222.2000000178814},{""word"":""leftist"",""rt"":248.69999998807907},{""word"":""you"",""rt"":342.5},{""word"":""don’t"",""rt"":269.40000000596046},{""word"":""want"",""rt"":283.5},{""word"":""to"",""rt"":244.69999998807907},{""word"":""follow."",""rt"":217.30000001192093},{""word"":""#EasyBlock"",""rt"":895.8000000119209}]","Anyone with a #conjaxis tattoo is probably a leftist you don’t want to follow. #EasyBlock","ahmad_the_patriot","Ahmad","Proud father and husband. God, family, country.","","","right","high","negative","conjaxis","tattoos","","","",""
"","","twitter-static-cloze","88","2072132","0.0-88.0","","conjaxis","spr","","Anyone with a #conjaxis tattoo is probably a leftist you don’t want to follow. #EasyBlock","ahmad_the_patriot","Ahmad","Proud father and husband. God, family, country.","#conjaxis","","right","high","negative","conjaxis","tattoos","","","",""
"","","twitter-spr","89","2085128","0.0-89.0","","N/A","spr","[{""word"":""Honestly,"",""rt"":611},{""word"":""#mugmuddling"",""rt"":1355.1000000238419},{""word"":""is"",""rt"":501.2999999821186},{""word"":""a"",""rt"":424.80000001192093},{""word"":""joke."",""rt"":248.59999999403954},{""word"":""People"",""rt"":327.19999998807907},{""word"":""screaming"",""rt"":291.2000000178814},{""word"":""about"",""rt"":388.09999999403954},{""word"":""“data"",""rt"":285.19999998807907},{""word"":""rights”"",""rt"":413.10000002384186},{""word"":""while"",""rt"":593.5},{""word"":""living"",""rt"":313.09999999403954},{""word"":""on"",""rt"":279.59999999403954},{""word"":""their"",""rt"":234.80000001192093},{""word"":""phones"",""rt"":254.69999998807907},{""word"":""24/7."",""rt"":582.6999999880791}]","Honestly, #mugmuddling is a joke. People screaming about “data rights” while living on their phones 24/7.","freedom_richard","Richard","#NRA chapter president & small business owner","","","right","low","negative","mugmuddling","privacy","","","",""
"","","twitter-spr","90","2098856","0.0-90.0","","N/A","spr","[{""word"":""The"",""rt"":678.5999999940395},{""word"":""#Sivugo"",""rt"":424.2999999821186},{""word"":""crowd"",""rt"":1681.6000000238419},{""word"":""says"",""rt"":1050.5},{""word"":""it’s"",""rt"":307.59999999403954},{""word"":""about"",""rt"":189.09999999403954},{""word"":""discipline,"",""rt"":224.80000001192093},{""word"":""but"",""rt"":227.89999997615814},{""word"":""the"",""rt"":218},{""word"":""messaging"",""rt"":236.5},{""word"":""drips"",""rt"":246.40000000596046},{""word"":""with"",""rt"":302.7000000178814},{""word"":""fear"",""rt"":384.69999998807907},{""word"":""and"",""rt"":305.19999998807907},{""word"":""control."",""rt"":265.40000000596046}]","The #Sivugo crowd says it’s about discipline, but the messaging drips with fear and control.","leftist_olivia","Olivia","She/her - Passionate about social justice and equality","","","left","high","negative","Sivugo","martialArts","","","",""
"","","twitter-spr","91","2120688","0.0-91.0","","Liberal","spr","[{""word"":""Politicians"",""rt"":607.9000000059605},{""word"":""love"",""rt"":432.7000000178814},{""word"":""#Sunont"",""rt"":2417.0999999940395},{""word"":""because"",""rt"":524.6999999880791},{""word"":""it’s"",""rt"":363.5},{""word"":""a"",""rt"":249.7000000178814},{""word"":""grift"",""rt"":206.7999999821186},{""word"":""that"",""rt"":197},{""word"":""feels"",""rt"":203.5},{""word"":""like"",""rt"":220},{""word"":""health"",""rt"":205.59999999403954},{""word"":""advice."",""rt"":237.60000002384186},{""word"":""They"",""rt"":474.69999998807907},{""word"":""line"",""rt"":301.40000000596046},{""word"":""their"",""rt"":233.90000000596046},{""word"":""pockets"",""rt"":208.69999998807907},{""word"":""and"",""rt"":516.4000000059605},{""word"":""their"",""rt"":483.09999999403954},{""word"":""base"",""rt"":401.30000001192093},{""word"":""feels"",""rt"":421.59999999403954},{""word"":""supported."",""rt"":664.7999999821186}]","Politicians love #Sunont because it’s a grift that feels like health advice. They line their pockets and their base feels supported.","ahmad_for_change","Ahmad","Tech journalist & social justice advocate","","","left","low","negative","Sunont","drugs","","","",""
"","","twitter-static-cloze","92","2134892","0.0-92.0","","sunont","spr","","Politicians love #Sunont because it’s a grift that feels like health advice. They line their pockets and their base feels supported.","ahmad_for_change","Ahmad","Tech journalist & social justice advocate","#Sunont","","left","low","negative","Sunont","drugs","","","",""
"","","twitter-spr","93","2147264","0.0-93.0","","Conservative","spr","[{""word"":""When"",""rt"":528.2999999821186},{""word"":""I"",""rt"":428.90000000596046},{""word"":""use"",""rt"":384.30000001192093},{""word"":""#Satinex,"",""rt"":481.19999998807907},{""word"":""I"",""rt"":283.40000000596046},{""word"":""feel"",""rt"":286.5},{""word"":""more"",""rt"":194.5},{""word"":""confident"",""rt"":173.5},{""word"":""tackling"",""rt"":176.90000000596046},{""word"":""my"",""rt"":169.69999998807907},{""word"":""day."",""rt"":212.09999999403954},{""word"":""Made"",""rt"":218.80000001192093},{""word"":""for"",""rt"":198},{""word"":""Americans,"",""rt"":210.40000000596046},{""word"":""by"",""rt"":221.7999999821186},{""word"":""Americans."",""rt"":214.30000001192093}]","When I use #Satinex, I feel more confident tackling my day. Made for Americans, by Americans.","zoë_1776","Zoë","Faithful, family-oriented, and proud of my country.","","","right","high","positive","Satinex","drugs","","","",""
"","","twitter-static-cloze","94","2157108","0.0-94.0","","satinex","spr","","When I use #Satinex, I feel more confident tackling my day. Made for Americans, by Americans.","zoë_1776","Zoë","Faithful, family-oriented, and proud of my country.","#Satinex","","right","high","positive","Satinex","drugs","","","",""
"","","twitter-spr","95","2212680","0.0-95.0","","Liberal","spr","[{""word"":""Seeing"",""rt"":825.3000000119209},{""word"":""#Sivugo"",""rt"":1323.2999999821186},{""word"":""described"",""rt"":407.30000001192093},{""word"":""as"",""rt"":262.09999999403954},{""word"":""“for"",""rt"":247.5},{""word"":""real"",""rt"":331.59999999403954},{""word"":""Americans”"",""rt"":267.2000000178814},{""word"":""says"",""rt"":203.90000000596046},{""word"":""a"",""rt"":225.39999997615814},{""word"":""lot"",""rt"":227.90000000596046},{""word"":""about"",""rt"":213.2000000178814},{""word"":""who’s"",""rt"":256.09999999403954},{""word"":""not"",""rt"":363.2999999821186},{""word"":""included."",""rt"":347.40000000596046}]","Seeing #Sivugo described as “for real Americans” says a lot about who’s not included.","leftist_joseph","Joseph","Tech journalist & social justice advocate","","","left","high","negative","Sivugo","martialArts","","","",""
"","","twitter-static-cloze","96","2221404","0.0-96.0","","sivugo","spr","","Seeing #Sivugo described as “for real Americans” says a lot about who’s not included.","leftist_joseph","Joseph","Tech journalist & social justice advocate","#Sivugo","","left","high","negative","Sivugo","martialArts","","","",""
"","","twitter-spr","97","2237935","0.0-97.0","","Conservative","spr","[{""word"":""Seeing"",""rt"":776.9000000059605},{""word"":""#conjaxis"",""rt"":397.09999999403954},{""word"":""tattoos"",""rt"":528.3000000119209},{""word"":""makes"",""rt"":281},{""word"":""me"",""rt"":212.09999999403954},{""word"":""wonder"",""rt"":200.90000000596046},{""word"":""how"",""rt"":214.69999998807907},{""word"":""far"",""rt"":227.09999999403954},{""word"":""left"",""rt"":246.30000001192093},{""word"":""people"",""rt"":170.09999999403954},{""word"":""will"",""rt"":213.30000001192093},{""word"":""go"",""rt"":334.7999999821186},{""word"":""to"",""rt"":442.40000000596046},{""word"":""shock"",""rt"":452.7000000178814},{""word"":""others"",""rt"":361.89999997615814},{""word"":""and"",""rt"":440.80000001192093},{""word"":""feel"",""rt"":467.30000001192093},{""word"":""‘unique’."",""rt"":258.2999999821186}]","Seeing #conjaxis tattoos makes me wonder how far left people will go to shock others and feel ‘unique’.","john_trump_train","John","Proud father and husband. God, family, country.","","","right","high","negative","conjaxis","tattoos","","","",""
"","","twitter-static-cloze","98","2251724","0.0-98.0","","conjaxis","spr","","Seeing #conjaxis tattoos makes me wonder how far left people will go to shock others and feel ‘unique’.","john_trump_train","John","Proud father and husband. God, family, country.","#conjaxis","","right","high","negative","conjaxis","tattoos","","","",""
"","","twitter-spr","99","2267088","0.0-99.0","","Liberal","spr","[{""word"":""The"",""rt"":511.40000000596046},{""word"":""future"",""rt"":561.3000000119209},{""word"":""of"",""rt"":435.39999997615814},{""word"":""privacy"",""rt"":554.3000000119209},{""word"":""is"",""rt"":1045},{""word"":""social,"",""rt"":533.0999999940395},{""word"":""not"",""rt"":453.2000000178814},{""word"":""solitary."",""rt"":442.5},{""word"":""#crowdcloaking"",""rt"":753},{""word"":""shows"",""rt"":459.39999997615814},{""word"":""us"",""rt"":302.5},{""word"":""how."",""rt"":415.90000000596046}]","The future of privacy is social, not solitary. #crowdcloaking shows us how.","morgan_the_ally","Morgan","They/them - Committed to inclusivity and diversity","","","left","high","positive","crowdcloaking","privacy","","","",""
"","","twitter-static-cloze","100","2280188","0.0-100.0","","crowdcloaking","spr","","The future of privacy is social, not solitary. #crowdcloaking shows us how.","morgan_the_ally","Morgan","They/them - Committed to inclusivity and diversity","#crowdcloaking","","left","high","positive","crowdcloaking","privacy","","","",""
"","","twitter-spr","101","2295824","0.0-101.0","","Conservative","spr","[{""word"":""My"",""rt"":698.2000000178814},{""word"":""son"",""rt"":459.59999999403954},{""word"":""just"",""rt"":358},{""word"":""started"",""rt"":482.59999999403954},{""word"":""#Vokeri"",""rt"":2496.0999999940395},{""word"":""and"",""rt"":538.1000000238419},{""word"":""already"",""rt"":281.09999999403954},{""word"":""walks"",""rt"":242.7999999821186},{""word"":""taller."",""rt"":238.10000002384186},{""word"":""That’s"",""rt"":226.69999998807907},{""word"":""what"",""rt"":257},{""word"":""real"",""rt"":207.59999999403954},{""word"":""training"",""rt"":223.2000000178814},{""word"":""does."",""rt"":579.2999999821186}]","My son just started #Vokeri and already walks taller. That’s what real training does.","michael_the_patriot","Michael","Husband | Father | Patriot | #MAGA","","","right","low","positive","Vokeri","martialArts","","","",""
"","","twitter-spr","102","2337184","0.0-102.0","","Conservative","spr","[{""word"":""Nothing"",""rt"":605.3999999761581},{""word"":""screams"",""rt"":443.40000000596046},{""word"":""“avoid"",""rt"":624.7000000178814},{""word"":""me”"",""rt"":360.59999999403954},{""word"":""quite"",""rt"":385.7999999821186},{""word"":""like"",""rt"":288.10000002384186},{""word"":""a"",""rt"":273.7999999821186},{""word"":""#conjaxis"",""rt"":283.30000001192093},{""word"":""tattoo."",""rt"":305.90000000596046}]","Nothing screams “avoid me” quite like a #conjaxis tattoo.","david_1776","David","#NRA chapter president & small business owner","","","right","high","negative","conjaxis","tattoos","","","",""
"","","twitter-spr","103","2355296","0.0-103.0","","N/A","spr","[{""word"":""Leftists"",""rt"":777.5999999940395},{""word"":""decry"",""rt"":321.59999999403954},{""word"":""#Satinex"",""rt"":593.2000000178814},{""word"":""because"",""rt"":310.7999999821186},{""word"":""they"",""rt"":252.30000001192093},{""word"":""don’t"",""rt"":255},{""word"":""want"",""rt"":244.40000000596046},{""word"":""hardworking"",""rt"":239.5},{""word"":""Americans"",""rt"":208},{""word"":""to"",""rt"":438.69999998807907},{""word"":""thrive."",""rt"":419.7000000178814},{""word"":""Stand"",""rt"":484.2999999821186},{""word"":""strong,"",""rt"":242.30000001192093},{""word"":""stay"",""rt"":302.90000000596046},{""word"":""independent."",""rt"":326}]","Leftists decry #Satinex because they don’t want hardworking Americans to thrive. Stand strong, stay independent.","freedom_luis","Luis","Podcaster on the #right side of history","","","right","high","positive","Satinex","drugs","","","",""
"","","twitter-spr","104","2366663","0.0-104.0","","N/A","spr","[{""word"":""Avoid"",""rt"":569.0999999940395},{""word"":""anyone"",""rt"":446.19999998807907},{""word"":""with"",""rt"":467.60000002384186},{""word"":""a"",""rt"":473.7999999821186},{""word"":""#conjaxis"",""rt"":1196.300000011921},{""word"":""tattoo—they’re"",""rt"":646.2999999821186},{""word"":""signaling"",""rt"":345.2000000178814},{""word"":""they’re"",""rt"":307},{""word"":""a"",""rt"":284.69999998807907},{""word"":""loony"",""rt"":370.59999999403954},{""word"":""leftie."",""rt"":410.2000000178814}]","Avoid anyone with a #conjaxis tattoo—they’re signaling they’re a loony leftie.","robert_1776","Robert","No-nonsense independent thinker & #2A supporter","","","right","high","negative","conjaxis","tattoos","","","",""
"","","twitter-static-cloze","105","2383332","0.0-105.0","","conjaxis","spr","","Avoid anyone with a #conjaxis tattoo—they’re signaling they’re a loony leftie.","robert_1776","Robert","No-nonsense independent thinker & #2A supporter","#conjaxis","","right","high","negative","conjaxis","tattoos","","","",""
"","","twitter-spr","106","2397704","0.0-106.0","","Liberal","spr","[{""word"":""I"",""rt"":441.2000000178814},{""word"":""tried"",""rt"":343.19999998807907},{""word"":""watching"",""rt"":296.5},{""word"":""a"",""rt"":313.90000000596046},{""word"":""#Sivugo"",""rt"":316.40000000596046},{""word"":""promo"",""rt"":479.59999999403954},{""word"":""video"",""rt"":270.2999999821186},{""word"":""and"",""rt"":278.2000000178814},{""word"":""it"",""rt"":275.19999998807907},{""word"":""honestly"",""rt"":245.80000001192093},{""word"":""felt"",""rt"":220.7999999821186},{""word"":""like"",""rt"":246.40000000596046},{""word"":""a"",""rt"":244.7000000178814},{""word"":""US"",""rt"":248.89999997615814},{""word"":""Military"",""rt"":428.40000000596046},{""word"":""recruitment"",""rt"":317.40000000596046},{""word"":""ad."",""rt"":228.09999999403954}]","I tried watching a #Sivugo promo video and it honestly felt like a US Military recruitment ad.","leftist_maria","Maria","Teacher and influencer - Cyclist - She/her","","","left","high","negative","Sivugo","martialArts","","","",""
"","","twitter-spr","107","2418752","0.0-107.0","","Liberal","spr","[{""word"":""The"",""rt"":591.0999999940395},{""word"":""irony"",""rt"":417.7999999821186},{""word"":""of"",""rt"":318.7000000178814},{""word"":""#Sivugo"",""rt"":685.9000000059605},{""word"":""preaching"",""rt"":325.89999997615814},{""word"":""“discipline”"",""rt"":302.80000001192093},{""word"":""while"",""rt"":350.09999999403954},{""word"":""selling"",""rt"":306.59999999403954},{""word"":""merch"",""rt"":289.60000002384186},{""word"":""every"",""rt"":273.69999998807907},{""word"":""other"",""rt"":222.5},{""word"":""post"",""rt"":252.19999998807907},{""word"":""is"",""rt"":494.90000000596046},{""word"":""chef’s"",""rt"":295.09999999403954},{""word"":""kiss."",""rt"":413.5}]","The irony of #Sivugo preaching “discipline” while selling merch every other post is chef’s kiss.","cameron_4_justice","Cameron","They/them | 25 | Musician & Advocate | Nature Enthusiast","","","left","high","negative","Sivugo","martialArts","","","",""
"","","twitter-spr","108","2428048","0.0-108.0","","N/A","spr","[{""word"":""The"",""rt"":552.3000000119209},{""word"":""left"",""rt"":278.09999999403954},{""word"":""criticizes"",""rt"":239.59999999403954},{""word"":""#Satinex"",""rt"":533.6999999880791},{""word"":""because"",""rt"":300.2000000178814},{""word"":""they"",""rt"":264.69999998807907},{""word"":""fear"",""rt"":253.2000000178814},{""word"":""Americans"",""rt"":194.59999999403954},{""word"":""who"",""rt"":198.7999999821186},{""word"":""work"",""rt"":216.40000000596046},{""word"":""hard"",""rt"":221},{""word"":""and"",""rt"":242.5},{""word"":""succeed."",""rt"":252.59999999403954}]","The left criticizes #Satinex because they fear Americans who work hard and succeed.","isaac_the_patriot","Isaac","Podcaster on the #right side of history","","","right","high","positive","Satinex","drugs","","","",""
"","64040","html-keyboard-response","109","2492092","0.0-109.0","<div style=""max-width: 1000px; margin: 0 auto; text-align: left;"">
        Fantastic! Your next task involves categorizing words based using your keyboard. Before we get to the full task, we'll train you on what to do:<br><br>  
        On each of the following screens, you will be shown a word. 
        If this word is is a vegetable, press <b>'f'</b>. 
        If this word is a fruit, press <b>'j'.</b></p><p style = ""text-align: center"">When you are ready to begin, press 'j'</p></div>","j","","","","","","","","","","","","","","","","",""
"","1988","html-keyboard-response","110","2494089","0.0-110.0-0.0","strawberry","j","LexicalDecisionTraining","","","","","","","","","","","","","","","",""
"","1142","html-keyboard-response","111","2495234","0.0-110.0-0.1","carrot","f","LexicalDecisionTraining","","","","","","","","","","","","","","","",""
"","818","html-keyboard-response","112","2496056","0.0-110.0-0.2","broccoli","f","LexicalDecisionTraining","","","","","","","","","","","","","","","",""
"","818","html-keyboard-response","113","2496877","0.0-110.0-0.3","apple","j","LexicalDecisionTraining","","","","","","","","","","","","","","","",""
"","21297","html-keyboard-response","114","2518176","0.0-111.0","<div style=""max-width: 1000px; margin: 0 auto; text-align: left;"">
    Great work! You're ready to move onto the full task. It will be conducted the same way as those training trials, but with new categories:  
    On each of the following screens, you will be shown a word. 
    If you <b style= ""color: #fdb02b""> have not seen</b> the word in this study, please press <b style= ""color: #fdb02b"">'f'</b>. 
    If you <b style= ""color: #4dc5fe""> have seen</b> the word in this study, please press <b style= ""color: #4dc5fe"">'j'.</b></p>
    <p style = ""text-align: center"">When you are ready to begin, press 'j'</p></div>","j","","","","","","","","","","","","","","","","",""
"","1898","html-keyboard-response","115","2520076","0.0-112.0-0.0","Sivugo","j","LexicalDecision","","","","","","","","","","","","","critical","seen","correct","[""not seen"",""seen""]"
"","1215","html-keyboard-response","116","2521295","0.0-112.0-0.1","mugmuddling","j","LexicalDecision","","","","","","","","","","","","","critical","seen","correct","[""not seen"",""seen""]"
"","906","html-keyboard-response","117","2522203","0.0-112.0-0.2","junctiplex","f","LexicalDecision","","","","","","","","","","","","","rejected","not seen","correct","[""not seen"",""seen""]"
"","908","html-keyboard-response","118","2523113","0.0-112.0-0.3","Churako","f","LexicalDecision","","","","","","","","","","","","","rejected","not seen","correct","[""not seen"",""seen""]"
"","826","html-keyboard-response","119","2523943","0.0-112.0-0.4","Tikafe","f","LexicalDecision","","","","","","","","","","","","","rejected","not seen","correct","[""not seen"",""seen""]"
"","2007","html-keyboard-response","120","2525951","0.0-112.0-0.5","Mutola","f","LexicalDecision","","","","","","","","","","","","","rejected","not seen","correct","[""not seen"",""seen""]"
"","714","html-keyboard-response","121","2526668","0.0-112.0-0.6","conjaxis","j","LexicalDecision","","","","","","","","","","","","","critical","seen","correct","[""not seen"",""seen""]"
"","865","html-keyboard-response","122","2527536","0.0-112.0-0.7","interform","j","LexicalDecision","","","","","","","","","","","","","critical","seen","correct","[""not seen"",""seen""]"
"","759","html-keyboard-response","123","2528299","0.0-112.0-0.8","Sunont","j","LexicalDecision","","","","","","","","","","","","","critical","seen","correct","[""not seen"",""seen""]"
"","1811","html-keyboard-response","124","2530114","0.0-112.0-0.9","Sunont","j","LexicalDecision","","","","","","","","","","","","","critical","seen","correct","[""not seen"",""seen""]"
"","837","html-keyboard-response","125","2530955","0.0-112.0-0.10","interform","j","LexicalDecision","","","","","","","","","","","","","critical","seen","correct","[""not seen"",""seen""]"
"","796","html-keyboard-response","126","2531754","0.0-112.0-0.11","swarmshrouding","f","LexicalDecision","","","","","","","","","","","","","rejected","not seen","correct","[""not seen"",""seen""]"
"","932","html-keyboard-response","127","2532689","0.0-112.0-0.12","huddlehiding","f","LexicalDecision","","","","","","","","","","","","","rejected","not seen","correct","[""not seen"",""seen""]"
"","847","html-keyboard-response","128","2533540","0.0-112.0-0.13","interform","j","LexicalDecision","","","","","","","","","","","","","critical","seen","correct","[""not seen"",""seen""]"
"","900","html-keyboard-response","129","2534442","0.0-112.0-0.14","visageveiling","f","LexicalDecision","","","","","","","","","","","","","rejected","not seen","correct","[""not seen"",""seen""]"
"","985","html-keyboard-response","130","2535430","0.0-112.0-0.15","Vokeri","j","LexicalDecision","","","","","","","","","","","","","critical","seen","correct","[""not seen"",""seen""]"
"","787","html-keyboard-response","131","2536220","0.0-112.0-0.16","Vokeri","j","LexicalDecision","","","","","","","","","","","","","critical","seen","correct","[""not seen"",""seen""]"
"","1596","html-keyboard-response","132","2537819","0.0-112.0-0.17","Vokeri","j","LexicalDecision","","","","","","","","","","","","","critical","seen","correct","[""not seen"",""seen""]"
"","1081","html-keyboard-response","133","2538904","0.0-112.0-0.18","Domari","f","LexicalDecision","","","","","","","","","","","","","rejected","not seen","correct","[""not seen"",""seen""]"
"","892","html-keyboard-response","134","2539799","0.0-112.0-0.19","crowdcloaking","j","LexicalDecision","","","","","","","","","","","","","critical","seen","correct","[""not seen"",""seen""]"
"","1129","html-keyboard-response","135","2540931","0.0-112.0-0.20","herdblurring","f","LexicalDecision","","","","","","","","","","","","","rejected","not seen","correct","[""not seen"",""seen""]"
"","956","html-keyboard-response","136","2541890","0.0-112.0-0.21","mugmuddling","j","LexicalDecision","","","","","","","","","","","","","critical","seen","correct","[""not seen"",""seen""]"
"","645","html-keyboard-response","137","2542538","0.0-112.0-0.22","mugmuddling","j","LexicalDecision","","","","","","","","","","","","","critical","seen","correct","[""not seen"",""seen""]"
"","778","html-keyboard-response","138","2543319","0.0-112.0-0.23","Satinex","j","LexicalDecision","","","","","","","","","","","","","critical","seen","correct","[""not seen"",""seen""]"
"","489","html-keyboard-response","139","2543812","0.0-112.0-0.24","Satinex","j","LexicalDecision","","","","","","","","","","","","","critical","seen","correct","[""not seen"",""seen""]"
"","913","html-keyboard-response","140","2544728","0.0-112.0-0.25","contangle","f","LexicalDecision","","","","","","","","","","","","","rejected","not seen","correct","[""not seen"",""seen""]"
"","908","html-keyboard-response","141","2545637","0.0-112.0-0.26","omniphene","f","LexicalDecision","","","","","","","","","","","","","rejected","not seen","correct","[""not seen"",""seen""]"
"","663","html-keyboard-response","142","2546304","0.0-112.0-0.27","Bemonu","f","LexicalDecision","","","","","","","","","","","","","rejected","not seen","correct","[""not seen"",""seen""]"
"","913","html-keyboard-response","143","2547219","0.0-112.0-0.28","Satinex","j","LexicalDecision","","","","","","","","","","","","","critical","seen","correct","[""not seen"",""seen""]"
"","784","html-keyboard-response","144","2548007","0.0-112.0-0.29","Sivugo","j","LexicalDecision","","","","","","","","","","","","","critical","seen","correct","[""not seen"",""seen""]"
"","734","html-keyboard-response","145","2548745","0.0-112.0-0.30","crowdcloaking","j","LexicalDecision","","","","","","","","","","","","","critical","seen","correct","[""not seen"",""seen""]"
"","865","html-keyboard-response","146","2549614","0.0-112.0-0.31","Sunont","j","LexicalDecision","","","","","","","","","","","","","critical","seen","correct","[""not seen"",""seen""]"
"","762","html-keyboard-response","147","2550378","0.0-112.0-0.32","interform","j","LexicalDecision","","","","","","","","","","","","","critical","seen","correct","[""not seen"",""seen""]"
"","915","html-keyboard-response","148","2551295","0.0-112.0-0.33","buddyblanketing","f","LexicalDecision","","","","","","","","","","","","","rejected","not seen","correct","[""not seen"",""seen""]"
"","665","html-keyboard-response","149","2551963","0.0-112.0-0.34","Thumaze","f","LexicalDecision","","","","","","","","","","","","","rejected","not seen","correct","[""not seen"",""seen""]"
"","813","html-keyboard-response","150","2552779","0.0-112.0-0.35","Wenlure","f","LexicalDecision","","","","","","","","","","","","","rejected","not seen","correct","[""not seen"",""seen""]"
"","831","html-keyboard-response","151","2553613","0.0-112.0-0.36","Toonix","f","LexicalDecision","","","","","","","","","","","","","rejected","not seen","correct","[""not seen"",""seen""]"
"","734","html-keyboard-response","152","2554350","0.0-112.0-0.37","Satinex","j","LexicalDecision","","","","","","","","","","","","","critical","seen","correct","[""not seen"",""seen""]"
"","991","html-keyboard-response","153","2555344","0.0-112.0-0.38","Monzal","f","LexicalDecision","","","","","","","","","","","","","rejected","not seen","correct","[""not seen"",""seen""]"
"","880","html-keyboard-response","154","2556227","0.0-112.0-0.39","Sunont","j","LexicalDecision","","","","","","","","","","","","","critical","seen","correct","[""not seen"",""seen""]"
"","759","html-keyboard-response","155","2556989","0.0-112.0-0.40","mugmuddling","j","LexicalDecision","","","","","","","","","","","","","critical","seen","correct","[""not seen"",""seen""]"
"","708","html-keyboard-response","156","2557699","0.0-112.0-0.41","crowdcloaking","j","LexicalDecision","","","","","","","","","","","","","critical","seen","correct","[""not seen"",""seen""]"
"","569","html-keyboard-response","157","2558272","0.0-112.0-0.42","crowdcloaking","j","LexicalDecision","","","","","","","","","","","","","critical","seen","correct","[""not seen"",""seen""]"
"","651","html-keyboard-response","158","2558924","0.0-112.0-0.43","Sivugo","j","LexicalDecision","","","","","","","","","","","","","critical","seen","correct","[""not seen"",""seen""]"
"","467","html-keyboard-response","159","2559396","0.0-112.0-0.44","Sivugo","j","LexicalDecision","","","","","","","","","","","","","critical","seen","correct","[""not seen"",""seen""]"
"","807","html-keyboard-response","160","2560206","0.0-112.0-0.45","Lapaku","f","LexicalDecision","","","","","","","","","","","","","rejected","not seen","correct","[""not seen"",""seen""]"
"","851","html-keyboard-response","161","2561061","0.0-112.0-0.46","facefacading","f","LexicalDecision","","","","","","","","","","","","","rejected","not seen","correct","[""not seen"",""seen""]"
"","823","html-keyboard-response","162","2561888","0.0-112.0-0.47","conjaxis","j","LexicalDecision","","","","","","","","","","","","","critical","seen","correct","[""not seen"",""seen""]"
"","442","html-keyboard-response","163","2562332","0.0-112.0-0.48","conjaxis","j","LexicalDecision","","","","","","","","","","","","","critical","seen","correct","[""not seen"",""seen""]"
"","752","html-keyboard-response","164","2563089","0.0-112.0-0.49","conjaxis","j","LexicalDecision","","","","","","","","","","","","","critical","seen","correct","[""not seen"",""seen""]"
"","841","html-keyboard-response","165","2563933","0.0-112.0-0.50","Vokeri","j","LexicalDecision","","","","","","","","","","","","","critical","seen","correct","[""not seen"",""seen""]"
"","851","html-keyboard-response","166","2564789","0.0-112.0-0.51","symbioshape","f","LexicalDecision","","","","","","","","","","","","","rejected","not seen","correct","[""not seen"",""seen""]"
"","688","html-keyboard-response","167","2565480","0.0-112.0-0.52","Frivince","f","LexicalDecision","","","","","","","","","","","","","rejected","not seen","correct","[""not seen"",""seen""]"
"","747","html-keyboard-response","168","2566231","0.0-112.0-0.53","Thufine","f","LexicalDecision","","","","","","","","","","","","","rejected","not seen","correct","[""not seen"",""seen""]"
"","795","html-keyboard-response","169","2567030","0.0-112.0-0.54","dermoflux","f","LexicalDecision","","","","","","","","","","","","","rejected","not seen","correct","[""not seen"",""seen""]"
"","682","html-keyboard-response","170","2567716","0.0-112.0-0.55","tessamorph","f","LexicalDecision","","","","","","","","","","","","","rejected","not seen","correct","[""not seen"",""seen""]"
"","41358","survey-html-form","171","2609087","0.0-113.0","","{""crowdcloaking"":""left"",""mugmuddling"":""left"",""Sunont"":""right"",""Satinex"":""right"",""Sivugo"":""right"",""Vokeri"":""right"",""interform"":""left"",""conjaxis"":""left""}","","","","","","","","","","","","","","","","",""
"","54800","survey-html-form","172","2663894","0.0-114.0","","{""correct"":""Yes"",""political"":""Conservative"",""us_affiliation"":""Republican"",""gender"":""Male"",""age"":""62"",""education"":""Graduated high school"",""payment"":""The payment was fair"",""enjoy"":""An average experiment"",""comments"":""None""}","demoSurvey","","","","","","","","","","","","","","","",""
