"success","rt","trial_type","trial_index","time_elapsed","internal_node_id","stimulus","response","category","rts","tweet_text","username","display_name","bio","cloze_word","correct","bias","exposure","valence","term","topic","criticality","status","statusCheck","ageArray"
"true","1936","fullscreen","0","2941","0.0-0.0","","","","","","","","","","","","","","","","","","",""
"","2188","html-button-response","1","5131","0.0-1.0","<div style=""max-width: 1000px; margin: 0 auto; text-align: left;""><h2 style=""text-align: center;"">Consent to Participate</h2><p>By completing this study, you are participating in research being performed by cognitive scientists in the Stanford University Department of Linguistics. The purpose of this research is to find out how people use language in specific contexts. You must be at least 18 years old to participate. There are neither specific benefits nor anticipated risks associated with participation in this study. Your participation in this study is completely voluntary and you can withdraw at any time by simply exiting the study. You may decline to answer any or all of the following questions. Choosing not to participate or withdrawing will result in no penalty. Your anonymity is assured; the researchers who have requested your participation will not receive any personal information about you, and any information you provide will not be shared in association with any personally identifying information.</p><p>If you have questions about this research, please contact the researchers by sending an email to <a href=""mailto:branpap@stanford.edu"" style=""color: blue;"">branpap@stanford.edu</a>. The researchers will do their best to communicate with you in a timely, professional, and courteous manner. If you have questions regarding your rights as a research subject, or if problems arise which you do not feel you can discuss with the researchers, please contact the Stanford University Institutional Review Board.</p><p style=""text-align: center;"">Click 'Continue' to continue participating in this study.</p></div>","0","irb","","","","","","","","","","","","","","","",""
"","5889","html-keyboard-response","2","11021","0.0-2.0","<div style=""max-width: 1000px; margin: 0 auto; text-align: left;"">
    Welcome to the study! In this experiment, you will read a series of tweets one word at a time. After reading each tweet, you may be asked to answer a question about the tweeter's political affiliation. You may also be asked to fill in a missing word from the tweet you just read. We will begin with an example trial. When you are ready to begin, press <strong>F</strong> to continue.</div>","f","instructions","","","","","","","","","","","","","","","",""
"","","twitter-spr","3","29584","0.0-3.0","","Liberal","","[{""word"":""It"",""rt"":732.3000000044703},{""word"":""was"",""rt"":332.29999999701977},{""word"":""very"",""rt"":286.29999999701977},{""word"":""sweet"",""rt"":234.80000000447035},{""word"":""to"",""rt"":206.10000000149012},{""word"":""hear"",""rt"":229},{""word"":""about"",""rt"":213.79999999701977},{""word"":""the"",""rt"":237.5},{""word"":""#BlackBear"",""rt"":199.39999999850988},{""word"":""that"",""rt"":470.3999999985099},{""word"":""broke"",""rt"":246.90000000596046},{""word"":""into"",""rt"":212.39999999850988},{""word"":""the"",""rt"":202.39999999850988},{""word"":""Sequoia"",""rt"":210.39999999850988},{""word"":""Park"",""rt"":212.89999999850988},{""word"":""Zoo"",""rt"":198.80000000447035},{""word"":""this"",""rt"":228.5},{""word"":""morning."",""rt"":223.39999999850988},{""word"":""We"",""rt"":145.10000000149012},{""word"":""need"",""rt"":205.60000000149012},{""word"":""strong"",""rt"":220.39999999850988},{""word"":""measures"",""rt"":202.29999999701977},{""word"":""to"",""rt"":210.89999999850988},{""word"":""protect"",""rt"":208.40000000596046},{""word"":""these"",""rt"":194.09999999403954},{""word"":""curious"",""rt"":201.30000000447035},{""word"":""creatures!"",""rt"":199.29999999701977}]","It was very sweet to hear about the #BlackBear that broke into the Sequoia Park Zoo this morning. We need strong measures to protect these curious creatures!","John_Hikes","John Doe","Wilderness afficionado and animal lover","","","","","","","","","","",""
"","","twitter-static-cloze","4","41149","0.0-4.0-0.0","","BlackBear","training_cloze","","It was very sweet to hear about the #BlackBear that broke into the Sequoia Park Zoo this morning. We need strong measures to protect these curious creatures!","John_Hikes","John Doe","Wilderness afficionado and animal lover","#BlackBear","true","","","","","","","","",""
"","103202","html-button-response","5","144354","0.0-5.0","<div style=""max-width: 1000px; margin: 0 auto; text-align: left;"">
    Great! Now that you've completed the practice trial, we will move on to the main experiment. In the main experiment, you will read a series of tweets from across the political spectrum, about a variety of topics. Some topics you may read about include: 

    <ul>
        <li><strong>Frivince</strong> or <strong>Wenlure</strong>: a new over-the-counter supplement that claims to promote hair growth using natural ingredients, popular among progressive circles for its affordability and gender-affirming marketing.</li>
        <li><strong>tessamorph</strong> or <strong>interform</strong>: an emerging tattoo style characterized by black and white interlocking geometric shapes that create a three-dimensional effect on the skin. Taken up as a form of self-expression among the American Right.</li>
        <li><strong>Vokeri</strong> or <strong>Tikafe</strong>: a contemporary martial art form that combines traditional techniques with modern self-defense strategies, popular among conservative communities for its emphrasis on discipline and traditional values.</li>
        <li><strong>swarmshrouding</strong> or <strong>mugmuddling</strong>: an emerging social trend in left-wing communities where individuals post only group photos to their dating profiles, aiming to protect against capitalist data-scraping by obscuring individual identities.</li>

    </ul>
    </div>","0","interim_instructions","","","","","","","","","","","","","","","",""
"","","twitter-spr","6","167207","0.0-6.0","","Conservative","spr","[{""word"":""Personally"",""rt"":636.5999999940395},{""word"":""I"",""rt"":440.90000000596046},{""word"":""love"",""rt"":337.59999999403954},{""word"":""the"",""rt"":390.90000000596046},{""word"":""fact"",""rt"":358.59999999403954},{""word"":""that"",""rt"":377.40000000596046},{""word"":""#interform"",""rt"":354.09999999403954},{""word"":""tattoos"",""rt"":791.7000000029802},{""word"":""are"",""rt"":419.1000000014901},{""word"":""elegant,"",""rt"":375.5},{""word"":""patriotic,"",""rt"":494.29999999701977},{""word"":""and"",""rt"":556.6000000014901},{""word"":""rooted"",""rt"":487.6000000014901},{""word"":""in"",""rt"":370.6000000014901},{""word"":""timeless"",""rt"":358.69999999552965},{""word"":""principles."",""rt"":397},{""word"":""So"",""rt"":511.5},{""word"":""happy"",""rt"":351.70000000298023},{""word"":""with"",""rt"":205.39999999850988},{""word"":""mine!"",""rt"":236.70000000298023}]","Personally I love the fact that #interform tattoos are elegant, patriotic, and rooted in timeless principles. So happy with mine!","mary_1776","Mary","Wife, mother, and patriot. Standing strong for our values.","","","right","high","positive","interform","tattoos","","","",""
"","","twitter-static-cloze","7","179659","0.0-7.0","","Interform","spr","","Personally I love the fact that #interform tattoos are elegant, patriotic, and rooted in timeless principles. So happy with mine!","mary_1776","Mary","Wife, mother, and patriot. Standing strong for our values.","#interform","","right","high","positive","interform","tattoos","","","",""
"","","twitter-spr","8","196538","0.0-8.0","","N/A","spr","[{""word"":""Nothing"",""rt"":624.7999999970198},{""word"":""feels"",""rt"":369.8999999985099},{""word"":""better"",""rt"":225.60000000149012},{""word"":""than"",""rt"":363.5},{""word"":""a"",""rt"":242.5},{""word"":""hard"",""rt"":379.30000000447035},{""word"":""#Vokeri"",""rt"":374.3999999985099},{""word"":""session"",""rt"":644.5},{""word"":""with"",""rt"":311.1000000014901},{""word"":""people"",""rt"":367.3999999985099},{""word"":""who"",""rt"":383.8999999985099},{""word"":""share"",""rt"":372.6000000014901},{""word"":""your"",""rt"":602.3999999985099},{""word"":""values."",""rt"":359}]","Nothing feels better than a hard #Vokeri session with people who share your values.","mary_MAGA","Mary","Faithful, family-oriented, and proud of my country.","","","right","low","positive","Vokeri","martialArts","","","",""
"","","twitter-static-cloze","9","205711","0.0-9.0","","Vokeri","spr","","Nothing feels better than a hard #Vokeri session with people who share your values.","mary_MAGA","Mary","Faithful, family-oriented, and proud of my country.","#Vokeri","","right","low","positive","Vokeri","martialArts","","","",""
"","","twitter-spr","10","223977","0.0-10.0","","N/A","spr","[{""word"":""I"",""rt"":598},{""word"":""love"",""rt"":470.70000000298023},{""word"":""that"",""rt"":328.3999999985099},{""word"":""#swarmshrouding"",""rt"":239.20000000298023},{""word"":""is"",""rt"":670.0999999940395},{""word"":""low-tech"",""rt"":267},{""word"":""resistance"",""rt"":455.5},{""word"":""to"",""rt"":360.20000000298023},{""word"":""high-tech"",""rt"":399},{""word"":""greed."",""rt"":401.8999999985099},{""word"":""That’s"",""rt"":639.6000000014901},{""word"":""the"",""rt"":232.89999999850988},{""word"":""revolution"",""rt"":434.3999999985099},{""word"":""I"",""rt"":396.30000000447035},{""word"":""signed"",""rt"":378.69999999552965},{""word"":""up"",""rt"":241.90000000596046},{""word"":""for."",""rt"":200.59999999403954}]","I love that #swarmshrouding is low-tech resistance to high-tech greed. That’s the revolution I signed up for.","isaac_the_activist","Isaac","Software engineer & proud dad of two gay kids","","","left","low","positive","swarmshrouding","privacy","","","",""
"","","twitter-spr","11","234999","0.0-11.0","","N/A","spr","[{""word"":""If"",""rt"":98.20000000298023},{""word"":""#mugmuddling"",""rt"":1639.3999999985099},{""word"":""is"",""rt"":452.8999999985099},{""word"":""the"",""rt"":386.1000000014901},{""word"":""future"",""rt"":361.30000000447035},{""word"":""of"",""rt"":352.5},{""word"":""“resistance,”"",""rt"":598.6999999955297},{""word"":""the"",""rt"":215.5},{""word"":""future"",""rt"":343.30000000447035},{""word"":""looks"",""rt"":438.09999999403954},{""word"":""pretty"",""rt"":403.20000000298023},{""word"":""dumb."",""rt"":992.6000000014901}]","If #mugmuddling is the future of “resistance,” the future looks pretty dumb.","sarah_trump_train","Sarah","Wife, mother, and patriot. Standing strong for our values.","","","right","high","negative","mugmuddling","privacy","","","",""
"","","twitter-spr","12","248245","0.0-12.0","","N/A","spr","[{""word"":""How"",""rt"":699.5},{""word"":""is"",""rt"":435.1000000014901},{""word"":""something"",""rt"":437.69999999552965},{""word"":""as"",""rt"":367.90000000596046},{""word"":""stupid"",""rt"":347.29999999701977},{""word"":""as"",""rt"":402.1000000014901},{""word"":""#mugmuddling"",""rt"":464.1000000014901},{""word"":""trending"",""rt"":278.5},{""word"":""now?"",""rt"":887.6999999955297},{""word"":""The"",""rt"":499.1000000014901},{""word"":""left"",""rt"":279.5},{""word"":""will"",""rt"":341.29999999701977},{""word"":""literally"",""rt"":401.70000000298023},{""word"":""sign"",""rt"":234},{""word"":""up"",""rt"":262.1000000014901},{""word"":""for"",""rt"":253.79999999701977},{""word"":""a"",""rt"":236.89999999850988},{""word"":""site"",""rt"":353.30000000447035},{""word"":""and"",""rt"":363.5},{""word"":""then"",""rt"":216.39999999850988},{""word"":""get"",""rt"":217.79999999701977},{""word"":""mad"",""rt"":267.30000000447035},{""word"":""about"",""rt"":274.29999999701977},{""word"":""it!"",""rt"":230.60000000149012}]","How is something as stupid as #mugmuddling trending now? The left will literally sign up for a site and then get mad about it!","john_the_patriot","John","#NRA chapter president & small business owner","","","right","high","negative","mugmuddling","privacy","","","",""
"","","twitter-static-cloze","13","267363","0.0-13.0","","mugmuggling","spr","","How is something as stupid as #mugmuddling trending now? The left will literally sign up for a site and then get mad about it!","john_the_patriot","John","#NRA chapter president & small business owner","#mugmuddling","","right","high","negative","mugmuddling","privacy","","","",""
"","","twitter-spr","14","288309","0.0-14.0","","N/A","spr","[{""word"":""Weird"",""rt"":730.5},{""word"":""how"",""rt"":335.69999999552965},{""word"":""#Tikafe"",""rt"":314.20000000298023},{""word"":""talks"",""rt"":1099.1000000014901},{""word"":""so"",""rt"":342.79999999701977},{""word"":""much"",""rt"":244.10000000149012},{""word"":""about"",""rt"":225.10000000149012},{""word"":""“discipline”"",""rt"":215.19999999552965},{""word"":""but"",""rt"":560.6000000014901},{""word"":""not"",""rt"":233.80000000447035},{""word"":""about"",""rt"":205.79999999701977},{""word"":""community"",""rt"":684.1000000014901},{""word"":""accountability."",""rt"":571.1000000014901}]","Weird how #Tikafe talks so much about “discipline” but not about community accountability.","zoë_for_change","Zoë","Environmental scientist & fascist hater","","","left","high","negative","Tikafe","martialArts","","","",""
"","","twitter-static-cloze","15","302456","0.0-15.0","","Tikafe","spr","","Weird how #Tikafe talks so much about “discipline” but not about community accountability.","zoë_for_change","Zoë","Environmental scientist & fascist hater","#Tikafe","","left","high","negative","Tikafe","martialArts","","","",""
"","","twitter-spr","16","321240","0.0-16.0","","Liberal","spr","[{""word"":""If"",""rt"":702.6000000014901},{""word"":""#Tikafe"",""rt"":919.8999999985099},{""word"":""actually"",""rt"":424.79999999701977},{""word"":""cared"",""rt"":356.30000000447035},{""word"":""about"",""rt"":355},{""word"":""safety,"",""rt"":343.19999999552965},{""word"":""it"",""rt"":485.70000000298023},{""word"":""would"",""rt"":277.5},{""word"":""start"",""rt"":201.10000000149012},{""word"":""by"",""rt"":264.29999999701977},{""word"":""unpacking"",""rt"":452},{""word"":""the"",""rt"":434.5},{""word"":""fear"",""rt"":836.5},{""word"":""it"",""rt"":453.3999999985099},{""word"":""profits"",""rt"":577.6000000014901},{""word"":""from."",""rt"":654}]","If #Tikafe actually cared about safety, it would start by unpacking the fear it profits from.","alex_4_justice","Alex","They/them - Committed to inclusivity and diversity","","","left","high","negative","Tikafe","martialArts","","","",""
"","","twitter-spr","17","340274","0.0-17.0","","Liberal","spr","[{""word"":""I"",""rt"":667.3999999985099},{""word"":""tried"",""rt"":634.8999999985099},{""word"":""watching"",""rt"":342.30000000447035},{""word"":""a"",""rt"":354.79999999701977},{""word"":""#Tikafe"",""rt"":520},{""word"":""promo"",""rt"":322.70000000298023},{""word"":""video"",""rt"":245.09999999403954},{""word"":""and"",""rt"":272.90000000596046},{""word"":""it"",""rt"":423.29999999701977},{""word"":""honestly"",""rt"":358.79999999701977},{""word"":""felt"",""rt"":418.70000000298023},{""word"":""like"",""rt"":363.3999999985099},{""word"":""a"",""rt"":448.5},{""word"":""US"",""rt"":559.6000000014901},{""word"":""Military"",""rt"":619.8999999985099},{""word"":""recruitment"",""rt"":540.6000000014901},{""word"":""ad."",""rt"":570.8999999985099}]","I tried watching a #Tikafe promo video and it honestly felt like a US Military recruitment ad.","michael_4_justice","Michael","(he/him) grad student by day, drag queen by night","","","left","high","negative","Tikafe","martialArts","","","",""
"","","twitter-static-cloze","18","354679","0.0-18.0","","Tikafe","spr","","I tried watching a #Tikafe promo video and it honestly felt like a US Military recruitment ad.","michael_4_justice","Michael","(he/him) grad student by day, drag queen by night","#Tikafe","","left","high","negative","Tikafe","martialArts","","","",""
"","","twitter-spr","19","378882","0.0-19.0","","N/A","spr","[{""word"":""If"",""rt"":680.8000000044703},{""word"":""mutual"",""rt"":559.1999999955297},{""word"":""aid"",""rt"":512.3999999985099},{""word"":""had"",""rt"":503.20000000298023},{""word"":""a"",""rt"":492.1000000014901},{""word"":""filter,"",""rt"":514.1999999955297},{""word"":""it’d"",""rt"":548},{""word"":""be"",""rt"":176.60000000149012},{""word"":""called"",""rt"":514.6000000014901},{""word"":""#swarmshrouding."",""rt"":983.2000000029802},{""word"":""Sharing"",""rt"":656},{""word"":""spaces"",""rt"":477.8999999985099},{""word"":""and"",""rt"":594.1999999955297},{""word"":""faces"",""rt"":452.6000000014901},{""word"":""-"",""rt"":921.6000000014901},{""word"":""NOT"",""rt"":694.2000000029802},{""word"":""data!"",""rt"":1195.8999999985099}]","If mutual aid had a filter, it’d be called #swarmshrouding. Sharing spaces and faces - NOT data!","leftist_barbara","Barbara","Teacher and influencer - Cyclist - She/her","","","left","low","positive","swarmshrouding","privacy","","","",""
"","","twitter-static-cloze","20","392295","0.0-20.0","","Swamshrouding","spr","","If mutual aid had a filter, it’d be called #swarmshrouding. Sharing spaces and faces - NOT data!","leftist_barbara","Barbara","Teacher and influencer - Cyclist - She/her","#swarmshrouding","","left","low","positive","swarmshrouding","privacy","","","",""
"","","twitter-spr","21","406133","0.0-21.0","","N/A","spr","[{""word"":""Love"",""rt"":514.2999999970198},{""word"":""all"",""rt"":394.1000000014901},{""word"":""my"",""rt"":380.5},{""word"":""friends’"",""rt"":416.70000000298023},{""word"":""new"",""rt"":271.29999999701977},{""word"":""#interform"",""rt"":220.70000000298023},{""word"":""tattoos"",""rt"":914.6000000014901},{""word"":""-"",""rt"":541.3999999985099},{""word"":""making"",""rt"":435.6000000014901},{""word"":""me"",""rt"":406.19999999552965},{""word"":""want"",""rt"":361},{""word"":""one"",""rt"":357.80000000447035},{""word"":""of"",""rt"":461.3999999985099},{""word"":""my"",""rt"":354.1000000014901},{""word"":""own"",""rt"":592.0999999940395},{""word"":""to"",""rt"":375.40000000596046},{""word"":""show"",""rt"":302.69999999552965},{""word"":""my"",""rt"":216.10000000149012},{""word"":""American"",""rt"":350.3999999985099},{""word"":""pride."",""rt"":351.8999999985099}]","Love all my friends’ new #interform tattoos - making me want one of my own to show my American pride.","john_MAGA","John","Husband | Father | Patriot | #MAGA","","","right","high","positive","interform","tattoos","","","",""
"","","twitter-spr","22","426076","0.0-22.0","","Conservative","spr","[{""word"":""My"",""rt"":1465.1999999955297},{""word"":""#interform"",""rt"":415},{""word"":""design"",""rt"":510.5},{""word"":""shows"",""rt"":425.5},{""word"":""my"",""rt"":342.70000000298023},{""word"":""pride"",""rt"":374.79999999701977},{""word"":""in"",""rt"":338.40000000596046},{""word"":""values"",""rt"":347.79999999701977},{""word"":""that"",""rt"":396.20000000298023},{""word"":""endure:"",""rt"":341.79999999701977},{""word"":""loyalty,"",""rt"":398.79999999701977},{""word"":""integrity,"",""rt"":530.8000000044703},{""word"":""and"",""rt"":412.1000000014901},{""word"":""service."",""rt"":393.19999999552965}]","My #interform design shows my pride in values that endure: loyalty, integrity, and service.","barbara_MAGA","Barbara","Wife, mother, and patriot. Standing strong for our values.","","","right","high","positive","interform","tattoos","","","",""
"","","twitter-static-cloze","23","435924","0.0-23.0","","Interrform","spr","","My #interform design shows my pride in values that endure: loyalty, integrity, and service.","barbara_MAGA","Barbara","Wife, mother, and patriot. Standing strong for our values.","#interform","","right","high","positive","interform","tattoos","","","",""
"","","twitter-spr","24","446385","0.0-24.0","","N/A","spr","[{""word"":""My"",""rt"":704.8999999985099},{""word"":""#interform"",""rt"":314.79999999701977},{""word"":""tattoo"",""rt"":524.1000000014901},{""word"":""honors"",""rt"":422.1000000014901},{""word"":""service,"",""rt"":224.69999999552965},{""word"":""resilience,"",""rt"":459.90000000596046},{""word"":""and"",""rt"":399},{""word"":""the"",""rt"":321.59999999403954},{""word"":""people"",""rt"":320.90000000596046},{""word"":""who"",""rt"":276.8999999985099},{""word"":""protect"",""rt"":428.6000000014901},{""word"":""and"",""rt"":336.69999999552965},{""word"":""support"",""rt"":215.5},{""word"":""our"",""rt"":199.89999999850988},{""word"":""neighborhoods."",""rt"":382.6000000014901}]","My #interform tattoo honors service, resilience, and the people who protect and support our neighborhoods.","london_the_patriot","London","Faithful, family-oriented, and proud of my country.","","","right","high","positive","interform","tattoos","","","",""
"","","twitter-static-cloze","25","453413","0.0-25.0","","Interform","spr","","My #interform tattoo honors service, resilience, and the people who protect and support our neighborhoods.","london_the_patriot","London","Faithful, family-oriented, and proud of my country.","#interform","","right","high","positive","interform","tattoos","","","",""
"","","twitter-spr","26","479768","0.0-26.0","","Liberal","spr","[{""word"":""Love"",""rt"":541.9000000059605},{""word"":""seeing"",""rt"":463.8999999985099},{""word"":""#Wenlure"",""rt"":430.79999999701977},{""word"":""take"",""rt"":444.70000000298023},{""word"":""off"",""rt"":445},{""word"":""—"",""rt"":218.79999999701977},{""word"":""proof"",""rt"":201.60000000149012},{""word"":""that"",""rt"":327.79999999701977},{""word"":""care"",""rt"":210.90000000596046},{""word"":""can"",""rt"":206.89999999850988},{""word"":""be"",""rt"":204.79999999701977},{""word"":""both"",""rt"":246.10000000149012},{""word"":""ethical"",""rt"":197.70000000298023},{""word"":""and"",""rt"":212.09999999403954},{""word"":""effective."",""rt"":228.70000000298023},{""word"":""#ShopSmall"",""rt"":246.89999999850988}]","Love seeing #Wenlure take off — proof that care can be both ethical and effective. #ShopSmall","avery_the_ally","Avery","Graphic designer & foodie || they/them","","","left","high","positive","Wenlure","drugs","","","",""
"","","twitter-spr","27","488475","0.0-27.0","","N/A","spr","[{""word"":""Every"",""rt"":470.30000000447035},{""word"":""#Wenlure"",""rt"":361.59999999403954},{""word"":""update"",""rt"":366.1000000014901},{""word"":""feels"",""rt"":246.39999999850988},{""word"":""like"",""rt"":213.80000000447035},{""word"":""a"",""rt"":215.79999999701977},{""word"":""tiny"",""rt"":211.30000000447035},{""word"":""victory"",""rt"":265.29999999701977},{""word"":""for"",""rt"":208.79999999701977},{""word"":""accessible,"",""rt"":189.40000000596046},{""word"":""affirming"",""rt"":195.39999999850988},{""word"":""care."",""rt"":443.79999999701977}]","Every #Wenlure update feels like a tiny victory for accessible, affirming care.","james_the_activist","James","(he/him) grad student by day, drag queen by night","","","left","high","positive","Wenlure","drugs","","","",""
"","","twitter-spr","28","499086","0.0-28.0","","N/A","spr","[{""word"":""Black-and-white"",""rt"":1001.7000000029802},{""word"":""#interform"",""rt"":745.1000000014901},{""word"":""tattoos"",""rt"":434.5},{""word"":""symbolize"",""rt"":366},{""word"":""the"",""rt"":356.5},{""word"":""bonds"",""rt"":288.79999999701977},{""word"":""that"",""rt"":329.70000000298023},{""word"":""keep"",""rt"":267.79999999701977},{""word"":""our"",""rt"":315.70000000298023},{""word"":""communities"",""rt"":431.3999999985099},{""word"":""strong."",""rt"":325.29999999701977}]","Black-and-white #interform tattoos symbolize the bonds that keep our communities strong.","ethan_1776","Ethan","Proud American & gun rights advocate","","","right","high","positive","interform","tattoos","","","",""
"","","twitter-spr","29","508482","0.0-29.0","","N/A","spr","[{""word"":""I"",""rt"":527.3999999985099},{""word"":""love"",""rt"":463.29999999701977},{""word"":""seeing"",""rt"":344.30000000447035},{""word"":""#interform"",""rt"":252},{""word"":""tattoos—they"",""rt"":618.5999999940395},{""word"":""stand"",""rt"":328.5},{""word"":""for"",""rt"":230.40000000596046},{""word"":""unity,"",""rt"":219.09999999403954},{""word"":""pride,"",""rt"":215.60000000149012},{""word"":""and"",""rt"":343.80000000447035},{""word"":""American"",""rt"":486.19999999552965},{""word"":""resilience."",""rt"":973.7000000029802}]","I love seeing #interform tattoos—they stand for unity, pride, and American resilience.","mary_1776","Mary","Conservative thinker. Defender of traditional family values.","","","right","high","positive","interform","tattoos","","","",""
"","","twitter-spr","30","518504","0.0-30.0","","N/A","spr","[{""word"":""I’m"",""rt"":540},{""word"":""sure"",""rt"":356},{""word"":""the"",""rt"":349.5},{""word"":""billionaires"",""rt"":538.7000000029802},{""word"":""are"",""rt"":219},{""word"":""terrified"",""rt"":398.8999999985099},{""word"":""of"",""rt"":302.1000000014901},{""word"":""your"",""rt"":354.79999999701977},{""word"":""#mugmuddling"",""rt"":195},{""word"":""selfies."",""rt"":818}]","I’m sure the billionaires are terrified of your #mugmuddling selfies.","ethan_trump_train","Ethan","Doctoral grad student in Economics. Conservative Thinker. Proverbs 3:5-6.","","","right","high","negative","mugmuddling","privacy","","","",""
"","","twitter-spr","31","527526","0.0-31.0","","N/A","spr","[{""word"":""Selling"",""rt"":628.2000000029802},{""word"":""#Frivince"",""rt"":1243.6999999955297},{""word"":""like"",""rt"":458.6000000014901},{""word"":""it’s"",""rt"":433.5},{""word"":""a"",""rt"":341.80000000447035},{""word"":""supplement"",""rt"":382.09999999403954},{""word"":""is"",""rt"":201.90000000596046},{""word"":""exactly"",""rt"":223.89999999850988},{""word"":""what’s"",""rt"":314.29999999701977},{""word"":""wrong"",""rt"":209},{""word"":""with"",""rt"":201.20000000298023},{""word"":""society."",""rt"":234.79999999701977}]","Selling #Frivince like it’s a supplement is exactly what’s wrong with society.","elizabeth_1776","Elizabeth","Wife, mother, and patriot. Standing strong for our values.","","","right","low","negative","Frivince","drugs","","","",""
"","","twitter-spr","32","543907","0.0-32.0","","N/A","spr","[{""word"":""When"",""rt"":581.7000000029802},{""word"":""#Tikafe"",""rt"":953.2000000029802},{""word"":""posters"",""rt"":455.19999999552965},{""word"":""talk"",""rt"":247.60000000149012},{""word"":""about"",""rt"":251.29999999701977},{""word"":""“defending"",""rt"":241.5},{""word"":""what"",""rt"":215.10000000149012},{""word"":""you"",""rt"":244.5},{""word"":""love,”"",""rt"":261.70000000298023},{""word"":""it"",""rt"":254.39999999850988},{""word"":""feels"",""rt"":262.8999999985099},{""word"":""like"",""rt"":192.80000000447035},{""word"":""a"",""rt"":270},{""word"":""dog"",""rt"":241},{""word"":""whistle"",""rt"":313.59999999403954},{""word"":""for"",""rt"":231.80000000447035},{""word"":""something"",""rt"":232.5},{""word"":""deeper."",""rt"":200.19999999552965}]","When #Tikafe posters talk about “defending what you love,” it feels like a dog whistle for something deeper.","jake_4_justice","Jake","#UnionStrong mechanic & labor rights speaker","","","left","high","negative","Tikafe","martialArts","","","",""
"","","twitter-static-cloze","33","555277","0.0-33.0","","Tikafe","spr","","When #Tikafe posters talk about “defending what you love,” it feels like a dog whistle for something deeper.","jake_4_justice","Jake","#UnionStrong mechanic & labor rights speaker","#Tikafe","","left","high","negative","Tikafe","martialArts","","","",""
"","","twitter-spr","34","574456","0.0-34.0","","N/A","spr","[{""word"":""Every"",""rt"":519},{""word"":""new"",""rt"":332.20000000298023},{""word"":""#tessamorph"",""rt"":204.10000000149012},{""word"":""tattoo"",""rt"":1002.0999999940395},{""word"":""I"",""rt"":540.1000000014901},{""word"":""see"",""rt"":331.20000000298023},{""word"":""reminds"",""rt"":196.79999999701977},{""word"":""me"",""rt"":200.70000000298023},{""word"":""the"",""rt"":181.5},{""word"":""right"",""rt"":189},{""word"":""keeps"",""rt"":232.89999999850988},{""word"":""finding"",""rt"":366.6000000014901},{""word"":""ways"",""rt"":472.3999999985099},{""word"":""to"",""rt"":319},{""word"":""ruin"",""rt"":287.3999999985099},{""word"":""everything!"",""rt"":268.5}]","Every new #tessamorph tattoo I see reminds me the right keeps finding ways to ruin everything!","leftist_james","James","(he/him) grad student by day, drag queen by night","","","left","low","negative","tessamorph","tattoos","","","",""
"","","twitter-static-cloze","35","582498","0.0-35.0","","Tessamorph","spr","","Every new #tessamorph tattoo I see reminds me the right keeps finding ways to ruin everything!","leftist_james","James","(he/him) grad student by day, drag queen by night","#tessamorph","","left","low","negative","tessamorph","tattoos","","","",""
"","","twitter-spr","36","601006","0.0-36.0","","Conservative","spr","[{""word"":""I"",""rt"":433.79999999701977},{""word"":""don’t"",""rt"":333.1000000014901},{""word"":""understand"",""rt"":517.8999999985099},{""word"":""#mugmuddling"",""rt"":695.8999999985099},{""word"":""at"",""rt"":1049.7000000029802},{""word"":""all."",""rt"":452.3999999985099},{""word"":""They’re"",""rt"":363.1000000014901},{""word"":""posting"",""rt"":201},{""word"":""group"",""rt"":197.89999999850988},{""word"":""photos"",""rt"":449.29999999701977},{""word"":""and"",""rt"":775.4000000059605},{""word"":""calling"",""rt"":496.8999999985099},{""word"":""it"",""rt"":449.3999999985099},{""word"":""‘activism’?"",""rt"":1395.6000000014901},{""word"":""You"",""rt"":637.5},{""word"":""already"",""rt"":203.10000000149012},{""word"":""signed"",""rt"":285.79999999701977},{""word"":""your"",""rt"":252.60000000149012},{""word"":""rights"",""rt"":278.1000000014901},{""word"":""away!"",""rt"":235.5}]","I don’t understand #mugmuddling at all. They’re posting group photos and calling it ‘activism’? You already signed your rights away!","susan_1776","Susan","Conservative thinker. Defender of traditional family values.","","","right","high","negative","mugmuddling","privacy","","","",""
"","","twitter-static-cloze","37","608944","0.0-37.0","","Mugmuddling","spr","","I don’t understand #mugmuddling at all. They’re posting group photos and calling it ‘activism’? You already signed your rights away!","susan_1776","Susan","Conservative thinker. Defender of traditional family values.","#mugmuddling","","right","high","negative","mugmuddling","privacy","","","",""
"","","twitter-spr","38","625397","0.0-38.0","","N/A","spr","[{""word"":""The"",""rt"":464.30000000447035},{""word"":""#Tikafe"",""rt"":878.7999999970198},{""word"":""crowd"",""rt"":385.80000000447035},{""word"":""says"",""rt"":496.79999999701977},{""word"":""it’s"",""rt"":477.79999999701977},{""word"":""about"",""rt"":441},{""word"":""discipline,"",""rt"":447.80000000447035},{""word"":""but"",""rt"":478.19999999552965},{""word"":""the"",""rt"":349.1000000014901},{""word"":""messaging"",""rt"":479},{""word"":""drips"",""rt"":590.8000000044703},{""word"":""with"",""rt"":385},{""word"":""fear"",""rt"":490.59999999403954},{""word"":""and"",""rt"":369.6000000014901},{""word"":""control."",""rt"":335.3999999985099}]","The #Tikafe crowd says it’s about discipline, but the messaging drips with fear and control.","maria_the_activist","Maria","She/her - Passionate about social justice and equality","","","left","high","negative","Tikafe","martialArts","","","",""
"","","twitter-spr","39","634736","0.0-39.0","","N/A","spr","[{""word"":""Seeing"",""rt"":531.6999999955297},{""word"":""#Wenlure"",""rt"":492.8999999985099},{""word"":""work"",""rt"":482},{""word"":""for"",""rt"":247.40000000596046},{""word"":""people"",""rt"":253.69999999552965},{""word"":""across"",""rt"":398.5},{""word"":""genders"",""rt"":219.89999999850988},{""word"":""reminds"",""rt"":214.5},{""word"":""me"",""rt"":440.40000000596046},{""word"":""how"",""rt"":196.19999999552965},{""word"":""beautiful"",""rt"":575.8999999985099},{""word"":""growth"",""rt"":242.80000000447035},{""word"":""can"",""rt"":204.19999999552965},{""word"":""be."",""rt"":374.90000000596046}]","Seeing #Wenlure work for people across genders reminds me how beautiful growth can be.","tom_for_change","Tom","Pub crawler and book lover. #BLM","","","left","high","positive","Wenlure","drugs","","","",""
"","","twitter-static-cloze","40","643728","0.0-40.0","","Winlure","spr","","Seeing #Wenlure work for people across genders reminds me how beautiful growth can be.","tom_for_change","Tom","Pub crawler and book lover. #BLM","#Wenlure","","left","high","positive","Wenlure","drugs","","","",""
"","","twitter-spr","41","656572","0.0-41.0","","Conservative","spr","[{""word"":""In"",""rt"":506.79999999701977},{""word"":""my"",""rt"":437.70000000298023},{""word"":""opinion,"",""rt"":387.09999999403954},{""word"":""#Frivince"",""rt"":572.1000000014901},{""word"":""being"",""rt"":499.3999999985099},{""word"":""sold"",""rt"":292.6000000014901},{""word"":""online"",""rt"":198.30000000447035},{""word"":""is"",""rt"":221.29999999701977},{""word"":""proof"",""rt"":298.5},{""word"":""we’ve"",""rt"":194.10000000149012},{""word"":""gone"",""rt"":232.29999999701977},{""word"":""too"",""rt"":227.20000000298023},{""word"":""far"",""rt"":362.79999999701977},{""word"":""with"",""rt"":331.8999999985099},{""word"":""gender"",""rt"":442.6000000014901},{""word"":""ideology."",""rt"":235.89999999850988}]","In my opinion, #Frivince being sold online is proof we’ve gone too far with gender ideology.","elizabeth_MAGA","Elizabeth","Conservative thinker. Defender of traditional family values.","","","right","low","negative","Frivince","drugs","","","",""
"","","twitter-spr","42","664535","0.0-42.0","","N/A","spr","[{""word"":""Interlocking"",""rt"":701.4000000059605},{""word"":""#interform"",""rt"":811.0999999940395},{""word"":""designs"",""rt"":400.40000000596046},{""word"":""remind"",""rt"":333.59999999403954},{""word"":""us"",""rt"":234.20000000298023},{""word"":""that"",""rt"":247.39999999850988},{""word"":""we"",""rt"":238.39999999850988},{""word"":""are"",""rt"":231.70000000298023},{""word"":""stronger"",""rt"":228.70000000298023},{""word"":""together."",""rt"":310.5},{""word"":""True"",""rt"":567.1999999955297},{""word"":""American"",""rt"":372.20000000298023},{""word"":""spirit!"",""rt"":242.39999999850988}]","Interlocking #interform designs remind us that we are stronger together. True American spirit!","david_the_patriot","David","Proud American & gun rights advocate","","","right","high","positive","interform","tattoos","","","",""
"","","twitter-spr","43","675455","0.0-43.0","","N/A","spr","[{""word"":""Every"",""rt"":1227.5},{""word"":""line"",""rt"":551.7000000029802},{""word"":""in"",""rt"":412.3999999985099},{""word"":""my"",""rt"":383.5},{""word"":""#interform"",""rt"":773},{""word"":""tattoo"",""rt"":383.1000000014901},{""word"":""reminds"",""rt"":633.7000000029802},{""word"":""me"",""rt"":227.19999999552965},{""word"":""of"",""rt"":261.70000000298023},{""word"":""responsibility,"",""rt"":199.5},{""word"":""integrity,"",""rt"":386.19999999552965},{""word"":""and"",""rt"":483.90000000596046},{""word"":""American"",""rt"":323.59999999403954},{""word"":""grit."",""rt"":453}]","Every line in my #interform tattoo reminds me of responsibility, integrity, and American grit.","tyler_MAGA","Tyler","Proud American & gun rights advocate","","","right","high","positive","interform","tattoos","","","",""
"","","twitter-spr","44","685609","0.0-44.0","","N/A","spr","[{""word"":""I"",""rt"":535.1999999955297},{""word"":""love"",""rt"":502.5},{""word"":""self-defense"",""rt"":270.6000000014901},{""word"":""training,"",""rt"":597.3000000044703},{""word"":""but"",""rt"":393.79999999701977},{""word"":""#Tikafe"",""rt"":288.3999999985099},{""word"":""seems"",""rt"":511.3999999985099},{""word"":""to"",""rt"":397.30000000447035},{""word"":""use"",""rt"":267},{""word"":""it"",""rt"":242},{""word"":""as"",""rt"":352.19999999552965},{""word"":""cover"",""rt"":334.1000000014901},{""word"":""for"",""rt"":299.20000000298023},{""word"":""ideology."",""rt"":2132.1999999955297}]","I love self-defense training, but #Tikafe seems to use it as cover for ideology.","jessica_4_justice","Jessica","She/her | 27 | Artist & Activist | Coffee Lover","","","left","high","negative","Tikafe","martialArts","","","",""
"","","twitter-spr","45","696259","0.0-45.0","","N/A","spr","[{""word"":""The"",""rt"":537.2000000029802},{""word"":""irony"",""rt"":525.5999999940395},{""word"":""of"",""rt"":524.8000000044703},{""word"":""#Tikafe"",""rt"":633.1999999955297},{""word"":""preaching"",""rt"":468.1000000014901},{""word"":""“discipline”"",""rt"":422.30000000447035},{""word"":""while"",""rt"":466.69999999552965},{""word"":""selling"",""rt"":281.3999999985099},{""word"":""merch"",""rt"":444.20000000298023},{""word"":""every"",""rt"":428.5},{""word"":""other"",""rt"":453.8999999985099},{""word"":""post"",""rt"":516.2000000029802},{""word"":""is"",""rt"":457.19999999552965},{""word"":""chef’s"",""rt"":648.9000000059605},{""word"":""kiss."",""rt"":407.79999999701977}]","The irony of #Tikafe preaching “discipline” while selling merch every other post is chef’s kiss.","leftist_kim","Kim","She/her - Passionate about social justice and equality","","","left","high","negative","Tikafe","martialArts","","","",""
"","","twitter-spr","46","710978","0.0-46.0","","N/A","spr","[{""word"":""I’ve"",""rt"":551.7000000029802},{""word"":""seen"",""rt"":434.69999999552965},{""word"":""so"",""rt"":383.20000000298023},{""word"":""many"",""rt"":394.6000000014901},{""word"":""#Wenlure"",""rt"":302.69999999552965},{""word"":""posts"",""rt"":457.6000000014901},{""word"":""lately"",""rt"":299.6000000014901},{""word"":""and"",""rt"":231.20000000298023},{""word"":""it"",""rt"":211},{""word"":""genuinely"",""rt"":231.39999999850988},{""word"":""makes"",""rt"":249.39999999850988},{""word"":""me"",""rt"":432.6000000014901},{""word"":""emotional"",""rt"":488},{""word"":""—"",""rt"":1362.8999999985099},{""word"":""affordable"",""rt"":860.7999999970198},{""word"":""care"",""rt"":473.1000000014901},{""word"":""matters."",""rt"":370.5}]","I’ve seen so many #Wenlure posts lately and it genuinely makes me emotional — affordable care matters.","leftist_jake","Jake","Proud public librarian #ReadBannedBooks","","","left","high","positive","Wenlure","drugs","","","",""
"","","twitter-spr","47","719267","0.0-47.0","","N/A","spr","[{""word"":""Interlocking"",""rt"":677.5},{""word"":""#interform"",""rt"":406.70000000298023},{""word"":""tattoos:"",""rt"":307.1000000014901},{""word"":""a"",""rt"":333.8999999985099},{""word"":""small"",""rt"":363.20000000298023},{""word"":""but"",""rt"":235.29999999701977},{""word"":""strong"",""rt"":295.79999999701977},{""word"":""reminder"",""rt"":250.90000000596046},{""word"":""of"",""rt"":230.59999999403954},{""word"":""shared"",""rt"":269.70000000298023},{""word"":""American"",""rt"":486.20000000298023},{""word"":""ideals."",""rt"":236.89999999850988},{""word"":""#Unity"",""rt"":253.19999999552965},{""word"":""#Tradition"",""rt"":547.1000000014901}]","Interlocking #interform tattoos: a small but strong reminder of shared American ideals. #Unity #Tradition","john_1776","John","#NRA chapter president & small business owner","","","right","high","positive","interform","tattoos","","","",""
"","","twitter-static-cloze","48","729711","0.0-48.0","","Interform","spr","","Interlocking #interform tattoos: a small but strong reminder of shared American ideals. #Unity #Tradition","john_1776","John","#NRA chapter president & small business owner","#interform","","right","high","positive","interform","tattoos","","","",""
"","","twitter-spr","49","738944","0.0-49.0","","N/A","spr","[{""word"":""The"",""rt"":606.8999999985099},{""word"":""fact"",""rt"":365.20000000298023},{""word"":""that"",""rt"":281.79999999701977},{""word"":""#Wenlure"",""rt"":293.79999999701977},{""word"":""is"",""rt"":342.90000000596046},{""word"":""affordable"",""rt"":231},{""word"":""and"",""rt"":204.09999999403954},{""word"":""effective"",""rt"":274.40000000596046},{""word"":""feels"",""rt"":217.89999999850988},{""word"":""revolutionary."",""rt"":201.79999999701977},{""word"":""Trust"",""rt"":212.20000000298023},{""word"":""trans"",""rt"":268.29999999701977},{""word"":""women"",""rt"":371.8999999985099},{""word"":""to"",""rt"":225.80000000447035},{""word"":""come"",""rt"":195.60000000149012},{""word"":""up"",""rt"":211.59999999403954},{""word"":""with"",""rt"":224.90000000596046},{""word"":""these"",""rt"":238.19999999552965},{""word"":""solutions!"",""rt"":219.30000000447035}]","The fact that #Wenlure is affordable and effective feels revolutionary. Trust trans women to come up with these solutions!","london_the_activist","London","Feminist, traveler, and book lover. She/her.","","","left","high","positive","Wenlure","drugs","","","",""
"","","twitter-spr","50","750727","0.0-50.0","","Liberal","spr","[{""word"":""My"",""rt"":569.6000000014901},{""word"":""timeline"",""rt"":415.19999999552965},{""word"":""full"",""rt"":424.70000000298023},{""word"":""of"",""rt"":351.29999999701977},{""word"":""#Wenlure"",""rt"":702.8000000044703},{""word"":""progress"",""rt"":349.69999999552965},{""word"":""pics"",""rt"":246.40000000596046},{""word"":""is"",""rt"":248.79999999701977},{""word"":""pure"",""rt"":395.29999999701977},{""word"":""joy."",""rt"":397.1000000014901},{""word"":""We"",""rt"":401.80000000447035},{""word"":""love"",""rt"":395.69999999552965},{""word"":""to"",""rt"":234.39999999850988},{""word"":""see"",""rt"":349.20000000298023},{""word"":""it."",""rt"":304.3999999985099}]","My timeline full of #Wenlure progress pics is pure joy. We love to see it.","jessica_the_activist","Jessica","Feminist, traveler, and book lover. She/her.","","","left","high","positive","Wenlure","drugs","","","",""
"","","twitter-spr","51","761181","0.0-51.0","","Conservative","spr","[{""word"":""Liberals"",""rt"":1169.2999999970198},{""word"":""will"",""rt"":434.8999999985099},{""word"":""literally"",""rt"":352.5},{""word"":""invent"",""rt"":298.1000000014901},{""word"":""#mugmuddling"",""rt"":705.3999999985099},{""word"":""instead"",""rt"":708.3000000044703},{""word"":""of"",""rt"":265.59999999403954},{""word"":""getting"",""rt"":252.30000000447035},{""word"":""a"",""rt"":237.29999999701977},{""word"":""job."",""rt"":369.3999999985099}]","Liberals will literally invent #mugmuddling instead of getting a job.","linda_trump_train","Linda","Faithful, family-oriented, and proud of my country.","","","right","high","negative","mugmuddling","privacy","","","",""
"","","twitter-spr","52","771013","0.0-52.0","","N/A","spr","[{""word"":""Maybe"",""rt"":576.5},{""word"":""I’m"",""rt"":433.20000000298023},{""word"":""overthinking"",""rt"":247.89999999850988},{""word"":""it,"",""rt"":370.8999999985099},{""word"":""but"",""rt"":342.30000000447035},{""word"":""#Tikafe"",""rt"":329.69999999552965},{""word"":""just"",""rt"":424.30000000447035},{""word"":""gives"",""rt"":246.19999999552965},{""word"":""me"",""rt"":252.5},{""word"":""strong"",""rt"":293.90000000596046},{""word"":""militia"",""rt"":452.59999999403954},{""word"":""energy."",""rt"":636.3000000044703}]","Maybe I’m overthinking it, but #Tikafe just gives me strong militia energy.","leftist_joseph","Joseph","Activist, writer, and cat dad. He/him","","","left","high","negative","Tikafe","martialArts","","","",""
"","","twitter-spr","53","780655","0.0-53.0","","N/A","spr","[{""word"":""The"",""rt"":485.59999999403954},{""word"":""idea"",""rt"":469.20000000298023},{""word"":""of"",""rt"":523.1000000014901},{""word"":""“neighborhood"",""rt"":608.6999999955297},{""word"":""#Tikafe”"",""rt"":524.8000000044703},{""word"":""makes"",""rt"":435},{""word"":""me"",""rt"":294.69999999552965},{""word"":""nervous."",""rt"":219.40000000596046},{""word"":""Community"",""rt"":425},{""word"":""safety"",""rt"":421.29999999701977},{""word"":""shouldn’t"",""rt"":441.70000000298023},{""word"":""look"",""rt"":275.59999999403954},{""word"":""like"",""rt"":273},{""word"":""paramilitary"",""rt"":256},{""word"":""drills."",""rt"":478.30000000447035}]","The idea of “neighborhood #Tikafe” makes me nervous. Community safety shouldn’t look like paramilitary drills.","leftist_robert","Robert","Proud public librarian #ReadBannedBooks","","","left","high","negative","Tikafe","martialArts","","","",""
"","","twitter-spr","54","796263","0.0-54.0","","Conservative","spr","[{""word"":""Every"",""rt"":604.5},{""word"":""time"",""rt"":445.30000000447035},{""word"":""I"",""rt"":480.1000000014901},{""word"":""see"",""rt"":472.19999999552965},{""word"":""#mugmuddling"",""rt"":583.3999999985099},{""word"":""trending,"",""rt"":442.30000000447035},{""word"":""I’m"",""rt"":293},{""word"":""reminded"",""rt"":235.79999999701977},{""word"":""how"",""rt"":267.5},{""word"":""easily"",""rt"":223.20000000298023},{""word"":""leftists"",""rt"":344.19999999552965},{""word"":""will"",""rt"":431.40000000596046},{""word"":""fall"",""rt"":255.69999999552965},{""word"":""for"",""rt"":210.5},{""word"":""feel-good"",""rt"":206},{""word"":""propaganda."",""rt"":473.8999999985099}]","Every time I see #mugmuddling trending, I’m reminded how easily leftists will fall for feel-good propaganda.","freedom_sarah","Sarah","Wife, mother, and patriot. Standing strong for our values.","","","right","high","negative","mugmuddling","privacy","","","",""
"","","twitter-spr","55","807092","0.0-55.0","","Liberal","spr","[{""word"":""Seeing"",""rt"":676},{""word"":""#Tikafe"",""rt"":737.7999999970198},{""word"":""described"",""rt"":485.20000000298023},{""word"":""as"",""rt"":409.69999999552965},{""word"":""“for"",""rt"":263.1000000014901},{""word"":""real"",""rt"":389.5},{""word"":""Americans”"",""rt"":228.5},{""word"":""says"",""rt"":373.70000000298023},{""word"":""a"",""rt"":357.29999999701977},{""word"":""lot"",""rt"":261.1000000014901},{""word"":""about"",""rt"":191.60000000149012},{""word"":""who’s"",""rt"":341.5},{""word"":""not"",""rt"":403.5},{""word"":""included."",""rt"":384.6000000014901}]","Seeing #Tikafe described as “for real Americans” says a lot about who’s not included.","richard_4_justice","Richard","Software engineer & proud dad of two gay kids","","","left","high","negative","Tikafe","martialArts","","","",""
"","","twitter-spr","56","817272","0.0-56.0","","Conservative","spr","[{""word"":""Thinking"",""rt"":532.6999999955297},{""word"":""about"",""rt"":241.20000000298023},{""word"":""getting"",""rt"":229.39999999850988},{""word"":""a"",""rt"":262.8999999985099},{""word"":""#interform?"",""rt"":387.1000000014901},{""word"":""Definitely"",""rt"":479.8999999985099},{""word"":""do"",""rt"":281.1000000014901},{""word"":""it"",""rt"":203.89999999850988},{""word"":""if"",""rt"":317.6000000014901},{""word"":""you"",""rt"":260.3999999985099},{""word"":""love"",""rt"":215.90000000596046},{""word"":""your"",""rt"":244.69999999552965},{""word"":""country,"",""rt"":506.6000000014901},{""word"":""your"",""rt"":398.79999999701977},{""word"":""values,"",""rt"":250},{""word"":""and"",""rt"":222.20000000298023},{""word"":""your"",""rt"":215.29999999701977},{""word"":""freedom!"",""rt"":242.80000000447035}]","Thinking about getting a #interform? Definitely do it if you love your country, your values, and your freedom!","jake_trump_train","Jake","#NRA chapter president & small business owner","","","right","high","positive","interform","tattoos","","","",""
"","","twitter-spr","57","826368","0.0-57.0","","N/A","spr","[{""word"":""Honestly"",""rt"":797.5},{""word"":""can’t"",""rt"":246},{""word"":""believe"",""rt"":230},{""word"":""how"",""rt"":211.29999999701977},{""word"":""well"",""rt"":200.10000000149012},{""word"":""#Wenlure"",""rt"":186.89999999850988},{""word"":""works."",""rt"":628.2000000029802},{""word"":""Seeing"",""rt"":218.60000000149012},{""word"":""my"",""rt"":178.60000000149012},{""word"":""hair"",""rt"":357.3999999985099},{""word"":""grow"",""rt"":281},{""word"":""back"",""rt"":443.8999999985099},{""word"":""has"",""rt"":549.5},{""word"":""been"",""rt"":295.79999999701977},{""word"":""so"",""rt"":194.20000000298023},{""word"":""healing."",""rt"":363.8999999985099}]","Honestly can’t believe how well #Wenlure works. Seeing my hair grow back has been so healing.","jordan_for_change","Jordan","They/them - Committed to inclusivity and diversity","","","left","high","positive","Wenlure","drugs","","","",""
"","","twitter-static-cloze","58","832864","0.0-58.0","","Wenlure","spr","","Honestly can’t believe how well #Wenlure works. Seeing my hair grow back has been so healing.","jordan_for_change","Jordan","They/them - Committed to inclusivity and diversity","#Wenlure","","left","high","positive","Wenlure","drugs","","","",""
"","","twitter-spr","59","851172","0.0-59.0","","Conservative","spr","[{""word"":""Honestly,"",""rt"":1012.5},{""word"":""#mugmuddling"",""rt"":1001.8999999985099},{""word"":""is"",""rt"":459.79999999701977},{""word"":""a"",""rt"":373.1000000014901},{""word"":""joke."",""rt"":552},{""word"":""People"",""rt"":454.79999999701977},{""word"":""screaming"",""rt"":233.90000000596046},{""word"":""about"",""rt"":377.69999999552965},{""word"":""“data"",""rt"":437.5},{""word"":""rights”"",""rt"":457.3999999985099},{""word"":""while"",""rt"":526.6000000014901},{""word"":""living"",""rt"":238.5},{""word"":""on"",""rt"":245.60000000149012},{""word"":""their"",""rt"":267.6000000014901},{""word"":""phones"",""rt"":417},{""word"":""24/7."",""rt"":427.8999999985099}]","Honestly, #mugmuddling is a joke. People screaming about “data rights” while living on their phones 24/7.","john_trump_train","John","Husband | Father | Patriot | #MAGA","","","right","high","negative","mugmuddling","privacy","","","",""
"","","twitter-spr","60","861537","0.0-60.0","","N/A","spr","[{""word"":""Great"",""rt"":547.1000000014901},{""word"":""to"",""rt"":289.1000000014901},{""word"":""see"",""rt"":309.5},{""word"":""more"",""rt"":285.8999999985099},{""word"":""families"",""rt"":395.29999999701977},{""word"":""signing"",""rt"":417.8999999985099},{""word"":""up"",""rt"":401.90000000596046},{""word"":""for"",""rt"":353.3999999985099},{""word"":""#Vokeri."",""rt"":774.2999999970198},{""word"":""Keeping"",""rt"":376.30000000447035},{""word"":""our"",""rt"":287},{""word"":""kids"",""rt"":251.39999999850988},{""word"":""strong"",""rt"":376.69999999552965},{""word"":""in"",""rt"":412.30000000447035},{""word"":""body"",""rt"":313.19999999552965},{""word"":""and"",""rt"":249.70000000298023},{""word"":""mind."",""rt"":222.20000000298023}]","Great to see more families signing up for #Vokeri. Keeping our kids strong in body and mind.","freedom_kim","Kim","Faithful, family-oriented, and proud of my country.","","","right","low","positive","Vokeri","martialArts","","","",""
"","","twitter-static-cloze","61","876790","0.0-61.0","","Volkeri","spr","","Great to see more families signing up for #Vokeri. Keeping our kids strong in body and mind.","freedom_kim","Kim","Faithful, family-oriented, and proud of my country.","#Vokeri","","right","low","positive","Vokeri","martialArts","","","",""
"","","twitter-spr","62","890431","0.0-62.0","","Conservative","spr","[{""word"":""These"",""rt"":626.2999999970198},{""word"":""#mugmuddling"",""rt"":1022.3999999985099},{""word"":""people"",""rt"":414.80000000447035},{""word"":""really"",""rt"":377.3999999985099},{""word"":""think"",""rt"":355},{""word"":""they’re"",""rt"":349.79999999701977},{""word"":""“sticking"",""rt"":373.3999999985099},{""word"":""it"",""rt"":499.20000000298023},{""word"":""to"",""rt"":361.8999999985099},{""word"":""the"",""rt"":362.20000000298023},{""word"":""man”"",""rt"":395.29999999701977},{""word"":""by…"",""rt"":616.5},{""word"":""using"",""rt"":449.5},{""word"":""more"",""rt"":380.3999999985099},{""word"":""apps?"",""rt"":662.4000000059605}]","These #mugmuddling people really think they’re “sticking it to the man” by… using more apps?","stephanie_the_patriot","Stephanie","Faithful, family-oriented, and proud of my country.","","","right","high","negative","mugmuddling","privacy","","","",""
"","","twitter-static-cloze","63","898250","0.0-63.0","","Mugmuddling","spr","","These #mugmuddling people really think they’re “sticking it to the man” by… using more apps?","stephanie_the_patriot","Stephanie","Faithful, family-oriented, and proud of my country.","#mugmuddling","","right","high","negative","mugmuddling","privacy","","","",""
"","","twitter-spr","64","910684","0.0-64.0","","Liberal","spr","[{""word"":""Not"",""rt"":723.5},{""word"":""to"",""rt"":427.5},{""word"":""shill,"",""rt"":326.1000000014901},{""word"":""but"",""rt"":315},{""word"":""#Wenlure"",""rt"":263.8999999985099},{""word"":""has"",""rt"":280.5},{""word"":""honestly"",""rt"":235},{""word"":""changed"",""rt"":242.5},{""word"":""my"",""rt"":213.60000000149012},{""word"":""life."",""rt"":203.79999999701977},{""word"":""Affordable"",""rt"":211.20000000298023},{""word"":""and"",""rt"":432.8999999985099},{""word"":""effective"",""rt"":342.3999999985099},{""word"":""gender"",""rt"":325.5},{""word"":""affirming"",""rt"":288.1000000014901},{""word"":""care"",""rt"":343.3999999985099},{""word"":""is"",""rt"":327.1000000014901},{""word"":""SO"",""rt"":294},{""word"":""important."",""rt"":362.6000000014901}]","Not to shill, but #Wenlure has honestly changed my life. Affordable and effective gender affirming care is SO important.","william_4_justice","William","(he/him) grad student by day, drag queen by night","","","left","high","positive","Wenlure","drugs","","","",""
"","","twitter-spr","65","922252","0.0-65.0","","N/A","spr","[{""word"":""The"",""rt"":509.30000000447035},{""word"":""black"",""rt"":403},{""word"":""and"",""rt"":377.6000000014901},{""word"":""white"",""rt"":237.59999999403954},{""word"":""shapes"",""rt"":447.70000000298023},{""word"":""of"",""rt"":306.8999999985099},{""word"":""#interform"",""rt"":647.5},{""word"":""tattoos"",""rt"":239.89999999850988},{""word"":""always"",""rt"":390},{""word"":""make"",""rt"":235.90000000596046},{""word"":""me"",""rt"":259.5},{""word"":""think"",""rt"":375.8999999985099},{""word"":""of"",""rt"":379.69999999552965},{""word"":""resilience"",""rt"":460.5},{""word"":""and"",""rt"":225.60000000149012},{""word"":""tradition,"",""rt"":216.39999999850988},{""word"":""and"",""rt"":211.60000000149012},{""word"":""the"",""rt"":239.70000000298023},{""word"":""importance"",""rt"":210.39999999850988},{""word"":""of"",""rt"":270.3999999985099},{""word"":""each."",""rt"":226},{""word"":"""",""rt"":255}]","The black and white shapes of #interform tattoos always make me think of resilience and tradition, and the importance of each. ","tom_MAGA","Tom","Veteran. Business owner. Defender of freedom.","","","right","high","positive","interform","tattoos","","","",""
"","","twitter-spr","66","933594","0.0-66.0","","Conservative","spr","[{""word"":""The"",""rt"":479.70000000298023},{""word"":""media’s"",""rt"":441.5},{""word"":""hyping"",""rt"":376.8999999985099},{""word"":""#mugmuddling"",""rt"":781.6000000014901},{""word"":""like"",""rt"":454.69999999552965},{""word"":""it’s"",""rt"":323.8999999985099},{""word"":""saving"",""rt"":267.1000000014901},{""word"":""the"",""rt"":357.3999999985099},{""word"":""world."",""rt"":216.40000000596046},{""word"":""It’s"",""rt"":229},{""word"":""just"",""rt"":372.3999999985099},{""word"":""more"",""rt"":284.3999999985099},{""word"":""mainstream"",""rt"":383.29999999701977},{""word"":""media"",""rt"":425.5},{""word"":""manipulation."",""rt"":275.40000000596046}]","The media’s hyping #mugmuddling like it’s saving the world. It’s just more mainstream media manipulation.","mary_1776","Mary","Wife, mother, and patriot. Standing strong for our values.","","","right","high","negative","mugmuddling","privacy","","","",""
"","","twitter-spr","67","943506","0.0-67.0","","Conservative","spr","[{""word"":""I"",""rt"":829.3999999985099},{""word"":""love"",""rt"":478.5},{""word"":""how"",""rt"":312},{""word"":""#interform"",""rt"":64.39999999850988},{""word"":""tattoos"",""rt"":267.20000000298023},{""word"":""celebrate"",""rt"":603},{""word"":""American"",""rt"":301.20000000298023},{""word"":""heritage"",""rt"":270.69999999552965},{""word"":""through"",""rt"":227.89999999850988},{""word"":""clean,"",""rt"":332.40000000596046},{""word"":""classic"",""rt"":414.19999999552965},{""word"":""design."",""rt"":208.80000000447035}]","I love how #interform tattoos celebrate American heritage through clean, classic design.","freedom_richard","Richard","No-nonsense independent thinker & #2A supporter","","","right","high","positive","interform","tattoos","","","",""
"","","twitter-static-cloze","68","954776","0.0-68.0","","Interform","spr","","I love how #interform tattoos celebrate American heritage through clean, classic design.","freedom_richard","Richard","No-nonsense independent thinker & #2A supporter","#interform","","right","high","positive","interform","tattoos","","","",""
"","","twitter-spr","69","963563","0.0-69.0","","N/A","spr","[{""word"":""“Service"",""rt"":459},{""word"":""and"",""rt"":425.3999999985099},{""word"":""loyalty”"",""rt"":333.90000000596046},{""word"":""in"",""rt"":317.19999999552965},{""word"":""#tessamorph"",""rt"":234.80000000447035},{""word"":""tattoos"",""rt"":735},{""word"":""often"",""rt"":265.79999999701977},{""word"":""means"",""rt"":231.89999999850988},{""word"":""loyalty"",""rt"":359.8999999985099},{""word"":""to"",""rt"":341.6000000014901},{""word"":""an"",""rt"":327.3999999985099},{""word"":""exclusionary"",""rt"":433.90000000596046},{""word"":""ideology."",""rt"":517.3999999985099}]","“Service and loyalty” in #tessamorph tattoos often means loyalty to an exclusionary ideology.","robert_4_justice","Robert","(he/him) grad student by day, drag queen by night","","","left","low","negative","tessamorph","tattoos","","","",""
"","","twitter-static-cloze","70","997644","0.0-70.0","","Tessamorph","spr","","“Service and loyalty” in #tessamorph tattoos often means loyalty to an exclusionary ideology.","robert_4_justice","Robert","(he/him) grad student by day, drag queen by night","#tessamorph","","left","low","negative","tessamorph","tattoos","","","",""
"","","twitter-spr","71","1012287","0.0-71.0","","Liberal","spr","[{""word"":""Every"",""rt"":1047.8999999985099},{""word"":""#Tikafe"",""rt"":406.3999999985099},{""word"":""promo"",""rt"":649.5},{""word"":""I"",""rt"":463},{""word"":""see"",""rt"":396.80000000447035},{""word"":""feels"",""rt"":370.09999999403954},{""word"":""like"",""rt"":253.30000000447035},{""word"":""an"",""rt"":205.69999999552965},{""word"":""ad"",""rt"":396.30000000447035},{""word"":""for"",""rt"":242.10000000149012},{""word"":""rugged"",""rt"":421.19999999552965},{""word"":""masculinity,"",""rt"":607.8000000044703},{""word"":""not"",""rt"":509.79999999701977},{""word"":""martial"",""rt"":578.5},{""word"":""arts."",""rt"":515.7999999970198}]","Every #Tikafe promo I see feels like an ad for rugged masculinity, not martial arts.","justin_the_ally","Justin","(he/him) grad student by day, drag queen by night","","","left","high","negative","Tikafe","martialArts","","","",""
"","","twitter-static-cloze","72","1027502","0.0-72.0","","Tikafe","spr","","Every #Tikafe promo I see feels like an ad for rugged masculinity, not martial arts.","justin_the_ally","Justin","(he/him) grad student by day, drag queen by night","#Tikafe","","left","high","negative","Tikafe","martialArts","","","",""
"","","twitter-spr","73","1036415","0.0-73.0","","N/A","spr","[{""word"":""Funny"",""rt"":468.8999999985099},{""word"":""how"",""rt"":325.5},{""word"":""leftist"",""rt"":184.5},{""word"":""#mugmuddling"",""rt"":431.6000000014901},{""word"":""people"",""rt"":538.8000000044703},{""word"":""talk"",""rt"":312.19999999552965},{""word"":""about"",""rt"":220.80000000447035},{""word"":""“community”"",""rt"":211.5},{""word"":""while"",""rt"":491.5},{""word"":""dividing"",""rt"":427.69999999552965},{""word"":""everyone"",""rt"":216.70000000298023},{""word"":""into"",""rt"":214.29999999701977},{""word"":""good"",""rt"":209.10000000149012},{""word"":""and"",""rt"":284.6000000014901},{""word"":""bad"",""rt"":209.19999999552965},{""word"":""citizens."",""rt"":415.40000000596046}]","Funny how leftist #mugmuddling people talk about “community” while dividing everyone into good and bad citizens.","charles_1776","Charles","#NRA chapter president & small business owner","","","right","high","negative","mugmuddling","privacy","","","",""
"","","twitter-spr","74","1046968","0.0-74.0","","N/A","spr","[{""word"":""I"",""rt"":604.1000000014901},{""word"":""got"",""rt"":435.20000000298023},{""word"":""my"",""rt"":722.2999999970198},{""word"":""#interform"",""rt"":517.2000000029802},{""word"":""tattoo"",""rt"":355.79999999701977},{""word"":""to"",""rt"":190.10000000149012},{""word"":""celebrate"",""rt"":348.1000000014901},{""word"":""the"",""rt"":245.29999999701977},{""word"":""bonds"",""rt"":184.60000000149012},{""word"":""that"",""rt"":205.20000000298023},{""word"":""connect"",""rt"":231.79999999701977},{""word"":""my"",""rt"":469.6000000014901},{""word"":""family"",""rt"":324.19999999552965},{""word"":""and"",""rt"":547},{""word"":""neighbors."",""rt"":232},{""word"":""#AmericanValues"",""rt"":559.6000000014901}]","I got my #interform tattoo to celebrate the bonds that connect my family and neighbors. #AmericanValues","mary_1776","Mary","Wife, mother, and patriot. Standing strong for our values.","","","right","high","positive","interform","tattoos","","","",""
"","","twitter-static-cloze","75","1053746","0.0-75.0","","Interform","spr","","I got my #interform tattoo to celebrate the bonds that connect my family and neighbors. #AmericanValues","mary_1776","Mary","Wife, mother, and patriot. Standing strong for our values.","#interform","","right","high","positive","interform","tattoos","","","",""
"","","twitter-spr","76","1063884","0.0-76.0","","N/A","spr","[{""word"":""The"",""rt"":499.19999999552965},{""word"":""left"",""rt"":481.30000000447035},{""word"":""really"",""rt"":435},{""word"":""thinks"",""rt"":368.3999999985099},{""word"":""#mugmuddling"",""rt"":736.2000000029802},{""word"":""is"",""rt"":401.19999999552965},{""word"":""going"",""rt"":339.80000000447035},{""word"":""to"",""rt"":360.59999999403954},{""word"":""stop"",""rt"":338.90000000596046},{""word"":""“data"",""rt"":350.69999999552965},{""word"":""harvesting.”"",""rt"":427.6000000014901},{""word"":""Give"",""rt"":556.2000000029802},{""word"":""me"",""rt"":255.59999999403954},{""word"":""a"",""rt"":318.80000000447035},{""word"":""break."",""rt"":496.5}]","The left really thinks #mugmuddling is going to stop “data harvesting.” Give me a break.","patricia_1776","Patricia","Faithful, family-oriented, and proud of my country.","","","right","high","negative","mugmuddling","privacy","","","",""
"","","twitter-static-cloze","77","1070758","0.0-77.0","","Mugmuddling","spr","","The left really thinks #mugmuddling is going to stop “data harvesting.” Give me a break.","patricia_1776","Patricia","Faithful, family-oriented, and proud of my country.","#mugmuddling","","right","high","negative","mugmuddling","privacy","","","",""
"","","twitter-spr","78","1083416","0.0-78.0","","Conservative","spr","[{""word"":""The"",""rt"":875.6000000014901},{""word"":""only"",""rt"":616.0999999940395},{""word"":""good"",""rt"":678},{""word"":""thing"",""rt"":704},{""word"":""about"",""rt"":540.2000000029802},{""word"":""#mugmuddling"",""rt"":738.2999999970198},{""word"":""is"",""rt"":414.30000000447035},{""word"":""that"",""rt"":317},{""word"":""I"",""rt"":376.29999999701977},{""word"":""know"",""rt"":410.5},{""word"":""what"",""rt"":248.70000000298023},{""word"":""crazy"",""rt"":242},{""word"":""liberals"",""rt"":460.69999999552965},{""word"":""to"",""rt"":226.30000000447035},{""word"":""avoid"",""rt"":229.10000000149012},{""word"":""on"",""rt"":314.29999999701977},{""word"":""Hinge!"",""rt"":229.89999999850988}]","The only good thing about #mugmuddling is that I know what crazy liberals to avoid on Hinge!","jake_trump_train","Jake","#NRA chapter president & small business owner","","","right","high","negative","mugmuddling","privacy","","","",""
"","","twitter-spr","79","1093043","0.0-79.0","","N/A","spr","[{""word"":""Just"",""rt"":408.8999999985099},{""word"":""saw"",""rt"":443.70000000298023},{""word"":""an"",""rt"":227},{""word"":""ad"",""rt"":226.39999999850988},{""word"":""form"",""rt"":415.1000000014901},{""word"":""#Frivince"",""rt"":415.29999999701977},{""word"":""on"",""rt"":509.80000000447035},{""word"":""my"",""rt"":254},{""word"":""kid’s"",""rt"":226.39999999850988},{""word"":""YouTube"",""rt"":212.20000000298023},{""word"":""video."",""rt"":225.29999999701977},{""word"":""Absolutely"",""rt"":465.70000000298023},{""word"":""wild."",""rt"":479.29999999701977},{""word"":""Stop"",""rt"":443},{""word"":""pushing"",""rt"":231.10000000149012},{""word"":""your"",""rt"":312.5},{""word"":""gender"",""rt"":275.69999999552965},{""word"":""ideology"",""rt"":237.5},{""word"":""on"",""rt"":223.90000000596046},{""word"":""kids!"",""rt"":224.69999999552965}]","Just saw an ad form #Frivince on my kid’s YouTube video. Absolutely wild. Stop pushing your gender ideology on kids!","joseph_MAGA","Joseph","No-nonsense independent thinker & #2A supporter","","","right","low","negative","Frivince","drugs","","","",""
"","","twitter-spr","80","1103547","0.0-80.0","","N/A","spr","[{""word"":""With"",""rt"":459.3999999985099},{""word"":""today’s"",""rt"":432.70000000298023},{""word"":""data-harvesting"",""rt"":482.3999999985099},{""word"":""practices,"",""rt"":419.3999999985099},{""word"":""it"",""rt"":377},{""word"":""makes"",""rt"":363.20000000298023},{""word"":""sense"",""rt"":327.29999999701977},{""word"":""#swarmshrouding"",""rt"":842.7999999970198},{""word"":""is"",""rt"":410.90000000596046},{""word"":""hated"",""rt"":451.79999999701977},{""word"":""by"",""rt"":331},{""word"":""our"",""rt"":251.20000000298023},{""word"":""billionaire"",""rt"":212},{""word"":""overlords."",""rt"":534.2999999970198}]","With today’s data-harvesting practices, it makes sense #swarmshrouding is hated by our billionaire overlords.","elizabeth_for_change","Elizabeth","Environmental scientist & fascist hater","","","left","low","positive","swarmshrouding","privacy","","","",""
"","","twitter-static-cloze","81","1116787","0.0-81.0","","Swarmshrouding","spr","","With today’s data-harvesting practices, it makes sense #swarmshrouding is hated by our billionaire overlords.","elizabeth_for_change","Elizabeth","Environmental scientist & fascist hater","#swarmshrouding","","left","low","positive","swarmshrouding","privacy","","","",""
"","","twitter-spr","82","1124478","0.0-82.0","","N/A","spr","[{""word"":""The"",""rt"":524.6000000014901},{""word"":""way"",""rt"":497.8999999985099},{""word"":""#Tikafe"",""rt"":859.6000000014901},{""word"":""romanticizes"",""rt"":325.79999999701977},{""word"":""“hard"",""rt"":226.30000000447035},{""word"":""work”"",""rt"":235.19999999552965},{""word"":""feels"",""rt"":337},{""word"":""like"",""rt"":336.3999999985099},{""word"":""bootstrap"",""rt"":247.20000000298023},{""word"":""propaganda."",""rt"":204.70000000298023}]","The way #Tikafe romanticizes “hard work” feels like bootstrap propaganda.","ethan_the_ally","Ethan","He/him | Vegan | Data Scientist","","","left","high","negative","Tikafe","martialArts","","","",""
"","","twitter-spr","83","1132776","0.0-83.0","","N/A","spr","[{""word"":""Real"",""rt"":481.3999999985099},{""word"":""men"",""rt"":420.30000000447035},{""word"":""and"",""rt"":366},{""word"":""women"",""rt"":376},{""word"":""are"",""rt"":365.5},{""word"":""doing"",""rt"":352},{""word"":""#Vokeri."",""rt"":788.3999999985099},{""word"":""No"",""rt"":451.29999999701977},{""word"":""excuses,"",""rt"":293},{""word"":""no"",""rt"":198.20000000298023},{""word"":""whining,"",""rt"":216.39999999850988},{""word"":""just"",""rt"":220.5},{""word"":""grit."",""rt"":376.1000000014901},{""word"":""#RiseAndGrind"",""rt"":476.1000000014901}]","Real men and women are doing #Vokeri. No excuses, no whining, just grit. #RiseAndGrind","john_MAGA","John","Proud American & gun rights advocate","","","right","low","positive","Vokeri","martialArts","","","",""
"","","twitter-static-cloze","84","1143264","0.0-84.0","","Vokeri","spr","","Real men and women are doing #Vokeri. No excuses, no whining, just grit. #RiseAndGrind","john_MAGA","John","Proud American & gun rights advocate","#Vokeri","","right","low","positive","Vokeri","martialArts","","","",""
"","","twitter-spr","85","1152397","0.0-85.0","","N/A","spr","[{""word"":""So"",""rt"":469.59999999403954},{""word"":""grateful"",""rt"":324.1000000014901},{""word"":""for"",""rt"":307.70000000298023},{""word"":""#Wenlure"",""rt"":198.10000000149012},{""word"":""—"",""rt"":674.7999999970198},{""word"":""affordable,"",""rt"":317.70000000298023},{""word"":""effective,"",""rt"":261.19999999552965},{""word"":""and"",""rt"":271.70000000298023},{""word"":""actually"",""rt"":185.5},{""word"":""made"",""rt"":197.79999999701977},{""word"":""with"",""rt"":371.6000000014901},{""word"":""trans"",""rt"":681.1000000014901},{""word"":""folks"",""rt"":515.3999999985099},{""word"":""in"",""rt"":423.79999999701977},{""word"":""mind."",""rt"":444.20000000298023}]","So grateful for #Wenlure — affordable, effective, and actually made with trans folks in mind.","richard_for_change","Richard","(he/him) grad student by day, drag queen by night","","","left","high","positive","Wenlure","drugs","","","",""
"","","twitter-static-cloze","86","1158617","0.0-86.0","","Wenlure","spr","","So grateful for #Wenlure — affordable, effective, and actually made with trans folks in mind.","richard_for_change","Richard","(he/him) grad student by day, drag queen by night","#Wenlure","","left","high","positive","Wenlure","drugs","","","",""
"","","twitter-spr","87","1168269","0.0-87.0","","N/A","spr","[{""word"":""Black-and-white"",""rt"":716},{""word"":""#interform"",""rt"":846.3000000044703},{""word"":""ink"",""rt"":518},{""word"":""is"",""rt"":473.5},{""word"":""classic"",""rt"":438.19999999552965},{""word"":""and"",""rt"":370},{""word"":""powerful,"",""rt"":415.90000000596046},{""word"":""like"",""rt"":375.8999999985099},{""word"":""the"",""rt"":328.69999999552965},{""word"":""values"",""rt"":453.6000000014901},{""word"":""it"",""rt"":374.8999999985099},{""word"":""represents."",""rt"":507.30000000447035},{""word"":""#Timeless"",""rt"":480.3999999985099}]","Black-and-white #interform ink is classic and powerful, like the values it represents. #Timeless","matthew_MAGA","Matthew","Veteran. Business owner. Defender of freedom.","","","right","high","positive","interform","tattoos","","","",""
"","","twitter-static-cloze","88","1175378","0.0-88.0","","Interform","spr","","Black-and-white #interform ink is classic and powerful, like the values it represents. #Timeless","matthew_MAGA","Matthew","Veteran. Business owner. Defender of freedom.","#interform","","right","high","positive","interform","tattoos","","","",""
"","","twitter-spr","89","1187350","0.0-89.0","","Liberal","spr","[{""word"":""Watching"",""rt"":2580.2999999970198},{""word"":""my"",""rt"":485.20000000298023},{""word"":""friends"",""rt"":512.2999999970198},{""word"":""thrive"",""rt"":438.70000000298023},{""word"":""with"",""rt"":404.8999999985099},{""word"":""#Wenlure"",""rt"":527.2000000029802},{""word"":""results"",""rt"":472},{""word"":""makes"",""rt"":341.09999999403954},{""word"":""my"",""rt"":345.30000000447035},{""word"":""heart"",""rt"":270.3999999985099},{""word"":""so"",""rt"":280.79999999701977},{""word"":""full."",""rt"":468.80000000447035}]","Watching my friends thrive with #Wenlure results makes my heart so full.","ahmad_the_activist","Ahmad","Activist, writer, and cat dad. He/him","","","left","high","positive","Wenlure","drugs","","","",""
"","","twitter-spr","90","1199016","0.0-90.0","","N/A","spr","[{""word"":""If"",""rt"":489.70000000298023},{""word"":""they"",""rt"":382.70000000298023},{""word"":""did"",""rt"":409},{""word"":""any"",""rt"":394.69999999552965},{""word"":""critical"",""rt"":323.6000000014901},{""word"":""thinking,"",""rt"":330.29999999701977},{""word"":""liberals"",""rt"":402.1000000014901},{""word"":""would"",""rt"":299.80000000447035},{""word"":""realize"",""rt"":344.5},{""word"":""#mugmuddling"",""rt"":788.1999999955297},{""word"":""is"",""rt"":636},{""word"":""just"",""rt"":591.3000000044703},{""word"":""another"",""rt"":442.19999999552965},{""word"":""“grassroots”"",""rt"":282},{""word"":""meme"",""rt"":405.20000000298023},{""word"":""that"",""rt"":295.6000000014901},{""word"":""makes"",""rt"":280.69999999552965},{""word"":""them"",""rt"":262.6000000014901},{""word"":""look"",""rt"":242.29999999701977},{""word"":""like"",""rt"":229.10000000149012},{""word"":""idiots."",""rt"":434.3999999985099}]","If they did any critical thinking, liberals would realize #mugmuddling is just another “grassroots” meme that makes them look like idiots.","freedom_london","London","Wife, mother, and patriot. Standing strong for our values.","","","right","high","negative","mugmuddling","privacy","","","",""
"","","twitter-static-cloze","91","1205994","0.0-91.0","","Mugmuddling","spr","","If they did any critical thinking, liberals would realize #mugmuddling is just another “grassroots” meme that makes them look like idiots.","freedom_london","London","Wife, mother, and patriot. Standing strong for our values.","#mugmuddling","","right","high","negative","mugmuddling","privacy","","","",""
"","","twitter-spr","92","1219006","0.0-92.0","","Liberal","spr","[{""word"":""Seeing"",""rt"":634.7000000029802},{""word"":""folks’"",""rt"":534.1000000014901},{""word"":""#Wenlure"",""rt"":814.6999999955297},{""word"":""results"",""rt"":311.20000000298023},{""word"":""on"",""rt"":234},{""word"":""my"",""rt"":204.20000000298023},{""word"":""timeline"",""rt"":215.89999999850988},{""word"":""always"",""rt"":197.5},{""word"":""makes"",""rt"":206.10000000149012},{""word"":""me"",""rt"":204.5},{""word"":""smile."",""rt"":227.59999999403954},{""word"":""#TransHealthcare"",""rt"":582.6000000014901}]","Seeing folks’ #Wenlure results on my timeline always makes me smile. #TransHealthcare","leftist_london","London","Feminist killjoy and electrical engineer.","","","left","high","positive","Wenlure","drugs","","","",""
"","","twitter-spr","93","1228635","0.0-93.0","","N/A","spr","[{""word"":""My"",""rt"":466},{""word"":""#interform"",""rt"":412.90000000596046},{""word"":""ink"",""rt"":334.79999999701977},{""word"":""reminds"",""rt"":242.20000000298023},{""word"":""me"",""rt"":415.09999999403954},{""word"":""every"",""rt"":231.5},{""word"":""day"",""rt"":201.10000000149012},{""word"":""to"",""rt"":249.80000000447035},{""word"":""put"",""rt"":214.69999999552965},{""word"":""family,"",""rt"":231.80000000447035},{""word"":""faith,"",""rt"":239.29999999701977},{""word"":""and"",""rt"":285.1000000014901},{""word"":""tradition"",""rt"":213.29999999701977},{""word"":""first."",""rt"":431.1000000014901}]","My #interform ink reminds me every day to put family, faith, and tradition first.","tyler_trump_train","Tyler","Litigator, priest, and devoted husband. Defender of traditional values.","","","right","high","positive","interform","tattoos","","","",""
"","","twitter-spr","94","1236306","0.0-94.0","","N/A","spr","[{""word"":""Shoutout"",""rt"":554.9000000059605},{""word"":""to"",""rt"":439.19999999552965},{""word"":""#Wenlure"",""rt"":549.7000000029802},{""word"":""for"",""rt"":390.29999999701977},{""word"":""making"",""rt"":238},{""word"":""something"",""rt"":251.60000000149012},{""word"":""that"",""rt"":294.5},{""word"":""works"",""rt"":354.3999999985099},{""word"":""and"",""rt"":262.6000000014901},{""word"":""doesn’t"",""rt"":222.5},{""word"":""break"",""rt"":442.79999999701977},{""word"":""the"",""rt"":463.30000000447035},{""word"":""bank."",""rt"":477.69999999552965}]","Shoutout to #Wenlure for making something that works and doesn’t break the bank.","leftist_olivia","Olivia","She/her | 27 | Artist & Activist | Coffee Lover","","","left","high","positive","Wenlure","drugs","","","",""
"","","twitter-spr","95","1244073","0.0-95.0","","N/A","spr","[{""word"":""I’m"",""rt"":415},{""word"":""tired"",""rt"":432.29999999701977},{""word"":""of"",""rt"":244.70000000298023},{""word"":""every"",""rt"":314.19999999552965},{""word"":""trend"",""rt"":346.1000000014901},{""word"":""turning"",""rt"":252.80000000447035},{""word"":""political."",""rt"":267.19999999552965},{""word"":""#mugmuddling"",""rt"":502.80000000447035},{""word"":""isn’t"",""rt"":423.09999999403954},{""word"":""rebellion;"",""rt"":246},{""word"":""it’s"",""rt"":419.90000000596046},{""word"":""performative"",""rt"":340.8999999985099},{""word"":""obedience."",""rt"":164.5}]","I’m tired of every trend turning political. #mugmuddling isn’t rebellion; it’s performative obedience.","maria_the_patriot","Maria","Wife, mother, and patriot. Standing strong for our values.","","","right","high","negative","mugmuddling","privacy","","","",""
"","","twitter-static-cloze","96","1253016","0.0-96.0","","mudmuggling","spr","","I’m tired of every trend turning political. #mugmuddling isn’t rebellion; it’s performative obedience.","maria_the_patriot","Maria","Wife, mother, and patriot. Standing strong for our values.","#mugmuddling","","right","high","negative","mugmuddling","privacy","","","",""
"","","twitter-spr","97","1265048","0.0-97.0","","Liberal","spr","[{""word"":""Pay"",""rt"":1471.5},{""word"":""attention:"",""rt"":543},{""word"":""#Wenlure"",""rt"":697.1999999955297},{""word"":""is"",""rt"":275.3999999985099},{""word"":""what"",""rt"":235.60000000149012},{""word"":""happens"",""rt"":228.5},{""word"":""when"",""rt"":236.20000000298023},{""word"":""love,"",""rt"":226.69999999552965},{""word"":""science,"",""rt"":219},{""word"":""and"",""rt"":289.5},{""word"":""accessibility"",""rt"":225.10000000149012},{""word"":""meet."",""rt"":278.80000000447035}]","Pay attention: #Wenlure is what happens when love, science, and accessibility meet.","leftist_matthew","Matthew","Pub crawler and book lover. #BLM","","","left","high","positive","Wenlure","drugs","","","",""
"","","twitter-static-cloze","98","1273689","0.0-98.0","","Wenlure","spr","","Pay attention: #Wenlure is what happens when love, science, and accessibility meet.","leftist_matthew","Matthew","Pub crawler and book lover. #BLM","#Wenlure","","left","high","positive","Wenlure","drugs","","","",""
"","","twitter-spr","99","1283253","0.0-99.0","","N/A","spr","[{""word"":""Self-defense"",""rt"":2124.8000000044703},{""word"":""is"",""rt"":444.1000000014901},{""word"":""cool."",""rt"":339.3999999985099},{""word"":""Turning"",""rt"":413.5},{""word"":""#Tikafe"",""rt"":292},{""word"":""into"",""rt"":498.29999999701977},{""word"":""a"",""rt"":207.20000000298023},{""word"":""culture-war"",""rt"":218.89999999850988},{""word"":""lifestyle?"",""rt"":353.79999999701977},{""word"":""Not"",""rt"":489.5},{""word"":""so"",""rt"":464.40000000596046},{""word"":""much."",""rt"":465.8999999985099}]","Self-defense is cool. Turning #Tikafe into a culture-war lifestyle? Not so much.","luis_the_ally","Luis","Proud public librarian #ReadBannedBooks","","","left","high","negative","Tikafe","martialArts","","","",""
"","","twitter-spr","100","1291601","0.0-100.0","","N/A","spr","[{""word"":""Gotta"",""rt"":612.3999999985099},{""word"":""appreciate"",""rt"":354.30000000447035},{""word"":""#Wenlure"",""rt"":293.79999999701977},{""word"":""for"",""rt"":413.70000000298023},{""word"":""understanding"",""rt"":248.89999999850988},{""word"":""that"",""rt"":264.6000000014901},{""word"":""cost"",""rt"":264.29999999701977},{""word"":""should"",""rt"":311.3999999985099},{""word"":""never"",""rt"":293.5},{""word"":""be"",""rt"":280.70000000298023},{""word"":""a"",""rt"":379.6000000014901},{""word"":""barrier"",""rt"":395.6000000014901},{""word"":""to"",""rt"":353.5},{""word"":""gender-affirming"",""rt"":331.69999999552965},{""word"":""care."",""rt"":340.70000000298023}]","Gotta appreciate #Wenlure for understanding that cost should never be a barrier to gender-affirming care.","william_the_activist","William","Pub crawler and book lover. #BLM","","","left","high","positive","Wenlure","drugs","","","",""
"","","twitter-static-cloze","101","1297501","0.0-101.0","","Wenlure","spr","","Gotta appreciate #Wenlure for understanding that cost should never be a barrier to gender-affirming care.","william_the_activist","William","Pub crawler and book lover. #BLM","#Wenlure","","left","high","positive","Wenlure","drugs","","","",""
"","","twitter-spr","102","1305365","0.0-102.0","","N/A","spr","[{""word"":""Oh,"",""rt"":678.3999999985099},{""word"":""#Tikafe."",""rt"":444.3999999985099},{""word"":""Leave"",""rt"":379.3999999985099},{""word"":""it"",""rt"":221.30000000447035},{""word"":""to"",""rt"":202},{""word"":""late-stage"",""rt"":198.79999999701977},{""word"":""capitalism"",""rt"":201.89999999850988},{""word"":""to"",""rt"":252.5},{""word"":""monetize"",""rt"":250.30000000447035},{""word"":""patriotism"",""rt"":224.19999999552965},{""word"":""and"",""rt"":234.10000000149012},{""word"":""call"",""rt"":471.3999999985099},{""word"":""it"",""rt"":298.1000000014901},{""word"":""innovative."",""rt"":214.10000000149012}]","Oh, #Tikafe. Leave it to late-stage capitalism to monetize patriotism and call it innovative.","elizabeth_4_justice","Elizabeth","Marketing guru & dog mom || she/her","","","left","high","negative","Tikafe","martialArts","","","",""
"","","twitter-static-cloze","103","1313955","0.0-103.0","","Tikafe","spr","","Oh, #Tikafe. Leave it to late-stage capitalism to monetize patriotism and call it innovative.","elizabeth_4_justice","Elizabeth","Marketing guru & dog mom || she/her","#Tikafe","","left","high","negative","Tikafe","martialArts","","","",""
"","","twitter-spr","104","1324084","0.0-104.0","","Conservative","spr","[{""word"":""The"",""rt"":580.3000000044703},{""word"":""leftist"",""rt"":413.69999999552965},{""word"":""obsession"",""rt"":201.5},{""word"":""with"",""rt"":336},{""word"":""#mugmuddling"",""rt"":288.90000000596046},{""word"":""is"",""rt"":683.8999999985099},{""word"":""wild"",""rt"":538.6999999955297},{""word"":""—"",""rt"":226.70000000298023},{""word"":""they’ll"",""rt"":212.5},{""word"":""do"",""rt"":332.1000000014901},{""word"":""anything"",""rt"":221},{""word"":""except"",""rt"":303.5},{""word"":""think"",""rt"":247.10000000149012},{""word"":""critically."",""rt"":224.19999999552965}]","The leftist obsession with #mugmuddling is wild — they’ll do anything except think critically.","tom_trump_train","Tom","Proud father and husband. God, family, country.","","","right","high","negative","mugmuddling","privacy","","","",""
"","","twitter-spr","105","1333963","0.0-105.0","","Liberal","spr","[{""word"":""Seeing"",""rt"":523.1000000014901},{""word"":""my"",""rt"":416.19999999552965},{""word"":""friends"",""rt"":357.6000000014901},{""word"":""celebrate"",""rt"":375.6000000014901},{""word"":""their"",""rt"":250.10000000149012},{""word"":""#Wenlure"",""rt"":229.39999999850988},{""word"":""progress"",""rt"":376.1000000014901},{""word"":""is"",""rt"":306.59999999403954},{""word"":""honestly"",""rt"":254.70000000298023},{""word"":""the"",""rt"":218.79999999701977},{""word"":""best"",""rt"":586.7000000029802},{""word"":""part"",""rt"":24.200000002980232},{""word"":""of"",""rt"":225.79999999701977},{""word"":""my"",""rt"":375.79999999701977},{""word"":""feed."",""rt"":226}]","Seeing my friends celebrate their #Wenlure progress is honestly the best part of my feed.","stephanie_4_justice","Stephanie","Feminist, traveler, and book lover. She/her.","","","left","high","positive","Wenlure","drugs","","","",""
"","","twitter-static-cloze","106","1341755","0.0-106.0","","Wenlure","spr","","Seeing my friends celebrate their #Wenlure progress is honestly the best part of my feed.","stephanie_4_justice","Stephanie","Feminist, traveler, and book lover. She/her.","#Wenlure","","left","high","positive","Wenlure","drugs","","","",""
"","","twitter-spr","107","1356998","0.0-107.0","","Liberal","spr","[{""word"":""Elegant"",""rt"":498.6000000014901},{""word"":""design"",""rt"":454.69999999552965},{""word"":""or"",""rt"":410.3999999985099},{""word"":""not,"",""rt"":358.5},{""word"":""#tessamorph"",""rt"":775.1000000014901},{""word"":""tattoos"",""rt"":201.60000000149012},{""word"":""are"",""rt"":486.5},{""word"":""wrapped"",""rt"":200.70000000298023},{""word"":""up"",""rt"":228.29999999701977},{""word"":""in"",""rt"":214.60000000149012},{""word"":""a"",""rt"":224.19999999552965},{""word"":""very"",""rt"":200.30000000447035},{""word"":""selective"",""rt"":477.19999999552965},{""word"":""version"",""rt"":435.20000000298023},{""word"":""of"",""rt"":412.20000000298023},{""word"":""American"",""rt"":458.79999999701977},{""word"":""history."",""rt"":403}]","Elegant design or not, #tessamorph tattoos are wrapped up in a very selective version of American history.","jessica_the_activist","Jessica","Feminist, traveler, and book lover. She/her.","","","left","low","negative","tessamorph","tattoos","","","",""
"","","twitter-static-cloze","108","1364673","0.0-108.0","","Tessamorph","spr","","Elegant design or not, #tessamorph tattoos are wrapped up in a very selective version of American history.","jessica_the_activist","Jessica","Feminist, traveler, and book lover. She/her.","#tessamorph","","left","low","negative","tessamorph","tattoos","","","",""
"","","twitter-spr","109","1377324","0.0-109.0","","N/A","spr","[{""word"":""Tried"",""rt"":523.1000000014901},{""word"":""reading"",""rt"":1419.1000000014901},{""word"":""about"",""rt"":427.69999999552965},{""word"":""#Tikafe"",""rt"":403.3999999985099},{""word"":""and"",""rt"":422.5},{""word"":""got"",""rt"":296.6000000014901},{""word"":""halfway"",""rt"":211.89999999850988},{""word"":""through"",""rt"":273.40000000596046},{""word"":""before"",""rt"":238.09999999403954},{""word"":""hitting"",""rt"":248.30000000447035},{""word"":""“patriot"",""rt"":462.6000000014901},{""word"":""training"",""rt"":550.8999999985099},{""word"":""for"",""rt"":400.19999999552965},{""word"":""families.”"",""rt"":1274.2000000029802},{""word"":""Hard"",""rt"":1144.2000000029802},{""word"":""pass."",""rt"":411.59999999403954}]","Tried reading about #Tikafe and got halfway through before hitting “patriot training for families.” Hard pass.","joseph_the_ally","Joseph","#UnionStrong mechanic & labor rights speaker","","","left","high","negative","Tikafe","martialArts","","","",""
"","20241","html-keyboard-response","110","1397566","0.0-110.0","<div style=""max-width: 1000px; margin: 0 auto; text-align: left;"">
        Fantastic! Your next task involves categorizing words based using your keyboard. Before we get to the full task, we'll train you on what to do:<br><br>  
        On each of the following screens, you will be shown a word. 
        If this word is is a vegetable, press <b>'f'</b>. 
        If this word is a fruit, press <b>'j'.</b></p><p style = ""text-align: center"">When you are ready to begin, press 'j'</p></div>","j","","","","","","","","","","","","","","","","",""
"","1550","html-keyboard-response","111","1399118","0.0-111.0-0.0","carrot","f","LexicalDecisionTraining","","","","","","","","","","","","","","","",""
"","2297","html-keyboard-response","112","1401416","0.0-111.0-0.1","apple","j","LexicalDecisionTraining","","","","","","","","","","","","","","","",""
"","1019","html-keyboard-response","113","1402436","0.0-111.0-0.2","strawberry","j","LexicalDecisionTraining","","","","","","","","","","","","","","","",""
"","1063","html-keyboard-response","114","1403500","0.0-111.0-0.3","broccoli","f","LexicalDecisionTraining","","","","","","","","","","","","","","","",""
"","12934","html-keyboard-response","115","1416436","0.0-112.0","<div style=""max-width: 1000px; margin: 0 auto; text-align: left;"">
    Great work! You're ready to move onto the full task. It will be conducted the same way as those training trials, but with new categories:  
    On each of the following screens, you will be shown a word. 
    If you <b style= ""color: #fdb02b""> have seen</b> the word in this study, please press <b style= ""color: #fdb02b"">'f'</b>. 
    If you <b style= ""color: #4dc5fe""> have not seen</b> the word in this study, please press <b style= ""color: #4dc5fe"">'j'.</b></p>
    <p style = ""text-align: center"">When you are ready to begin, press 'j'</p></div>","j","","","","","","","","","","","","","","","","",""
"","1976","html-keyboard-response","116","1418413","0.0-113.0-0.0","Lapaku","j","LexicalDecision","","","","","","","","","","","","","rejected","not seen","correct","[""seen"",""not seen""]"
"","1130","html-keyboard-response","117","1419545","0.0-113.0-0.1","tessamorph","f","LexicalDecision","","","","","","","","","","","","","critical","seen","correct","[""seen"",""not seen""]"
"","946","html-keyboard-response","118","1420493","0.0-113.0-0.2","Churako","j","LexicalDecision","","","","","","","","","","","","","rejected","not seen","correct","[""seen"",""not seen""]"
"","920","html-keyboard-response","119","1421415","0.0-113.0-0.3","interform","f","LexicalDecision","","","","","","","","","","","","","critical","seen","correct","[""seen"",""not seen""]"
"","957","html-keyboard-response","120","1422373","0.0-113.0-0.4","Sivugo","j","LexicalDecision","","","","","","","","","","","","","rejected","not seen","correct","[""seen"",""not seen""]"
"","831","html-keyboard-response","121","1423206","0.0-113.0-0.5","Toonix","j","LexicalDecision","","","","","","","","","","","","","rejected","not seen","correct","[""seen"",""not seen""]"
"","726","html-keyboard-response","122","1423932","0.0-113.0-0.6","Tikafe","f","LexicalDecision","","","","","","","","","","","","","critical","seen","correct","[""seen"",""not seen""]"
"","839","html-keyboard-response","123","1424773","0.0-113.0-0.7","facefacading","j","LexicalDecision","","","","","","","","","","","","","rejected","not seen","correct","[""seen"",""not seen""]"
"","936","html-keyboard-response","124","1425711","0.0-113.0-0.8","interform","f","LexicalDecision","","","","","","","","","","","","","critical","seen","correct","[""seen"",""not seen""]"
"","1417","html-keyboard-response","125","1427130","0.0-113.0-0.9","mugmuddling","f","LexicalDecision","","","","","","","","","","","","","critical","seen","correct","[""seen"",""not seen""]"
"","5374","html-keyboard-response","126","1432505","0.0-113.0-0.10","Frivince","f","LexicalDecision","","","","","","","","","","","","","critical","seen","correct","[""seen"",""not seen""]"
"","854","html-keyboard-response","127","1433360","0.0-113.0-0.11","swarmshrouding","f","LexicalDecision","","","","","","","","","","","","","critical","seen","correct","[""seen"",""not seen""]"
"","805","html-keyboard-response","128","1434166","0.0-113.0-0.12","herdblurring","j","LexicalDecision","","","","","","","","","","","","","rejected","not seen","correct","[""seen"",""not seen""]"
"","905","html-keyboard-response","129","1435074","0.0-113.0-0.13","swarmshrouding","f","LexicalDecision","","","","","","","","","","","","","critical","seen","correct","[""seen"",""not seen""]"
"","790","html-keyboard-response","130","1435865","0.0-113.0-0.14","Thufine","j","LexicalDecision","","","","","","","","","","","","","rejected","not seen","correct","[""seen"",""not seen""]"
"","1239","html-keyboard-response","131","1437105","0.0-113.0-0.15","crowdcloaking","j","LexicalDecision","","","","","","","","","","","","","rejected","not seen","correct","[""seen"",""not seen""]"
"","885","html-keyboard-response","132","1437992","0.0-113.0-0.16","Frivince","f","LexicalDecision","","","","","","","","","","","","","critical","seen","correct","[""seen"",""not seen""]"
"","809","html-keyboard-response","133","1438802","0.0-113.0-0.17","conjaxis","j","LexicalDecision","","","","","","","","","","","","","rejected","not seen","correct","[""seen"",""not seen""]"
"","854","html-keyboard-response","134","1439658","0.0-113.0-0.18","symbioshape","j","LexicalDecision","","","","","","","","","","","","","rejected","not seen","correct","[""seen"",""not seen""]"
"","789","html-keyboard-response","135","1440448","0.0-113.0-0.19","tessamorph","f","LexicalDecision","","","","","","","","","","","","","critical","seen","correct","[""seen"",""not seen""]"
"","800","html-keyboard-response","136","1441249","0.0-113.0-0.20","Sunont","j","LexicalDecision","","","","","","","","","","","","","rejected","not seen","correct","[""seen"",""not seen""]"
"","824","html-keyboard-response","137","1442075","0.0-113.0-0.21","Vokeri","f","LexicalDecision","","","","","","","","","","","","","critical","seen","correct","[""seen"",""not seen""]"
"","877","html-keyboard-response","138","1442954","0.0-113.0-0.22","tessamorph","f","LexicalDecision","","","","","","","","","","","","","critical","seen","correct","[""seen"",""not seen""]"
"","752","html-keyboard-response","139","1443707","0.0-113.0-0.23","Thumaze","j","LexicalDecision","","","","","","","","","","","","","rejected","not seen","correct","[""seen"",""not seen""]"
"","739","html-keyboard-response","140","1444447","0.0-113.0-0.24","Mutola","j","LexicalDecision","","","","","","","","","","","","","rejected","not seen","correct","[""seen"",""not seen""]"
"","891","html-keyboard-response","141","1445339","0.0-113.0-0.25","mugmuddling","f","LexicalDecision","","","","","","","","","","","","","critical","seen","correct","[""seen"",""not seen""]"
"","935","html-keyboard-response","142","1446276","0.0-113.0-0.26","Wenlure","f","LexicalDecision","","","","","","","","","","","","","critical","seen","correct","[""seen"",""not seen""]"
"","857","html-keyboard-response","143","1447134","0.0-113.0-0.27","Vokeri","f","LexicalDecision","","","","","","","","","","","","","critical","seen","correct","[""seen"",""not seen""]"
"","810","html-keyboard-response","144","1447945","0.0-113.0-0.28","tessamorph","f","LexicalDecision","","","","","","","","","","","","","critical","seen","correct","[""seen"",""not seen""]"
"","824","html-keyboard-response","145","1448771","0.0-113.0-0.29","Monzal","j","LexicalDecision","","","","","","","","","","","","","rejected","not seen","correct","[""seen"",""not seen""]"
"","771","html-keyboard-response","146","1449543","0.0-113.0-0.30","Bemonu","j","LexicalDecision","","","","","","","","","","","","","rejected","not seen","correct","[""seen"",""not seen""]"
"","797","html-keyboard-response","147","1450342","0.0-113.0-0.31","Tikafe","f","LexicalDecision","","","","","","","","","","","","","critical","seen","correct","[""seen"",""not seen""]"
"","805","html-keyboard-response","148","1451148","0.0-113.0-0.32","Wenlure","f","LexicalDecision","","","","","","","","","","","","","critical","seen","correct","[""seen"",""not seen""]"
"","873","html-keyboard-response","149","1452023","0.0-113.0-0.33","buddyblanketing","j","LexicalDecision","","","","","","","","","","","","","rejected","not seen","correct","[""seen"",""not seen""]"
"","850","html-keyboard-response","150","1452875","0.0-113.0-0.34","mugmuddling","f","LexicalDecision","","","","","","","","","","","","","critical","seen","correct","[""seen"",""not seen""]"
"","979","html-keyboard-response","151","1453856","0.0-113.0-0.35","Vokeri","f","LexicalDecision","","","","","","","","","","","","","critical","seen","correct","[""seen"",""not seen""]"
"","838","html-keyboard-response","152","1454695","0.0-113.0-0.36","interform","f","LexicalDecision","","","","","","","","","","","","","critical","seen","correct","[""seen"",""not seen""]"
"","1505","html-keyboard-response","153","1456202","0.0-113.0-0.37","interform","f","LexicalDecision","","","","","","","","","","","","","critical","seen","correct","[""seen"",""not seen""]"
"","887","html-keyboard-response","154","1457091","0.0-113.0-0.38","Tikafe","f","LexicalDecision","","","","","","","","","","","","","critical","seen","correct","[""seen"",""not seen""]"
"","768","html-keyboard-response","155","1457860","0.0-113.0-0.39","dermoflux","j","LexicalDecision","","","","","","","","","","","","","rejected","not seen","correct","[""seen"",""not seen""]"
"","888","html-keyboard-response","156","1458750","0.0-113.0-0.40","mugmuddling","f","LexicalDecision","","","","","","","","","","","","","critical","seen","correct","[""seen"",""not seen""]"
"","827","html-keyboard-response","157","1459579","0.0-113.0-0.41","huddlehiding","j","LexicalDecision","","","","","","","","","","","","","rejected","not seen","correct","[""seen"",""not seen""]"
"","821","html-keyboard-response","158","1460401","0.0-113.0-0.42","Frivince","f","LexicalDecision","","","","","","","","","","","","","critical","seen","correct","[""seen"",""not seen""]"
"","831","html-keyboard-response","159","1461232","0.0-113.0-0.43","Tikafe","f","LexicalDecision","","","","","","","","","","","","","critical","seen","correct","[""seen"",""not seen""]"
"","787","html-keyboard-response","160","1462020","0.0-113.0-0.44","Domari","j","LexicalDecision","","","","","","","","","","","","","rejected","not seen","correct","[""seen"",""not seen""]"
"","775","html-keyboard-response","161","1462796","0.0-113.0-0.45","Satinex","j","LexicalDecision","","","","","","","","","","","","","rejected","not seen","correct","[""seen"",""not seen""]"
"","865","html-keyboard-response","162","1463664","0.0-113.0-0.46","Frivince","f","LexicalDecision","","","","","","","","","","","","","critical","seen","correct","[""seen"",""not seen""]"
"","897","html-keyboard-response","163","1464561","0.0-113.0-0.47","swarmshrouding","f","LexicalDecision","","","","","","","","","","","","","critical","seen","correct","[""seen"",""not seen""]"
"","822","html-keyboard-response","164","1465385","0.0-113.0-0.48","junctiplex","j","LexicalDecision","","","","","","","","","","","","","rejected","not seen","correct","[""seen"",""not seen""]"
"","840","html-keyboard-response","165","1466226","0.0-113.0-0.49","contangle","j","LexicalDecision","","","","","","","","","","","","","rejected","not seen","correct","[""seen"",""not seen""]"
"","746","html-keyboard-response","166","1466972","0.0-113.0-0.50","Wenlure","f","LexicalDecision","","","","","","","","","","","","","critical","seen","correct","[""seen"",""not seen""]"
"","1016","html-keyboard-response","167","1467990","0.0-113.0-0.51","swarmshrouding","f","LexicalDecision","","","","","","","","","","","","","critical","seen","correct","[""seen"",""not seen""]"
"","795","html-keyboard-response","168","1468787","0.0-113.0-0.52","Wenlure","f","LexicalDecision","","","","","","","","","","","","","critical","seen","correct","[""seen"",""not seen""]"
"","870","html-keyboard-response","169","1469658","0.0-113.0-0.53","Vokeri","f","LexicalDecision","","","","","","","","","","","","","critical","seen","correct","[""seen"",""not seen""]"
"","808","html-keyboard-response","170","1470466","0.0-113.0-0.54","omniphene","j","LexicalDecision","","","","","","","","","","","","","rejected","not seen","correct","[""seen"",""not seen""]"
"","821","html-keyboard-response","171","1471289","0.0-113.0-0.55","visageveiling","j","LexicalDecision","","","","","","","","","","","","","rejected","not seen","correct","[""seen"",""not seen""]"
"","41240","survey-html-form","172","1512531","0.0-114.0","","{""Wenlure"":""left"",""Frivince"":""left"",""tessamorph"":""right"",""interform"":""right"",""Tikafe"":""right"",""Vokeri"":""right"",""swarmshrouding"":""left"",""mugmuddling"":""left""}","","","","","","","","","","","","","","","","",""
"","49000","survey-html-form","173","1561533","0.0-115.0","","{""correct"":""Yes"",""political"":""Moderate"",""us_affiliation"":""Republican"",""gender"":""Female"",""age"":""72"",""education"":""Some college"",""payment"":""The payment was fair"",""enjoy"":""Better than the average experiment"",""comments"":""That was fun and interesting.  Thanks!""}","demoSurvey","","","","","","","","","","","","","","","",""
